#UGC:2 PART 997 420 0 1 1 15 2000 9839 0000056d \
#- VERS 0 0                                                          \
#- HOST                                                              \
#- LINK                                                              \
#- DBID                                                              \
#- REVS 0,                                                           \
#- RELL 0,                                                           \
#- UOBJ_ID 962053733 220136368 1265647124                            \
#- MACH                                                              \
#-END_OF_UGC_HEADER
#P_OBJECT 6
@P_object 1 0
0 1 ->
@dep_db 2 0
1 2 ->
@usr_rev 3 0
1 3 [1]
2 3 
@name 4 10
3 4 Raian
@mod_time 5 0
3 5 
@tm_sec 6 1
4 6 26
@tm_min 7 1
4 7 46
@tm_hour 8 1
4 8 21
@tm_mday 9 1
4 9 16
@tm_mon 10 1
4 10 7
@tm_year 11 1
4 11 2025
@action 12 1
3 12 1000
@comment 13 10
3 13 Hostname: 'RAIANZ7'
@rel_level 14 10
3 14 
@rev_string 15 10
3 15 
@revnum_std 16 1
1 16 80
@flag 17 1
1 17 0
@name 18 10
1 18 NULL
@inst_hidden 19 1
1 19 0
@old_name 20 10
1 20 NULL
@appl_data 21 0
1 21 ->
@bounding_box 22 2
2 22 [2][3]
$C0237DE5DE1D6806,C0237DE5DE1D67F1,C034
$40237DE5DE1D67F7,40237DE5DE1D67F1,401E
@ver_key 23 0
1 23 ->
@time 24 1
2 24 962053735
@random_num 25 1
2 25 220098560
@hostid 26 1
2 26 1265647124
@last_read 27 1
1 27 -1
#END_OF_P_OBJECT
#Pro/ENGINEER  TM  Release 20.0  (c) 1988-98 by Parametric Technology Corporation  All Rights Reserved. 9843
@Toc 28 0
0 28 ->
@entry 29 10
1 29 [128]
2 29 BasicData 2b97 5ab 0 998########################################################
2 29 BasicText 3142 38c 0 998########################################################
2 29 GeomDepen 34ce 73 0 998#########################################################
2 29 DispCntrl 3541 42 0 998#########################################################
2 29 DisplData 3583 38 0 998#########################################################
2 29 LargeText 35bb fb 0 998#########################################################
2 29 FamilyInf 36b6 40 0 998#########################################################
2 29 VisibGeom 36f6 40296 0 998######################################################
2 29 NovisGeom 4398c 3e 0 998########################################################
2 29 ActEntity 439ca 260 0 998#######################################################
2 29 AllFeatur 43c2a 3c66 0 998######################################################
2 29 FullMData 47890 28f 0 998#######################################################
2 29 ModelView#0 47b1f 4b9 0 998#####################################################
2 29 DispDataColor 47fd8 29 0 998####################################################
2 29 DispDataTable 48001 38b 0 998###################################################
2 29 AssMrgPrt 4838c 28 0 998########################################################
2 29 ################################################################################
2 29 ################################################################################
2 29 ################################################################################
2 29 ################################################################################
2 29 ################################################################################
2 29 ################################################################################
2 29 ################################################################################
2 29 ################################################################################
2 29 ################################################################################
2 29 ################################################################################
2 29 ################################################################################
2 29 ################################################################################
2 29 ################################################################################
2 29 ################################################################################
2 29 ################################################################################
2 29 ################################################################################
2 29 ################################################################################
2 29 ################################################################################
2 29 ################################################################################
2 29 ################################################################################
2 29 ################################################################################
2 29 ################################################################################
2 29 ################################################################################
2 29 ################################################################################
2 29 ################################################################################
2 29 ################################################################################
2 29 ################################################################################
2 29 ################################################################################
2 29 ################################################################################
2 29 ################################################################################
2 29 ################################################################################
2 29 ################################################################################
2 29 ################################################################################
2 29 ################################################################################
2 29 ################################################################################
2 29 ################################################################################
2 29 ################################################################################
2 29 ################################################################################
2 29 ################################################################################
2 29 ################################################################################
2 29 ################################################################################
2 29 ################################################################################
2 29 ################################################################################
2 29 ################################################################################
2 29 ################################################################################
2 29 ################################################################################
2 29 ################################################################################
2 29 ################################################################################
2 29 ################################################################################
2 29 ################################################################################
2 29 ################################################################################
2 29 ################################################################################
2 29 ################################################################################
2 29 ################################################################################
2 29 ################################################################################
2 29 ################################################################################
2 29 ################################################################################
2 29 ################################################################################
2 29 ################################################################################
2 29 ################################################################################
2 29 ################################################################################
2 29 ################################################################################
2 29 ################################################################################
2 29 ################################################################################
2 29 ################################################################################
2 29 ################################################################################
2 29 ################################################################################
2 29 ################################################################################
2 29 ################################################################################
2 29 ################################################################################
2 29 ################################################################################
2 29 ################################################################################
2 29 ################################################################################
2 29 ################################################################################
2 29 ################################################################################
2 29 ################################################################################
2 29 ################################################################################
2 29 ################################################################################
2 29 ################################################################################
2 29 ################################################################################
2 29 ################################################################################
2 29 ################################################################################
2 29 ################################################################################
2 29 ################################################################################
2 29 ################################################################################
2 29 ################################################################################
2 29 ################################################################################
2 29 ################################################################################
2 29 ################################################################################
2 29 ################################################################################
2 29 ################################################################################
2 29 ################################################################################
2 29 ################################################################################
2 29 ################################################################################
2 29 ################################################################################
2 29 ################################################################################
2 29 ################################################################################
2 29 ################################################################################
2 29 ################################################################################
2 29 ################################################################################
2 29 ################################################################################
2 29 ################################################################################
2 29 ################################################################################
2 29 ################################################################################
2 29 ################################################################################
2 29 ################################################################################
2 29 ################################################################################
2 29 ################################################################################
2 29 ################################################################################
2 29 ################################################################################
2 29 ################################################################################
2 29 ################################################################################
#BasicData
@Sld_BasicData 1 0
0 1 ->
@tab_key 2 1
1 2 0
@tab_key_struct 3 0
1 3 ->
@type 4 4
2 4 H
@tab_key_ptr 5 0
2 5 [714]
@cmprs_tabkey 6 0
2 6 NULL
@type 7 1
1 7 2
@revnum_ptr 8 0
1 8 ->
@geom_revnum 9 1
2 9 718
@cosm_revnum 10 1
2 10 0
@tol_default_ptr 11 0
1 11 ->
@type 12 1
2 12 10
@value 13 2
2 13 [7]
$0,3FB999999999999A,3F847AE147AE147B,3F50624DD2F1A9FC,3F1A36E2EB1C432D,3EE4F8B588E368F1,3EB0C6F7A0B5ED8D
@ang_value 14 2
2 14 [7]
$0,3FE,3FE,3FE,3FE,3FE,3FE
@lin_digits 15 1
2 15 [7]
$-1,-1,-1,-1,-1,-1,-1
@ang_digits 16 1
2 16 [7]
$0,0,0,0,0,0,0
@standard 17 1
2 17 0
@iso_tol_tbls_ptr 18 0
2 18 NULL
@datum_count 19 1
1 19 0
@axis_count 20 1
1 20 0
@insert_layer_id 21 1
1 21 -1
@layer_count 22 1
1 22 0
@rel_part_eps 23 2
1 23 3F53A92A30553261
@model_eps 24 2
1 24 0
@fixed_model_eps 25 1
1 25 0
@assembled_count 26 1
1 26 0
@part_type 27 1
1 27 1
@first_ent_id 28 1
1 28 513569
@first_view_id 29 1
1 29 0
@outline 30 2
1 30 [2][3]
$C0237DE5DE1D6806,C0237DE5DE1D67F1,C034
$40237DE5DE1D67F7,40237DE5DE1D67F1,401E
@dim_num 31 1
1 31 0
@geom_lib_ptr 32 0
1 32 NULL
@attrib_array 33 1
1 33 [3]
$0,0,0
@max_part_size 34 2
1 34 3FA3EF9566F37E26
@model_name 35 10
1 35 EN
@disp_outl_info 36 0
1 36 
@disp_outline 37 2
2 37 [2][3]
$C0237DE5DE1D6806,C0237DE5DE1D67F1,C034
$40237DE5DE1D67F7,40237DE5DE1D67F1,401E
@sel_outl_info 38 0
1 38 ->
@outline 39 2
2 39 [2][3]
$C0237DE5DE1D6806,C0237DE5DE1D67F1,C034
$40237DE5DE1D67F7,40237DE5DE1D67F1,401E
#BasicText
@Sld_BasicText 1 0
0 1 ->
@assem_mass_prop_ptr 2 0
1 2 NULL
@mass_prop_ptr 3 0
1 3 ->
@type 4 1
2 4 0
@density 5 2
2 5 3F50624DD2F1A9FC
@init_dens 6 5
2 6 0
@rel_density 7 2
2 7 0
@init_rel_dens 8 5
2 8 0
@aver_density 9 2
2 9 0
@vrevnum 10 1
2 10 -1
@volume 11 2
2 11 3ED03643AD9DC992
@cg 12 2
2 12 [3]
$0,0,0
@inertia 13 2
2 13 [3][3]
$0,0,0
$0,0,0
$0,0,0
@eps 14 2
2 14 0
@surfarea 15 2
2 15 0
@assign_mp_ptr 16 0
1 16 NULL
@mat_name_ptr 17 10
1 17 NULL
@unit_arr 18 0
1 18 [3]
2 18 
@type 19 1
3 19 13
@factor 20 2
3 20 3FF
@name 21 10
3 21 MM
@unit_type 22 1
3 22 0
2 18 
3 19 12
3 20 408F4
3 21 GRAM
3 22 1
2 18 
3 19 13
3 20 3F3234576CF0BB8C
3 21 SECS
3 22 2
@p_unit_info 23 0
1 23 ->
@custom_unit_arr 24 0
2 24 [6]
3 24 
3 24 
3 24 
3 24 
3 24 
3 24 
@principal_sys_units 25 10
2 25 millimeter Newton Second (mmNs)
@history_scale 26 2
2 26 [6][2]
$3FF,0
$3FF,0
$3FF,0
$3FF,0
$3FF,0
$3FF,0
#GeomDepen
@Sld_GeomDepend 1 0
0 1 ->
@frst_geom_ptr 2 1
1 2 31
@fem_data 3 0
1 3 NULL
@first_quilt_ptr 4 1
1 4 30
#DispCntrl
@Sld_DispCntrl 1 0
0 1 ->
@color_prop_ptr 2 0
1 2 NULL
#DisplData
@Sld_DispData 1 0
0 1 ->
@disp_data 2 0
1 2 
#LargeText
@Sld_LargeText 1 0
0 1 ->
@names_table 2 0
1 2 [1]
2 2 ->
@id 3 1
3 3 3
@type 4 1
3 4 25
@name 5 10
3 5 EN
@relpar_sets 6 0
1 6 [1]
2 6 
@id 7 1
3 7 -1
@type 8 1
3 8 2
@ext_ref_id 9 1
3 9 -1
@relatnum 10 1
3 10 0
@cfg_states 11 0
1 11 NULL
#FamilyInf
@Sld_FamilyInfo 1 0
0 1 ->
@drv_tbl_ptr 2 0
1 2 NULL
#VisibGeom
@Sld_VisGeom 1 0
0 1 ->
@active_geom 2 0
1 2 
@srf_array 3 0
2 3 [87]
3 3 ->
@geom_type 4 1
4 4 36
@geom_id 5 1
4 5 31
@feat_id 6 1
4 6 4
@boundary_type 7 1
4 7 0
@envlp 8 2
4 8 [2][2]
$0,0
$400921FB54442D18,4034
@srf_prim_ptr(cylinder) 9 0
4 9 ->
@local_sys 10 2
5 10 [4][3]
$3FEFFFFFFFFFFFFF,8,8
$0,3FEFFFFFFFFFFFFF,8
$0,0,3FF
$0,0,C034
@radius 11 2
5 11 4018000000000001
@frst_cntr_ptr 12 0
4 12 ->
@frst_cntr_crv_hdr_ptr 13 1
5 13 33
@trv 14 1
5 14 1
@envlp 15 2
5 15 [2][2]
$0,0
$400921FB54442D18,4034
@next_cntr_ptr 16 0
4 16 NULL
@next_geom_ptr 17 1
4 17 35
@orient 18 1
4 18 1
@outline 19 2
4 19 [2][3]
$C018000000000001,0,C034
$4018000000000001,4018000000000001,0
3 3 ->
4 4 36
4 5 35
4 6 4
4 7 0
4 8 [2][2]
$4018F13B90831E89,0
$401921FB54442D18,401E
4 9 ->
5 10 [4][3]
$BFF,0,0
$0,3FF,0
$0,0,BFF
$3FD3F53B1A4E705A,401E225A8EBCFF63,401E
5 11 4014147AE147AE1
4 12 ->
5 13 37
5 14 1
5 15 [2][2]
$4018F13B90831E89,0
$401921FB54442D18,401E
4 16 NULL
4 17 39
4 18 1
4 19 [2][3]
$C012D5272FA2C70A,401D2DB9CCEBCA65,0
$C012CF543B20FE4D,401E225A8EBCFF63,401E
3 3 ->
4 4 36
4 5 39
4 6 4
4 7 0
4 8 [2][2]
$4018C64259271573,0
$401921FB54442D18,401E
4 9 ->
5 10 [4][3]
$BFF,0,0
$0,3FF,0
$0,0,BFF
$0,0,401E
5 11 4016A8F5C28F5C25
4 12 ->
5 13 41
5 14 1
5 15 [2][2]
$4018C64259271573,0
$401921FB54442D18,401E
4 16 NULL
4 17 43
4 18 1
4 19 [2][3]
$C016A8F5C28F5C25,BFE0374F9DFD9766,0
$C01691B4438D158D,0,401E
3 3 ->
4 4 36
4 5 43
4 6 4
4 7 0
4 8 [2][2]
$40178F0E7A62C445,0
$401921FB54442D18,401E
4 9 ->
5 10 [4][3]
$BFF,0,8
$0,3FF,0
$0,0,BFF
$3FD3F53B1A4E651F,C01E225A8EBCFF6F,401E
5 11 4014147AE147AE13
4 12 ->
5 13 45
5 14 1
5 15 [2][2]
$40178F0E7A62C445,0
$401921FB54442D18,401E
4 16 NULL
4 17 47
4 18 1
4 19 [2][3]
$C012D5272FA2C7C1,C022EA9F82EB4F18,0
$C0114C51028BA1DF,C01E225A8EBCFF6F,401E
3 3 ->
4 4 34
4 5 47
4 6 4
4 7 0
4 8 [2][2]
$4012862E8DBE9F98,C012EE3D55B3291E
$40238D845D3C5021,BFE337D761ECD197
@srf_prim_ptr(plane) 20 0
4 20 ->
@local_sys 21 2
5 21 [4][3]
$3FF,8,0
$0,3FF,0
$8,0,3FF
$0,0,0
4 12 ->
5 13 49
5 14 1
5 15 [2][2]
$4012862E8DBE9F98,C012EE3D55B3291E
$40238D845D3C5021,BFE337D761ECD197
4 16 NULL
4 17 51
4 18 -1
4 19 [2][3]
$4012A56B8BFC700A,C012D5272FA2C7A2,0
$40237DE5DE1D67E8,BFE40088926FDD6E,0
3 3 ->
4 4 34
4 5 51
4 6 4
4 7 0
4 8 [2][2]
$3FE337D761ECD0D2,C0238D845D3C502A
$4012EE3D55B328BF,C012862E8DBE9FC7
4 20 ->
5 21 [4][3]
$3FF,8,0
$0,3FF,0
$8,0,3FF
$0,0,0
4 12 ->
5 13 53
5 14 1
5 15 [2][2]
$3FE337D761ECD0D2,C0238D845D3C502A
$4012EE3D55B328BF,C012862E8DBE9FC7
4 16 NULL
4 17 55
4 18 -1
4 19 [2][3]
$3FE40088926FDCA5,C0237DE5DE1D67F1,0
$4012D5272FA2C744,C012A56B8BFC7039,0
3 3 ->
4 4 34
4 5 55
4 6 4
4 7 0
4 8 [2][2]
$C012EE3D55B3293C,C0238D845D3C5028
$BFE337D761ECD0DA,C012862E8DBE9F87
4 20 ->
5 21 [4][3]
$3FF,8,0
$0,3FF,0
$8,0,3FF
$0,0,0
4 12 ->
5 13 57
5 14 1
5 15 [2][2]
$C012EE3D55B3293C,C0238D845D3C5028
$BFE337D761ECD0DA,C012862E8DBE9F87
4 16 NULL
4 17 59
4 18 -1
4 19 [2][3]
$C012D5272FA2C7C1,C0237DE5DE1D67EF,0
$BFE40088926FDCB3,C012A56B8BFC6FFA,0
3 3 ->
4 4 34
4 5 59
4 6 4
4 7 0
4 8 [2][2]
$C0238D845D3C503F,C012EE3D55B328A2
$C012862E8DBE9FD3,BFE337D761ECCEA1
4 20 ->
5 21 [4][3]
$3FF,8,0
$0,3FF,0
$8,0,3FF
$0,0,0
4 12 ->
5 13 61
5 14 1
5 15 [2][2]
$C0238D845D3C503F,C012EE3D55B328A2
$C012862E8DBE9FD3,BFE337D761ECCEA1
4 16 NULL
4 17 63
4 18 -1
4 19 [2][3]
$C0237DE5DE1D6806,C012D5272FA2C727,0
$C012A56B8BFC7045,BFE40088926FDA76,0
3 3 ->
4 4 34
4 5 63
4 6 4
4 7 0
4 8 [2][2]
$C0238D845D3C5012,3FE337D761ECD30E
$C012862E8DBE9F7A,4012EE3D55B3295A
4 20 ->
5 21 [4][3]
$3FF,8,0
$0,3FF,0
$8,0,3FF
$0,0,0
4 12 ->
5 13 65
5 14 1
5 15 [2][2]
$C0238D845D3C5012,3FE337D761ECD30E
$C012862E8DBE9F7A,4012EE3D55B3295A
4 16 NULL
4 17 67
4 18 -1
4 19 [2][3]
$C0237DE5DE1D67D9,3FE40088926FDEE5,0
$C012A56B8BFC6FEC,4012D5272FA2C7DF,0
3 3 ->
4 4 34
4 5 67
4 6 4
4 7 0
4 8 [2][2]
$C012EE3D55B32884,4012862E8DBE9FE2
$BFE337D761ECD0D5,40238D845D3C502A
4 20 ->
5 21 [4][3]
$3FF,8,0
$0,3FF,0
$8,0,3FF
$0,0,0
4 12 ->
5 13 69
5 14 1
5 15 [2][2]
$C012EE3D55B32884,4012862E8DBE9FE2
$BFE337D761ECD0D5,40238D845D3C502A
4 16 NULL
4 17 71
4 18 -1
4 19 [2][3]
$C012D5272FA2C70A,4012A56B8BFC7054,0
$BFE40088926FDCA5,40237DE5DE1D67F1,0
3 3 ->
4 4 34
4 5 71
4 6 4
4 7 0
4 8 [2][2]
$3FE337D761ECD0DD,4012862E8DBE9FA6
$4012EE3D55B32901,40238D845D3C5028
4 20 ->
5 21 [4][3]
$3FF,8,0
$0,3FF,0
$8,0,3FF
$0,0,0
4 12 ->
5 13 73
5 14 1
5 15 [2][2]
$3FE337D761ECD0DD,4012862E8DBE9FA6
$4012EE3D55B32901,40238D845D3C5028
4 16 NULL
4 17 75
4 18 -1
4 19 [2][3]
$3FE40088926FDCB3,4012A56B8BFC7018,0
$4012D5272FA2C785,40237DE5DE1D67EF,0
3 3 ->
4 4 34
4 5 75
4 6 4
4 7 0
4 8 [2][2]
$4012862E8DBE9FB6,3FE337D761ECD017
$40238D845D3C503,4012EE3D55B328DD
4 20 ->
5 21 [4][3]
$3FF,8,0
$0,3FF,0
$8,0,3FF
$0,0,0
4 12 ->
5 13 77
5 14 1
5 15 [2][2]
$4012862E8DBE9FB6,3FE337D761ECD017
$40238D845D3C503,4012EE3D55B328DD
4 16 NULL
4 17 79
4 18 -1
4 19 [2][3]
$4012A56B8BFC7028,3FE40088926FDBED,0
$40237DE5DE1D67F7,4012D5272FA2C763,0
3 3 ->
4 4 36
4 5 79
4 6 4
4 7 0
4 8 [2][2]
$3FF2456F8CF08FD8,0
$3FF36D897175B404,401E
4 9 ->
5 10 [4][3]
$BFF,0,8
$0,3FF,8
$0,8,BFF
$0,0,401E
5 11 4024CCCCCCCCCCCD
4 12 ->
5 13 81
5 14 1
5 15 [2][2]
$3FF2456F8CF08FD8,0
$3FF36D897175B404,401E
4 16 NULL
4 17 83
4 18 1
4 19 [2][3]
$C0114C51028BA0FE,4022EA9F82EB4F4A,0
$C00D0A6BDC62A304,40237DE5DE1D67F1,401E
3 3 ->
4 4 36
4 5 83
4 6 4
4 7 0
4 8 [2][2]
$3FD6D1C78B39E511,0
$3FDB722F1D4E76BB,401E
4 9 ->
5 10 [4][3]
$BFF,0,8
$0,3FF,8
$0,8,BFF
$0,0,401E
5 11 4024CCCCCCCCCCCD
4 12 ->
5 13 85
5 14 1
5 15 [2][2]
$3FD6D1C78B39E511,0
$3FDB722F1D4E76BB,401E
4 16 NULL
4 17 87
4 18 1
4 19 [2][3]
$C0237DE5DE1D67D9,400D0A6BDC62A3EC,0
$C022EA9F82EB4F1,40114C51028BA204,401E
3 3 ->
4 4 34
4 5 87
4 6 4
4 7 0
4 8 [2][2]
$C023B9C6D58428C2,C023B9C6D58428AD
$4023B9C6D58428B3,4023B9C6D58428AD
4 20 ->
5 21 [4][3]
$3FF,8,0
$0,3FF,0
$8,0,3FF
$0,0,401E
4 12 ->
5 13 89
5 14 1
5 15 [2][2]
$C023B9C6D58428C2,C023B9C6D58428AD
$4023B9C6D58428B3,4023B9C6D58428AD
4 16 NULL
4 17 91
4 18 1
4 19 [2][3]
$C0237DE5DE1D6806,C0237DE5DE1D67F1,401E
$40237DE5DE1D67F7,40237DE5DE1D67F1,401E
3 3 ->
4 4 36
4 5 91
4 6 4
4 7 0
4 8 [2][2]
$40176AD8626F45C4,0
$4017B4DEDB908EDF,401E
4 9 ->
5 10 [4][3]
$BFF,0,8
$0,3FF,8
$0,8,BFF
$0,0,401E
5 11 4024CCCCCCCCCCCD
4 12 ->
5 13 93
5 14 1
5 15 [2][2]
$40176AD8626F45C4,0
$4017B4DEDB908EDF,401E
4 16 NULL
4 17 95
4 18 1
4 19 [2][3]
$C0237DE5DE1D6806,C0114C51028BA121,0
$C022EA9F82EB4F41,C00D0A6BDC62A21F,401E
3 3 ->
4 4 36
4 5 95
4 6 4
4 7 0
4 8 [2][2]
$40144698F7E6C017,0
$4014909F7108093A,401E
4 9 ->
5 10 [4][3]
$BFF,0,8
$0,3FF,8
$0,8,BFF
$0,0,401E
5 11 4024CCCCCCCCCCCD
4 12 ->
5 13 97
5 14 1
5 15 [2][2]
$40144698F7E6C017,0
$4014909F7108093A,401E
4 16 NULL
4 17 99
4 18 1
4 19 [2][3]
$C0114C51028BA1DF,C0237DE5DE1D67EF,0
$C00D0A6BDC62A306,C022EA9F82EB4F18,401E
3 3 ->
4 4 36
4 5 99
4 6 4
4 7 0
4 8 [2][2]
$401122598D5E3A7A,0
$40116C60067F838D,401E
4 9 ->
5 10 [4][3]
$BFF,0,8
$0,3FF,8
$0,8,BFF
$0,0,401E
5 11 4024CCCCCCCCCCCD
4 12 ->
5 13 101
5 14 1
5 15 [2][2]
$401122598D5E3A7A,0
$40116C60067F838D,401E
4 16 NULL
4 17 103
4 18 1
4 19 [2][3]
$400D0A6BDC62A304,C0237DE5DE1D67F1,0
$40114C51028BA147,C022EA9F82EB4F39,401E
3 3 ->
4 4 36
4 5 103
4 6 4
4 7 0
4 8 [2][2]
$400BFC3445AB69AA,0
$400C904137EDFBDF,401E
4 9 ->
5 10 [4][3]
$BFF,0,8
$0,3FF,8
$0,8,BFF
$0,0,401E
5 11 4024CCCCCCCCCCCD
4 12 ->
5 13 105
5 14 1
5 15 [2][2]
$400BFC3445AB69AA,0
$400C904137EDFBDF,401E
4 16 NULL
4 17 107
4 18 1
4 19 [2][3]
$4022EA9F82EB4F21,C0114C51028BA1B9,0
$40237DE5DE1D67E8,C00D0A6BDC62A352,401E
3 3 ->
4 4 36
4 5 107
4 6 4
4 7 0
4 8 [2][2]
$4005B3B5709A5E61,0
$400647C262DCF096,401E
4 9 ->
5 10 [4][3]
$BFF,0,8
$0,3FF,8
$0,8,BFF
$0,0,401E
5 11 4024CCCCCCCCCCCD
4 12 ->
5 13 109
5 14 1
5 15 [2][2]
$4005B3B5709A5E61,0
$400647C262DCF096,401E
4 16 NULL
4 17 111
4 18 1
4 19 [2][3]
$4022EA9F82EB4F32,400D0A6BDC62A2B8,0
$40237DE5DE1D67F7,40114C51028BA16D,401E
3 3 ->
4 4 36
4 5 111
4 6 4
4 7 0
4 8 [2][2]
$3FFED66D3712A62D,0
$3FFFFE871B97CA98,401E
4 9 ->
5 10 [4][3]
$BFF,0,8
$0,3FF,8
$0,8,BFF
$0,0,401E
5 11 4024CCCCCCCCCCCD
4 12 ->
5 13 113
5 14 1
5 15 [2][2]
$3FFED66D3712A62D,0
$3FFFFE871B97CA98,401E
4 16 NULL
4 17 115
4 18 1
4 19 [2][3]
$400D0A6BDC62A306,4022EA9F82EB4F2A,0
$40114C51028BA195,40237DE5DE1D67EF,401E
3 3 ->
4 4 36
4 5 115
4 6 4
4 7 0
4 8 [2][2]
$3FF7B31767CFCE54,0
$3FFA90DF40B88BDD,401E
4 9 ->
5 10 [4][3]
$BFF,0,0
$0,3FF,0
$0,0,BFF
$0,0,401E
5 11 4016A8F5C28F5C25
4 12 ->
5 13 117
5 14 1
5 15 [2][2]
$3FF7B31767CFCE54,0
$3FFA90DF40B88BDD,401E
4 16 NULL
4 17 119
4 18 1
4 19 [2][3]
$BFE0374F9DFD997B,401691B4438D1583,0
$3FE0374F9DFD9979,4016A8F5C28F5C25,401E
3 3 ->
4 4 34
4 5 119
4 6 4
4 7 0
4 8 [2][2]
$BFFBA7C4E9E6AFC5,C01DFFFFFFFFFFFF
$0,0
4 20 ->
5 21 [4][3]
$BFD5E3A8748A0C06,0,BFEE11F642522D17
$BFEE11F642522D19,0,3FD5E3A8748A0C05
$0,3FEFFFFFFFFFFFFF,0
$3FE0374F9DFD9979,401691B4438D1583,401E
4 12 ->
5 13 121
5 14 1
5 15 [2][2]
$BFFBA7C4E9E6AFC5,C01DFFFFFFFFFFFF
$0,0
4 16 NULL
4 17 123
4 18 1
4 19 [2][3]
$3FE0374F9DFD9979,401691B4438D1583,0
$3FF1911444ECBE79,401D10E7E748EBA1,401E
3 3 ->
4 4 36
4 5 123
4 6 4
4 7 0
4 8 [2][2]
$3FD657184AE74493,0
$3FE79BFD363BB83,401E
4 9 ->
5 10 [4][3]
$BFF,0,0
$0,3FF,0
$0,0,BFF
$401239551104D3B9,4018081084CD0278,401E
5 11 400D70A3D70A3D6D
4 12 ->
5 13 125
5 14 1
5 15 [2][2]
$3FD657184AE74493,0
$3FE79BFD363BB83,401E
4 16 NULL
4 17 127
4 18 1
4 19 [2][3]
$3FF1911444ECBE79,401D10E7E748EBA1,0
$3FFD53C48D7FFDDD,4020F76C3B6DDE3A,401E
3 3 ->
4 4 36
4 5 127
4 6 4
4 7 0
4 8 [2][2]
$3FE79BFD363BB832,0
$3FF2DCB111A7BA01,401E
4 9 ->
5 10 [4][3]
$BFF,0,0
$0,3FF,0
$0,0,BFF
$401630AB8A55B744,40146D12D7CA6E0D,401E
5 11 4014147AE147AE1
4 12 ->
5 13 129
5 14 1
5 15 [2][2]
$3FE79BFD363BB832,0
$3FF2DCB111A7BA01,401E
4 16 NULL
4 17 131
4 18 1
4 19 [2][3]
$3FFD53C48D7FFDDD,4020F76C3B6DDE3A,0
$400D0A6BDC62A306,40237DE5DE1D67EF,401E
3 3 ->
4 4 36
4 5 131
4 6 4
4 7 0
4 8 [2][2]
$3FFF674596E0A031,0
$40033AFC06B53F0A,401E
4 9 ->
5 10 [4][3]
$BFF,0,0
$0,3FF,0
$0,0,BFF
$C01630AB8A55B744,40146D12D7CA6E11,401E
5 11 4014147AE147AE13
4 12 ->
5 13 133
5 14 1
5 15 [2][2]
$3FFF674596E0A031,0
$40033AFC06B53F0A,401E
4 16 NULL
4 17 135
4 18 1
4 19 [2][3]
$C00D0A6BDC62A304,4020F76C3B6DDE3E,0
$BFFD53C48D7FFDE3,40237DE5DE1D67F1,401E
3 3 ->
4 4 36
4 5 135
4 6 4
4 7 0
4 8 [2][2]
$40033AFC06B53F0A,0
$400657184AE74486,401E
4 9 ->
5 10 [4][3]
$BFF,0,0
$0,3FF,0
$0,0,BFF
$C01239551104D3B9,4018081084CD027C,401E
5 11 400D70A3D70A3D7
4 12 ->
5 13 137
5 14 1
5 15 [2][2]
$40033AFC06B53F0A,0
$400657184AE74486,401E
4 16 NULL
4 17 139
4 18 1
4 19 [2][3]
$BFFD53C48D7FFDE3,401D10E7E748EBA5,0
$BFF1911444ECBE77,4020F76C3B6DDE3E,401E
3 3 ->
4 4 34
4 5 139
4 6 4
4 7 0
4 8 [2][2]
$0,C01DFFFFFFFFFFFF
$3FFBA7C4E9E6AFC5,0
4 20 ->
5 21 [4][3]
$BFD5E3A8748A0C06,0,3FEE11F642522D17
$3FEE11F642522D19,8,3FD5E3A8748A0C05
$0,3FEFFFFFFFFFFFFF,0
$BFE0374F9DFD9979,401691B4438D1587,401E
4 12 ->
5 13 141
5 14 1
5 15 [2][2]
$0,C01DFFFFFFFFFFFF
$3FFBA7C4E9E6AFC5,0
4 16 NULL
4 17 143
4 18 1
4 19 [2][3]
$BFF1911444ECBE77,401691B4438D1587,0
$BFE0374F9DFD9979,401D10E7E748EBA5,401E
3 3 ->
4 4 36
4 5 143
4 6 4
4 7 0
4 8 [2][2]
$4002220A88F8F274,0
$400390EE756D5138,401E
4 9 ->
5 10 [4][3]
$BFF,0,0
$0,3FF,0
$0,0,BFF
$0,0,401E
5 11 4016A8F5C28F5C25
4 12 ->
5 13 145
5 14 1
5 15 [2][2]
$4002220A88F8F274,0
$400390EE756D5138,401E
4 16 NULL
4 17 147
4 18 1
4 19 [2][3]
$400D0D0D72FE6556,400D0D0D72FE653,0
$401164619D6EBEF4,401164619D6EBEE9,401E
3 3 ->
4 4 34
4 5 147
4 6 4
4 7 0
4 8 [2][2]
$BFFBA7C4E9E6AFC3,C01E000000000002
$0,0
4 20 ->
5 21 [4][3]
$BFED0079302DD772,0,BFDB0C2D77379829
$BFDB0C2D77379829,0,3FED0079302DD772
$0,3FF0000000000001,0
$401164619D6EBEF4,400D0D0D72FE653,401E
4 12 ->
5 13 149
5 14 1
5 15 [2][2]
$BFFBA7C4E9E6AFC3,C01E000000000002
$0,0
4 16 NULL
4 17 151
4 18 1
4 19 [2][3]
$401164619D6EBEF4,400D0D0D72FE653,0
$4017A87E696DF941,4011728944C41914,401E
3 3 ->
4 4 36
4 5 151
4 6 4
4 7 0
4 8 [2][2]
$3FF226C3BCDBE7BA,0
$3FF85EFC453FF2AD,401E
4 9 ->
5 10 [4][3]
$BFF,0,0
$0,3FF,0
$0,0,BFF
$401DE10DFD2B667E,3FF06D1D20D085F7,401E
5 11 400D70A3D70A3D6D
4 12 ->
5 13 153
5 14 1
5 15 [2][2]
$3FF226C3BCDBE7BA,0
$3FF85EFC453FF2AD,401E
4 16 NULL
4 17 155
4 18 1
4 19 [2][3]
$4017A87E696DF941,4011728944C41914,0
$401D2DB9CCEBCA2F,4012CF543B20FEA3,401E
3 3 ->
4 4 36
4 5 155
4 6 4
4 7 0
4 8 [2][2]
$3FF85EFC453FF2AD,0
$3FFF6DAEBBC9D096,401E
4 9 ->
5 10 [4][3]
$BFF,0,0
$0,3FF,0
$0,0,BFF
$401E225A8EBCFF69,BFD3F53B1A4E6ADC,401E
5 11 4014147AE147AE1
4 12 ->
5 13 157
5 14 1
5 15 [2][2]
$3FF85EFC453FF2AD,0
$3FFF6DAEBBC9D096,401E
4 16 NULL
4 17 159
4 18 1
4 19 [2][3]
$401D2DB9CCEBCA2F,40114C51028BA16D,0
$4022EA9F82EB4F32,4012D5272FA2C763,401E
3 3 ->
4 4 36
4 5 159
4 6 4
4 7 0
4 8 [2][2]
$4005FC21A0815B62,0
$4009837ADBC64A54,401E
4 9 ->
5 10 [4][3]
$BFF,0,0
$0,3FF,0
$0,0,BFF
$BFD3F53B1A4E68D8,401E225A8EBCFF6D,401E
5 11 4014147AE147AE13
4 12 ->
5 13 161
5 14 1
5 15 [2][2]
$4005FC21A0815B62,0
$4009837ADBC64A54,401E
4 16 NULL
4 17 163
4 18 1
4 19 [2][3]
$40114C51028BA195,401D2DB9CCEBCA23,0
$4012D5272FA2C785,4022EA9F82EB4F2A,401E
3 3 ->
4 4 36
4 5 163
4 6 4
4 7 0
4 8 [2][2]
$4009837ADBC64A53,0
$400C9F971FF84FD,401E
4 9 ->
5 10 [4][3]
$BFF,0,0
$0,3FF,0
$0,0,BFF
$3FF06D1D20D08678,401DE10DFD2B667D,401E
5 11 400D70A3D70A3D7
4 12 ->
5 13 165
5 14 1
5 15 [2][2]
$4009837ADBC64A53,0
$400C9F971FF84FD,401E
4 16 NULL
4 17 167
4 18 1
4 19 [2][3]
$4011728944C4192D,4017A87E696DF932,0
$4012CF543B20FEC3,401D2DB9CCEBCA23,401E
3 3 ->
4 4 34
4 5 167
4 6 4
4 7 0
4 8 [2][2]
$0,C01E
$3FFBA7C4E9E6AFC2,0
4 20 ->
5 21 [4][3]
$3FDB0C2D7737985D,8,3FED0079302DD765
$3FED0079302DD765,0,BFDB0C2D7737985D
$0,3FF,0
$400D0D0D72FE6556,401164619D6EBEE8,401E
4 12 ->
5 13 169
5 14 1
5 15 [2][2]
$0,C01E
$3FFBA7C4E9E6AFC2,0
4 16 NULL
4 17 171
4 18 1
4 19 [2][3]
$400D0D0D72FE6556,401164619D6EBEE8,0
$4011728944C4192D,4017A87E696DF932,401E
3 3 ->
4 4 36
4 5 171
4 6 4
4 7 0
4 8 [2][2]
$40086A895E09FDBE,0
$4009D96D4A7E5C82,401E
4 9 ->
5 10 [4][3]
$BFF,0,0
$0,3FF,8
$0,0,BFF
$0,0,401E
5 11 4016A8F5C28F5C25
4 12 ->
5 13 173
5 14 1
5 15 [2][2]
$40086A895E09FDBE,0
$4009D96D4A7E5C82,401E
4 16 NULL
4 17 175
4 18 1
4 19 [2][3]
$401691B4438D1581,BFE0374F9DFD9A2B,0
$4016A8F5C28F5C25,3FE0374F9DFD98C7,401E
3 3 ->
4 4 34
4 5 175
4 6 4
4 7 0
4 8 [2][2]
$BFFBA7C4E9E6AFC7,C01E
$0,0
4 20 ->
5 21 [4][3]
$BFEE11F642522D0E,0,3FD5E3A8748A0C42
$3FD5E3A8748A0C42,8,3FEE11F642522D0E
$0,3FF,0
$401691B4438D1581,BFE0374F9DFD9A2B,401E
4 12 ->
5 13 177
5 14 1
5 15 [2][2]
$BFFBA7C4E9E6AFC7,C01E
$0,0
4 16 NULL
4 17 179
4 18 1
4 19 [2][3]
$401691B4438D1581,BFF1911444ECBEEB,0
$401D10E7E748EB9D,BFE0374F9DFD9A2B,401E
3 3 ->
4 4 36
4 5 179
4 6 4
4 7 0
4 8 [2][2]
$3FFEB7C166FDFE4E,0
$400277FCF7B104A,401E
4 9 ->
5 10 [4][3]
$BFF,0,0
$0,3FF,8
$0,0,BFF
$4018081084CD0266,C01239551104D3D,401E
5 11 400D70A3D70A3D6D
4 12 ->
5 13 181
5 14 1
5 15 [2][2]
$3FFEB7C166FDFE4E,0
$400277FCF7B104A,401E
4 16 NULL
4 17 183
4 18 1
4 19 [2][3]
$401D10E7E748EB9D,BFFD53C48D7FFE63,0
$4020F76C3B6DDE36,BFF1911444ECBEEB,401E
3 3 ->
4 4 36
4 5 183
4 6 4
4 7 0
4 8 [2][2]
$400277FCF7B104A,0
$4005FF5632F5F394,401E
4 9 ->
5 10 [4][3]
$BFF,0,0
$0,3FF,8
$0,0,BFF
$40146D12D7CA6DF8,C01630AB8A55B759,401E
5 11 4014147AE147AE1
4 12 ->
5 13 185
5 14 1
5 15 [2][2]
$400277FCF7B104A,0
$4005FF5632F5F394,401E
4 16 NULL
4 17 187
4 18 1
4 19 [2][3]
$4020F76C3B6DDE36,C00D0A6BDC62A352,0
$40237DE5DE1D67E8,BFFD53C48D7FFE63,401E
3 3 ->
4 4 36
4 5 187
4 6 4
4 7 0
4 8 [2][2]
$400C44A0759266AC,0
$400FCBF9B0D7559D,401E
4 9 ->
5 10 [4][3]
$BFF,0,0
$0,3FF,8
$0,0,BFF
$40146D12D7CA6E26,401630AB8A55B73,401E
5 11 4014147AE147AE13
4 12 ->
5 13 189
5 14 1
5 15 [2][2]
$400C44A0759266AC,0
$400FCBF9B0D7559D,401E
4 16 NULL
4 17 191
4 18 1
4 19 [2][3]
$4020F76C3B6DDE42,3FFD53C48D7FFD5D,0
$40237DE5DE1D67F7,400D0A6BDC62A2B8,401E
3 3 ->
4 4 36
4 5 191
4 6 4
4 7 0
4 8 [2][2]
$400FCBF9B0D7559D,0
$4011740AFA84AD8C,401E
4 9 ->
5 10 [4][3]
$BFF,0,0
$0,3FF,8
$0,0,BFF
$4018081084CD028D,401239551104D3A1,401E
5 11 400D70A3D70A3D7
4 12 ->
5 13 193
5 14 1
5 15 [2][2]
$400FCBF9B0D7559D,0
$4011740AFA84AD8C,401E
4 16 NULL
4 17 195
4 18 1
4 19 [2][3]
$401D10E7E748EBA9,3FF1911444ECBE05,0
$4020F76C3B6DDE42,3FFD53C48D7FFD5D,401E
3 3 ->
4 4 34
4 5 195
4 6 4
4 7 0
4 8 [2][2]
$0,C01E000000000002
$3FFBA7C4E9E6AFC6,0
4 20 ->
5 21 [4][3]
$3FEE11F642522D25,8,3FD5E3A8748A0BCB
$3FD5E3A8748A0BCC,0,BFEE11F642522D23
$0,3FF0000000000001,0
$401691B4438D1589,3FE0374F9DFD98C7,401E
4 12 ->
5 13 197
5 14 1
5 15 [2][2]
$0,C01E000000000002
$3FFBA7C4E9E6AFC6,0
4 16 NULL
4 17 199
4 18 1
4 19 [2][3]
$401691B4438D1589,3FE0374F9DFD98C7,0
$401D10E7E748EBA9,3FF1911444ECBE05,401E
3 3 ->
4 4 36
4 5 199
4 6 4
4 7 0
4 8 [2][2]
$400EB308331B0907,0
$401010F60FC7B3E6,401E
4 9 ->
5 10 [4][3]
$BFF,0,0
$0,3FF,8
$0,0,BFF
$0,0,401E
5 11 4016A8F5C28F5C25
4 12 ->
5 13 201
5 14 1
5 15 [2][2]
$400EB308331B0907,0
$401010F60FC7B3E6,401E
4 16 NULL
4 17 203
4 18 1
4 19 [2][3]
$400D0D0D72FE650C,C01164619D6EBF02,0
$401164619D6EBEDA,C00D0D0D72FE6578,401E
3 3 ->
4 4 34
4 5 203
4 6 4
4 7 0
4 8 [2][2]
$BFFBA7C4E9E6AFC6,C01E000000000002
$0,0
4 20 ->
5 21 [4][3]
$BFDB0C2D773797EE,0,3FED0079302DD77F
$3FED0079302DD781,8,3FDB0C2D773797EC
$0,3FF0000000000001,0
$400D0D0D72FE650C,C01164619D6EBF02,401E
4 12 ->
5 13 205
5 14 1
5 15 [2][2]
$BFFBA7C4E9E6AFC6,C01E000000000002
$0,0
4 16 NULL
4 17 207
4 18 1
4 19 [2][3]
$400D0D0D72FE650C,C017A87E696DF953,0
$4011728944C418FB,C01164619D6EBF02,401E
3 3 ->
4 4 36
4 5 207
4 6 4
4 7 0
4 8 [2][2]
$4005A45F88900A71,0
$4008C07BCCC20FEB,401E
4 9 ->
5 10 [4][3]
$BFF,0,0
$0,3FF,8
$0,0,BFF
$3FF06D1D20D08584,C01DE10DFD2B6682,401E
5 11 400D70A3D70A3D6D
4 12 ->
5 13 209
5 14 1
5 15 [2][2]
$4005A45F88900A71,0
$4008C07BCCC20FEB,401E
4 16 NULL
4 17 211
4 18 1
4 19 [2][3]
$4011728944C418FB,C01D2DB9CCEBCA42,0
$4012CF543B20FE85,C017A87E696DF953,401E
3 3 ->
4 4 36
4 5 211
4 6 4
4 7 0
4 8 [2][2]
$4008C07BCCC20FEB,0
$400C47D50806FEDE,401E
4 9 ->
5 10 [4][3]
$BFF,0,0
$0,3FF,8
$0,0,BFF
$BFD3F53B1A4E6CB1,C01E225A8EBCFF67,401E
5 11 4014147AE147AE1
4 12 ->
5 13 213
5 14 1
5 15 [2][2]
$4008C07BCCC20FEB,0
$400C47D50806FEDE,401E
4 16 NULL
4 17 215
4 18 1
4 19 [2][3]
$40114C51028BA147,C022EA9F82EB4F39,0
$4012D5272FA2C744,C01D2DB9CCEBCA42,401E
3 3 ->
4 4 36
4 5 215
4 6 4
4 7 0
4 8 [2][2]
$4011468FA551B8FB,0
$40130A3C42F43074,401E
4 9 ->
5 10 [4][3]
$BFF,0,0
$0,3FF,8
$0,0,BFF
$401E225A8EBCFF6D,3FD3F53B1A4E66FC,401E
5 11 4014147AE147AE13
4 12 ->
5 13 217
5 14 1
5 15 [2][2]
$4011468FA551B8FB,0
$40130A3C42F43074,401E
4 16 NULL
4 17 219
4 18 1
4 19 [2][3]
$401D2DB9CCEBCA0F,C012D5272FA2C7A2,0
$4022EA9F82EB4F21,C0114C51028BA1B9,401E
3 3 ->
4 4 36
4 5 219
4 6 4
4 7 0
4 8 [2][2]
$40130A3C42F43074,0
$4014984A650D3332,401E
4 9 ->
5 10 [4][3]
$BFF,0,0
$0,3FF,8
$0,0,BFF
$401DE10DFD2B6678,BFF06D1D20D086EF,401E
5 11 400D70A3D70A3D7
4 12 ->
5 13 221
5 14 1
5 15 [2][2]
$40130A3C42F43074,0
$4014984A650D3332,401E
4 16 NULL
4 17 223
4 18 1
4 19 [2][3]
$4017A87E696DF921,C012CF543B20FEDF,0
$401D2DB9CCEBCA0F,C011728944C41944,401E
3 3 ->
4 4 34
4 5 223
4 6 4
4 7 0
4 8 [2][2]
$0,C01E000000000002
$3FFBA7C4E9E6AFC6,0
4 20 ->
5 21 [4][3]
$3FED0079302DD758,0,BFDB0C2D77379898
$BFDB0C2D77379898,0,BFED0079302DD758
$0,3FF0000000000001,0
$401164619D6EBED9,C00D0D0D72FE6578,401E
4 12 ->
5 13 225
5 14 1
5 15 [2][2]
$0,C01E000000000002
$3FFBA7C4E9E6AFC6,0
4 16 NULL
4 17 227
4 18 1
4 19 [2][3]
$401164619D6EBED9,C011728944C41944,0
$4017A87E696DF921,C00D0D0D72FE6578,401E
3 3 ->
4 4 36
4 5 227
4 6 4
4 7 0
4 8 [2][2]
$40127DC384160A21,0
$401335357A503983,401E
4 9 ->
5 10 [4][3]
$BFF,0,0
$0,3FF,0
$0,0,BFF
$0,0,401E
5 11 4016A8F5C28F5C25
4 12 ->
5 13 229
5 14 1
5 15 [2][2]
$40127DC384160A21,0
$401335357A503983,401E
4 16 NULL
4 17 231
4 18 1
4 19 [2][3]
$BFE0374F9DFD9979,C016A8F5C28F5C25,0
$3FE0374F9DFD997B,C01691B4438D1583,401E
3 3 ->
4 4 34
4 5 231
4 6 4
4 7 0
4 8 [2][2]
$BFFBA7C4E9E6AFC5,C01DFFFFFFFFFFFF
$0,0
4 20 ->
5 21 [4][3]
$3FD5E3A8748A0C06,8,3FEE11F642522D17
$3FEE11F642522D19,0,BFD5E3A8748A0C05
$0,3FEFFFFFFFFFFFFF,0
$BFE0374F9DFD9979,C01691B4438D1583,401E
4 12 ->
5 13 233
5 14 1
5 15 [2][2]
$BFFBA7C4E9E6AFC5,C01DFFFFFFFFFFFF
$0,0
4 16 NULL
4 17 235
4 18 1
4 19 [2][3]
$BFF1911444ECBE79,C01D10E7E748EBA1,0
$BFE0374F9DFD9979,C01691B4438D1583,401E
3 3 ->
4 4 36
4 5 235
4 6 4
4 7 0
4 8 [2][2]
$400BECDE5DA115AA,0
$400F08FAA1D31B24,401E
4 9 ->
5 10 [4][3]
$BFF,0,0
$0,3FF,0
$0,0,BFF
$C01239551104D3B9,C018081084CD0278,401E
5 11 400D70A3D70A3D6D
4 12 ->
5 13 237
5 14 1
5 15 [2][2]
$400BECDE5DA115AA,0
$400F08FAA1D31B24,401E
4 16 NULL
4 17 239
4 18 1
4 19 [2][3]
$BFFD53C48D7FFDDD,C020F76C3B6DDE3A,0
$BFF1911444ECBE79,C01D10E7E748EBA1,401E
3 3 ->
4 4 36
4 5 239
4 6 4
4 7 0
4 8 [2][2]
$400F08FAA1D31B24,0
$40114829EE8C050C,401E
4 9 ->
5 10 [4][3]
$BFF,0,0
$0,3FF,0
$0,0,BFF
$C01630AB8A55B744,C0146D12D7CA6E0D,401E
5 11 4014147AE147AE1
4 12 ->
5 13 241
5 14 1
5 15 [2][2]
$400F08FAA1D31B24,0
$40114829EE8C050C,401E
4 16 NULL
4 17 243
4 18 1
4 19 [2][3]
$C00D0A6BDC62A306,C0237DE5DE1D67EF,0
$BFFD53C48D7FFDDD,C020F76C3B6DDE3A,401E
3 3 ->
4 4 36
4 5 243
4 6 4
4 7 0
4 8 [2][2]
$40146ACF0FDA3E98,0
$40162E7BAD7CB611,401E
4 9 ->
5 10 [4][3]
$BFF,0,0
$0,3FF,0
$0,0,BFF
$401630AB8A55B744,C0146D12D7CA6E11,401E
5 11 4014147AE147AE13
4 12 ->
5 13 245
5 14 1
5 15 [2][2]
$40146ACF0FDA3E98,0
$40162E7BAD7CB611,401E
4 16 NULL
4 17 247
4 18 1
4 19 [2][3]
$3FFD53C48D7FFDE3,C0237DE5DE1D67F1,0
$400D0A6BDC62A304,C020F76C3B6DDE3E,401E
3 3 ->
4 4 36
4 5 247
4 6 4
4 7 0
4 8 [2][2]
$40162E7BAD7CB611,0
$4017BC89CF95B8CF,401E
4 9 ->
5 10 [4][3]
$BFF,0,0
$0,3FF,0
$0,0,BFF
$401239551104D3B9,C018081084CD027C,401E
5 11 400D70A3D70A3D7
4 12 ->
5 13 249
5 14 1
5 15 [2][2]
$40162E7BAD7CB611,0
$4017BC89CF95B8CF,401E
4 16 NULL
4 17 251
4 18 1
4 19 [2][3]
$3FF1911444ECBE77,C020F76C3B6DDE3E,0
$3FFD53C48D7FFDE3,C01D10E7E748EBA5,401E
3 3 ->
4 4 34
4 5 251
4 6 4
4 7 0
4 8 [2][2]
$0,C01DFFFFFFFFFFFF
$3FFBA7C4E9E6AFC5,0
4 20 ->
5 21 [4][3]
$3FD5E3A8748A0C06,8,BFEE11F642522D17
$BFEE11F642522D19,0,BFD5E3A8748A0C05
$0,3FEFFFFFFFFFFFFF,8
$3FE0374F9DFD9979,C01691B4438D1587,401E
4 12 ->
5 13 253
5 14 1
5 15 [2][2]
$0,C01DFFFFFFFFFFFF
$3FFBA7C4E9E6AFC5,0
4 16 NULL
4 17 255
4 18 1
4 19 [2][3]
$3FE0374F9DFD9979,C01D10E7E748EBA5,0
$3FF1911444ECBE77,C01691B4438D1587,401E
3 3 ->
4 4 36
4 5 255
4 6 4
4 7 0
4 8 [2][2]
$4015A202EE9E8FCE,0
$40165974E4D8BF3,401E
4 9 ->
5 10 [4][3]
$BFF,0,8
$0,3FF,0
$0,0,BFF
$0,0,401E
5 11 4016A8F5C28F5C25
4 12 ->
5 13 257
5 14 1
5 15 [2][2]
$4015A202EE9E8FCE,0
$40165974E4D8BF3,401E
4 16 NULL
4 17 259
4 18 1
4 19 [2][3]
$C01164619D6EBF0F,C01164619D6EBECC,0
$C00D0D0D72FE659A,C00D0D0D72FE64EA,401E
3 3 ->
4 4 34
4 5 259
4 6 4
4 7 0
4 8 [2][2]
$BFFBA7C4E9E6AFC7,C01E000000000002
$0,0
4 20 ->
5 21 [4][3]
$3FED0079302DD78D,0,3FDB0C2D773797B4
$3FDB0C2D773797B4,8,BFED0079302DD78D
$0,3FF0000000000001,8
$C01164619D6EBF0F,C00D0D0D72FE64EA,401E
4 12 ->
5 13 261
5 14 1
5 15 [2][2]
$BFFBA7C4E9E6AFC7,C01E000000000002
$0,0
4 16 NULL
4 17 263
4 18 1
4 19 [2][3]
$C017A87E696DF963,C011728944C418E4,0
$C01164619D6EBF0F,C00D0D0D72FE64EA,401E
3 3 ->
4 4 36
4 5 263
4 6 4
4 7 0
4 8 [2][2]
$40111AAE99591082,0
$4012A8BCBB72133F,401E
4 9 ->
5 10 [4][3]
$BFF,0,8
$0,3FF,0
$0,0,BFF
$C01DE10DFD2B6686,BFF06D1D20D0850F,401E
5 11 400D70A3D70A3D6D
4 12 ->
5 13 265
5 14 1
5 15 [2][2]
$40111AAE99591082,0
$4012A8BCBB72133F,401E
4 16 NULL
4 17 267
4 18 1
4 19 [2][3]
$C01D2DB9CCEBCA53,C012CF543B20FE68,0
$C017A87E696DF963,C011728944C418E4,401E
3 3 ->
4 4 36
4 5 267
4 6 4
4 7 0
4 8 [2][2]
$4012A8BCBB72133F,0
$40146C6959148AB9,401E
4 9 ->
5 10 [4][3]
$BFF,0,8
$0,3FF,0
$0,0,BFF
$C01E225A8EBCFF65,3FD3F53B1A4E6E8D,401E
5 11 4014147AE147AE1
4 12 ->
5 13 269
5 14 1
5 15 [2][2]
$4012A8BCBB72133F,0
$40146C6959148AB9,401E
4 16 NULL
4 17 271
4 18 1
4 19 [2][3]
$C022EA9F82EB4F41,C012D5272FA2C727,0
$C01D2DB9CCEBCA53,C0114C51028BA121,401E
3 3 ->
4 4 36
4 5 271
4 6 4
4 7 0
4 8 [2][2]
$0,0
$3FA85FE1E08752E2,401E
4 9 ->
5 10 [4][3]
$BFF,0,8
$0,3FF,0
$0,0,BFF
$3FD3F53B1A4E651F,C01E225A8EBCFF6F,401E
5 11 4014147AE147AE13
4 12 ->
5 13 273
5 14 1
5 15 [2][2]
$0,0
$3FA85FE1E08752E2,401E
4 16 NULL
4 17 275
4 18 1
4 19 [2][3]
$C012D5272FA2C7C1,C01E225A8EBCFF6F,0
$C012CF543B20FEFD,C01D2DB9CCEBC9FE,401E
3 3 ->
4 4 36
4 5 275
4 6 4
4 7 0
4 8 [2][2]
$3FA85FE1E08752A9,0
$3FDBECDE5DA11639,401E
4 9 ->
5 10 [4][3]
$BFF,0,8
$0,3FF,0
$0,0,BFF
$BFF06D1D20D08765,C01DE10DFD2B6674,401E
5 11 400D70A3D70A3D7
4 12 ->
5 13 277
5 14 1
5 15 [2][2]
$3FA85FE1E08752A9,0
$3FDBECDE5DA11639,401E
4 16 NULL
4 17 279
4 18 1
4 19 [2][3]
$C012CF543B20FEFD,C01D2DB9CCEBC9FE,0
$C011728944C4195B,C017A87E696DF91,401E
3 3 ->
4 4 34
4 5 279
4 6 4
4 7 0
4 8 [2][2]
$0,C01E
$3FFBA7C4E9E6AFC6,0
4 20 ->
5 21 [4][3]
$BFDB0C2D773798D3,0,BFED0079302DD749
$BFED0079302DD74B,0,3FDB0C2D773798D1
$0,3FF,0
$C00D0D0D72FE659A,C01164619D6EBECB,401E
4 12 ->
5 13 281
5 14 1
5 15 [2][2]
$0,C01E
$3FFBA7C4E9E6AFC6,0
4 16 NULL
4 17 283
4 18 1
4 19 [2][3]
$C011728944C4195B,C017A87E696DF91,0
$C00D0D0D72FE659A,C01164619D6EBECB,401E
3 3 ->
4 4 36
4 5 283
4 6 4
4 7 0
4 8 [2][2]
$0,0
$3FB6EE3EC745EF37,401E
4 9 ->
5 10 [4][3]
$BFF,0,0
$0,3FF,0
$0,0,BFF
$0,0,401E
5 11 4016A8F5C28F5C25
4 12 ->
5 13 285
5 14 1
5 15 [2][2]
$0,0
$3FB6EE3EC745EF37,401E
4 16 NULL
4 17 287
4 18 1
4 19 [2][3]
$C016A8F5C28F5C25,0,0
$C01691B4438D157D,3FE0374F9DFD9B8D,401E
3 3 ->
4 4 34
4 5 287
4 6 4
4 7 0
4 8 [2][2]
$BFFBA7C4E9E6AFC6,C01E000000000002
$0,0
4 20 ->
5 21 [4][3]
$3FEE11F642522CF9,8,BFD5E3A8748A0CB8
$BFD5E3A8748A0CB8,0,BFEE11F642522CF9
$0,3FF0000000000001,8
$C01691B4438D157D,3FE0374F9DFD9B8D,401E
4 12 ->
5 13 289
5 14 1
5 15 [2][2]
$BFFBA7C4E9E6AFC6,C01E000000000002
$0,0
4 16 NULL
4 17 291
4 18 1
4 19 [2][3]
$C01D10E7E748EB94,3FE0374F9DFD9B8D,0
$C01691B4438D157D,3FF1911444ECBFD,401E
3 3 ->
4 4 36
4 5 291
4 6 4
4 7 0
4 8 [2][2]
$40143EEE03E19627,0
$4015CCFC25FA98E4,401E
4 9 ->
5 10 [4][3]
$BFF,0,0
$0,3FF,0
$0,0,BFF
$C018081084CD0242,401239551104D4,401E
5 11 400D70A3D70A3D6D
4 12 ->
5 13 293
5 14 1
5 15 [2][2]
$40143EEE03E19627,0
$4015CCFC25FA98E4,401E
4 16 NULL
4 17 295
4 18 1
4 19 [2][3]
$C020F76C3B6DDE3,3FF1911444ECBFD,0
$C01D10E7E748EB94,3FFD53C48D7FFF6D,401E
3 3 ->
4 4 36
4 5 295
4 6 4
4 7 0
4 8 [2][2]
$4015CCFC25FA98E4,0
$401790A8C39D105E,401E
4 9 ->
5 10 [4][3]
$BFF,0,0
$0,3FF,0
$0,0,BFF
$C0146D12D7CA6DCC,401630AB8A55B781,401E
5 11 4014147AE147AE1
4 12 ->
5 13 297
5 14 1
5 15 [2][2]
$4015CCFC25FA98E4,0
$401790A8C39D105E,401E
4 16 NULL
4 17 299
4 18 1
4 19 [2][3]
$C0237DE5DE1D67D9,3FFD53C48D7FFF6D,0
$C020F76C3B6DDE3,400D0A6BDC62A3EC,401E
3 3 ->
4 4 36
4 5 299
4 6 4
4 7 0
4 8 [2][2]
$3FD915290A71CD1D,0
$3FEAA7F9724CA256,401E
4 9 ->
5 10 [4][3]
$BFF,0,0
$0,3FF,0
$0,0,BFF
$C0146D12D7CA6E52,C01630AB8A55B708,401E
5 11 4014147AE147AE13
4 12 ->
5 13 301
5 14 1
5 15 [2][2]
$3FD915290A71CD1D,0
$3FEAA7F9724CA256,401E
4 16 NULL
4 17 303
4 18 1
4 19 [2][3]
$C0237DE5DE1D6806,C00D0A6BDC62A21F,0
$C020F76C3B6DDE49,BFFD53C48D7FFC52,401E
3 3 ->
4 4 36
4 5 303
4 6 4
4 7 0
4 8 [2][2]
$3FEAA7F9724CA256,0
$3FF38C35418A5C23,401E
4 9 ->
5 10 [4][3]
$BFF,0,0
$0,3FF,0
$0,0,BFF
$C018081084CD02B2,C01239551104D372,401E
5 11 400D70A3D70A3D7
4 12 ->
5 13 305
5 14 1
5 15 [2][2]
$3FEAA7F9724CA256,0
$3FF38C35418A5C23,401E
4 16 NULL
4 17 307
4 18 1
4 19 [2][3]
$C020F76C3B6DDE49,BFFD53C48D7FFC52,0
$C01D10E7E748EBB2,BFF1911444ECBD2,401E
3 3 ->
4 4 34
4 5 307
4 6 4
4 7 0
4 8 [2][2]
$0,C01E
$3FFBA7C4E9E6AFC6,0
4 20 ->
5 21 [4][3]
$BFEE11F642522D3A,0,BFD5E3A8748A0B55
$BFD5E3A8748A0B56,0,3FEE11F642522D38
$0,3FF,0
$C01691B4438D158D,BFE0374F9DFD9765,401E
4 12 ->
5 13 309
5 14 1
5 15 [2][2]
$0,C01E
$3FFBA7C4E9E6AFC6,0
4 16 NULL
4 17 311
4 18 1
4 19 [2][3]
$C01D10E7E748EBB2,BFF1911444ECBD2,0
$C01691B4438D158D,BFE0374F9DFD9765,401E
3 3 ->
4 4 36
4 5 311
4 6 4
4 7 0
4 8 [2][2]
$3FE644337B5B6FFD,0
$3FEBFFC32D2CEB0F,401E
4 9 ->
5 10 [4][3]
$BFF,0,0
$0,3FF,0
$0,0,BFF
$0,0,401E
5 11 4016A8F5C28F5C25
4 12 ->
5 13 313
5 14 1
5 15 [2][2]
$3FE644337B5B6FFD,0
$3FEBFFC32D2CEB0F,401E
4 16 NULL
4 17 315
4 18 1
4 19 [2][3]
$C01164619D6EBEBD,400D0D0D72FE65BC,0
$C00D0D0D72FE64C8,401164619D6EBF1E,401E
3 3 ->
4 4 34
4 5 315
4 6 4
4 7 0
4 8 [2][2]
$BFFBA7C4E9E6AFC2,C01E
$0,0
4 20 ->
5 21 [4][3]
$3FDB0C2D7737977B,8,BFED0079302DD799
$BFED0079302DD799,0,BFDB0C2D7737977B
$0,3FF,8
$C00D0D0D72FE64C8,401164619D6EBF1E,401E
4 12 ->
5 13 317
5 14 1
5 15 [2][2]
$BFFBA7C4E9E6AFC2,C01E
$0,0
4 16 NULL
4 17 319
4 18 1
4 19 [2][3]
$C011728944C418CD,401164619D6EBF1E,0
$C00D0D0D72FE64C8,4017A87E696DF974,401E
3 3 ->
4 4 36
4 5 319
4 6 4
4 7 0
4 8 [2][2]
$4017632D6E6A1BCC,0
$4018F13B90831E89,401E
4 9 ->
5 10 [4][3]
$BFEFFFFFFFFFFFFF,0,0
$0,3FEFFFFFFFFFFFFF,0
$0,0,BFF
$BFF06D1D20D0849A,401DE10DFD2B668A,401E
5 11 400D70A3D70A3D6D
4 12 ->
5 13 321
5 14 1
5 15 [2][2]
$4017632D6E6A1BCC,0
$4018F13B90831E89,401E
4 16 NULL
4 17 323
4 18 1
4 19 [2][3]
$C012CF543B20FE4D,4017A87E696DF974,0
$C011728944C418CD,401D2DB9CCEBCA65,401E
3 3 ->
4 4 36
4 5 323
4 6 4
4 7 0
4 8 [2][2]
$0,0
$3FD92ECD9E168EB,401E
4 9 ->
5 10 [4][3]
$BFF,0,0
$0,3FF,0
$0,0,BFF
$3FD3F53B1A4E705A,401E225A8EBCFF63,401E
5 11 4014147AE147AE1
4 12 ->
5 13 325
5 14 1
5 15 [2][2]
$0,0
$3FD92ECD9E168EB,401E
4 16 NULL
4 17 327
4 18 1
4 19 [2][3]
$C012D5272FA2C70A,401E225A8EBCFF63,0
$C0114C51028BA0FE,4022EA9F82EB4F4A,401E
3 3 ->
4 4 36
4 5 327
4 6 4
4 7 0
4 8 [2][2]
$3FF2D647ECBE89DA,0
$3FF9E4FA634867BE,401E
4 9 ->
5 10 [4][3]
$BFF,0,0
$0,3FF,0
$0,0,BFF
$C01E225A8EBCFF6F,BFD3F53B1A4E6343,401E
5 11 4014147AE147AE13
4 12 ->
5 13 329
5 14 1
5 15 [2][2]
$3FF2D647ECBE89DA,0
$3FF9E4FA634867BE,401E
4 16 NULL
4 17 331
4 18 1
4 19 [2][3]
$C022EA9F82EB4F1,40114C51028BA204,0
$C01D2DB9CCEBC9EC,4012D5272FA2C7DF,401E
3 3 ->
4 4 36
4 5 331
4 6 4
4 7 0
4 8 [2][2]
$3FF9E4FA634867BE,0
$40000E9975D6395C,401E
4 9 ->
5 10 [4][3]
$BFF,0,0
$0,3FF,0
$0,0,BFF
$C01DE10DFD2B6671,3FF06D1D20D087D8,401E
5 11 400D70A3D70A3D7
4 12 ->
5 13 333
5 14 1
5 15 [2][2]
$3FF9E4FA634867BE,0
$40000E9975D6395C,401E
4 16 NULL
4 17 335
4 18 1
4 19 [2][3]
$C01D2DB9CCEBC9EC,4011728944C41972,0
$C017A87E696DF8FF,4012CF543B20FF19,401E
3 3 ->
4 4 34
4 5 335
4 6 4
4 7 0
4 8 [2][2]
$0,C01E
$3FFBA7C4E9E6AFC3,0
4 20 ->
5 21 [4][3]
$BFED0079302DD73D,0,3FDB0C2D77379908
$3FDB0C2D77379908,8,3FED0079302DD73D
$0,3FF,0
$C01164619D6EBEBD,400D0D0D72FE65BC,401E
4 12 ->
5 13 337
5 14 1
5 15 [2][2]
$0,C01E
$3FFBA7C4E9E6AFC3,0
4 16 NULL
4 17 339
4 18 1
4 19 [2][3]
$C017A87E696DF8FF,400D0D0D72FE65BC,0
$C01164619D6EBEBD,4011728944C41972,401E
3 3 ->
4 4 34
4 5 339
4 6 4
4 7 0
4 8 [2][2]
$BFE43DFAD9D3822A,40168F81A22A172D
$3FE43DFAD9D3821C,40180232A162FE57
4 20 ->
5 21 [4][3]
$BFF,0,0
$0,3FF,0
$8,0,BFF
$0,0,0
4 12 ->
5 13 121
5 14 1
5 15 [2][2]
$BFE43DFAD9D3822A,40168F81A22A172D
$3FE43DFAD9D3821C,40180232A162FE57
4 16 NULL
4 17 341
4 18 -1
4 19 [2][3]
$BFE40088926FDCA5,401691B4438D1583,0
$3FE40088926FDCB3,4018000000000001,0
3 3 ->
4 4 34
4 5 341
4 6 4
4 7 0
4 8 [2][2]
$C012ABBFDD1EFB47,400D0064D0B94EF2
$C00D0064D0B94F19,4012ABBFDD1EFB37
4 20 ->
5 21 [4][3]
$BFF,0,0
$0,3FF,0
$8,0,BFF
$0,0,0
4 12 ->
5 13 149
5 14 1
5 15 [2][2]
$C012ABBFDD1EFB47,400D0064D0B94EF2
$C00D0064D0B94F19,4012ABBFDD1EFB37
4 16 NULL
4 17 343
4 18 -1
4 19 [2][3]
$400D0D0D72FE6557,400D0D0D72FE653,0
$4012A56B8BFC7028,4012A56B8BFC7018,0
3 3 ->
4 4 34
4 5 343
4 6 4
4 7 0
4 8 [2][2]
$C0180232A162FE57,BFE43DFAD9D382E5
$C0168F81A22A172B,3FE43DFAD9D38164
4 20 ->
5 21 [4][3]
$BFF,0,0
$0,3FF,0
$8,0,BFF
$0,0,0
4 12 ->
5 13 177
5 14 1
5 15 [2][2]
$C0180232A162FE57,BFE43DFAD9D382E5
$C0168F81A22A172B,3FE43DFAD9D38164
4 16 NULL
4 17 345
4 18 -1
4 19 [2][3]
$401691B4438D1581,BFE40088926FDD6E,0
$4018000000000001,3FE40088926FDBED,0
3 3 ->
4 4 34
4 5 345
4 6 4
4 7 0
4 8 [2][2]
$C012ABBFDD1EFB29,C012ABBFDD1EFB58
$C00D0064D0B94ECE,C00D0064D0B94F3B
4 20 ->
5 21 [4][3]
$BFF,0,0
$0,3FF,0
$8,0,BFF
$0,0,0
4 12 ->
5 13 205
5 14 1
5 15 [2][2]
$C012ABBFDD1EFB29,C012ABBFDD1EFB58
$C00D0064D0B94ECE,C00D0064D0B94F3B
4 16 NULL
4 17 347
4 18 -1
4 19 [2][3]
$400D0D0D72FE650C,C012A56B8BFC7039,0
$4012A56B8BFC700A,C00D0D0D72FE6579,0
3 3 ->
4 4 34
4 5 347
4 6 4
4 7 0
4 8 [2][2]
$BFE43DFAD9D3821C,C0180232A162FE57
$3FE43DFAD9D3822A,C0168F81A22A172D
4 20 ->
5 21 [4][3]
$BFF,0,0
$0,3FF,0
$8,0,BFF
$0,0,0
4 12 ->
5 13 233
5 14 1
5 15 [2][2]
$BFE43DFAD9D3821C,C0180232A162FE57
$3FE43DFAD9D3822A,C0168F81A22A172D
4 16 NULL
4 17 349
4 18 -1
4 19 [2][3]
$BFE40088926FDCB3,C018000000000001,0
$3FE40088926FDCA5,C01691B4438D1583,0
3 3 ->
4 4 34
4 5 349
4 6 4
4 7 0
4 8 [2][2]
$400D0064D0B94F5C,C012ABBFDD1EFB19
$4012ABBFDD1EFB64,C00D0064D0B94EAC
4 20 ->
5 21 [4][3]
$BFF,0,0
$0,3FF,0
$8,0,BFF
$0,0,0
4 12 ->
5 13 261
5 14 1
5 15 [2][2]
$400D0064D0B94F5C,C012ABBFDD1EFB19
$4012ABBFDD1EFB64,C00D0064D0B94EAC
4 16 NULL
4 17 351
4 18 -1
4 19 [2][3]
$C012A56B8BFC7045,C012A56B8BFC6FFA,0
$C00D0D0D72FE659A,C00D0D0D72FE64EA,0
3 3 ->
4 4 34
4 5 351
4 6 4
4 7 0
4 8 [2][2]
$40168F81A22A1727,BFE43DFAD9D37FED
$40180232A162FE57,3FE43DFAD9D3845C
4 20 ->
5 21 [4][3]
$BFF,0,0
$0,3FF,0
$8,0,BFF
$0,0,0
4 12 ->
5 13 289
5 14 1
5 15 [2][2]
$40168F81A22A1727,BFE43DFAD9D37FED
$40180232A162FE57,3FE43DFAD9D3845C
4 16 NULL
4 17 353
4 18 -1
4 19 [2][3]
$C018000000000001,BFE40088926FDA76,0
$C01691B4438D157D,3FE40088926FDEE5,0
3 3 ->
4 4 36
4 5 353
4 6 4
4 7 0
4 8 [2][2]
$400921FB54442D18,0
$401921FB54442D18,4034
4 9 ->
5 10 [4][3]
$3FEFFFFFFFFFFFFF,8,8
$0,3FEFFFFFFFFFFFFF,8
$0,0,3FF
$0,0,C034
5 11 4018000000000001
4 12 ->
5 13 355
5 14 1
5 15 [2][2]
$400921FB54442D18,0
$401921FB54442D18,4034
4 16 NULL
4 17 357
4 18 1
4 19 [2][3]
$C018000000000001,C018000000000001,C034
$4018000000000001,3CCA79394C9E8A0C,0
3 3 ->
4 4 34
4 5 357
4 6 4
4 7 0
4 8 [2][2]
$C01849BA5E353F7E,C01849BA5E353F7E
$401849BA5E353F7E,401849BA5E353F7E
4 20 ->
5 21 [4][3]
$BFF,0,0
$0,3FF,0
$8,0,BFF
$0,0,C034
4 12 ->
5 13 359
5 14 1
5 15 [2][2]
$C01849BA5E353F7E,C01849BA5E353F7E
$401849BA5E353F7E,401849BA5E353F7E
4 16 NULL
4 17 361
4 18 1
4 19 [2][3]
$C018000000000001,C018000000000001,C034
$4018000000000001,4018000000000001,C034
3 3 ->
4 4 34
4 5 361
4 6 4
4 7 0
4 8 [2][2]
$400D0064D0B94E8A,400D0064D0B94F7E
$4012ABBFDD1EFB0B,4012ABBFDD1EFB73
4 20 ->
5 21 [4][3]
$BFF,0,0
$0,3FF,0
$8,0,BFF
$0,0,0
4 12 ->
5 13 317
5 14 1
5 15 [2][2]
$400D0064D0B94E8A,400D0064D0B94F7E
$4012ABBFDD1EFB0B,4012ABBFDD1EFB73
4 16 NULL
4 17 0
4 18 -1
4 19 [2][3]
$C012A56B8BFC6FEC,400D0D0D72FE65BC,0
$C00D0D0D72FE64C8,4012A56B8BFC7054,0
@crv_array 22 0
2 22 [478]
3 22 ->
@crv_id 23 1
4 23 34
@feat_id 24 1
4 24 4
@type 25 1
4 25 0
@crv_pnt_dir 26 1
4 26 [2]
$1,-1
@crv_pnt_arr 27 2
4 27 [99][4]
$C018000000000001,3CCA79394C9E8A0C,3CA1A62633145C07,0
$C017FD326A65C90B,3FC7323CBDFB9683,3F9EEEDA9FE7B855,0
$C017F405DFEE0E06,3FD7F7215D9CDBCC,3FAFF97E4DF9688A,0
$C017E47990655981,3FE22761E1BDC6F5,3FB83DC7A5FF7A75,0
$C017CE919EFB325B,3FE84E5E62169012,3FC03F6812812052,0
$C017B253DFFEA851,3FEE6EE312BA371,3FC45FEC5202836B,0
$C0178FC7D7513723,3FF243A74794ABD1,3FC880709183E681,0
$C01766F6B666D19F,3FF54B00CD4AED13,3FCCA0F4D105499B,0
$C01737EB59D39CEA,3FF84CAFC73121AB,3FD060BC8843565A,0
$C01702B246680284,3FFB47E763F866C,3FD270FEA80407E6,0
$C016C759A5DBDE1A,3FFE3BDC8AD28959,3FD48140C7C4B973,0
$C01685F14309A9F5,400093E308BED17D,3FD69182E7856AFE,0
$C0163E8A85BAAAD8,4002056E78E60E0C,3FD8A1C507461C89,0
$C015F1386E05398B,4003722E3F4D6AD1,3FDAB2072706CE19,0
$C0159E0F8F3E65AA,4004D9C14C13B0C8,3FDCC24946C77FA3,0
$C01545260A804A0A,40063BC7EFDC2EC5,3FDED28B6688312F,0
$C014E69388C687D7,400797E3F5451803,3FE07166C324715D,0
$C014827134A27974,4008EDB8B9F94D9,3FE17987D304CA24,0
$C01418D9B388CA26,400A3CEB4756E6A7,3FE281A8E2E522EA,0
$C013A9E91EBA3A94,400B85226AA3E8C8,3FE389C9F2C57BAF,0
$C01335BCFBC9756,400CC606CCCABE83,3FE491EB02A5D475,0
$C012BC7434BFF105,400DFF4309981BF9,3FE59A0C12862D3A,0
$C0123E2F0FE3F647,400F3083C67421D3,3FE6A22D226686,0
$C011BB0F2721FB8F,40102CBBE4485951,3FE7AA4E3246DEC6,0
$C01133375F1B9E4C,4010BCE8054389DA,3FE8B26F4227378D,0
$C010A6CBDDDE9B75,4011489FE8AF8C5D,3FE9BA9052079053,0
$C01015F201463FBC,4011CFBE607D20F3,3FEAC2B161E7E918,0
$C00F01A0AA13BD69,4012521F77EEAEAD,3FEBCAD271C841DD,0
$C00DCF1D10F5ECC6,4012CFA07D29B408,3FECD2F381A89AA4,0
$C00C94AAC7EB73C5,401348200A724B47,3FEDDB149188F36B,0
$C00B529D7C0DA52B,4013BB7E0F0E4DB9,3FEEE335A1694C31,0
$C00A094AE0927655,4014299BD7CDB88F,3FEFEB56B149A4F7,0
$C008B90A97FE55DA,4014925C17360DEB,3FF079BBE094FEDE,0
$C00762361CD23446,4014F5A2ED4E859F,3FF0FDCC68852B41,0
$C0060528A9BBF39F,40155355EF0AFA7F,3FF181DCF07557A5,0
$C004A23F214F93C4,4015AB5C2D539ACC,3FF205ED78658408,0
$C00339D7F54F916B,4015FD9E3BA77D0B,3FF289FE0055B06B,0
$C001CC530D8B0B9D,40164A06365855,3FF30E0E8845DCCE,0
$C0005A11AE585FC,4016907FC85DA072,3FF3921F10360931,0
$BFFDC6ECBD660D8E,4016D0F830BDBEB,3FF4162F98263593,0
$BFFAD1C99C072D79,40170B5E478B8269,3FF49A40201661F6,0
$BFF7D5837331C5A8,40173FA28276E9C3,3FF51E50A8068E59,0
$BFF4D2E5A3B29225,40176DB6F8EFC5C5,3FF5A2612FF6BABC,0
$BFF1CABD3E669F76,4017958F67D93757,3FF62671B7E6E71F,0
$BFED7BB19B5317F7,4017B72134CD05A9,3FF6AA823FD71382,0
$BFE75A103CBEAA35,4017D26370EDEFD1,3FF72E92C7C73FE5,0
$BFE132381150A0F1,4017E74EDB483947,3FF7B2A34FB76C48,0
$BFD60B98E138211,4017F5DDE2BFCF7A,3FF836B3D7A798AB,0
$BFC359C7A7BE23A5,4017FE0CA78B84CE,3FF8BAC45F97C50E,0
$3FA5A322B94CC1E5,4017FFD8FC3CFC47,3FF93ED4E787F171,0
$3FCE29E88478E38,4017FB426654FF8,3FF9C2E56F781DD4,0
$3FDB7180C0BBC00E,4017F04A1E641794,3FFA46F5F7684A37,0
$3FE3E35FDBB89AC9,4017DEF30FB76033,3FFACB067F58769A,0
$3FEA08B47E52767B,4017C741D791AB16,3FFB4F170748A2FD,0
$3FF0138DCDEC0063,4017A93CC3F128B2,3FFBD3278F38CF6,0
$3FF31E7A2FF3D18D,401784EBD1E1E9DE,3FFC57381728FBC3,0
$3FF624501E7EB3EB,40175A58AB5DACA3,3FFCDB489F192825,0
$3FF92441AD61D253,4017298EA4B98516,3FFD5F5927095488,0
$3FFC1D8281D597A,4016F29AB9A2116B,3FFDE369AEF980EC,0
$3FFF0F4808D6F93A,4016B58B89A7069A,3FFE677A36E9AD4F,0
$4000FC64D687BCA5,40167271545700F8,3FFEEB8ABED9D9B2,0
$40026CA0861AC421,4016295DF4ECA1D8,3FFF6F9B46CA0614,0
$4003D7F515EB88D2,4015DA64DD8E20C2,3FFFF3ABCEBA3277,0
$40053E01D6C013CA,4015859B122093F8,40003BDE2B552F6D,0
$40069E678117F65E,40152B1722B050C7,40007DE66F4D459F,0
$4007F8C84E870573,4014CAF1256FE094,4000BFEEB3455BD,0
$40094CC812A99BF7,40146542B04F23C2,400101F6F73D7202,0
$400A9A0C53ABC091,4013FA26D22C56EE,400143FF3B358833,0
$400BE03C625CA7AC,401389BA0BA0CA84,400186077F2D9E65,0
$400D1F0171C82992,4013141A476B3705,4001C80FC325B496,0
$400E5606AE4FE50B,40129966D279B2BC,40020A18071DCAC8,0
$400F84F9543DE8F9,401219C053956747,40024C204B15E0F9,0
$401055C462E5718C,40119548C2B23E4F,40028E288F0DF72B,0
$4010E4B35048FBD9,40110C235FE4D54F,4002D030D3060D5C,0
$40116F2369364656,40107E74AA01204D,4003123916FE238D,0
$4011F4EFD6D83D98,400FD8C4A9C874E8,400354415AF639BE,0
$401275F4FE65A258,400EAC267ED7F452,400396499EEE4FF,0
$4012F2108A9A89EC,400D775ED23DE83E,4003D851E2E66621,0
$4013692174DB3F3C,400C3ABFCF0F5BFB,40041A5A26DE7C52,0
$4013DB080DFE15BC,400AF69DB68BAB91,40045C626AD69284,0
$401447A606B9D7E1,4009AB4EC9B0CD67,40049E6AAECEA8B5,0
$4014AEDE77B6929,4008592B32476E49,4004E072F2C6BEE7,0
$40151095E93E981C,4007008CEB6CFB63,4005227B36BED519,0
$40156CB25A8DAEEA,4005A1CFA9A1D85,400564837AB6EB4A,0
$4015C31B48BC79B2,40043D50C2622091,4005A68BBEAF017C,0
$401613B9B5464215,4002D36F134F72BF,4005E89402A717AD,0
$40165E782C27691A,4001648AE8F26173,40062A9C469F2DDF,0
$4016A342C992DCD,3FFFE20BCA348354,40066CA48A97441,0
$4016E2073F3D0E1E,3FFCF285C9C4508C,4006AEACCE8F5A42,0
$40171AB4D93AFE35,3FF9FB4BCCC4013E,4006F0B512877073,0
$40174D3C827417CE,3FF6FD27DC25789A,400732BD567F86A5,0
$40177990C8A5A56B,3FF3F8E5D7D961B3,400774C59A779CD6,0
$40179FA5DFF6D327,3FF0EF53408E952D,4007B6CDDE6FB308,0
$4017BF71A61C4862,3FEBC27E0205321F,4007F8D62267C939,0
$4017D8EBA50A8368,3FE59EF26DE3902A,40083ADE665FDF6B,0
$4017EC0D15363F5B,3FDEEB4BEED71DD1,40087CE6AA57F59C,0
$4017F8D0DF624B08,3FD29078B2841FAB,4008BEEEEE500BCE,0
$4017FF339DFA55B5,3FB8C2D332620809,400900F7324821FF,0
$4018000000000001,3CCA79394C9E8A0C,400921FB54442D18,0
@crv_hdr_geom_ptr[0] 28 1
4 28 358
@crv_hdr_geom_ptr[1] 29 1
4 29 32
@next_crv_hdr_ptr[0] 30 1
4 30 360
@next_crv_hdr_ptr[1] 31 1
4 31 364
@ref_geom[0] 32 1
4 32 0
@ref_geom[1] 33 1
4 33 0
3 22 ->
4 23 33
4 24 4
4 25 0
4 26 [2]
$1,-1
4 27 [99][4]
$C018000000000001,3CCA79394C9E8A0C,3CA1A62633145C07,0
$C017FD326A65C90B,3FC7323CBDFB9683,3F9EEEDA9FE7B855,0
$C017F405DFEE0E06,3FD7F7215D9CDBCC,3FAFF97E4DF9688A,0
$C017E47990655981,3FE22761E1BDC6F5,3FB83DC7A5FF7A75,0
$C017CE919EFB325B,3FE84E5E62169012,3FC03F6812812052,0
$C017B253DFFEA851,3FEE6EE312BA371,3FC45FEC5202836B,0
$C0178FC7D7513723,3FF243A74794ABD1,3FC880709183E681,0
$C01766F6B666D19F,3FF54B00CD4AED13,3FCCA0F4D105499B,0
$C01737EB59D39CEA,3FF84CAFC73121AB,3FD060BC8843565A,0
$C01702B246680284,3FFB47E763F866C,3FD270FEA80407E6,0
$C016C759A5DBDE1A,3FFE3BDC8AD28959,3FD48140C7C4B973,0
$C01685F14309A9F5,400093E308BED17D,3FD69182E7856AFE,0
$C0163E8A85BAAAD8,4002056E78E60E0C,3FD8A1C507461C89,0
$C015F1386E05398B,4003722E3F4D6AD1,3FDAB2072706CE19,0
$C0159E0F8F3E65AA,4004D9C14C13B0C8,3FDCC24946C77FA3,0
$C01545260A804A0A,40063BC7EFDC2EC5,3FDED28B6688312F,0
$C014E69388C687D7,400797E3F5451803,3FE07166C324715D,0
$C014827134A27974,4008EDB8B9F94D9,3FE17987D304CA24,0
$C01418D9B388CA26,400A3CEB4756E6A7,3FE281A8E2E522EA,0
$C013A9E91EBA3A94,400B85226AA3E8C8,3FE389C9F2C57BAF,0
$C01335BCFBC9756,400CC606CCCABE83,3FE491EB02A5D475,0
$C012BC7434BFF105,400DFF4309981BF9,3FE59A0C12862D3A,0
$C0123E2F0FE3F647,400F3083C67421D3,3FE6A22D226686,0
$C011BB0F2721FB8F,40102CBBE4485951,3FE7AA4E3246DEC6,0
$C01133375F1B9E4C,4010BCE8054389DA,3FE8B26F4227378D,0
$C010A6CBDDDE9B75,4011489FE8AF8C5D,3FE9BA9052079053,0
$C01015F201463FBC,4011CFBE607D20F3,3FEAC2B161E7E918,0
$C00F01A0AA13BD69,4012521F77EEAEAD,3FEBCAD271C841DD,0
$C00DCF1D10F5ECC6,4012CFA07D29B408,3FECD2F381A89AA4,0
$C00C94AAC7EB73C5,401348200A724B47,3FEDDB149188F36B,0
$C00B529D7C0DA52B,4013BB7E0F0E4DB9,3FEEE335A1694C31,0
$C00A094AE0927655,4014299BD7CDB88F,3FEFEB56B149A4F7,0
$C008B90A97FE55DA,4014925C17360DEB,3FF079BBE094FEDE,0
$C00762361CD23446,4014F5A2ED4E859F,3FF0FDCC68852B41,0
$C0060528A9BBF39F,40155355EF0AFA7F,3FF181DCF07557A5,0
$C004A23F214F93C4,4015AB5C2D539ACC,3FF205ED78658408,0
$C00339D7F54F916B,4015FD9E3BA77D0B,3FF289FE0055B06B,0
$C001CC530D8B0B9D,40164A06365855,3FF30E0E8845DCCE,0
$C0005A11AE585FC,4016907FC85DA072,3FF3921F10360931,0
$BFFDC6ECBD660D8E,4016D0F830BDBEB,3FF4162F98263593,0
$BFFAD1C99C072D79,40170B5E478B8269,3FF49A40201661F6,0
$BFF7D5837331C5A8,40173FA28276E9C3,3FF51E50A8068E59,0
$BFF4D2E5A3B29225,40176DB6F8EFC5C5,3FF5A2612FF6BABC,0
$BFF1CABD3E669F76,4017958F67D93757,3FF62671B7E6E71F,0
$BFED7BB19B5317F7,4017B72134CD05A9,3FF6AA823FD71382,0
$BFE75A103CBEAA35,4017D26370EDEFD1,3FF72E92C7C73FE5,0
$BFE132381150A0F1,4017E74EDB483947,3FF7B2A34FB76C48,0
$BFD60B98E138211,4017F5DDE2BFCF7A,3FF836B3D7A798AB,0
$BFC359C7A7BE23A5,4017FE0CA78B84CE,3FF8BAC45F97C50E,0
$3FA5A322B94CC1E5,4017FFD8FC3CFC47,3FF93ED4E787F171,0
$3FCE29E88478E38,4017FB426654FF8,3FF9C2E56F781DD4,0
$3FDB7180C0BBC00E,4017F04A1E641794,3FFA46F5F7684A37,0
$3FE3E35FDBB89AC9,4017DEF30FB76033,3FFACB067F58769A,0
$3FEA08B47E52767B,4017C741D791AB16,3FFB4F170748A2FD,0
$3FF0138DCDEC0063,4017A93CC3F128B2,3FFBD3278F38CF6,0
$3FF31E7A2FF3D18D,401784EBD1E1E9DE,3FFC57381728FBC3,0
$3FF624501E7EB3EB,40175A58AB5DACA3,3FFCDB489F192825,0
$3FF92441AD61D253,4017298EA4B98516,3FFD5F5927095488,0
$3FFC1D8281D597A,4016F29AB9A2116B,3FFDE369AEF980EC,0
$3FFF0F4808D6F93A,4016B58B89A7069A,3FFE677A36E9AD4F,0
$4000FC64D687BCA5,40167271545700F8,3FFEEB8ABED9D9B2,0
$40026CA0861AC421,4016295DF4ECA1D8,3FFF6F9B46CA0614,0
$4003D7F515EB88D2,4015DA64DD8E20C2,3FFFF3ABCEBA3277,0
$40053E01D6C013CA,4015859B122093F8,40003BDE2B552F6D,0
$40069E678117F65E,40152B1722B050C7,40007DE66F4D459F,0
$4007F8C84E870573,4014CAF1256FE094,4000BFEEB3455BD,0
$40094CC812A99BF7,40146542B04F23C2,400101F6F73D7202,0
$400A9A0C53ABC091,4013FA26D22C56EE,400143FF3B358833,0
$400BE03C625CA7AC,401389BA0BA0CA84,400186077F2D9E65,0
$400D1F0171C82992,4013141A476B3705,4001C80FC325B496,0
$400E5606AE4FE50B,40129966D279B2BC,40020A18071DCAC8,0
$400F84F9543DE8F9,401219C053956747,40024C204B15E0F9,0
$401055C462E5718C,40119548C2B23E4F,40028E288F0DF72B,0
$4010E4B35048FBD9,40110C235FE4D54F,4002D030D3060D5C,0
$40116F2369364656,40107E74AA01204D,4003123916FE238D,0
$4011F4EFD6D83D98,400FD8C4A9C874E8,400354415AF639BE,0
$401275F4FE65A258,400EAC267ED7F452,400396499EEE4FF,0
$4012F2108A9A89EC,400D775ED23DE83E,4003D851E2E66621,0
$4013692174DB3F3C,400C3ABFCF0F5BFB,40041A5A26DE7C52,0
$4013DB080DFE15BC,400AF69DB68BAB91,40045C626AD69284,0
$401447A606B9D7E1,4009AB4EC9B0CD67,40049E6AAECEA8B5,0
$4014AEDE77B6929,4008592B32476E49,4004E072F2C6BEE7,0
$40151095E93E981C,4007008CEB6CFB63,4005227B36BED519,0
$40156CB25A8DAEEA,4005A1CFA9A1D85,400564837AB6EB4A,0
$4015C31B48BC79B2,40043D50C2622091,4005A68BBEAF017C,0
$401613B9B5464215,4002D36F134F72BF,4005E89402A717AD,0
$40165E782C27691A,4001648AE8F26173,40062A9C469F2DDF,0
$4016A342C992DCD,3FFFE20BCA348354,40066CA48A97441,0
$4016E2073F3D0E1E,3FFCF285C9C4508C,4006AEACCE8F5A42,0
$40171AB4D93AFE35,3FF9FB4BCCC4013E,4006F0B512877073,0
$40174D3C827417CE,3FF6FD27DC25789A,400732BD567F86A5,0
$40177990C8A5A56B,3FF3F8E5D7D961B3,400774C59A779CD6,0
$40179FA5DFF6D327,3FF0EF53408E952D,4007B6CDDE6FB308,0
$4017BF71A61C4862,3FEBC27E0205321F,4007F8D62267C939,0
$4017D8EBA50A8368,3FE59EF26DE3902A,40083ADE665FDF6B,0
$4017EC0D15363F5B,3FDEEB4BEED71DD1,40087CE6AA57F59C,0
$4017F8D0DF624B08,3FD29078B2841FAB,4008BEEEEE500BCE,0
$4017FF339DFA55B5,3FB8C2D332620809,400900F7324821FF,0
$4018000000000001,3CCA79394C9E8A0C,400921FB54442D18,0
4 28 357
4 29 31
4 30 359
4 31 363
4 32 0
4 33 0
3 22 ->
4 23 356
4 24 4
4 25 0
4 26 [2]
$1,-1
4 27 [2][4]
$400921FB54442D18,4034,400921FB54442D18,4034
$400921FB54442D18,0,400921FB54442D18,0
4 28 32
4 29 354
4 30 34
4 31 366
4 32 0
4 33 0
3 22 ->
4 23 355
4 24 4
4 25 0
4 26 [2]
$1,-1
4 27 [2][4]
$400921FB54442D18,4034,400921FB54442D18,4034
$400921FB54442D18,0,400921FB54442D18,0
4 28 31
4 29 353
4 30 33
4 31 365
4 32 0
4 33 0
3 22 ->
4 23 368
4 24 4
4 25 0
4 26 [2]
$1,-1
4 27 [5][4]
$40084C3D05FC1E39,4034,4017DE919A9DD59F,3FE40088926FDEE5
$40087CE6AA57F59C,4034,4017EC0D15363F5B,3FDEEB4BEED71DD1
$4008BEEEEE500BCE,4034,4017F8D0DF624B08,3FD29078B2841FAB
$400900F7324821FF,4034,4017FF339DFA55B5,3FB8C2D332620809
$400921FB54442D18,4034,4018000000000001,3CCA79394C9E8A0C
4 28 32
4 29 352
4 30 356
4 31 290
4 32 0
4 33 0
3 22 ->
4 23 367
4 24 4
4 25 0
4 26 [2]
$1,-1
4 27 [5][4]
$40084C3D05FC1E39,4034,4017DE919A9DD59F,3FE40088926FDEE5
$40087CE6AA57F59C,4034,4017EC0D15363F5B,3FDEEB4BEED71DD1
$4008BEEEEE500BCE,4034,4017F8D0DF624B08,3FD29078B2841FAB
$400900F7324821FF,4034,4017FF339DFA55B5,3FB8C2D332620809
$400921FB54442D18,4034,4018000000000001,3CCA79394C9E8A0C
4 28 31
4 29 351
4 30 355
4 31 289
4 32 0
4 33 0
3 22 ->
4 23 66
4 24 4
4 25 0
4 26 [2]
$1,-1
4 27 [19][4]
$4003AF3ACD7B307E,4034,C012A56B8BFC6FEB,400E38754EDA8E51
$4003E9B08282A4F,4034,C01311E0E1A29F41,400D24D4AC017ED2
$40042BB8C67ABB21,4034,C0138798FADC5DB6,400BE6338C33828B
$40046DC10A72D152,4034,C013F81EA777B11B,400AA025D6BCDBE1
$4004AFC94E6AE784,4034,C0146353F615B36F,400953024F6DC3B1
$4004F1D19262FDB5,4034,C014C91C5F58112A,4007FF219CC1A9D3
$400533D9D65B13E6,4034,C015295CCD788221,4006A4DE30481037
$400575E21A532A18,4034,C01583FBA37DE87F,400544942E933C1A
$4005B7EA5E4B404A,4034,C015D8E0C40D2AC5,4003DEA156B324E7
$4005F9F2A243567B,4034,C01627F597D3F89B,40027364E9432721
$40063BFAE63B6CAD,4034,C0167125138BC53A,4001033F8F111EC8
$40067E032A3382DE,4034,C016B45BBD935DE5,3FFF1D267EC94FDC
$4006C00B6E2B991,4034,C016F187B31D9F,3FFC2B864BDABB8A
$40070213B223AF41,4034,C0172898ACF3E6B1,3FF9326710BE1016
$4007441BF61BC573,4034,C017598003CB00CD,3FF6329357857931
$400786243A13DBA5,4034,C0178430B429650A,3FF32CD773081DB3
$4007C82C7E0BF1D6,4034,C017A89F61DDBDB1,3FF022014882F1E3
$40080A34C2040807,4034,C017C6C25B04CB1,3FEA25C0319CEA4
$40084C3D05FC1E39,4034,C017DE919A9DD59F,3FE40088926FDEE5
4 28 32
4 29 64
4 30 368
4 31 338
4 32 0
4 33 0
3 22 ->
4 23 65
4 24 4
4 25 0
4 26 [2]
$1,-1
4 27 [19][4]
$4003AF3ACD7B307E,4034,C012A56B8BFC6FEB,400E38754EDA8E51
$4003E9B08282A4F,4034,C01311E0E1A29F41,400D24D4AC017ED2
$40042BB8C67ABB21,4034,C0138798FADC5DB6,400BE6338C33828B
$40046DC10A72D152,4034,C013F81EA777B11B,400AA025D6BCDBE1
$4004AFC94E6AE784,4034,C0146353F615B36F,400953024F6DC3B1
$4004F1D19262FDB5,4034,C014C91C5F58112A,4007FF219CC1A9D3
$400533D9D65B13E6,4034,C015295CCD788221,4006A4DE30481037
$400575E21A532A18,4034,C01583FBA37DE87F,400544942E933C1A
$4005B7EA5E4B404A,4034,C015D8E0C40D2AC5,4003DEA156B324E7
$4005F9F2A243567B,4034,C01627F597D3F89B,40027364E9432721
$40063BFAE63B6CAD,4034,C0167125138BC53A,4001033F8F111EC8
$40067E032A3382DE,4034,C016B45BBD935DE5,3FFF1D267EC94FDC
$4006C00B6E2B991,4034,C016F187B31D9F,3FFC2B864BDABB8A
$40070213B223AF41,4034,C0172898ACF3E6B1,3FF9326710BE1016
$4007441BF61BC573,4034,C017598003CB00CD,3FF6329357857931
$400786243A13DBA5,4034,C0178430B429650A,3FF32CD773081DB3
$4007C82C7E0BF1D6,4034,C017A89F61DDBDB1,3FF022014882F1E3
$40080A34C2040807,4034,C017C6C25B04CB1,3FEA25C0319CEA4
$40084C3D05FC1E39,4034,C017DE919A9DD59F,3FE40088926FDEE5
4 28 31
4 29 63
4 30 367
4 31 337
4 32 0
4 33 0
3 22 ->
4 23 370
4 24 4
4 25 0
4 26 [2]
$1,-1
4 27 [8][4]
$400203BE30EB12EF,4034,400E38754EDA8D4F,4012A56B8BFC7054
$4002440D57A6B66E,4034,400F60600AD7A7DF,4012299EEAC067FF
$400286159B9ECC9F,4034,401043FD2476122C,4011A5BC41D6CCA7
$4002C81DDF96E2D1,4034,4010D376333AB188,40111D27664E4932
$40030A26238EF902,4034,40115E7503E4826E,40109004B08514CC
$40034C2E67870F34,4034,4011E4D499A40DEC,400FFCF35E2E07AC
$40038E36AB7F2565,4034,4012667132874B6A,400ED15A39BE0BE2
$4003AF3ACD7B307E,4034,4012A56B8BFC6FEB,400E38754EDA8E51
4 28 32
4 29 362
4 30 66
4 31 318
4 32 0
4 33 0
3 22 ->
4 23 369
4 24 4
4 25 0
4 26 [2]
$1,-1
4 27 [8][4]
$400203BE30EB12EF,4034,400E38754EDA8D4F,4012A56B8BFC7054
$4002440D57A6B66E,4034,400F60600AD7A7DF,4012299EEAC067FF
$400286159B9ECC9F,4034,401043FD2476122C,4011A5BC41D6CCA7
$4002C81DDF96E2D1,4034,4010D376333AB188,40111D27664E4932
$40030A26238EF902,4034,40115E7503E4826E,40109004B08514CC
$40034C2E67870F34,4034,4011E4D499A40DEC,400FFCF35E2E07AC
$40038E36AB7F2565,4034,4012667132874B6A,400ED15A39BE0BE2
$4003AF3ACD7B307E,4034,4012A56B8BFC6FEB,400E38754EDA8E51
4 28 31
4 29 361
4 30 65
4 31 317
4 32 0
4 33 0
3 22 ->
4 23 70
4 24 4
4 25 0
4 26 [2]
$1,-1
4 27 [19][4]
$3FFACD77F0D44AA6,4034,BFE40088926FDCA3,4017DE919A9DD5A7
$3FFB42635AE3334C,4034,BFE971A8A3D78656,4017C9CFB54B574F
$3FFBC673E2D35FAE,4034,BFEF90CC7B09927D,4017AC661B7CD3F5
$3FFC4A846AC38C12,4034,BFF2D3C4FC27A7D6,401788AFCBE09BB
$3FFCCE94F2B3B874,4034,BFF5DA2128A3B3DE,40175EB6474A38AF
$3FFD52A57AA3E4D7,4034,BFF8DAACB31519FD,40172E84B92CCE22
$3FFDD6B60294113A,4034,BFFBD49B17BA7A88,4016F827F4A22D65
$3FFE5AC68A843D9D,4034,BFFEC72195611B62,4016BBAE71012E98
$3FFEDED712746A,4034,C000D8BBB1AC9A47,4016792846043551
$3FFF62E79A649663,4034,C002496AF371FDE8,401630A72780E781
$3FFFE6F82254C2C6,4034,C003B53C74069BB7,4015E23E60B23A58
$4000358455227795,4034,C0051BCF62F1240B,40158E02CF161615
$4000778C991A8DC6,4034,C0067CC454FC6236,4015340ADCDFEE74
$4000B994DD12A3F8,4034,C007D7BD5D9B784B,4014D46E7B01CA0B
$4000FB9D210ABA29,4034,C0092C5E27E846F3,40146F471ACD4EDF
$40013DA56502D05B,4034,C00A7A4C0F355AC7,401404AFA72E8634
$40017FADA8FAE68C,4034,C00BC12E372CD566,401394C47D8224E1
$4001C1B5ECF2FCBE,4034,C00D00ADA375E6F1,40131FA366094001
$400203BE30EB12EF,4034,C00E38754EDA8D4F,4012A56B8BFC7054
4 28 32
4 29 68
4 30 370
4 31 142
4 32 0
4 33 0
3 22 ->
4 23 69
4 24 4
4 25 0
4 26 [2]
$1,-1
4 27 [19][4]
$3FFACD77F0D44AA6,4034,BFE40088926FDCA3,4017DE919A9DD5A7
$3FFB42635AE3334C,4034,BFE971A8A3D78656,4017C9CFB54B574F
$3FFBC673E2D35FAE,4034,BFEF90CC7B09927D,4017AC661B7CD3F5
$3FFC4A846AC38C12,4034,BFF2D3C4FC27A7D6,401788AFCBE09BB
$3FFCCE94F2B3B874,4034,BFF5DA2128A3B3DE,40175EB6474A38AF
$3FFD52A57AA3E4D7,4034,BFF8DAACB31519FD,40172E84B92CCE22
$3FFDD6B60294113A,4034,BFFBD49B17BA7A88,4016F827F4A22D65
$3FFE5AC68A843D9D,4034,BFFEC72195611B62,4016BBAE71012E98
$3FFEDED712746A,4034,C000D8BBB1AC9A47,4016792846043551
$3FFF62E79A649663,4034,C002496AF371FDE8,401630A72780E781
$3FFFE6F82254C2C6,4034,C003B53C74069BB7,4015E23E60B23A58
$4000358455227795,4034,C0051BCF62F1240B,40158E02CF161615
$4000778C991A8DC6,4034,C0067CC454FC6236,4015340ADCDFEE74
$4000B994DD12A3F8,4034,C007D7BD5D9B784B,4014D46E7B01CA0B
$4000FB9D210ABA29,4034,C0092C5E27E846F3,40146F471ACD4EDF
$40013DA56502D05B,4034,C00A7A4C0F355AC7,401404AFA72E8634
$40017FADA8FAE68C,4034,C00BC12E372CD566,401394C47D8224E1
$4001C1B5ECF2FCBE,4034,C00D00ADA375E6F1,40131FA366094001
$400203BE30EB12EF,4034,C00E38754EDA8D4F,4012A56B8BFC7054
4 28 31
4 29 67
4 30 369
4 31 141
4 32 0
4 33 0
3 22 ->
4 23 372
4 24 4
4 25 0
4 26 [2]
$1,-1
4 27 [8][4]
$3FF7767EB7B40F89,4034,BFE40088926FDCB4,4017DE919A9DD5A7
$3FF7F71D052B5686,4034,BFDBFE7A7A540B8D,4017EFA6DFA9E38C
$3FF87B2D8D1B82E9,4034,BFCF445EDA4288C2,4017FAE7F3F79897
$3FF8FF3E150BAF4C,4034,BFAA0DDAF1E7F6FD,4017FFC76E4DE811
$3FF9834E9CFBDBAF,4034,3FC23F2D1A49EAD5,4017FE4402B6A07D
$3FFA075F24EC0812,4034,3FD57E7AF4C6E1D9,4017F65E184A119E
$3FFA8B6FACDC3475,4034,3FE0EBD38EE750F3,4017E817C9139D53
$3FFACD77F0D44AA6,4034,3FE40088926FDCA3,4017DE919A9DD5A7
4 28 32
4 29 340
4 30 70
4 31 122
4 32 0
4 33 0
3 22 ->
4 23 371
4 24 4
4 25 0
4 26 [2]
$1,-1
4 27 [8][4]
$3FF7767EB7B40F89,4034,BFE40088926FDCB4,4017DE919A9DD5A7
$3FF7F71D052B5686,4034,BFDBFE7A7A540B8D,4017EFA6DFA9E38C
$3FF87B2D8D1B82E9,4034,BFCF445EDA4288C2,4017FAE7F3F79897
$3FF8FF3E150BAF4C,4034,BFAA0DDAF1E7F6FD,4017FFC76E4DE811
$3FF9834E9CFBDBAF,4034,3FC23F2D1A49EAD5,4017FE4402B6A07D
$3FFA075F24EC0812,4034,3FD57E7AF4C6E1D9,4017F65E184A119E
$3FFA8B6FACDC3475,4034,3FE0EBD38EE750F3,4017E817C9139D53
$3FFACD77F0D44AA6,4034,3FE40088926FDCA3,4017DE919A9DD5A7
4 28 31
4 29 339
4 30 69
4 31 121
4 32 0
4 33 0
3 22 ->
4 23 74
4 24 4
4 25 0
4 26 [2]
$1,-1
4 27 [19][4]
$3FEC78F48D646826,4034,400E38754EDA8DE3,4012A56B8BFC7018
$3FED62CB618239EB,4034,400D24D4AC017E66,401311E0E1A29F6D
$3FEE6AEC716292B1,4034,400BE6338C33821C,40138798FADC5DE1
$3FEF730D8142EB77,4034,400AA025D6BCDB6F,4013F81EA777B145
$3FF03D974891A21F,4034,400953024F6DC33C,40146353F615B397
$3FF0C1A7D081CE82,4034,4007FF219CC1A95A,4014C91C5F58115
$3FF145B85871FAE4,4034,4006A4DE30480FBC,4015295CCD788245
$3FF1C9C8E0622747,4034,400544942E933B9C,401583FBA37DE8A
$3FF24DD9685253AB,4034,4003DEA156B32465,4015D8E0C40D2AE4
$3FF2D1E9F042800E,4034,40027364E943269E,401627F597D3F8B8
$3FF355FA7832AC7,4034,4001033F8F111E44,40167125138BC553
$3FF3DA0B0022D8D4,4034,3FFF1D267EC94ED2,4016B45BBD935DFD
$3FF45E1B88130537,4034,3FFC2B864BDABA7C,4016F187B31D9F15
$3FF4E22C10033199,4034,3FF9326710BE0F06,40172898ACF3E6C3
$3FF5663C97F35DFC,4034,3FF632935785781F,4017598003CB00DD
$3FF5EA4D1FE38A6,4034,3FF32CD773081CA,40178430B4296518
$3FF66E5DA7D3B6C3,4034,3FF022014882F0CE,4017A89F61DDBDBD
$3FF6F26E2FC3E326,4034,3FEA25C0319CE811,4017C6C25B04CB1A
$3FF7767EB7B40F89,4034,3FE40088926FDCB4,4017DE919A9DD5A7
4 28 32
4 29 72
4 30 372
4 31 170
4 32 0
4 33 0
3 22 ->
4 23 73
4 24 4
4 25 0
4 26 [2]
$1,-1
4 27 [19][4]
$3FEC78F48D646826,4034,400E38754EDA8DE3,4012A56B8BFC7018
$3FED62CB618239EB,4034,400D24D4AC017E66,401311E0E1A29F6D
$3FEE6AEC716292B1,4034,400BE6338C33821C,40138798FADC5DE1
$3FEF730D8142EB77,4034,400AA025D6BCDB6F,4013F81EA777B145
$3FF03D974891A21F,4034,400953024F6DC33C,40146353F615B397
$3FF0C1A7D081CE82,4034,4007FF219CC1A95A,4014C91C5F58115
$3FF145B85871FAE4,4034,4006A4DE30480FBC,4015295CCD788245
$3FF1C9C8E0622747,4034,400544942E933B9C,401583FBA37DE8A
$3FF24DD9685253AB,4034,4003DEA156B32465,4015D8E0C40D2AE4
$3FF2D1E9F042800E,4034,40027364E943269E,401627F597D3F8B8
$3FF355FA7832AC7,4034,4001033F8F111E44,40167125138BC553
$3FF3DA0B0022D8D4,4034,3FFF1D267EC94ED2,4016B45BBD935DFD
$3FF45E1B88130537,4034,3FFC2B864BDABA7C,4016F187B31D9F15
$3FF4E22C10033199,4034,3FF9326710BE0F06,40172898ACF3E6C3
$3FF5663C97F35DFC,4034,3FF632935785781F,4017598003CB00DD
$3FF5EA4D1FE38A6,4034,3FF32CD773081CA,40178430B4296518
$3FF66E5DA7D3B6C3,4034,3FF022014882F0CE,4017A89F61DDBDBD
$3FF6F26E2FC3E326,4034,3FEA25C0319CE811,4017C6C25B04CB1A
$3FF7767EB7B40F89,4034,3FE40088926FDCB4,4017DE919A9DD5A7
4 28 31
4 29 71
4 30 371
4 31 169
4 32 0
4 33 0
3 22 ->
4 23 374
4 24 4
4 25 0
4 26 [2]
$1,-1
4 27 [8][4]
$3FE5CB021B23F1EA,4034,C012A56B8BFC7027,400E38754EDA8DBC
$3FE6CC3EB6127FE4,4034,C012299EEAC067D,400F60600AD7A849
$3FE7D45FC5F2D8AA,4034,C011A5BC41D6CC77,401043FD2476125F
$3FE8DC80D5D3316F,4034,C0111D27664E4901,4010D376333AB1B9
$3FE9E4A1E5B38A36,4034,C0109004B0851498,40115E7503E4829E
$3FEAECC2F593E2FC,4034,C00FFCF35E2E0741,4011E4D499A40E1A
$3FEBF4E405743BC1,4034,C00ED15A39BE0B75,4012667132874B97
$3FEC78F48D646826,4034,C00E38754EDA8DE3,4012A56B8BFC7018
4 28 32
4 29 342
4 30 74
4 31 150
4 32 0
4 33 0
3 22 ->
4 23 373
4 24 4
4 25 0
4 26 [2]
$1,-1
4 27 [8][4]
$3FE5CB021B23F1EA,4034,C012A56B8BFC7027,400E38754EDA8DBC
$3FE6CC3EB6127FE4,4034,C012299EEAC067D,400F60600AD7A849
$3FE7D45FC5F2D8AA,4034,C011A5BC41D6CC77,401043FD2476125F
$3FE8DC80D5D3316F,4034,C0111D27664E4901,4010D376333AB1B9
$3FE9E4A1E5B38A36,4034,C0109004B0851498,40115E7503E4829E
$3FEAECC2F593E2FC,4034,C00FFCF35E2E0741,4011E4D499A40E1A
$3FEBF4E405743BC1,4034,C00ED15A39BE0B75,4012667132874B97
$3FEC78F48D646826,4034,C00E38754EDA8DE3,4012A56B8BFC7018
4 28 31
4 29 341
4 30 73
4 31 149
4 32 0
4 33 0
3 22 ->
4 23 78
4 24 4
4 25 0
4 26 [2]
$1,-1
4 27 [19][4]
$3FBAB7C9C901D7E8,4034,4017DE919A9DD5A9,3FE40088926FDBE7
$3FC1034034F83315,4034,4017C9CFB54B5747,3FE971A8A3D78889
$3FC523C47479962C,4034,4017AC661B7CD3EA,3FEF90CC7B0994AE
$3FC94448B3FAF944,4034,401788AFCBE09BA3,3FF2D3C4FC27A8EE
$3FCD64CCF37C5C5E,4034,40175EB6474A389E,3FF5DA2128A3B4F3
$3FD0C2A8997EDFBA,4034,40172E84B92CCE1,3FF8DAACB3151B11
$3FD2D2EAB93F9146,4034,4016F827F4A22D51,3FFBD49B17BA7B99
$3FD4E32CD90042D3,4034,4016BBAE71012E81,3FFEC72195611C7
$3FD6F36EF8C0F45D,4034,4016792846043539,4000D8BBB1AC9ACD
$3FD903B11881A5EA,4034,401630A72780E766,4002496AF371FE6C
$3FDB13F338425775,4034,4015E23E60B23A3B,4003B53C74069C39
$3FDD243558030902,4034,40158E02CF1615F6,40051BCF62F1248B
$3FDF347777C3BA8D,4034,4015340ADCDFEE53,40067CC454FC62B4
$3FE0A25CCBC2360D,4034,4014D46E7B01C9E8,4007D7BD5D9B78C6
$3FE1AA7DDBA28ED3,4034,40146F471ACD4EBA,40092C5E27E8476B
$3FE2B29EEB82E79A,4034,401404AFA72E860D,400A7A4C0F355B3E
$3FE3BABFFB63406,4034,401394C47D8224B8,400BC12E372CD5DB
$3FE4C2E10B439925,4034,40131FA366093FD7,400D00ADA375E763
$3FE5CB021B23F1EA,4034,4012A56B8BFC7027,400E38754EDA8DBC
4 28 32
4 29 76
4 30 374
4 31 198
4 32 0
4 33 0
3 22 ->
4 23 77
4 24 4
4 25 0
4 26 [2]
$1,-1
4 27 [19][4]
$3FBAB7C9C901D7E8,4034,4017DE919A9DD5A9,3FE40088926FDBE7
$3FC1034034F83315,4034,4017C9CFB54B5747,3FE971A8A3D78889
$3FC523C47479962C,4034,4017AC661B7CD3EA,3FEF90CC7B0994AE
$3FC94448B3FAF944,4034,401788AFCBE09BA3,3FF2D3C4FC27A8EE
$3FCD64CCF37C5C5E,4034,40175EB6474A389E,3FF5DA2128A3B4F3
$3FD0C2A8997EDFBA,4034,40172E84B92CCE1,3FF8DAACB3151B11
$3FD2D2EAB93F9146,4034,4016F827F4A22D51,3FFBD49B17BA7B99
$3FD4E32CD90042D3,4034,4016BBAE71012E81,3FFEC72195611C7
$3FD6F36EF8C0F45D,4034,4016792846043539,4000D8BBB1AC9ACD
$3FD903B11881A5EA,4034,401630A72780E766,4002496AF371FE6C
$3FDB13F338425775,4034,4015E23E60B23A3B,4003B53C74069C39
$3FDD243558030902,4034,40158E02CF1615F6,40051BCF62F1248B
$3FDF347777C3BA8D,4034,4015340ADCDFEE53,40067CC454FC62B4
$3FE0A25CCBC2360D,4034,4014D46E7B01C9E8,4007D7BD5D9B78C6
$3FE1AA7DDBA28ED3,4034,40146F471ACD4EBA,40092C5E27E8476B
$3FE2B29EEB82E79A,4034,401404AFA72E860D,400A7A4C0F355B3E
$3FE3BABFFB63406,4034,401394C47D8224B8,400BC12E372CD5DB
$3FE4C2E10B439925,4034,40131FA366093FD7,400D00ADA375E763
$3FE5CB021B23F1EA,4034,4012A56B8BFC7027,400E38754EDA8DBC
4 28 31
4 29 75
4 30 373
4 31 197
4 32 0
4 33 0
3 22 ->
4 23 376
4 24 4
4 25 0
4 26 [2]
$1,-1
4 27 [5][4]
$3CA1A62633145C07,4034,C018000000000001,3CCA79394C9E8A0C
$3F9854D22DEBA1C8,4034,C017FE4402B6A07F,3FC23F2D1A49E7E5
$3FACAC7A14FB5D46,4034,C017F65E184A11A,3FD57E7AF4C6E062
$3FB69745898074D1,4034,C017E817C9139D55,3FE0EBD38EE75038
$3FBAB7C9C901D7E8,4034,C017DE919A9DD5A9,3FE40088926FDBE7
4 28 32
4 29 344
4 30 78
4 31 378
4 32 0
4 33 0
3 22 ->
4 23 375
4 24 4
4 25 0
4 26 [2]
$1,-1
4 27 [5][4]
$3CA1A62633145C07,4034,C018000000000001,3CCA79394C9E8A0C
$3F9854D22DEBA1C8,4034,C017FE4402B6A07F,3FC23F2D1A49E7E5
$3FACAC7A14FB5D46,4034,C017F65E184A11A,3FD57E7AF4C6E062
$3FB69745898074D1,4034,C017E817C9139D55,3FE0EBD38EE75038
$3FBAB7C9C901D7E8,4034,C017DE919A9DD5A9,3FE40088926FDBE7
4 28 31
4 29 343
4 30 77
4 31 377
4 32 0
4 33 0
3 22 ->
4 23 364
4 24 4
4 25 0
4 26 [2]
$1,-1
4 27 [2][4]
$401921FB54442D18,4034,0,4034
$401921FB54442D18,0,0,0
4 28 354
4 29 32
4 30 360
4 31 376
4 32 0
4 33 0
3 22 ->
4 23 363
4 24 4
4 25 0
4 26 [2]
$1,-1
4 27 [2][4]
$401921FB54442D18,4034,0,4034
$401921FB54442D18,0,0,0
4 28 353
4 29 31
4 30 359
4 31 375
4 32 0
4 33 0
3 22 ->
4 23 38
4 24 4
4 25 0
4 26 [2]
$1,-1
4 27 [3][4]
$401921FB54442D17,8,C012D5272FA2C70B,401E225A8EBCFF5F
$40190347C271A5A9,8,C012D2D7C324A866,401D88416DCE3F06
$4018F13B90831E89,8,C012CF543B20FE4C,401D2DB9CCEBCA65
4 28 36
4 29 88
4 30 380
4 31 382
4 32 0
4 33 0
3 22 ->
4 23 37
4 24 4
4 25 0
4 26 [2]
$1,-1
4 27 [3][4]
$401921FB54442D17,8,C012D5272FA2C70B,401E225A8EBCFF5F
$40190347C271A5A9,8,C012D2D7C324A866,401D88416DCE3F06
$4018F13B90831E89,8,C012CF543B20FE4C,401D2DB9CCEBCA65
4 28 35
4 29 87
4 30 379
4 31 381
4 32 0
4 33 0
3 22 ->
4 23 326
4 24 4
4 25 0
4 26 [2]
$1,-1
4 27 [2][4]
$401921FB54442D18,401E,0,401E
$401921FB54442D18,0,0,0
4 28 36
4 29 324
4 30 38
4 31 384
4 32 0
4 33 0
3 22 ->
4 23 325
4 24 4
4 25 0
4 26 [2]
$1,-1
4 27 [2][4]
$401921FB54442D18,401E,0,401E
$401921FB54442D18,0,0,0
4 28 35
4 29 323
4 30 37
4 31 383
4 32 0
4 33 0
3 22 ->
4 23 386
4 24 4
4 25 0
4 26 [2]
$1,-1
4 27 [3][4]
$C012D5272FA2C70B,401E225A8EBCFF5F,401921FB54442D17,401E
$C012D2D7C324A866,401D88416DCE3F06,40190347C271A5A9,401E
$C012CF543B20FE4C,401D2DB9CCEBCA65,4018F13B90831E89,401E
4 28 68
4 29 36
4 30 322
4 31 326
4 32 0
4 33 0
3 22 ->
4 23 385
4 24 4
4 25 0
4 26 [2]
$1,-1
4 27 [3][4]
$C012D5272FA2C70B,401E225A8EBCFF5F,401921FB54442D17,401E
$C012D2D7C324A866,401D88416DCE3F06,40190347C271A5A9,401E
$C012CF543B20FE4C,401D2DB9CCEBCA65,4018F13B90831E89,401E
4 28 67
4 29 35
4 30 321
4 31 325
4 32 0
4 33 0
3 22 ->
4 23 380
4 24 4
4 25 0
4 26 [2]
$1,-1
4 27 [2][4]
$4018F13B90831E89,401E,4018F13B90831E89,401E
$4018F13B90831E89,8,4018F13B90831E89,8
4 28 320
4 29 36
4 30 388
4 31 386
4 32 0
4 33 0
3 22 ->
4 23 379
4 24 4
4 25 0
4 26 [2]
$1,-1
4 27 [2][4]
$4018F13B90831E89,401E,4018F13B90831E89,401E
$4018F13B90831E89,8,4018F13B90831E89,8
4 28 319
4 29 35
4 30 387
4 31 385
4 32 0
4 33 0
3 22 ->
4 23 42
4 24 4
4 25 0
4 26 [2]
$1,-1
4 27 [4][4]
$401921FB54442D18,8,C016A8F5C28F5C25,BCA2AEF35C54BECC
$40190A37415B07C9,8,C016A765D0D4E69D,BFC0D3E5E606CB12
$4018E83CCD410E9E,8,C0169FBD3707156B,BFD46F2A45410712
$4018C64259271573,8,C01691B4438D158A,BFE0374F9DFD9766
4 28 40
4 29 88
4 30 390
4 31 392
4 32 0
4 33 0
3 22 ->
4 23 41
4 24 4
4 25 0
4 26 [2]
$1,-1
4 27 [4][4]
$401921FB54442D18,8,C016A8F5C28F5C25,BCA2AEF35C54BECC
$40190A37415B07C9,8,C016A765D0D4E69D,BFC0D3E5E606CB12
$4018E83CCD410E9E,8,C0169FBD3707156B,BFD46F2A45410712
$4018C64259271573,8,C01691B4438D158A,BFE0374F9DFD9766
4 28 39
4 29 87
4 30 389
4 31 391
4 32 0
4 33 0
3 22 ->
4 23 286
4 24 4
4 25 0
4 26 [2]
$1,-1
4 27 [2][4]
$401921FB54442D18,401E,0,401E
$401921FB54442D18,0,0,0
4 28 40
4 29 284
4 30 42
4 31 394
4 32 0
4 33 0
3 22 ->
4 23 285
4 24 4
4 25 0
4 26 [2]
$1,-1
4 27 [2][4]
$401921FB54442D18,401E,0,401E
$401921FB54442D18,0,0,0
4 28 39
4 29 283
4 30 41
4 31 393
4 32 0
4 33 0
3 22 ->
4 23 396
4 24 4
4 25 0
4 26 [2]
$1,-1
4 27 [4][4]
$4016A8F5C28F5C25,BCA2AEF35C54BECC,401921FB54442D18,401E
$4016A765D0D4E69D,BFC0D3E5E606CB12,40190A37415B07C9,401E
$40169FBD3707156B,BFD46F2A45410712,4018E83CCD410E9E,401E
$401691B4438D158A,BFE0374F9DFD9766,4018C64259271573,401E
4 28 352
4 29 40
4 30 398
4 31 286
4 32 0
4 33 0
3 22 ->
4 23 395
4 24 4
4 25 0
4 26 [2]
$1,-1
4 27 [4][4]
$4016A8F5C28F5C25,BCA2AEF35C54BECC,401921FB54442D18,401E
$4016A765D0D4E69D,BFC0D3E5E606CB12,40190A37415B07C9,401E
$40169FBD3707156B,BFD46F2A45410712,4018E83CCD410E9E,401E
$401691B4438D158A,BFE0374F9DFD9766,4018C64259271573,401E
4 28 351
4 29 39
4 30 397
4 31 285
4 32 0
4 33 0
3 22 ->
4 23 390
4 24 4
4 25 0
4 26 [2]
$1,-1
4 27 [2][4]
$8,C01E,4018C64259271573,401E
$0,0,4018C64259271573,8
4 28 308
4 29 40
4 30 400
4 31 396
4 32 0
4 33 0
3 22 ->
4 23 389
4 24 4
4 25 0
4 26 [2]
$1,-1
4 27 [2][4]
$8,C01E,4018C64259271573,401E
$0,0,4018C64259271573,8
4 28 307
4 29 39
4 30 399
4 31 395
4 32 0
4 33 0
3 22 ->
4 23 46
4 24 4
4 25 0
4 26 [2]
$1,-1
4 27 [13][4]
$401921FB54442D18,0,C012D5272FA2C7C1,C01E225A8EBCFF6E
$40190A0E92F3D9E6,0,C012D3C005ED1AA7,C01E9A7207F6EAF3
$4018E5F62F16CBA6,0,C012CC5351CAE52,C01F4F7B6DC176B
$4018C1DDCB39BD66,0,C012BE867E1097A1,C020021286B4970E
$40189DC5675CAF26,0,C012AA5DEE5C0B04,C0205C1AB89CC649
$401879AD037FA0E6,0,C0128FE00BFEA222,C020B5B9AA1D3D25
$401855949FA292A6,0,C0126F1543F3445,C0210ED2DA339C9D
$4018317C3BC58466,0,C012480804305628,C0216749F268036
$40180D63D7E87626,0,C0121AC4B8568AEB,C021BF02CFD056E7
$4017E94B740B67E5,0,C011E759C5BD9C63,C02215E18C032708
$4017C533102E59A5,0,C011ADD786E02B25,C0226BCA85F75351
$4017A11AAC514B65,0,C0116E5046283BC8,C022C0A26ACD9FC
$40178F0E7A62C445,0,C0114C51028BA1E2,C022EA9F82EB4F18
4 28 44
4 29 88
4 30 98
4 31 402
4 32 0
4 33 0
3 22 ->
4 23 45
4 24 4
4 25 0
4 26 [2]
$1,-1
4 27 [13][4]
$401921FB54442D18,0,C012D5272FA2C7C1,C01E225A8EBCFF6E
$40190A0E92F3D9E6,0,C012D3C005ED1AA7,C01E9A7207F6EAF3
$4018E5F62F16CBA6,0,C012CC5351CAE52,C01F4F7B6DC176B
$4018C1DDCB39BD66,0,C012BE867E1097A1,C020021286B4970E
$40189DC5675CAF26,0,C012AA5DEE5C0B04,C0205C1AB89CC649
$401879AD037FA0E6,0,C0128FE00BFEA222,C020B5B9AA1D3D25
$401855949FA292A6,0,C0126F1543F3445,C0210ED2DA339C9D
$4018317C3BC58466,0,C012480804305628,C0216749F268036
$40180D63D7E87626,0,C0121AC4B8568AEB,C021BF02CFD056E7
$4017E94B740B67E5,0,C011E759C5BD9C63,C02215E18C032708
$4017C533102E59A5,0,C011ADD786E02B25,C0226BCA85F75351
$4017A11AAC514B65,0,C0116E5046283BC8,C022C0A26ACD9FC
$40178F0E7A62C445,0,C0114C51028BA1E2,C022EA9F82EB4F18
4 28 43
4 29 87
4 30 97
4 31 401
4 32 0
4 33 0
3 22 ->
4 23 274
4 24 4
4 25 0
4 26 [2]
$1,-1
4 27 [2][4]
$401921FB54442D18,401E,0,401E
$401921FB54442D18,0,0,0
4 28 44
4 29 272
4 30 46
4 31 404
4 32 0
4 33 0
3 22 ->
4 23 273
4 24 4
4 25 0
4 26 [2]
$1,-1
4 27 [2][4]
$401921FB54442D18,401E,0,401E
$401921FB54442D18,0,0,0
4 28 43
4 29 271
4 30 45
4 31 403
4 32 0
4 33 0
3 22 ->
4 23 406
4 24 4
4 25 0
4 26 [2]
$1,-1
4 27 [13][4]
$C012D5272FA2C7C1,C01E225A8EBCFF6E,401921FB54442D18,401E
$C012D3C005ED1AA7,C01E9A7207F6EAF3,40190A0E92F3D9E6,401E
$C012CC5351CAE52,C01F4F7B6DC176B,4018E5F62F16CBA6,401E
$C012BE867E1097A1,C020021286B4970E,4018C1DDCB39BD66,401E
$C012AA5DEE5C0B04,C0205C1AB89CC649,40189DC5675CAF26,401E
$C0128FE00BFEA222,C020B5B9AA1D3D25,401879AD037FA0E6,401E
$C0126F1543F3445,C0210ED2DA339C9D,401855949FA292A6,401E
$C012480804305628,C0216749F268036,4018317C3BC58466,401E
$C0121AC4B8568AEB,C021BF02CFD056E7,40180D63D7E87626,401E
$C011E759C5BD9C63,C02215E18C032708,4017E94B740B67E5,401E
$C011ADD786E02B25,C0226BCA85F75351,4017C533102E59A5,401E
$C0116E5046283BC8,C022C0A26ACD9FC,4017A11AAC514B65,401E
$C0114C51028BA1E2,C022EA9F82EB4F18,40178F0E7A62C445,401E
4 28 56
4 29 44
4 30 408
4 31 274
4 32 0
4 33 0
3 22 ->
4 23 405
4 24 4
4 25 0
4 26 [2]
$1,-1
4 27 [13][4]
$C012D5272FA2C7C1,C01E225A8EBCFF6E,401921FB54442D18,401E
$C012D3C005ED1AA7,C01E9A7207F6EAF3,40190A0E92F3D9E6,401E
$C012CC5351CAE52,C01F4F7B6DC176B,4018E5F62F16CBA6,401E
$C012BE867E1097A1,C020021286B4970E,4018C1DDCB39BD66,401E
$C012AA5DEE5C0B04,C0205C1AB89CC649,40189DC5675CAF26,401E
$C0128FE00BFEA222,C020B5B9AA1D3D25,401879AD037FA0E6,401E
$C0126F1543F3445,C0210ED2DA339C9D,401855949FA292A6,401E
$C012480804305628,C0216749F268036,4018317C3BC58466,401E
$C0121AC4B8568AEB,C021BF02CFD056E7,40180D63D7E87626,401E
$C011E759C5BD9C63,C02215E18C032708,4017E94B740B67E5,401E
$C011ADD786E02B25,C0226BCA85F75351,4017C533102E59A5,401E
$C0116E5046283BC8,C022C0A26ACD9FC,4017A11AAC514B65,401E
$C0114C51028BA1E2,C022EA9F82EB4F18,40178F0E7A62C445,401E
4 28 55
4 29 43
4 30 407
4 31 273
4 32 0
4 33 0
3 22 ->
4 23 98
4 24 4
4 25 0
4 26 [2]
$1,-1
4 27 [2][4]
$4014909F7108093A,401E,40178F0E7A62C445,401E
$4014909F7108093A,0,40178F0E7A62C445,0
4 28 96
4 29 44
4 30 410
4 31 406
4 32 0
4 33 0
3 22 ->
4 23 97
4 24 4
4 25 0
4 26 [2]
$1,-1
4 27 [2][4]
$4014909F7108093A,401E,40178F0E7A62C445,401E
$4014909F7108093A,0,40178F0E7A62C445,0
4 28 95
4 29 43
4 30 409
4 31 405
4 32 0
4 33 0
3 22 ->
4 23 50
4 24 4
4 25 0
4 26 [2]
$1,-1
4 27 [19][4]
$4016689B10DFAED3,4034,4012A56B8BFC700B,C00E38754EDA8E04
$401685D5EB63690C,4034,401311E0E1A29F5E,C00D24D4AC017E7F
$4016A6DA0D5F7425,4034,40138798FADC5DD2,C00BE6338C338235
$4016C7DE2F5B7F3E,4034,4013F81EA777B138,C00AA025D6BCDB8A
$4016E8E251578A56,4034,40146353F615B389,C00953024F6DC358
$401709E67353956F,4034,4014C91C5F581142,C007FF219CC1A976
$40172AEA954FA088,4034,4015295CCD788239,C006A4DE30480FD7
$40174BEEB74BABA1,4034,401583FBA37DE895,C00544942E933BB8
$40176CF2D947B6BA,4034,4015D8E0C40D2ADA,C003DEA156B32484
$40178DF6FB43C1D2,4034,401627F597D3F8AE,C0027364E94326BE
$4017AEFB1D3FCCEB,4034,40167125138BC54C,C001033F8F111E64
$4017CFFF3F3BD804,4034,4016B45BBD935DF5,BFFF1D267EC94F13
$4017F1036137E31D,4034,4016F187B31D9F0F,BFFC2B864BDABAC
$401812078333EE35,4034,40172898ACF3E6BE,BFF9326710BE0F49
$4018330BA52FF94E,4034,4017598003CB00D9,BFF6329357857863
$4018540FC72C0467,4034,40178430B4296514,BFF32CD773081CE4
$40187513E9280F8,4034,4017A89F61DDBDB9,BFF022014882F112
$401896180B241A98,4034,4017C6C25B04CB17,BFEA25C0319CE89D
$4018B71C2D2025B1,4034,4017DE919A9DD5A4,BFE40088926FDD41
4 28 354
4 29 48
4 30 378
4 31 226
4 32 0
4 33 0
3 22 ->
4 23 49
4 24 4
4 25 0
4 26 [2]
$1,-1
4 27 [19][4]
$4016689B10DFAED3,4034,4012A56B8BFC700B,C00E38754EDA8E04
$401685D5EB63690C,4034,401311E0E1A29F5E,C00D24D4AC017E7F
$4016A6DA0D5F7425,4034,40138798FADC5DD2,C00BE6338C338235
$4016C7DE2F5B7F3E,4034,4013F81EA777B138,C00AA025D6BCDB8A
$4016E8E251578A56,4034,40146353F615B389,C00953024F6DC358
$401709E67353956F,4034,4014C91C5F581142,C007FF219CC1A976
$40172AEA954FA088,4034,4015295CCD788239,C006A4DE30480FD7
$40174BEEB74BABA1,4034,401583FBA37DE895,C00544942E933BB8
$40176CF2D947B6BA,4034,4015D8E0C40D2ADA,C003DEA156B32484
$40178DF6FB43C1D2,4034,401627F597D3F8AE,C0027364E94326BE
$4017AEFB1D3FCCEB,4034,40167125138BC54C,C001033F8F111E64
$4017CFFF3F3BD804,4034,4016B45BBD935DF5,BFFF1D267EC94F13
$4017F1036137E31D,4034,4016F187B31D9F0F,BFFC2B864BDABAC
$401812078333EE35,4034,40172898ACF3E6BE,BFF9326710BE0F49
$4018330BA52FF94E,4034,4017598003CB00D9,BFF6329357857863
$4018540FC72C0467,4034,40178430B4296514,BFF32CD773081CE4
$40187513E9280F8,4034,4017A89F61DDBDB9,BFF022014882F112
$401896180B241A98,4034,4017C6C25B04CB17,BFEA25C0319CE89D
$4018B71C2D2025B1,4034,4017DE919A9DD5A4,BFE40088926FDD41
4 28 353
4 29 47
4 30 377
4 31 225
4 32 0
4 33 0
3 22 ->
4 23 412
4 24 4
4 25 0
4 26 [2]
$1,-1
4 27 [2][4]
$401D10E7E748EB9D,BFF1911444ECBEEC,BFFBA7C4E9E6AFC7,C01E
$4017DE919A9DD5A5,BFE40088926FDD6E,BFD623A2477BE839,C01E
4 28 48
4 29 176
4 30 50
4 31 414
4 32 0
4 33 0
3 22 ->
4 23 411
4 24 4
4 25 0
4 26 [2]
$1,-1
4 27 [2][4]
$401D10E7E748EB9D,BFF1911444ECBEEC,BFFBA7C4E9E6AFC7,C01E
$4017DE919A9DD5A5,BFE40088926FDD6E,BFD623A2477BE839,C01E
4 28 47
4 29 175
4 30 49
4 31 413
4 32 0
4 33 0
3 22 ->
4 23 182
4 24 4
4 25 0
4 26 [2]
$1,-1
4 27 [11][4]
$4020F76C3B6DDE35,BFFD53C48D7FFE5A,400277FCF7B1049E,401E
$4020C069BED847CB,BFFBD3088FD944DB,4002288FCF9D8331,401E
$402084061AA18CF2,BFFA4D9D8B63E04B,4001D43EF97BCE02,401E
$402045AEACC020AE,BFF8DC6953947B72,40017FEE235A18D5,401E
$4020057E81262A32,BFF7800C15F8053,40012B9D4D3863A5,401E
$401F8722E1BD61D9,BFF6391CF58B7402,4000D74C7716AE77,401E
$401F00082BF16614,BFF50829C929D0D3,400082FBA0F4F948,401E
$401E75E77E3CFDA,BFF3EDB6DE02DE7D,40002EAACAD34419,401E
$401DE8FCC5BD61D,BFF2EA3EBE3510D4,3FFFB4B3E9631DD6,401E
$401D59852558B795,BFF1FE31FBA3B9E8,3FFF0C123D1FB378,401E
$401D10E7E748EB99,BFF1911444ECBEEA,3FFEB7C166FDFE49,401E
4 28 48
4 29 180
4 30 412
4 31 416
4 32 0
4 33 0
3 22 ->
4 23 181
4 24 4
4 25 0
4 26 [2]
$1,-1
4 27 [11][4]
$4020F76C3B6DDE35,BFFD53C48D7FFE5A,400277FCF7B1049E,401E
$4020C069BED847CB,BFFBD3088FD944DB,4002288FCF9D8331,401E
$402084061AA18CF2,BFFA4D9D8B63E04B,4001D43EF97BCE02,401E
$402045AEACC020AE,BFF8DC6953947B72,40017FEE235A18D5,401E
$4020057E81262A32,BFF7800C15F8053,40012B9D4D3863A5,401E
$401F8722E1BD61D9,BFF6391CF58B7402,4000D74C7716AE77,401E
$401F00082BF16614,BFF50829C929D0D3,400082FBA0F4F948,401E
$401E75E77E3CFDA,BFF3EDB6DE02DE7D,40002EAACAD34419,401E
$401DE8FCC5BD61D,BFF2EA3EBE3510D4,3FFFB4B3E9631DD6,401E
$401D59852558B795,BFF1FE31FBA3B9E8,3FFF0C123D1FB378,401E
$401D10E7E748EB99,BFF1911444ECBEEA,3FFEB7C166FDFE49,401E
4 28 47
4 29 179
4 30 411
4 31 415
4 32 0
4 33 0
3 22 ->
4 23 186
4 24 4
4 25 0
4 26 [2]
$1,-1
4 27 [14][4]
$40237DE5DE1D67E8,C00D0A6BDC62A35,4005FF5632F5F394,401E
$40236BBE70893223,C00C5F2110D217A7,4005DA46546A5AA,401E
$4023462C1EF2492E,C00B15625DF91692,400592158CB03E1F,401E
$40231DB80A9DDDAD,C009D123FB2405BE,400549E4C4F6219F,401E
$4022F26F114CEA18,C00892CD0886ED1C,400501B3FD3C052,401E
$4022C45EF74DF29A,C0075AC2C59F3512,4004B9833581E89F,401E
$40229396631C1CF6,C006296870FFF31F,400471526DC7CC1F,401E
$40226024D8B65917,C004FF1F28C15876,40042921A60DAF9F,401E
$40222A1AB4B015B6,C003DC45CB9D4CAD,4003E0F0DE53931F,401E
$4021F18926FD12E2,C002C138DAC30773,400398C01699769F,401E
$4021B6822D79FA0D,C001AE525C6B41E4,4003508F4EDF5A1E,401E
$402179188E3378CB,C000A3E9BF365B39,4003085E87253D9E,401E
$4021395FD16DB011,BFFF44A77CBB17B9,4002C02DBF6B211F,401E
$4020F76C3B6DDE34,BFFD53C48D7FFE5A,400277FCF7B1049E,401E
4 28 48
4 29 184
4 30 182
4 31 418
4 32 0
4 33 0
3 22 ->
4 23 185
4 24 4
4 25 0
4 26 [2]
$1,-1
4 27 [14][4]
$40237DE5DE1D67E8,C00D0A6BDC62A35,4005FF5632F5F394,401E
$40236BBE70893223,C00C5F2110D217A7,4005DA46546A5AA,401E
$4023462C1EF2492E,C00B15625DF91692,400592158CB03E1F,401E
$40231DB80A9DDDAD,C009D123FB2405BE,400549E4C4F6219F,401E
$4022F26F114CEA18,C00892CD0886ED1C,400501B3FD3C052,401E
$4022C45EF74DF29A,C0075AC2C59F3512,4004B9833581E89F,401E
$40229396631C1CF6,C006296870FFF31F,400471526DC7CC1F,401E
$40226024D8B65917,C004FF1F28C15876,40042921A60DAF9F,401E
$40222A1AB4B015B6,C003DC45CB9D4CAD,4003E0F0DE53931F,401E
$4021F18926FD12E2,C002C138DAC30773,400398C01699769F,401E
$4021B6822D79FA0D,C001AE525C6B41E4,4003508F4EDF5A1E,401E
$402179188E3378CB,C000A3E9BF365B39,4003085E87253D9E,401E
$4021395FD16DB011,BFFF44A77CBB17B9,4002C02DBF6B211F,401E
$4020F76C3B6DDE34,BFFD53C48D7FFE5A,400277FCF7B1049E,401E
4 28 47
4 29 183
4 30 181
4 31 417
4 32 0
4 33 0
3 22 ->
4 23 420
4 24 4
4 25 0
4 26 [2]
$1,-1
4 27 [4][4]
$400BFC3445AB69AA,401E,40237DE5DE1D67EB,C00D0A6BDC62A359
$400C2BF1D33E0E3D,401E,402351387D6AD168,C00ED9A1F7ACC469
$400C5E198596050F,401E,40231F63CA6963FA,C0105DD29FE9C7DF
$400C904137EDFBE,401E,4022EA9F82EB4F22,C0114C51028BA1BF
4 28 104
4 29 48
4 30 106
4 31 186
4 32 0
4 33 0
3 22 ->
4 23 419
4 24 4
4 25 0
4 26 [2]
$1,-1
4 27 [4][4]
$400BFC3445AB69AA,401E,40237DE5DE1D67EB,C00D0A6BDC62A359
$400C2BF1D33E0E3D,401E,402351387D6AD168,C00ED9A1F7ACC469
$400C5E198596050F,401E,40231F63CA6963FA,C0105DD29FE9C7DF
$400C904137EDFBE,401E,4022EA9F82EB4F22,C0114C51028BA1BF
4 28 103
4 29 47
4 30 105
4 31 185
4 32 0
4 33 0
3 22 ->
4 23 218
4 24 4
4 25 0
4 26 [2]
$1,-1
4 27 [14][4]
$401D2DB9CCEBCA1,C012CF543B20FEDF,40130A3C42F43074,401E
$401D8AAE53B5750A,C012D2EA3CA3F2E3,4012F7B453AE63FC,401E
$401E3FDB6861696,C012D51182EE44D1,4012D39BEFD155BC,401E
$401EF4FF1ADDBF48,C012D0D5E1C4F6A5,4012AF838BF4477B,401E
$401FA9DFCEA29C56,C012C638B1CE172F,40128B6B2817393B,401E
$40202F21FE3B782E,C012B53D533D678D,40126752C43A2AFB,401E
$402088F9225E3A5A,C0129DE92CC17F14,4012433A605D1CBB,401E
$4020E258C0D7897,C0128043A9CC0828,40121F21FC800E7B,401E
$40213B246CC8F264,C0125C563835A1D6,4011FB0998A3003B,401E
$4021933FE8620359,C012322C453E266A,4011D6F134C5F1FB,401E
$4021EA8F2DDBBD68,C01201D339EA4B04,4011B2D8D0E8E3BB,401E
$402240F6786233C4,C011CB5A76BFC05A,40118EC06D0BD57B,401E
$4022965A4CE982B4,C0118ED34EE12F92,40116AA8092EC73B,401E
$4022EA9F82EB4F22,C0114C51028BA1BB,4011468FA551B8FA,401E
4 28 48
4 29 216
4 30 420
4 31 422
4 32 0
4 33 0
3 22 ->
4 23 217
4 24 4
4 25 0
4 26 [2]
$1,-1
4 27 [14][4]
$401D2DB9CCEBCA1,C012CF543B20FEDF,40130A3C42F43074,401E
$401D8AAE53B5750A,C012D2EA3CA3F2E3,4012F7B453AE63FC,401E
$401E3FDB6861696,C012D51182EE44D1,4012D39BEFD155BC,401E
$401EF4FF1ADDBF48,C012D0D5E1C4F6A5,4012AF838BF4477B,401E
$401FA9DFCEA29C56,C012C638B1CE172F,40128B6B2817393B,401E
$40202F21FE3B782E,C012B53D533D678D,40126752C43A2AFB,401E
$402088F9225E3A5A,C0129DE92CC17F14,4012433A605D1CBB,401E
$4020E258C0D7897,C0128043A9CC0828,40121F21FC800E7B,401E
$40213B246CC8F264,C0125C563835A1D6,4011FB0998A3003B,401E
$4021933FE8620359,C012322C453E266A,4011D6F134C5F1FB,401E
$4021EA8F2DDBBD68,C01201D339EA4B04,4011B2D8D0E8E3BB,401E
$402240F6786233C4,C011CB5A76BFC05A,40118EC06D0BD57B,401E
$4022965A4CE982B4,C0118ED34EE12F92,40116AA8092EC73B,401E
$4022EA9F82EB4F22,C0114C51028BA1BB,4011468FA551B8FA,401E
4 28 47
4 29 215
4 30 419
4 31 421
4 32 0
4 33 0
3 22 ->
4 23 222
4 24 4
4 25 0
4 26 [2]
$1,-1
4 27 [11][4]
$4017A87E696DF921,C011728944C41944,4014984A650D3332,401E
$40182E1C2D5B7C67,C011ADB74BFDC9D7,40147093D103727A,401E
$4018BE590BDB9417,C011E6D1C5509503,4014466B65F297E2,401E
$401950D04BF3C364,C01219F018E49106,40141C42FAE1BD4B,401E
$4019E54262731C63,C01246FC19440D12,4013F21A8FD0E2B4,401E
$401A7B6EE844E7FC,C0126DE23B50140C,4013C7F224C0081C,401E
$401B1314B661838D,C0128E919EBB02E4,40139DC9B9AF2D85,401E
$401BABF202128562,C012A8FC155AE212,401373A14E9E52EE,401E
$401C45C4797DE477,C012BD16295054DB,40134978E38D7856,401E
$401CE049606BC17E,C012CAD721FF732A,40131F50787C9DBF,401E
$401D2DB9CCEBCA0F,C012CF543B20FEDF,40130A3C42F43074,401E
4 28 48
4 29 220
4 30 218
4 31 424
4 32 0
4 33 0
3 22 ->
4 23 221
4 24 4
4 25 0
4 26 [2]
$1,-1
4 27 [11][4]
$4017A87E696DF921,C011728944C41944,4014984A650D3332,401E
$40182E1C2D5B7C67,C011ADB74BFDC9D7,40147093D103727A,401E
$4018BE590BDB9417,C011E6D1C5509503,4014466B65F297E2,401E
$401950D04BF3C364,C01219F018E49106,40141C42FAE1BD4B,401E
$4019E54262731C63,C01246FC19440D12,4013F21A8FD0E2B4,401E
$401A7B6EE844E7FC,C0126DE23B50140C,4013C7F224C0081C,401E
$401B1314B661838D,C0128E919EBB02E4,40139DC9B9AF2D85,401E
$401BABF202128562,C012A8FC155AE212,401373A14E9E52EE,401E
$401C45C4797DE477,C012BD16295054DB,40134978E38D7856,401E
$401CE049606BC17E,C012CAD721FF732A,40131F50787C9DBF,401E
$401D2DB9CCEBCA0F,C012CF543B20FEDF,40130A3C42F43074,401E
4 28 47
4 29 219
4 30 217
4 31 423
4 32 0
4 33 0
3 22 ->
4 23 226
4 24 4
4 25 0
4 26 [2]
$1,-1
4 27 [2][4]
$4012A56B8BFC700A,C00E38754EDA8E08,3FD623A2477BE7FF,C01E000000000002
$4017A87E696DF921,C011728944C41944,3FFBA7C4E9E6AFC6,C01E000000000002
4 28 48
4 29 224
4 30 222
4 31 426
4 32 0
4 33 0
3 22 ->
4 23 225
4 24 4
4 25 0
4 26 [2]
$1,-1
4 27 [2][4]
$4012A56B8BFC700A,C00E38754EDA8E08,3FD623A2477BE7FF,C01E000000000002
$4017A87E696DF921,C011728944C41944,3FFBA7C4E9E6AFC6,C01E000000000002
4 28 47
4 29 223
4 30 221
4 31 425
4 32 0
4 33 0
3 22 ->
4 23 54
4 24 4
4 25 0
4 26 [2]
$1,-1
4 27 [19][4]
$4013445BA6572936,4034,3FE40088926FDCC2,C017DE919A9DD5A7
$4013619680DAE366,4034,3FE971A8A3D787C,C017C9CFB54B574B
$4013829AA2D6EE7F,4034,3FEF90CC7B0993E7,C017AC661B7CD3EF
$4013A39EC4D2F998,4034,3FF2D3C4FC27A88A,C01788AFCBE09BA9
$4013C4A2E6CF04B,4034,3FF5DA2128A3B49,C0175EB6474A38A5
$4013E5A708CB0FC9,4034,3FF8DAACB3151AAF,C0172E84B92CCE18
$401406AB2AC71AE2,4034,3FFBD49B17BA7B3A,C016F827F4A22D59
$401427AF4CC325FB,4034,3FFEC72195611C11,C016BBAE71012E8B
$401448B36EBF3114,4034,4000D8BBB1AC9A9E,C016792846043542
$401469B790BB3C2C,4034,4002496AF371FE3D,C01630A72780E771
$40148ABBB2B74745,4034,4003B53C74069C0C,C015E23E60B23A47
$4014ABBFD4B3525E,4034,40051BCF62F1245E,C0158E02CF161602
$4014CCC3F6AF5D76,4034,40067CC454FC6288,C015340ADCDFEE6
$4014EDC818AB689,4034,4007D7BD5D9B789C,C014D46E7B01C9F5
$40150ECC3AA773A8,4034,40092C5E27E84741,C0146F471ACD4EC8
$40152FD05CA37EC1,4034,400A7A4C0F355B14,C01404AFA72E861C
$401550D47E9F89DA,4034,400BC12E372CD5B1,C01394C47D8224C7
$401571D8A09B94F3,4034,400D00ADA375E73C,C0131FA366093FE4
$401592DCC297A00B,4034,400E38754EDA8D96,C012A56B8BFC7037
4 28 354
4 29 52
4 30 428
4 31 254
4 32 0
4 33 0
3 22 ->
4 23 53
4 24 4
4 25 0
4 26 [2]
$1,-1
4 27 [19][4]
$4013445BA6572936,4034,3FE40088926FDCC2,C017DE919A9DD5A7
$4013619680DAE366,4034,3FE971A8A3D787C,C017C9CFB54B574B
$4013829AA2D6EE7F,4034,3FEF90CC7B0993E7,C017AC661B7CD3EF
$4013A39EC4D2F998,4034,3FF2D3C4FC27A88A,C01788AFCBE09BA9
$4013C4A2E6CF04B,4034,3FF5DA2128A3B49,C0175EB6474A38A5
$4013E5A708CB0FC9,4034,3FF8DAACB3151AAF,C0172E84B92CCE18
$401406AB2AC71AE2,4034,3FFBD49B17BA7B3A,C016F827F4A22D59
$401427AF4CC325FB,4034,3FFEC72195611C11,C016BBAE71012E8B
$401448B36EBF3114,4034,4000D8BBB1AC9A9E,C016792846043542
$401469B790BB3C2C,4034,4002496AF371FE3D,C01630A72780E771
$40148ABBB2B74745,4034,4003B53C74069C0C,C015E23E60B23A47
$4014ABBFD4B3525E,4034,40051BCF62F1245E,C0158E02CF161602
$4014CCC3F6AF5D76,4034,40067CC454FC6288,C015340ADCDFEE6
$4014EDC818AB689,4034,4007D7BD5D9B789C,C014D46E7B01C9F5
$40150ECC3AA773A8,4034,40092C5E27E84741,C0146F471ACD4EC8
$40152FD05CA37EC1,4034,400A7A4C0F355B14,C01404AFA72E861C
$401550D47E9F89DA,4034,400BC12E372CD5B1,C01394C47D8224C7
$401571D8A09B94F3,4034,400D00ADA375E73C,C0131FA366093FE4
$401592DCC297A00B,4034,400E38754EDA8D96,C012A56B8BFC7037
4 28 353
4 29 51
4 30 427
4 31 253
4 32 0
4 33 0
3 22 ->
4 23 430
4 24 4
4 25 0
4 26 [2]
$1,-1
4 27 [2][4]
$4011728944C418FB,C017A87E696DF954,BFFBA7C4E9E6AFCA,C01E000000000002
$400E38754EDA8D98,C012A56B8BFC7039,BFD623A2477BE84D,C01E000000000002
4 28 52
4 29 204
4 30 54
4 31 432
4 32 0
4 33 0
3 22 ->
4 23 429
4 24 4
4 25 0
4 26 [2]
$1,-1
4 27 [2][4]
$4011728944C418FB,C017A87E696DF954,BFFBA7C4E9E6AFCA,C01E000000000002
$400E38754EDA8D98,C012A56B8BFC7039,BFD623A2477BE84D,C01E000000000002
4 28 51
4 29 203
4 30 53
4 31 431
4 32 0
4 33 0
3 22 ->
4 23 210
4 24 4
4 25 0
4 26 [2]
$1,-1
4 27 [11][4]
$4012CF543B20FE85,C01D2DB9CCEBCA3E,4008C07BCCC20FE9,401E
$4012C58BAD0E5DE1,C01C9BEB1175765C,4008710EA4AE8E7C,401E
$4012B4FB7D6FD683,C01C01ACC8F39335,40081CBDCE8CD94D,401E
$40129E15B6A1DB4F,C01B683E7AA293DC,4007C86CF86B241E,401E
$401280E447C1393B,C01ACFE2B74608B4,4007741C22496EF,401E
$40125D73DB20FBAB,C01A38DB98857AB7,40071FCB4C27B9C2,401E
$401233D3D0CBC07F,C019A36AA43F03FC,4006CB7A76060493,401E
$4012041637D8148E,C0190FD0B01A062B,400677299FE44F65,401E
$4011CE4FC692BD76,C0187E4DC5665413,400622D8C9C29A36,401E
$40119297D1825704,C017EF2105540272,4005CE87F3A0E507,401E
$4011728944C418FA,C017A87E696DF952,4005A45F88900A7,401E
4 28 52
4 29 208
4 30 430
4 31 434
4 32 0
4 33 0
3 22 ->
4 23 209
4 24 4
4 25 0
4 26 [2]
$1,-1
4 27 [11][4]
$4012CF543B20FE85,C01D2DB9CCEBCA3E,4008C07BCCC20FE9,401E
$4012C58BAD0E5DE1,C01C9BEB1175765C,4008710EA4AE8E7C,401E
$4012B4FB7D6FD683,C01C01ACC8F39335,40081CBDCE8CD94D,401E
$40129E15B6A1DB4F,C01B683E7AA293DC,4007C86CF86B241E,401E
$401280E447C1393B,C01ACFE2B74608B4,4007741C22496EF,401E
$40125D73DB20FBAB,C01A38DB98857AB7,40071FCB4C27B9C2,401E
$401233D3D0CBC07F,C019A36AA43F03FC,4006CB7A76060493,401E
$4012041637D8148E,C0190FD0B01A062B,400677299FE44F65,401E
$4011CE4FC692BD76,C0187E4DC5665413,400622D8C9C29A36,401E
$40119297D1825704,C017EF2105540272,4005CE87F3A0E507,401E
$4011728944C418FA,C017A87E696DF952,4005A45F88900A7,401E
4 28 51
4 29 207
4 30 429
4 31 433
4 32 0
4 33 0
3 22 ->
4 23 214
4 24 4
4 25 0
4 26 [2]
$1,-1
4 27 [14][4]
$40114C51028BA148,C022EA9F82EB4F39,400C47D50806FEDD,401E
$40116F3426C7FB19,C022BF817C1FE879,400C22C5297B65EA,401E
$4011AEA6E5CB9851,C0226AA5C1491F34,400BDA9461C1496A,401E
$4011E81461006852,C02214B94E71E8BB,400B92639A072CEA,401E
$40121B6A54970C11,C021BDD777943701,400B4A32D24D106A,401E
$401248986CC268E1,C021661BDEB5E8FA,400B02020A92F3EA,401E
$40126F904AE90B78,C0210DA26B1EE58A,400AB9D142D8D76A,401E
$401290458A3722BD,C020B48740792F59,400A71A07B1EBAEA,401E
$4012AAADC38F9E17,C0205AE6B5DDC447,400A296FB3649E6A,401E
$4012BEC090DB2E7D,C02000DD4CD1210F,4009E13EEBAA81E9,401E
$4012CC778FB41CB3,C01F4D0F50648E1F,4009990E23F0656A,401E
$4012D3CE636E1B61,C01E9805063E4CCA,400950DD5C3648E9,401E
$4012D4C2B6796F89,C01DE2D54FA2A3D7,400908AC947C2C6A,401E
$4012CF543B20FE84,C01D2DB9CCEBCA4,4008C07BCCC20FEA,401E
4 28 52
4 29 212
4 30 210
4 31 436
4 32 0
4 33 0
3 22 ->
4 23 213
4 24 4
4 25 0
4 26 [2]
$1,-1
4 27 [14][4]
$40114C51028BA148,C022EA9F82EB4F39,400C47D50806FEDD,401E
$40116F3426C7FB19,C022BF817C1FE879,400C22C5297B65EA,401E
$4011AEA6E5CB9851,C0226AA5C1491F34,400BDA9461C1496A,401E
$4011E81461006852,C02214B94E71E8BB,400B92639A072CEA,401E
$40121B6A54970C11,C021BDD777943701,400B4A32D24D106A,401E
$401248986CC268E1,C021661BDEB5E8FA,400B02020A92F3EA,401E
$40126F904AE90B78,C0210DA26B1EE58A,400AB9D142D8D76A,401E
$401290458A3722BD,C020B48740792F59,400A71A07B1EBAEA,401E
$4012AAADC38F9E17,C0205AE6B5DDC447,400A296FB3649E6A,401E
$4012BEC090DB2E7D,C02000DD4CD1210F,4009E13EEBAA81E9,401E
$4012CC778FB41CB3,C01F4D0F50648E1F,4009990E23F0656A,401E
$4012D3CE636E1B61,C01E9805063E4CCA,400950DD5C3648E9,401E
$4012D4C2B6796F89,C01DE2D54FA2A3D7,400908AC947C2C6A,401E
$4012CF543B20FE84,C01D2DB9CCEBCA4,4008C07BCCC20FEA,401E
4 28 51
4 29 211
4 30 209
4 31 435
4 32 0
4 33 0
3 22 ->
4 23 438
4 24 4
4 25 0
4 26 [2]
$1,-1
4 27 [4][4]
$401122598D5E3A7A,401E,40114C51028BA149,C022EA9F82EB4F3C
$40113A3854278CBC,401E,4010695D0267AA24,C0231CEA9DF2729E
$4011534C2D538824,401E,400EF0F2FBEC8208,C0234EE3ADB7828B
$40116C60067F838D,401E,400D0A6BDC62A302,C0237DE5DE1D67F2
4 28 100
4 29 52
4 30 102
4 31 214
4 32 0
4 33 0
3 22 ->
4 23 437
4 24 4
4 25 0
4 26 [2]
$1,-1
4 27 [4][4]
$401122598D5E3A7A,401E,40114C51028BA149,C022EA9F82EB4F3C
$40113A3854278CBC,401E,4010695D0267AA24,C0231CEA9DF2729E
$4011534C2D538824,401E,400EF0F2FBEC8208,C0234EE3ADB7828B
$40116C60067F838D,401E,400D0A6BDC62A302,C0237DE5DE1D67F2
4 28 99
4 29 51
4 30 101
4 31 213
4 32 0
4 33 0
3 22 ->
4 23 246
4 24 4
4 25 0
4 26 [2]
$1,-1
4 27 [14][4]
$3FFD53C48D7FFDE3,C020F76C3B6DDE3E,40162E7BAD7CB611,401E
$3FFE508AC7EFC5FD,C021198E238D91A5,40161BF3BE36E999,401E
$4000257286221D4C,C0215A5F3B737CF2,4015F7DB5A59DB5A,401E
$40012B9A7D9B3323,C02198EAFB6B9381,4015D3C2F67CCD19,401E
$40023A69E96889E3,C021D51D7EEB4122,4015AFAA929FBED9,401E
$4003518AA7EF4E1D,C0220EE3A0A11E55,40158B922EC2B099,401E
$400470A3F2595591,C022462B008BCDD5,40156779CAE5A259,401E
$4005975A78D165EC,C0227AE209D218C7,4015436167089419,401E
$4006C5507F8DE56B,C022ACF7F85A6DC5,40151F49032B85D8,401E
$4007FA25FCA0B8AC,C022DC5CDE1FFB4E,4014FB309F4E7799,401E
$40093578B682D287,C0230901A843B3AA,4014D7183B716958,401E
$400A76E46351BEA9,C02332D823D79D81,4014B2FFD7945B18,401E
$400BBE02C8B5379F,C02359D30262EB0D,40148EE773B74CD8,401E
$400D0A6BDC62A2FE,C0237DE5DE1D67F2,40146ACF0FDA3E98,401E
4 28 52
4 29 244
4 30 438
4 31 440
4 32 0
4 33 0
3 22 ->
4 23 245
4 24 4
4 25 0
4 26 [2]
$1,-1
4 27 [14][4]
$3FFD53C48D7FFDE3,C020F76C3B6DDE3E,40162E7BAD7CB611,401E
$3FFE508AC7EFC5FD,C021198E238D91A5,40161BF3BE36E999,401E
$4000257286221D4C,C0215A5F3B737CF2,4015F7DB5A59DB5A,401E
$40012B9A7D9B3323,C02198EAFB6B9381,4015D3C2F67CCD19,401E
$40023A69E96889E3,C021D51D7EEB4122,4015AFAA929FBED9,401E
$4003518AA7EF4E1D,C0220EE3A0A11E55,40158B922EC2B099,401E
$400470A3F2595591,C022462B008BCDD5,40156779CAE5A259,401E
$4005975A78D165EC,C0227AE209D218C7,4015436167089419,401E
$4006C5507F8DE56B,C022ACF7F85A6DC5,40151F49032B85D8,401E
$4007FA25FCA0B8AC,C022DC5CDE1FFB4E,4014FB309F4E7799,401E
$40093578B682D287,C0230901A843B3AA,4014D7183B716958,401E
$400A76E46351BEA9,C02332D823D79D81,4014B2FFD7945B18,401E
$400BBE02C8B5379F,C02359D30262EB0D,40148EE773B74CD8,401E
$400D0A6BDC62A2FE,C0237DE5DE1D67F2,40146ACF0FDA3E98,401E
4 28 51
4 29 243
4 30 437
4 31 439
4 32 0
4 33 0
3 22 ->
4 23 250
4 24 4
4 25 0
4 26 [2]
$1,-1
4 27 [11][4]
$3FF1911444ECBE77,C01D10E7E748EBA5,4017BC89CF95B8CF,401E
$3FF2639E0871CDBF,C01D993BB8436687,401794D33B8BF817,401E
$3FF35A120BD998BC,C01E279A5DFFA98,40176AAAD07B1D7F,401E
$3FF467C0E8A15336,C01EB350F173CBA2,40174082656A42E8,401E
$3FF58C359E80671E,C01F3C22D569AC7,40171659FA596851,401E
$3FF6C6F14BEB94E9,C01FC1D4AE033A6,4016EC318F488DBA,401E
$3FF8176B6520F672,C02022163D3D9021,4016C2092437B323,401E
$3FF97D11EF656FB3,C0206178D7276E2C,401697E0B926D88B,401E
$3FFAF749C059D9FC,C0209EF6A4E3AB36,40166DB84E15FDF4,401E
$3FFC856EC14C6F9B,C020DA74F8EAA7FF,4016438FE305235D,401E
$3FFD53C48D7FFDE3,C020F76C3B6DDE3E,40162E7BAD7CB611,401E
4 28 52
4 29 248
4 30 246
4 31 442
4 32 0
4 33 0
3 22 ->
4 23 249
4 24 4
4 25 0
4 26 [2]
$1,-1
4 27 [11][4]
$3FF1911444ECBE77,C01D10E7E748EBA5,4017BC89CF95B8CF,401E
$3FF2639E0871CDBF,C01D993BB8436687,401794D33B8BF817,401E
$3FF35A120BD998BC,C01E279A5DFFA98,40176AAAD07B1D7F,401E
$3FF467C0E8A15336,C01EB350F173CBA2,40174082656A42E8,401E
$3FF58C359E80671E,C01F3C22D569AC7,40171659FA596851,401E
$3FF6C6F14BEB94E9,C01FC1D4AE033A6,4016EC318F488DBA,401E
$3FF8176B6520F672,C02022163D3D9021,4016C2092437B323,401E
$3FF97D11EF656FB3,C0206178D7276E2C,401697E0B926D88B,401E
$3FFAF749C059D9FC,C0209EF6A4E3AB36,40166DB84E15FDF4,401E
$3FFC856EC14C6F9B,C020DA74F8EAA7FF,4016438FE305235D,401E
$3FFD53C48D7FFDE3,C020F76C3B6DDE3E,40162E7BAD7CB611,401E
4 28 51
4 29 247
4 30 245
4 31 441
4 32 0
4 33 0
3 22 ->
4 23 254
4 24 4
4 25 0
4 26 [2]
$1,-1
4 27 [2][4]
$3FE40088926FDCA5,C017DE919A9DD5A7,3FD623A2477BE7ED,C01DFFFFFFFFFFFF
$3FF1911444ECBE79,C01D10E7E748EBA5,3FFBA7C4E9E6AFC5,C01DFFFFFFFFFFFF
4 28 52
4 29 252
4 30 250
4 31 444
4 32 0
4 33 0
3 22 ->
4 23 253
4 24 4
4 25 0
4 26 [2]
$1,-1
4 27 [2][4]
$3FE40088926FDCA5,C017DE919A9DD5A7,3FD623A2477BE7ED,C01DFFFFFFFFFFFF
$3FF1911444ECBE79,C01D10E7E748EBA5,3FFBA7C4E9E6AFC5,C01DFFFFFFFFFFFF
4 28 51
4 29 251
4 30 249
4 31 443
4 32 0
4 33 0
3 22 ->
4 23 58
4 24 4
4 25 0
4 26 [2]
$1,-1
4 27 [19][4]
$4010201C3BCEA389,4034,C00E38754EDA8E27,C012A56B8BFC6FFB
$40103D5716525DCA,4034,C00D24D4AC017E65,C01311E0E1A29F6D
$40105E5B384E68E2,4034,C00BE6338C33821A,C0138798FADC5DE1
$40107F5F5A4A73FB,4034,C00AA025D6BCDB6E,C013F81EA777B145
$4010A0637C467F14,4034,C00953024F6DC33A,C0146353F615B397
$4010C1679E428A2C,4034,C007FF219CC1A958,C014C91C5F58115
$4010E26BC03E9545,4034,C006A4DE30480FBA,C015295CCD788245
$4011036FE23AA05E,4034,C00544942E933B9A,C01583FBA37DE8A
$401124740436AB76,4034,C003DEA156B32465,C015D8E0C40D2AE4
$401145782632B69,4034,C0027364E943269D,C01627F597D3F8B8
$4011667C482EC1A8,4034,C001033F8F111E43,C0167125138BC553
$401187806A2ACCC1,4034,BFFF1D267EC94ECF,C016B45BBD935DFD
$4011A8848C26D7DA,4034,BFFC2B864BDABA7A,C016F187B31D9F15
$4011C988AE22E2F2,4034,BFF9326710BE0F03,C0172898ACF3E6C3
$4011EA8CD01EEE0B,4034,BFF632935785781B,C017598003CB00DD
$40120B90F21AF924,4034,BFF32CD773081C9C,C0178430B4296518
$40122C951417043D,4034,BFF022014882F0CA,C017A89F61DDBDBD
$40124D9936130F56,4034,BFEA25C0319CE80A,C017C6C25B04CB1A
$40126E9D580F1A6E,4034,BFE40088926FDCAD,C017DE919A9DD5A7
4 28 354
4 29 56
4 30 446
4 31 282
4 32 0
4 33 0
3 22 ->
4 23 57
4 24 4
4 25 0
4 26 [2]
$1,-1
4 27 [19][4]
$4010201C3BCEA389,4034,C00E38754EDA8E27,C012A56B8BFC6FFB
$40103D5716525DCA,4034,C00D24D4AC017E65,C01311E0E1A29F6D
$40105E5B384E68E2,4034,C00BE6338C33821A,C0138798FADC5DE1
$40107F5F5A4A73FB,4034,C00AA025D6BCDB6E,C013F81EA777B145
$4010A0637C467F14,4034,C00953024F6DC33A,C0146353F615B397
$4010C1679E428A2C,4034,C007FF219CC1A958,C014C91C5F58115
$4010E26BC03E9545,4034,C006A4DE30480FBA,C015295CCD788245
$4011036FE23AA05E,4034,C00544942E933B9A,C01583FBA37DE8A
$401124740436AB76,4034,C003DEA156B32465,C015D8E0C40D2AE4
$401145782632B69,4034,C0027364E943269D,C01627F597D3F8B8
$4011667C482EC1A8,4034,C001033F8F111E43,C0167125138BC553
$401187806A2ACCC1,4034,BFFF1D267EC94ECF,C016B45BBD935DFD
$4011A8848C26D7DA,4034,BFFC2B864BDABA7A,C016F187B31D9F15
$4011C988AE22E2F2,4034,BFF9326710BE0F03,C0172898ACF3E6C3
$4011EA8CD01EEE0B,4034,BFF632935785781B,C017598003CB00DD
$40120B90F21AF924,4034,BFF32CD773081C9C,C0178430B4296518
$40122C951417043D,4034,BFF022014882F0CA,C017A89F61DDBDBD
$40124D9936130F56,4034,BFEA25C0319CE80A,C017C6C25B04CB1A
$40126E9D580F1A6E,4034,BFE40088926FDCAD,C017DE919A9DD5A7
4 28 353
4 29 55
4 30 445
4 31 281
4 32 0
4 33 0
3 22 ->
4 23 448
4 24 4
4 25 0
4 26 [2]
$1,-1
4 27 [2][4]
$BFF1911444ECBE79,C01D10E7E748EBA1,BFFBA7C4E9E6AFC5,C01DFFFFFFFFFFFF
$BFE40088926FDCB3,C017DE919A9DD5A8,BFD623A2477BE841,C01DFFFFFFFFFFFF
4 28 56
4 29 232
4 30 58
4 31 450
4 32 0
4 33 0
3 22 ->
4 23 447
4 24 4
4 25 0
4 26 [2]
$1,-1
4 27 [2][4]
$BFF1911444ECBE79,C01D10E7E748EBA1,BFFBA7C4E9E6AFC5,C01DFFFFFFFFFFFF
$BFE40088926FDCB3,C017DE919A9DD5A8,BFD623A2477BE841,C01DFFFFFFFFFFFF
4 28 55
4 29 231
4 30 57
4 31 449
4 32 0
4 33 0
3 22 ->
4 23 238
4 24 4
4 25 0
4 26 [2]
$1,-1
4 27 [11][4]
$BFFD53C48D7FFDD5,C020F76C3B6DDE39,400F08FAA1D31B22,401E
$BFFBD3088FD94458,C020C069BED847CE,400EB98D79BF99B5,401E
$BFFA4D9D8B63DFCA,C02084061AA18CF5,400E653CA39DE485,401E
$BFF8DC6953947AF3,C02045AEACC020B1,400E10EBCD7C2F57,401E
$BFF7800C15F804B3,C020057E81262A35,400DBC9AF75A7A29,401E
$BFF6391CF58B7387,C01F8722E1BD61DD,400D684A2138C4FA,401E
$BFF50829C929D058,C01F00082BF16619,400D13F94B170FCB,401E
$BFF3EDB6DE02DE03,C01E75E77E3CFDA4,400CBFA874F55A9D,401E
$BFF2EA3EBE35105D,C01DE8FCC5BD61D4,400C6B579ED3A56E,401E
$BFF1FE31FBA3B974,C01D59852558B799,400C1706C8B1F03F,401E
$BFF1911444ECBE79,C01D10E7E748EB9D,400BECDE5DA115A8,401E
4 28 56
4 29 236
4 30 448
4 31 452
4 32 0
4 33 0
3 22 ->
4 23 237
4 24 4
4 25 0
4 26 [2]
$1,-1
4 27 [11][4]
$BFFD53C48D7FFDD5,C020F76C3B6DDE39,400F08FAA1D31B22,401E
$BFFBD3088FD94458,C020C069BED847CE,400EB98D79BF99B5,401E
$BFFA4D9D8B63DFCA,C02084061AA18CF5,400E653CA39DE485,401E
$BFF8DC6953947AF3,C02045AEACC020B1,400E10EBCD7C2F57,401E
$BFF7800C15F804B3,C020057E81262A35,400DBC9AF75A7A29,401E
$BFF6391CF58B7387,C01F8722E1BD61DD,400D684A2138C4FA,401E
$BFF50829C929D058,C01F00082BF16619,400D13F94B170FCB,401E
$BFF3EDB6DE02DE03,C01E75E77E3CFDA4,400CBFA874F55A9D,401E
$BFF2EA3EBE35105D,C01DE8FCC5BD61D4,400C6B579ED3A56E,401E
$BFF1FE31FBA3B974,C01D59852558B799,400C1706C8B1F03F,401E
$BFF1911444ECBE79,C01D10E7E748EB9D,400BECDE5DA115A8,401E
4 28 55
4 29 235
4 30 447
4 31 451
4 32 0
4 33 0
3 22 ->
4 23 242
4 24 4
4 25 0
4 26 [2]
$1,-1
4 27 [14][4]
$C00D0A6BDC62A303,C0237DE5DE1D67EF,40114829EE8C050C,401E
$C00C5F2110D2175E,C0236BBE70893229,401135A1FF463892,401E
$C00B15625DF9164A,C023462C1EF24935,401111899B692A52,401E
$C009D123FB240576,C0231DB80A9DDDB4,4010ED71378C1C12,401E
$C00892CD0886ECD4,C022F26F114CEA1E,4010C958D3AF0DD2,401E
$C0075AC2C59F34CD,C022C45EF74DF2A,4010A5406FD1FF92,401E
$C006296870FFF2DA,C0229396631C1CFC,401081280BF4F152,401E
$C004FF1F28C15831,C0226024D8B6591C,40105D0FA817E312,401E
$C003DC45CB9D4C6A,C0222A1AB4B015BB,401038F7443AD4D2,401E
$C002C138DAC30731,C021F18926FD12E7,401014DEE05DC692,401E
$C001AE525C6B41A3,C021B6822D79FA13,400FE18CF90170A4,401E
$C000A3E9BF365AF7,C02179188E3378D,400F995C31475423,401E
$BFFF44A77CBB1738,C021395FD16DB014,400F512B698D37A3,401E
$BFFD53C48D7FFDDB,C020F76C3B6DDE39,400F08FAA1D31B24,401E
4 28 56
4 29 240
4 30 238
4 31 454
4 32 0
4 33 0
3 22 ->
4 23 241
4 24 4
4 25 0
4 26 [2]
$1,-1
4 27 [14][4]
$C00D0A6BDC62A303,C0237DE5DE1D67EF,40114829EE8C050C,401E
$C00C5F2110D2175E,C0236BBE70893229,401135A1FF463892,401E
$C00B15625DF9164A,C023462C1EF24935,401111899B692A52,401E
$C009D123FB240576,C0231DB80A9DDDB4,4010ED71378C1C12,401E
$C00892CD0886ECD4,C022F26F114CEA1E,4010C958D3AF0DD2,401E
$C0075AC2C59F34CD,C022C45EF74DF2A,4010A5406FD1FF92,401E
$C006296870FFF2DA,C0229396631C1CFC,401081280BF4F152,401E
$C004FF1F28C15831,C0226024D8B6591C,40105D0FA817E312,401E
$C003DC45CB9D4C6A,C0222A1AB4B015BB,401038F7443AD4D2,401E
$C002C138DAC30731,C021F18926FD12E7,401014DEE05DC692,401E
$C001AE525C6B41A3,C021B6822D79FA13,400FE18CF90170A4,401E
$C000A3E9BF365AF7,C02179188E3378D,400F995C31475423,401E
$BFFF44A77CBB1738,C021395FD16DB014,400F512B698D37A3,401E
$BFFD53C48D7FFDDB,C020F76C3B6DDE39,400F08FAA1D31B24,401E
4 28 55
4 29 239
4 30 237
4 31 453
4 32 0
4 33 0
3 22 ->
4 23 408
4 24 4
4 25 0
4 26 [2]
$1,-1
4 27 [4][4]
$40144698F7E6C017,401E,C00D0A6BDC62A30A,C0237DE5DE1D67F2
$40145E77BEB01268,401E,C00ED9A1F7ACC4B3,C02351387D6AD16
$4014778B97DC0DD1,401E,C0105DD29FE9C804,C0231F63CA6963F2
$4014909F7108093A,401E,C0114C51028BA1E4,C022EA9F82EB4F19
4 28 96
4 29 56
4 30 98
4 31 242
4 32 0
4 33 0
3 22 ->
4 23 407
4 24 4
4 25 0
4 26 [2]
$1,-1
4 27 [4][4]
$40144698F7E6C017,401E,C00D0A6BDC62A30A,C0237DE5DE1D67F2
$40145E77BEB01268,401E,C00ED9A1F7ACC4B3,C02351387D6AD16
$4014778B97DC0DD1,401E,C0105DD29FE9C804,C0231F63CA6963F2
$4014909F7108093A,401E,C0114C51028BA1E4,C022EA9F82EB4F19
4 28 95
4 29 55
4 30 97
4 31 241
4 32 0
4 33 0
3 22 ->
4 23 404
4 24 4
4 25 0
4 26 [2]
$1,-1
4 27 [3][4]
$C012CF543B20FEFD,C01D2DB9CCEBC9FE,3FA85FE1E08752E2,401E
$C012D45ACDC796D5,C01DC7C261119C86,3F920C31EE872021,401E
$C012D5272FA2C7C1,C01E225A8EBCFF6E,3CA97F7D73404148,401E
4 28 56
4 29 272
4 30 406
4 31 456
4 32 0
4 33 0
3 22 ->
4 23 403
4 24 4
4 25 0
4 26 [2]
$1,-1
4 27 [3][4]
$C012CF543B20FEFD,C01D2DB9CCEBC9FE,3FA85FE1E08752E2,401E
$C012D45ACDC796D5,C01DC7C261119C86,3F920C31EE872021,401E
$C012D5272FA2C7C1,C01E225A8EBCFF6E,3CA97F7D73404148,401E
4 28 55
4 29 271
4 30 405
4 31 455
4 32 0
4 33 0
3 22 ->
4 23 278
4 24 4
4 25 0
4 26 [2]
$1,-1
4 27 [11][4]
$C011728944C4195C,C017A87E696DF91,3FDBECDE5DA11638,401E
$C011ADB74BFDC9EE,C0182E1C2D5B7C57,3FD971751D050AB4,401E
$C011E6D1C550951C,C018BE590BDB9406,3FD6CEEE6BF76141,401E
$C01219F018E4911D,C01950D04BF3C353,3FD42C67BAE9B7CB,401E
$C01246FC19440D2B,C019E54262731C51,3FD189E109DC0E5C,401E
$C0126DE23B501425,C01A7B6EE844E7E9,3FCDCEB4B19CC9CC,401E
$C0128E919EBB02FD,C01B1314B661837C,3FC889A74F8176DB,401E
$C012A8FC155AE22D,C01BABF20212855,3FC34499ED6623F9,401E
$C012BD16295054F7,C01C45C4797DE464,3FBBFF191695A23,401E
$C012CAD721FF7346,C01CE049606BC16C,3FB174FE525EFC43,401E
$C012CF543B20FEFD,C01D2DB9CCEBC9FE,3FA85FE1E08752A9,401E
4 28 56
4 29 276
4 30 404
4 31 458
4 32 0
4 33 0
3 22 ->
4 23 277
4 24 4
4 25 0
4 26 [2]
$1,-1
4 27 [11][4]
$C011728944C4195C,C017A87E696DF91,3FDBECDE5DA11638,401E
$C011ADB74BFDC9EE,C0182E1C2D5B7C57,3FD971751D050AB4,401E
$C011E6D1C550951C,C018BE590BDB9406,3FD6CEEE6BF76141,401E
$C01219F018E4911D,C01950D04BF3C353,3FD42C67BAE9B7CB,401E
$C01246FC19440D2B,C019E54262731C51,3FD189E109DC0E5C,401E
$C0126DE23B501425,C01A7B6EE844E7E9,3FCDCEB4B19CC9CC,401E
$C0128E919EBB02FD,C01B1314B661837C,3FC889A74F8176DB,401E
$C012A8FC155AE22D,C01BABF20212855,3FC34499ED6623F9,401E
$C012BD16295054F7,C01C45C4797DE464,3FBBFF191695A23,401E
$C012CAD721FF7346,C01CE049606BC16C,3FB174FE525EFC43,401E
$C012CF543B20FEFD,C01D2DB9CCEBC9FE,3FA85FE1E08752A9,401E
4 28 55
4 29 275
4 30 403
4 31 457
4 32 0
4 33 0
3 22 ->
4 23 282
4 24 4
4 25 0
4 26 [2]
$1,-1
4 27 [2][4]
$C00E38754EDA8E2C,C012A56B8BFC6FFA,3FD623A2477BE7E9,C01E
$C011728944C4195B,C017A87E696DF91,3FFBA7C4E9E6AFC6,C01E
4 28 56
4 29 280
4 30 278
4 31 460
4 32 0
4 33 0
3 22 ->
4 23 281
4 24 4
4 25 0
4 26 [2]
$1,-1
4 27 [2][4]
$C00E38754EDA8E2C,C012A56B8BFC6FFA,3FD623A2477BE7E9,C01E
$C011728944C4195B,C017A87E696DF91,3FFBA7C4E9E6AFC6,C01E
4 28 55
4 29 279
4 30 277
4 31 459
4 32 0
4 33 0
3 22 ->
4 23 62
4 24 4
4 25 0
4 26 [2]
$1,-1
4 27 [19][4]
$4009F7B9A28C3BC8,4034,C017DE919A9DD5AD,BFE40088926FDA88
$400A322F5793B039,4034,C017C9CFB54B574F,BFE971A8A3D7870F
$400A74379B8BC66A,4034,C017AC661B7CD3F4,BFEF90CC7B099337
$400AB63FDF83DC9C,4034,C01788AFCBE09BAE,BFF2D3C4FC27A833
$400AF848237BF2CE,4034,C0175EB6474A38AB,BFF5DA2128A3B43A
$400B3A50677408FF,4034,C0172E84B92CCE1F,BFF8DAACB3151A5A
$400B7C58AB6C1F31,4034,C016F827F4A22D6,BFFBD49B17BA7AE5
$400BBE60EF643562,4034,C016BBAE71012E93,BFFEC72195611BBB
$400C0069335C4B93,4034,C01679284604354B,C000D8BBB1AC9A74
$400C4271775461C5,4034,C01630A72780E77A,C002496AF371FE15
$400C8479BB4C77F6,4034,C015E23E60B23A51,C003B53C74069BE4
$400CC681FF448E28,4034,C0158E02CF16160C,C0051BCF62F12436
$400D088A433CA45A,4034,C015340ADCDFEE6A,C0067CC454FC6261
$400D4A928734BA8B,4034,C014D46E7B01CA01,C007D7BD5D9B7875
$400D8C9ACB2CD0BC,4034,C0146F471ACD4ED3,C0092C5E27E8471A
$400DCEA30F24E6EE,4034,C01404AFA72E8629,C00A7A4C0F355AEE
$400E10AB531CFD1F,4034,C01394C47D8224D4,C00BC12E372CD58B
$400E52B397151351,4034,C0131FA366093FF3,C00D00ADA375E716
$400E94BBDB0D2982,4034,C012A56B8BFC7045,C00E38754EDA8D73
4 28 354
4 29 60
4 30 462
4 31 310
4 32 0
4 33 0
3 22 ->
4 23 61
4 24 4
4 25 0
4 26 [2]
$1,-1
4 27 [19][4]
$4009F7B9A28C3BC8,4034,C017DE919A9DD5AD,BFE40088926FDA88
$400A322F5793B039,4034,C017C9CFB54B574F,BFE971A8A3D7870F
$400A74379B8BC66A,4034,C017AC661B7CD3F4,BFEF90CC7B099337
$400AB63FDF83DC9C,4034,C01788AFCBE09BAE,BFF2D3C4FC27A833
$400AF848237BF2CE,4034,C0175EB6474A38AB,BFF5DA2128A3B43A
$400B3A50677408FF,4034,C0172E84B92CCE1F,BFF8DAACB3151A5A
$400B7C58AB6C1F31,4034,C016F827F4A22D6,BFFBD49B17BA7AE5
$400BBE60EF643562,4034,C016BBAE71012E93,BFFEC72195611BBB
$400C0069335C4B93,4034,C01679284604354B,C000D8BBB1AC9A74
$400C4271775461C5,4034,C01630A72780E77A,C002496AF371FE15
$400C8479BB4C77F6,4034,C015E23E60B23A51,C003B53C74069BE4
$400CC681FF448E28,4034,C0158E02CF16160C,C0051BCF62F12436
$400D088A433CA45A,4034,C015340ADCDFEE6A,C0067CC454FC6261
$400D4A928734BA8B,4034,C014D46E7B01CA01,C007D7BD5D9B7875
$400D8C9ACB2CD0BC,4034,C0146F471ACD4ED3,C0092C5E27E8471A
$400DCEA30F24E6EE,4034,C01404AFA72E8629,C00A7A4C0F355AEE
$400E10AB531CFD1F,4034,C01394C47D8224D4,C00BC12E372CD58B
$400E52B397151351,4034,C0131FA366093FF3,C00D00ADA375E716
$400E94BBDB0D2982,4034,C012A56B8BFC7045,C00E38754EDA8D73
4 28 353
4 29 59
4 30 461
4 31 309
4 32 0
4 33 0
3 22 ->
4 23 464
4 24 4
4 25 0
4 26 [2]
$1,-1
4 27 [2][4]
$C017A87E696DF963,C011728944C418E4,BFFBA7C4E9E6AFC7,C01E000000000002
$C012A56B8BFC7045,C00E38754EDA8D74,BFD623A2477BE83,C01E000000000002
4 28 60
4 29 260
4 30 62
4 31 466
4 32 0
4 33 0
3 22 ->
4 23 463
4 24 4
4 25 0
4 26 [2]
$1,-1
4 27 [2][4]
$C017A87E696DF963,C011728944C418E4,BFFBA7C4E9E6AFC7,C01E000000000002
$C012A56B8BFC7045,C00E38754EDA8D74,BFD623A2477BE83,C01E000000000002
4 28 59
4 29 259
4 30 61
4 31 465
4 32 0
4 33 0
3 22 ->
4 23 266
4 24 4
4 25 0
4 26 [2]
$1,-1
4 27 [11][4]
$C01D2DB9CCEBCA52,C012CF543B20FE68,4012A8BCBB72133E,401E
$C01C9BEB1175766C,C012C58BAD0E5DC5,4012810627685287,401E
$C01C01ACC8F39345,C012B4FB7D6FD66A,401256DDBC5777F,401E
$C01B683E7AA293EC,C0129E15B6A1DB34,40122CB551469D58,401E
$C01ACFE2B74608C4,C01280E447C1391F,4012028CE635C2C1,401E
$C01A38DB98857AC7,C0125D73DB20FB91,4011D8647B24E82A,401E
$C019A36AA43F040A,C01233D3D0CBC067,4011AE3C10140D92,401E
$C0190FD0B01A063A,C012041637D81475,40118413A50332FC,401E
$C0187E4DC5665422,C011CE4FC692BD5F,401159EB39F25864,401E
$C017EF2105540281,C0119297D18256EC,40112FC2CEE17DCD,401E
$C017A87E696DF961,C011728944C418E2,40111AAE99591081,401E
4 28 60
4 29 264
4 30 464
4 31 468
4 32 0
4 33 0
3 22 ->
4 23 265
4 24 4
4 25 0
4 26 [2]
$1,-1
4 27 [11][4]
$C01D2DB9CCEBCA52,C012CF543B20FE68,4012A8BCBB72133E,401E
$C01C9BEB1175766C,C012C58BAD0E5DC5,4012810627685287,401E
$C01C01ACC8F39345,C012B4FB7D6FD66A,401256DDBC5777F,401E
$C01B683E7AA293EC,C0129E15B6A1DB34,40122CB551469D58,401E
$C01ACFE2B74608C4,C01280E447C1391F,4012028CE635C2C1,401E
$C01A38DB98857AC7,C0125D73DB20FB91,4011D8647B24E82A,401E
$C019A36AA43F040A,C01233D3D0CBC067,4011AE3C10140D92,401E
$C0190FD0B01A063A,C012041637D81475,40118413A50332FC,401E
$C0187E4DC5665422,C011CE4FC692BD5F,401159EB39F25864,401E
$C017EF2105540281,C0119297D18256EC,40112FC2CEE17DCD,401E
$C017A87E696DF961,C011728944C418E2,40111AAE99591081,401E
4 28 59
4 29 263
4 30 463
4 31 467
4 32 0
4 33 0
3 22 ->
4 23 270
4 24 4
4 25 0
4 26 [2]
$1,-1
4 27 [14][4]
$C022EA9F82EB4F41,C0114C51028BA123,40146C6959148AB9,401E
$C022BF817C1FE881,C0116F3426C7FAF5,401459E169CEBE3F,401E
$C0226AA5C1491F3D,C011AEA6E5CB982D,401435C905F1B,401E
$C02214B94E71E8C4,C011E8146100682F,401411B0A214A1BF,401E
$C021BDD777943709,C0121B6A54970BEE,4013ED983E37937F,401E
$C021661BDEB5E903,C01248986CC268BF,4013C97FDA5A853F,401E
$C0210DA26B1EE592,C0126F904AE90B58,4013A567767D76FF,401E
$C020B48740792F61,C01290458A37229B,4013814F12A068BF,401E
$C0205AE6B5DDC451,C012AAADC38F9DF7,40135D36AEC35A7F,401E
$C02000DD4CD12118,C012BEC090DB2E5C,4013391E4AE64C3F,401E
$C01F4D0F50648E31,C012CC778FB41C94,40131505E7093DFF,401E
$C01E9805063E4CDB,C012D3CE636E1B42,4012F0ED832C2FBE,401E
$C01DE2D54FA2A3E9,C012D4C2B6796F6C,4012CCD51F4F217F,401E
$C01D2DB9CCEBCA51,C012CF543B20FE66,4012A8BCBB72133F,401E
4 28 60
4 29 268
4 30 266
4 31 470
4 32 0
4 33 0
3 22 ->
4 23 269
4 24 4
4 25 0
4 26 [2]
$1,-1
4 27 [14][4]
$C022EA9F82EB4F41,C0114C51028BA123,40146C6959148AB9,401E
$C022BF817C1FE881,C0116F3426C7FAF5,401459E169CEBE3F,401E
$C0226AA5C1491F3D,C011AEA6E5CB982D,401435C905F1B,401E
$C02214B94E71E8C4,C011E8146100682F,401411B0A214A1BF,401E
$C021BDD777943709,C0121B6A54970BEE,4013ED983E37937F,401E
$C021661BDEB5E903,C01248986CC268BF,4013C97FDA5A853F,401E
$C0210DA26B1EE592,C0126F904AE90B58,4013A567767D76FF,401E
$C020B48740792F61,C01290458A37229B,4013814F12A068BF,401E
$C0205AE6B5DDC451,C012AAADC38F9DF7,40135D36AEC35A7F,401E
$C02000DD4CD12118,C012BEC090DB2E5C,4013391E4AE64C3F,401E
$C01F4D0F50648E31,C012CC778FB41C94,40131505E7093DFF,401E
$C01E9805063E4CDB,C012D3CE636E1B42,4012F0ED832C2FBE,401E
$C01DE2D54FA2A3E9,C012D4C2B6796F6C,4012CCD51F4F217F,401E
$C01D2DB9CCEBCA51,C012CF543B20FE66,4012A8BCBB72133F,401E
4 28 59
4 29 267
4 30 265
4 31 469
4 32 0
4 33 0
3 22 ->
4 23 472
4 24 4
4 25 0
4 26 [2]
$1,-1
4 27 [4][4]
$40176AD8626F45C5,401E,C022EA9F82EB4F46,C0114C51028BA11F
$401782B72938980E,401E,C0231CEA9DF272B7,C010695D0267A9AE
$40179BCB02649377,401E,C0234EE3ADB782A3,C00EF0F2FBEC8118
$4017B4DEDB908EE,401E,C0237DE5DE1D6809,C00D0A6BDC62A21
4 28 92
4 29 60
4 30 94
4 31 270
4 32 0
4 33 0
3 22 ->
4 23 471
4 24 4
4 25 0
4 26 [2]
$1,-1
4 27 [4][4]
$40176AD8626F45C5,401E,C022EA9F82EB4F46,C0114C51028BA11F
$401782B72938980E,401E,C0231CEA9DF272B7,C010695D0267A9AE
$40179BCB02649377,401E,C0234EE3ADB782A3,C00EF0F2FBEC8118
$4017B4DEDB908EE,401E,C0237DE5DE1D6809,C00D0A6BDC62A21
4 28 91
4 29 59
4 30 93
4 31 269
4 32 0
4 33 0
3 22 ->
4 23 302
4 24 4
4 25 0
4 26 [2]
$1,-1
4 27 [14][4]
$C020F76C3B6DDE49,BFFD53C48D7FFC5,3FEAA7F9724CA257,401E
$C021198E238D91B2,BFFE508AC7EFC47,3FEA13B9F81E3E92,401E
$C0215A5F3B737D,C000257286221C82,3FE8F2F6D935CC94,401E
$C02198EAFB6B938F,C0012B9A7D9B3257,3FE7D233BA4D5A93,401E
$C021D51D7EEB4132,C0023A69E9688914,3FE6B1709B64E891,401E
$C0220EE3A0A11E65,C003518AA7EF4D4B,3FE590AD7C7C7694,401E
$C022462B008BCDE4,C00470A3F25954BC,3FE46FEA5D940494,401E
$C0227AE209D218D8,C005975A78D16515,3FE34F273EAB9293,401E
$C022ACF7F85A6DD6,C006C5507F8DE491,3FE22E641FC32092,401E
$C022DC5CDE1FFB62,C007FA25FCA0B7D1,3FE10DA100DAAE9,401E
$C0230901A843B3BD,C0093578B682D1AA,3FDFD9BBC3E4791F,401E
$C02332D823D79D96,C00A76E46351BDCB,3FDD98358613951C,401E
$C02359D30262EB23,C00BBE02C8B536BF,3FDB56AF4842B11C,401E
$C0237DE5DE1D6807,C00D0A6BDC62A21E,3FD915290A71CD1C,401E
4 28 60
4 29 300
4 30 472
4 31 474
4 32 0
4 33 0
3 22 ->
4 23 301
4 24 4
4 25 0
4 26 [2]
$1,-1
4 27 [14][4]
$C020F76C3B6DDE49,BFFD53C48D7FFC5,3FEAA7F9724CA257,401E
$C021198E238D91B2,BFFE508AC7EFC47,3FEA13B9F81E3E92,401E
$C0215A5F3B737D,C000257286221C82,3FE8F2F6D935CC94,401E
$C02198EAFB6B938F,C0012B9A7D9B3257,3FE7D233BA4D5A93,401E
$C021D51D7EEB4132,C0023A69E9688914,3FE6B1709B64E891,401E
$C0220EE3A0A11E65,C003518AA7EF4D4B,3FE590AD7C7C7694,401E
$C022462B008BCDE4,C00470A3F25954BC,3FE46FEA5D940494,401E
$C0227AE209D218D8,C005975A78D16515,3FE34F273EAB9293,401E
$C022ACF7F85A6DD6,C006C5507F8DE491,3FE22E641FC32092,401E
$C022DC5CDE1FFB62,C007FA25FCA0B7D1,3FE10DA100DAAE9,401E
$C0230901A843B3BD,C0093578B682D1AA,3FDFD9BBC3E4791F,401E
$C02332D823D79D96,C00A76E46351BDCB,3FDD98358613951C,401E
$C02359D30262EB23,C00BBE02C8B536BF,3FDB56AF4842B11C,401E
$C0237DE5DE1D6807,C00D0A6BDC62A21E,3FD915290A71CD1C,401E
4 28 59
4 29 299
4 30 471
4 31 473
4 32 0
4 33 0
3 22 ->
4 23 306
4 24 4
4 25 0
4 26 [2]
$1,-1
4 27 [11][4]
$C01D10E7E748EBB2,BFF1911444ECBD1F,3FF38C35418A5C23,401E
$C01D993BB8436695,BFF2639E0871CC6,3FF2ED5AF1635943,401E
$C01E279A5DFFA98E,BFF35A120BD99756,3FF244B9451FEEE6,401E
$C01EB350F173CBB1,BFF467C0E8A151CB,3FF19C1798DC8489,401E
$C01F3C22D569AC7F,BFF58C359E8065AD,3FF0F375EC991A2B,401E
$C01FC1D4AE033A72,BFF6C6F14BEB937,3FF04AD44055AFCE,401E
$C02022163D3D902A,BFF8176B6520F4F3,3FEF446528248AE4,401E
$C0206178D7276E36,BFF97D11EF656E2E,3FEDF321CF9DB626,401E
$C0209EF6A4E3AB3F,BFFAF749C059D874,3FECA1DE7716E173,401E
$C020DA74F8EAA80A,BFFC856EC14C6E0A,3FEB509B1E900CB3,401E
$C020F76C3B6DDE49,BFFD53C48D7FFC5,3FEAA7F9724CA256,401E
4 28 60
4 29 304
4 30 302
4 31 476
4 32 0
4 33 0
3 22 ->
4 23 305
4 24 4
4 25 0
4 26 [2]
$1,-1
4 27 [11][4]
$C01D10E7E748EBB2,BFF1911444ECBD1F,3FF38C35418A5C23,401E
$C01D993BB8436695,BFF2639E0871CC6,3FF2ED5AF1635943,401E
$C01E279A5DFFA98E,BFF35A120BD99756,3FF244B9451FEEE6,401E
$C01EB350F173CBB1,BFF467C0E8A151CB,3FF19C1798DC8489,401E
$C01F3C22D569AC7F,BFF58C359E8065AD,3FF0F375EC991A2B,401E
$C01FC1D4AE033A72,BFF6C6F14BEB937,3FF04AD44055AFCE,401E
$C02022163D3D902A,BFF8176B6520F4F3,3FEF446528248AE4,401E
$C0206178D7276E36,BFF97D11EF656E2E,3FEDF321CF9DB626,401E
$C0209EF6A4E3AB3F,BFFAF749C059D874,3FECA1DE7716E173,401E
$C020DA74F8EAA80A,BFFC856EC14C6E0A,3FEB509B1E900CB3,401E
$C020F76C3B6DDE49,BFFD53C48D7FFC5,3FEAA7F9724CA256,401E
4 28 59
4 29 303
4 30 301
4 31 475
4 32 0
4 33 0
3 22 ->
4 23 310
4 24 4
4 25 0
4 26 [2]
$1,-1
4 27 [2][4]
$C017DE919A9DD5AF,BFE40088926FDA76,3FD623A2477BE7F8,C01E
$C01D10E7E748EBB2,BFF1911444ECBD22,3FFBA7C4E9E6AFC7,C01E
4 28 60
4 29 308
4 30 306
4 31 398
4 32 0
4 33 0
3 22 ->
4 23 309
4 24 4
4 25 0
4 26 [2]
$1,-1
4 27 [2][4]
$C017DE919A9DD5AF,BFE40088926FDA76,3FD623A2477BE7F8,C01E
$C01D10E7E748EBB2,BFF1911444ECBD22,3FFBA7C4E9E6AFC7,C01E
4 28 59
4 29 307
4 30 305
4 31 397
4 32 0
4 33 0
3 22 ->
4 23 478
4 24 4
4 25 0
4 26 [2]
$1,-1
4 27 [2][4]
$C01D10E7E748EB95,3FF1911444ECBFD1,BFFBA7C4E9E6AFCA,C01E000000000002
$C017DE919A9DD5A,3FE40088926FDEE5,BFD623A2477BE837,C01E000000000002
4 28 64
4 29 288
4 30 66
4 31 480
4 32 0
4 33 0
3 22 ->
4 23 477
4 24 4
4 25 0
4 26 [2]
$1,-1
4 27 [2][4]
$C01D10E7E748EB95,3FF1911444ECBFD1,BFFBA7C4E9E6AFCA,C01E000000000002
$C017DE919A9DD5A,3FE40088926FDEE5,BFD623A2477BE837,C01E000000000002
4 28 63
4 29 287
4 30 65
4 31 479
4 32 0
4 33 0
3 22 ->
4 23 294
4 24 4
4 25 0
4 26 [2]
$1,-1
4 27 [11][4]
$C020F76C3B6DDE3,3FFD53C48D7FFF6D,4015CCFC25FA98E4,401E
$C020C069BED847C4,3FFBD3088FD945EA,4015A54591F0D82C,401E
$C02084061AA18CEC,3FFA4D9D8B63E157,40157B1D26DFFD95,401E
$C02045AEACC020A8,3FF8DC6953947C7C,401550F4BBCF22FE,401E
$C020057E81262A2D,3FF7800C15F80634,401526CC50BE4867,401E
$C01F8722E1BD61D,3FF6391CF58B7502,4014FCA3E5AD6DD,401E
$C01F00082BF1660A,3FF50829C929D1CF,4014D27B7A9C9338,401E
$C01E75E77E3CFD98,3FF3EDB6DE02DF73,4014A8530F8BB8A1,401E
$C01DE8FCC5BD61C7,3FF2EA3EBE3511C4,40147E2AA47ADE09,401E
$C01D59852558B78E,3FF1FE31FBA3BAD2,40145402396A0372,401E
$C01D10E7E748EB92,3FF1911444ECBFD3,40143EEE03E19626,401E
4 28 64
4 29 292
4 30 478
4 31 482
4 32 0
4 33 0
3 22 ->
4 23 293
4 24 4
4 25 0
4 26 [2]
$1,-1
4 27 [11][4]
$C020F76C3B6DDE3,3FFD53C48D7FFF6D,4015CCFC25FA98E4,401E
$C020C069BED847C4,3FFBD3088FD945EA,4015A54591F0D82C,401E
$C02084061AA18CEC,3FFA4D9D8B63E157,40157B1D26DFFD95,401E
$C02045AEACC020A8,3FF8DC6953947C7C,401550F4BBCF22FE,401E
$C020057E81262A2D,3FF7800C15F80634,401526CC50BE4867,401E
$C01F8722E1BD61D,3FF6391CF58B7502,4014FCA3E5AD6DD,401E
$C01F00082BF1660A,3FF50829C929D1CF,4014D27B7A9C9338,401E
$C01E75E77E3CFD98,3FF3EDB6DE02DF73,4014A8530F8BB8A1,401E
$C01DE8FCC5BD61C7,3FF2EA3EBE3511C4,40147E2AA47ADE09,401E
$C01D59852558B78E,3FF1FE31FBA3BAD2,40145402396A0372,401E
$C01D10E7E748EB92,3FF1911444ECBFD3,40143EEE03E19626,401E
4 28 63
4 29 291
4 30 477
4 31 481
4 32 0
4 33 0
3 22 ->
4 23 298
4 24 4
4 25 0
4 26 [2]
$1,-1
4 27 [14][4]
$C0237DE5DE1D67D9,400D0A6BDC62A3EA,401790A8C39D105E,401E
$C0236BBE70893215,400C5F2110D21844,40177E20D45743E4,401E
$C023462C1EF24921,400B15625DF9172E,40175A08707A35A4,401E
$C0231DB80A9DDDA,4009D123FB240658,401735F00C9D2764,401E
$C022F26F114CEA0C,400892CD0886EDB5,401711D7A8C01924,401E
$C022C45EF74DF28F,40075AC2C59F35A9,4016EDBF44E30AE4,401E
$C0229396631C1CEB,4006296870FFF3B6,4016C9A6E105FCA4,401E
$C0226024D8B6590D,4004FF1F28C1590B,4016A58E7D28EE64,401E
$C0222A1AB4B015AD,4003DC45CB9D4D42,40168176194BE024,401E
$C021F18926FD12D9,4002C138DAC30805,40165D5DB56ED1E4,401E
$C021B6822D79FA05,4001AE525C6B4274,401639455191C3A3,401E
$C02179188E3378C4,4000A3E9BF365BC6,4016152CEDB4B564,401E
$C021395FD16DB009,3FFF44A77CBB18CE,4015F11489D7A723,401E
$C020F76C3B6DDE2F,3FFD53C48D7FFF6D,4015CCFC25FA98E4,401E
4 28 64
4 29 296
4 30 294
4 31 484
4 32 0
4 33 0
3 22 ->
4 23 297
4 24 4
4 25 0
4 26 [2]
$1,-1
4 27 [14][4]
$C0237DE5DE1D67D9,400D0A6BDC62A3EA,401790A8C39D105E,401E
$C0236BBE70893215,400C5F2110D21844,40177E20D45743E4,401E
$C023462C1EF24921,400B15625DF9172E,40175A08707A35A4,401E
$C0231DB80A9DDDA,4009D123FB240658,401735F00C9D2764,401E
$C022F26F114CEA0C,400892CD0886EDB5,401711D7A8C01924,401E
$C022C45EF74DF28F,40075AC2C59F35A9,4016EDBF44E30AE4,401E
$C0229396631C1CEB,4006296870FFF3B6,4016C9A6E105FCA4,401E
$C0226024D8B6590D,4004FF1F28C1590B,4016A58E7D28EE64,401E
$C0222A1AB4B015AD,4003DC45CB9D4D42,40168176194BE024,401E
$C021F18926FD12D9,4002C138DAC30805,40165D5DB56ED1E4,401E
$C021B6822D79FA05,4001AE525C6B4274,401639455191C3A3,401E
$C02179188E3378C4,4000A3E9BF365BC6,4016152CEDB4B564,401E
$C021395FD16DB009,3FFF44A77CBB18CE,4015F11489D7A723,401E
$C020F76C3B6DDE2F,3FFD53C48D7FFF6D,4015CCFC25FA98E4,401E
4 28 63
4 29 295
4 30 293
4 31 483
4 32 0
4 33 0
3 22 ->
4 23 486
4 24 4
4 25 0
4 26 [2]
$1,-1
4 27 [4][4]
$3FD6D1C78B39E513,401E,C0237DE5DE1D67DC,400D0A6BDC62A3F3
$3FD84FB3F7CF099D,401E,C02351387D6AD15B,400ED9A1F7ACC4F5
$3FD9E0F18A8EC02D,401E,C0231F63CA6963EA,40105DD29FE9C824
$3FDB722F1D4E76BB,401E,C022EA9F82EB4F11,40114C51028BA205
4 28 84
4 29 64
4 30 86
4 31 298
4 32 0
4 33 0
3 22 ->
4 23 485
4 24 4
4 25 0
4 26 [2]
$1,-1
4 27 [4][4]
$3FD6D1C78B39E513,401E,C0237DE5DE1D67DC,400D0A6BDC62A3F3
$3FD84FB3F7CF099D,401E,C02351387D6AD15B,400ED9A1F7ACC4F5
$3FD9E0F18A8EC02D,401E,C0231F63CA6963EA,40105DD29FE9C824
$3FDB722F1D4E76BB,401E,C022EA9F82EB4F11,40114C51028BA205
4 28 83
4 29 63
4 30 85
4 31 297
4 32 0
4 33 0
3 22 ->
4 23 330
4 24 4
4 25 0
4 26 [2]
$1,-1
4 27 [14][4]
$C01D2DB9CCEBC9EB,4012CF543B20FF1A,3FF9E4FA634867BE,401E
$C01D8AAE53B574E7,4012D2EA3CA3F31E,3FF99ADAA63135DC,401E
$C01E3FDB6861693E,4012D51182EE450D,3FF90A7916BCFCDB,401E
$C01EF4FF1ADDBF26,4012D0D5E1C4F6E3,3FF87A178748C3DA,401E
$C01FA9DFCEA29C33,4012C638B1CE176E,3FF7E9B5F7D48ADB,401E
$C0202F21FE3B781D,4012B53D533D67CE,3FF75954686051DA,401E
$C02088F9225E3A49,40129DE92CC17F56,3FF6C8F2D8EC18DB,401E
$C020E258C0D7896,40128043A9CC086B,3FF638914977DFD9,401E
$C0213B246CC8F253,40125C563835A21A,3FF5A82FBA03A6D9,401E
$C021933FE8620349,4012322C453E26AE,3FF517CE2A8F6DD9,401E
$C021EA8F2DDBBD58,401201D339EA4B4B,3FF4876C9B1B34D8,401E
$C02240F6786233B5,4011CB5A76BFC0A2,3FF3F70B0BA6FBD8,401E
$C022965A4CE982A5,40118ED34EE12FDA,3FF366A97C32C2D8,401E
$C022EA9F82EB4F11,40114C51028BA206,3FF2D647ECBE89DA,401E
4 28 64
4 29 328
4 30 486
4 31 488
4 32 0
4 33 0
3 22 ->
4 23 329
4 24 4
4 25 0
4 26 [2]
$1,-1
4 27 [14][4]
$C01D2DB9CCEBC9EB,4012CF543B20FF1A,3FF9E4FA634867BE,401E
$C01D8AAE53B574E7,4012D2EA3CA3F31E,3FF99ADAA63135DC,401E
$C01E3FDB6861693E,4012D51182EE450D,3FF90A7916BCFCDB,401E
$C01EF4FF1ADDBF26,4012D0D5E1C4F6E3,3FF87A178748C3DA,401E
$C01FA9DFCEA29C33,4012C638B1CE176E,3FF7E9B5F7D48ADB,401E
$C0202F21FE3B781D,4012B53D533D67CE,3FF75954686051DA,401E
$C02088F9225E3A49,40129DE92CC17F56,3FF6C8F2D8EC18DB,401E
$C020E258C0D7896,40128043A9CC086B,3FF638914977DFD9,401E
$C0213B246CC8F253,40125C563835A21A,3FF5A82FBA03A6D9,401E
$C021933FE8620349,4012322C453E26AE,3FF517CE2A8F6DD9,401E
$C021EA8F2DDBBD58,401201D339EA4B4B,3FF4876C9B1B34D8,401E
$C02240F6786233B5,4011CB5A76BFC0A2,3FF3F70B0BA6FBD8,401E
$C022965A4CE982A5,40118ED34EE12FDA,3FF366A97C32C2D8,401E
$C022EA9F82EB4F11,40114C51028BA206,3FF2D647ECBE89DA,401E
4 28 63
4 29 327
4 30 485
4 31 487
4 32 0
4 33 0
3 22 ->
4 23 334
4 24 4
4 25 0
4 26 [2]
$1,-1
4 27 [11][4]
$C017A87E696DF8FF,4011728944C41973,40000E9975D6395B,401E
$C0182E1C2D5B7C46,4011ADB74BFDCA07,3FFF7E589B856FD5,401E
$C018BE590BDB93F6,4011E6D1C5509534,3FFED5B6EF420578,401E
$C01950D04BF3C342,401219F018E49137,3FFE2D1542FE9B1B,401E
$C019E54262731C42,401246FC19440D46,3FFD847396BB30BD,401E
$C01A7B6EE844E7D9,40126DE23B50144,3FFCDBD1EA77C66,401E
$C01B1314B661836A,40128E919EBB0318,3FFC33303E345C04,401E
$C01BABF20212853F,4012A8FC155AE249,3FFB8A8E91F0F1A7,401E
$C01C45C4797DE455,4012BD1629505513,3FFAE1ECE5AD8748,401E
$C01CE049606BC15B,4012CAD721FF7363,3FFA394B396A1CEC,401E
$C01D2DB9CCEBC9ED,4012CF543B20FF19,3FF9E4FA634867BD,401E
4 28 64
4 29 332
4 30 330
4 31 490
4 32 0
4 33 0
3 22 ->
4 23 333
4 24 4
4 25 0
4 26 [2]
$1,-1
4 27 [11][4]
$C017A87E696DF8FF,4011728944C41973,40000E9975D6395B,401E
$C0182E1C2D5B7C46,4011ADB74BFDCA07,3FFF7E589B856FD5,401E
$C018BE590BDB93F6,4011E6D1C5509534,3FFED5B6EF420578,401E
$C01950D04BF3C342,401219F018E49137,3FFE2D1542FE9B1B,401E
$C019E54262731C42,401246FC19440D46,3FFD847396BB30BD,401E
$C01A7B6EE844E7D9,40126DE23B50144,3FFCDBD1EA77C66,401E
$C01B1314B661836A,40128E919EBB0318,3FFC33303E345C04,401E
$C01BABF20212853F,4012A8FC155AE249,3FFB8A8E91F0F1A7,401E
$C01C45C4797DE455,4012BD1629505513,3FFAE1ECE5AD8748,401E
$C01CE049606BC15B,4012CAD721FF7363,3FFA394B396A1CEC,401E
$C01D2DB9CCEBC9ED,4012CF543B20FF19,3FF9E4FA634867BD,401E
4 28 63
4 29 331
4 30 329
4 31 489
4 32 0
4 33 0
3 22 ->
4 23 338
4 24 4
4 25 0
4 26 [2]
$1,-1
4 27 [2][4]
$C012A56B8BFC6FEC,400E38754EDA8E5,3FD623A2477BE7F,C01E
$C017A87E696DF9,4011728944C41972,3FFBA7C4E9E6AFC6,C01E
4 28 64
4 29 336
4 30 334
4 31 492
4 32 0
4 33 0
3 22 ->
4 23 337
4 24 4
4 25 0
4 26 [2]
$1,-1
4 27 [2][4]
$C012A56B8BFC6FEC,400E38754EDA8E5,3FD623A2477BE7F,C01E
$C017A87E696DF9,4011728944C41972,3FFBA7C4E9E6AFC6,C01E
4 28 63
4 29 335
4 30 333
4 31 491
4 32 0
4 33 0
3 22 ->
4 23 494
4 24 4
4 25 0
4 26 [2]
$1,-1
4 27 [2][4]
$C011728944C418CD,4017A87E696DF974,BFFBA7C4E9E6AFC2,C01E
$C00E38754EDA8D4F,4012A56B8BFC7054,BFD623A2477BE825,C01E
4 28 68
4 29 316
4 30 70
4 31 496
4 32 0
4 33 0
3 22 ->
4 23 493
4 24 4
4 25 0
4 26 [2]
$1,-1
4 27 [2][4]
$C011728944C418CD,4017A87E696DF974,BFFBA7C4E9E6AFC2,C01E
$C00E38754EDA8D4F,4012A56B8BFC7054,BFD623A2477BE825,C01E
4 28 67
4 29 315
4 30 69
4 31 495
4 32 0
4 33 0
3 22 ->
4 23 322
4 24 4
4 25 0
4 26 [2]
$1,-1
4 27 [11][4]
$C012CF543B20FE4C,401D2DB9CCEBCA65,4018F13B90831E89,401E
$C012C58BAD0E5DA8,401C9BEB1175767E,4018C984FC795DD1,401E
$C012B4FB7D6FD64E,401C01ACC8F39358,40189F5C9168833A,401E
$C0129E15B6A1DB1A,401B683E7AA293FE,401875342657A8A2,401E
$C01280E447C13906,401ACFE2B74608D7,40184B0BBB46CE0B,401E
$C0125D73DB20FB78,401A38DB98857AD8,401820E35035F374,401E
$C01233D3D0CBC04E,4019A36AA43F041D,4017F6BAE52518DD,401E
$C012041637D8145D,40190FD0B01A064B,4017CC927A143E45,401E
$C011CE4FC692BD46,40187E4DC5665434,4017A26A0F0363AE,401E
$C0119297D18256D3,4017EF2105540292,40177841A3F28917,401E
$C011728944C418CB,4017A87E696DF972,4017632D6E6A1BCB,401E
4 28 68
4 29 320
4 30 494
4 31 380
4 32 0
4 33 0
3 22 ->
4 23 321
4 24 4
4 25 0
4 26 [2]
$1,-1
4 27 [11][4]
$C012CF543B20FE4C,401D2DB9CCEBCA65,4018F13B90831E89,401E
$C012C58BAD0E5DA8,401C9BEB1175767E,4018C984FC795DD1,401E
$C012B4FB7D6FD64E,401C01ACC8F39358,40189F5C9168833A,401E
$C0129E15B6A1DB1A,401B683E7AA293FE,401875342657A8A2,401E
$C01280E447C13906,401ACFE2B74608D7,40184B0BBB46CE0B,401E
$C0125D73DB20FB78,401A38DB98857AD8,401820E35035F374,401E
$C01233D3D0CBC04E,4019A36AA43F041D,4017F6BAE52518DD,401E
$C012041637D8145D,40190FD0B01A064B,4017CC927A143E45,401E
$C011CE4FC692BD46,40187E4DC5665434,4017A26A0F0363AE,401E
$C0119297D18256D3,4017EF2105540292,40177841A3F28917,401E
$C011728944C418CB,4017A87E696DF972,4017632D6E6A1BCB,401E
4 28 67
4 29 319
4 30 493
4 31 379
4 32 0
4 33 0
3 22 ->
4 23 384
4 24 4
4 25 0
4 26 [2]
$1,-1
4 27 [13][4]
$C0114C51028BA0FF,4022EA9F82EB4F49,3FD92ECD9E168EAA,401E
$C01179108931CAE4,4022B2E5A22DD8C2,3FD7B001891159F5,401E
$C011B79E33BDF0E7,40225DDF6D36F6C2,3FD56E7B4B4075FD,401E
$C011F023C0759AA4,402207CC9060A1FC,3FD32CF50D6F91FB,401E
$C012228F354D7B85,4021B0C86BDC80EE,3FD0EB6ECF9EADFB,401E
$C0124ED0890D443F,402158EEAC997421,3FCD53D1239B93F4,401E
$C01274D9A8694D6C,4021005B437638C4,3FC8D0C4A7F9CBF4,401E
$C012949E7A7C9F05,4020A72A5C5E6FC7,3FC44DB82C5803FA,401E
$C012AE14E4A1E829,40204D785554DD05,3FBF9557616C77D4,401E
$C012C134CDAA2E1A,401FE6C36ADB7025,3FB68F3E6A28E7D5,401E
$C012CDF820702C9B,401F32064777DA57,3FAB124AE5CAAF9D,401E
$C012D45ACDC7961E,401E7CF2BC686247,3F920C31EE871F25,401E
$C012D5272FA2C70B,401E225A8EBCFF5F,BCD,401E
4 28 68
4 29 324
4 30 386
4 31 82
4 32 0
4 33 0
3 22 ->
4 23 383
4 24 4
4 25 0
4 26 [2]
$1,-1
4 27 [13][4]
$C0114C51028BA0FF,4022EA9F82EB4F49,3FD92ECD9E168EAA,401E
$C01179108931CAE4,4022B2E5A22DD8C2,3FD7B001891159F5,401E
$C011B79E33BDF0E7,40225DDF6D36F6C2,3FD56E7B4B4075FD,401E
$C011F023C0759AA4,402207CC9060A1FC,3FD32CF50D6F91FB,401E
$C012228F354D7B85,4021B0C86BDC80EE,3FD0EB6ECF9EADFB,401E
$C0124ED0890D443F,402158EEAC997421,3FCD53D1239B93F4,401E
$C01274D9A8694D6C,4021005B437638C4,3FC8D0C4A7F9CBF4,401E
$C012949E7A7C9F05,4020A72A5C5E6FC7,3FC44DB82C5803FA,401E
$C012AE14E4A1E829,40204D785554DD05,3FBF9557616C77D4,401E
$C012C134CDAA2E1A,401FE6C36ADB7025,3FB68F3E6A28E7D5,401E
$C012CDF820702C9B,401F32064777DA57,3FAB124AE5CAAF9D,401E
$C012D45ACDC7961E,401E7CF2BC686247,3F920C31EE871F25,401E
$C012D5272FA2C70B,401E225A8EBCFF5F,BCD,401E
4 28 67
4 29 323
4 30 385
4 31 81
4 32 0
4 33 0
3 22 ->
4 23 498
4 24 4
4 25 0
4 26 [2]
$1,-1
4 27 [4][4]
$3FF2456F8CF08FD8,401E,C0114C51028BA101,4022EA9F82EB4F4D
$3FF2A4EAA815D8BE,401E,C010695D0267AA25,40231CEA9DF2729E
$3FF3093A0CC5C661,401E,C00EF0F2FBEC820A,40234EE3ADB7828B
$3FF36D897175B404,401E,C00D0A6BDC62A305,40237DE5DE1D67F2
4 28 80
4 29 68
4 30 500
4 31 384
4 32 0
4 33 0
3 22 ->
4 23 497
4 24 4
4 25 0
4 26 [2]
$1,-1
4 27 [4][4]
$3FF2456F8CF08FD8,401E,C0114C51028BA101,4022EA9F82EB4F4D
$3FF2A4EAA815D8BE,401E,C010695D0267AA25,40231CEA9DF2729E
$3FF3093A0CC5C661,401E,C00EF0F2FBEC820A,40234EE3ADB7828B
$3FF36D897175B404,401E,C00D0A6BDC62A305,40237DE5DE1D67F2
4 28 79
4 29 67
4 30 499
4 31 383
4 32 0
4 33 0
3 22 ->
4 23 134
4 24 4
4 25 0
4 26 [2]
$1,-1
4 27 [14][4]
$BFFD53C48D7FFDE3,4020F76C3B6DDE3E,40033AFC06B53F0A,401E
$BFFE508AC7EFC5FD,4021198E238D91A5,400315EC2829A61B,401E
$C000257286221D4C,40215A5F3B737CF2,4002CDBB606F899B,401E
$C0012B9A7D9B3323,402198EAFB6B9381,4002858A98B56D1B,401E
$C0023A69E96889E3,4021D51D7EEB4122,40023D59D0FB509B,401E
$C003518AA7EF4E1D,40220EE3A0A11E55,4001F5290941341A,401E
$C00470A3F2595591,4022462B008BCDD5,4001ACF84187179A,401E
$C005975A78D165EC,40227AE209D218C7,400164C779CCFB1A,401E
$C006C5507F8DE56B,4022ACF7F85A6DC5,40011C96B212DE99,401E
$C007FA25FCA0B8AC,4022DC5CDE1FFB4E,4000D465EA58C21A,401E
$C0093578B682D287,40230901A843B3AA,40008C35229EA599,401E
$C00A76E46351BEA9,402332D823D79D81,400044045AE48919,401E
$C00BBE02C8B5379F,402359D30262EB0D,3FFFF7A72654D932,401E
$C00D0A6BDC62A2FE,40237DE5DE1D67F2,3FFF674596E0A032,401E
4 28 68
4 29 132
4 30 498
4 31 502
4 32 0
4 33 0
3 22 ->
4 23 133
4 24 4
4 25 0
4 26 [2]
$1,-1
4 27 [14][4]
$BFFD53C48D7FFDE3,4020F76C3B6DDE3E,40033AFC06B53F0A,401E
$BFFE508AC7EFC5FD,4021198E238D91A5,400315EC2829A61B,401E
$C000257286221D4C,40215A5F3B737CF2,4002CDBB606F899B,401E
$C0012B9A7D9B3323,402198EAFB6B9381,4002858A98B56D1B,401E
$C0023A69E96889E3,4021D51D7EEB4122,40023D59D0FB509B,401E
$C003518AA7EF4E1D,40220EE3A0A11E55,4001F5290941341A,401E
$C00470A3F2595591,4022462B008BCDD5,4001ACF84187179A,401E
$C005975A78D165EC,40227AE209D218C7,400164C779CCFB1A,401E
$C006C5507F8DE56B,4022ACF7F85A6DC5,40011C96B212DE99,401E
$C007FA25FCA0B8AC,4022DC5CDE1FFB4E,4000D465EA58C21A,401E
$C0093578B682D287,40230901A843B3AA,40008C35229EA599,401E
$C00A76E46351BEA9,402332D823D79D81,400044045AE48919,401E
$C00BBE02C8B5379F,402359D30262EB0D,3FFFF7A72654D932,401E
$C00D0A6BDC62A2FE,40237DE5DE1D67F2,3FFF674596E0A032,401E
4 28 67
4 29 131
4 30 497
4 31 501
4 32 0
4 33 0
3 22 ->
4 23 138
4 24 4
4 25 0
4 26 [2]
$1,-1
4 27 [11][4]
$BFF1911444ECBE77,401D10E7E748EBA5,400657184AE74486,401E
$BFF2639E0871CDBF,401D993BB8436687,400607AB22D3C316,401E
$BFF35A120BD998BC,401E279A5DFFA98,4005B35A4CB20DE7,401E
$BFF467C0E8A15336,401EB350F173CBA2,40055F09769058B9,401E
$BFF58C359E80671E,401F3C22D569AC7,40050AB8A06EA38A,401E
$BFF6C6F14BEB94E9,401FC1D4AE033A6,4004B667CA4CEE5C,401E
$BFF8176B6520F672,402022163D3D9021,40046216F42B392D,401E
$BFF97D11EF656FB3,40206178D7276E2C,40040DC61E0983FF,401E
$BFFAF749C059D9FC,40209EF6A4E3AB36,4003B97547E7CED,401E
$BFFC856EC14C6F9B,4020DA74F8EAA7FF,4003652471C619A1,401E
$BFFD53C48D7FFDE3,4020F76C3B6DDE3E,40033AFC06B53F0A,401E
4 28 68
4 29 136
4 30 134
4 31 504
4 32 0
4 33 0
3 22 ->
4 23 137
4 24 4
4 25 0
4 26 [2]
$1,-1
4 27 [11][4]
$BFF1911444ECBE77,401D10E7E748EBA5,400657184AE74486,401E
$BFF2639E0871CDBF,401D993BB8436687,400607AB22D3C316,401E
$BFF35A120BD998BC,401E279A5DFFA98,4005B35A4CB20DE7,401E
$BFF467C0E8A15336,401EB350F173CBA2,40055F09769058B9,401E
$BFF58C359E80671E,401F3C22D569AC7,40050AB8A06EA38A,401E
$BFF6C6F14BEB94E9,401FC1D4AE033A6,4004B667CA4CEE5C,401E
$BFF8176B6520F672,402022163D3D9021,40046216F42B392D,401E
$BFF97D11EF656FB3,40206178D7276E2C,40040DC61E0983FF,401E
$BFFAF749C059D9FC,40209EF6A4E3AB36,4003B97547E7CED,401E
$BFFC856EC14C6F9B,4020DA74F8EAA7FF,4003652471C619A1,401E
$BFFD53C48D7FFDE3,4020F76C3B6DDE3E,40033AFC06B53F0A,401E
4 28 67
4 29 135
4 30 133
4 31 503
4 32 0
4 33 0
3 22 ->
4 23 142
4 24 4
4 25 0
4 26 [2]
$1,-1
4 27 [2][4]
$BFE40088926FDCA5,4017DE919A9DD5A7,3FD623A2477BE7ED,C01DFFFFFFFFFFFF
$BFF1911444ECBE79,401D10E7E748EBA5,3FFBA7C4E9E6AFC5,C01DFFFFFFFFFFFF
4 28 68
4 29 140
4 30 138
4 31 506
4 32 0
4 33 0
3 22 ->
4 23 141
4 24 4
4 25 0
4 26 [2]
$1,-1
4 27 [2][4]
$BFE40088926FDCA5,4017DE919A9DD5A7,3FD623A2477BE7ED,C01DFFFFFFFFFFFF
$BFF1911444ECBE79,401D10E7E748EBA5,3FFBA7C4E9E6AFC5,C01DFFFFFFFFFFFF
4 28 67
4 29 139
4 30 137
4 31 505
4 32 0
4 33 0
3 22 ->
4 23 508
4 24 4
4 25 0
4 26 [2]
$1,-1
4 27 [2][4]
$3FF1911444ECBE79,401D10E7E748EBA1,BFFBA7C4E9E6AFC5,C01DFFFFFFFFFFFF
$3FE40088926FDCB3,4017DE919A9DD5A8,BFD623A2477BE841,C01DFFFFFFFFFFFF
4 28 72
4 29 120
4 30 74
4 31 510
4 32 0
4 33 0
3 22 ->
4 23 507
4 24 4
4 25 0
4 26 [2]
$1,-1
4 27 [2][4]
$3FF1911444ECBE79,401D10E7E748EBA1,BFFBA7C4E9E6AFC5,C01DFFFFFFFFFFFF
$3FE40088926FDCB3,4017DE919A9DD5A8,BFD623A2477BE841,C01DFFFFFFFFFFFF
4 28 71
4 29 119
4 30 73
4 31 509
4 32 0
4 33 0
3 22 ->
4 23 126
4 24 4
4 25 0
4 26 [2]
$1,-1
4 27 [11][4]
$3FFD53C48D7FFDD5,4020F76C3B6DDE39,3FE79BFD363BB82A,401E
$3FFBD3088FD94458,4020C069BED847CE,3FE65E4895EDB274,401E
$3FFA4D9D8B63DFCA,402084061AA18CF5,3FE50D053D66DDB7,401E
$3FF8DC6953947AF3,402045AEACC020B1,3FE3BBC1E4E008FE,401E
$3FF7800C15F804B3,4020057E81262A35,3FE26A7E8C593445,401E
$3FF6391CF58B7387,401F8722E1BD61DD,3FE1193B33D25F88,401E
$3FF50829C929D058,401F00082BF16619,3FDF8FEFB697159E,401E
$3FF3EDB6DE02DE03,401E75E77E3CFDA4,3FDCED6905896C27,401E
$3FF2EA3EBE35105D,401DE8FCC5BD61D4,3FDA4AE2547BC2B5,401E
$3FF1FE31FBA3B974,401D59852558B799,3FD7A85BA36E193B,401E
$3FF1911444ECBE79,401D10E7E748EB9D,3FD657184AE74483,401E
4 28 72
4 29 124
4 30 508
4 31 512
4 32 0
4 33 0
3 22 ->
4 23 125
4 24 4
4 25 0
4 26 [2]
$1,-1
4 27 [11][4]
$3FFD53C48D7FFDD5,4020F76C3B6DDE39,3FE79BFD363BB82A,401E
$3FFBD3088FD94458,4020C069BED847CE,3FE65E4895EDB274,401E
$3FFA4D9D8B63DFCA,402084061AA18CF5,3FE50D053D66DDB7,401E
$3FF8DC6953947AF3,402045AEACC020B1,3FE3BBC1E4E008FE,401E
$3FF7800C15F804B3,4020057E81262A35,3FE26A7E8C593445,401E
$3FF6391CF58B7387,401F8722E1BD61DD,3FE1193B33D25F88,401E
$3FF50829C929D058,401F00082BF16619,3FDF8FEFB697159E,401E
$3FF3EDB6DE02DE03,401E75E77E3CFDA4,3FDCED6905896C27,401E
$3FF2EA3EBE35105D,401DE8FCC5BD61D4,3FDA4AE2547BC2B5,401E
$3FF1FE31FBA3B974,401D59852558B799,3FD7A85BA36E193B,401E
$3FF1911444ECBE79,401D10E7E748EB9D,3FD657184AE74483,401E
4 28 71
4 29 123
4 30 507
4 31 511
4 32 0
4 33 0
3 22 ->
4 23 130
4 24 4
4 25 0
4 26 [2]
$1,-1
4 27 [14][4]
$400D0A6BDC62A303,40237DE5DE1D67EF,3FF2DCB111A7B9FF,401E
$400C5F2110D2175E,40236BBE70893229,3FF292915490881A,401E
$400B15625DF9164A,4023462C1EF24935,3FF2022FC51C4F19,401E
$4009D123FB240576,40231DB80A9DDDB4,3FF171CE35A8161A,401E
$400892CD0886ECD4,4022F26F114CEA1E,3FF0E16CA633DD19,401E
$40075AC2C59F34CD,4022C45EF74DF2A,3FF0510B16BFA419,401E
$4006296870FFF2DA,40229396631C1CFC,3FEF81530E96D632,401E
$4004FF1F28C15831,40226024D8B6591C,3FEE608FEFAE6432,401E
$4003DC45CB9D4C6A,40222A1AB4B015BB,3FED3FCCD0C5F231,401E
$4002C138DAC30731,4021F18926FD12E7,3FEC1F09B1DD8031,401E
$4001AE525C6B41A3,4021B6822D79FA13,3FEAFE4692F50E3,401E
$4000A3E9BF365AF7,402179188E3378D,3FE9DD83740C9C2F,401E
$3FFF44A77CBB1738,4021395FD16DB014,3FE8BCC055242A2E,401E
$3FFD53C48D7FFDDB,4020F76C3B6DDE39,3FE79BFD363BB831,401E
4 28 72
4 29 128
4 30 126
4 31 514
4 32 0
4 33 0
3 22 ->
4 23 129
4 24 4
4 25 0
4 26 [2]
$1,-1
4 27 [14][4]
$400D0A6BDC62A303,40237DE5DE1D67EF,3FF2DCB111A7B9FF,401E
$400C5F2110D2175E,40236BBE70893229,3FF292915490881A,401E
$400B15625DF9164A,4023462C1EF24935,3FF2022FC51C4F19,401E
$4009D123FB240576,40231DB80A9DDDB4,3FF171CE35A8161A,401E
$400892CD0886ECD4,4022F26F114CEA1E,3FF0E16CA633DD19,401E
$40075AC2C59F34CD,4022C45EF74DF2A,3FF0510B16BFA419,401E
$4006296870FFF2DA,40229396631C1CFC,3FEF81530E96D632,401E
$4004FF1F28C15831,40226024D8B6591C,3FEE608FEFAE6432,401E
$4003DC45CB9D4C6A,40222A1AB4B015BB,3FED3FCCD0C5F231,401E
$4002C138DAC30731,4021F18926FD12E7,3FEC1F09B1DD8031,401E
$4001AE525C6B41A3,4021B6822D79FA13,3FEAFE4692F50E3,401E
$4000A3E9BF365AF7,402179188E3378D,3FE9DD83740C9C2F,401E
$3FFF44A77CBB1738,4021395FD16DB014,3FE8BCC055242A2E,401E
$3FFD53C48D7FFDDB,4020F76C3B6DDE39,3FE79BFD363BB831,401E
4 28 71
4 29 127
4 30 125
4 31 513
4 32 0
4 33 0
3 22 ->
4 23 516
4 24 4
4 25 0
4 26 [2]
$1,-1
4 27 [4][4]
$3FFED66D3712A62D,401E,400D0A6BDC62A30C,40237DE5DE1D67F2
$3FFF35E85237EF51,401E,400ED9A1F7ACC416,402351387D6AD171
$3FFF9A37B6E7DCF5,401E,40105DD29FE9C7B6,40231F63CA696403
$3FFFFE871B97CA98,401E,40114C51028BA197,4022EA9F82EB4F2B
4 28 112
4 29 72
4 30 114
4 31 130
4 32 0
4 33 0
3 22 ->
4 23 515
4 24 4
4 25 0
4 26 [2]
$1,-1
4 27 [4][4]
$3FFED66D3712A62D,401E,400D0A6BDC62A30C,40237DE5DE1D67F2
$3FFF35E85237EF51,401E,400ED9A1F7ACC416,402351387D6AD171
$3FFF9A37B6E7DCF5,401E,40105DD29FE9C7B6,40231F63CA696403
$3FFFFE871B97CA98,401E,40114C51028BA197,4022EA9F82EB4F2B
4 28 111
4 29 71
4 30 113
4 31 129
4 32 0
4 33 0
3 22 ->
4 23 162
4 24 4
4 25 0
4 26 [2]
$1,-1
4 27 [14][4]
$4012CF543B20FEC4,401D2DB9CCEBCA21,4009837ADBC64A54,401E
$4012D2EA3CA3F2C6,401D8AAE53B5751B,40095E6AFD3AB164,401E
$4012D51182EE44B2,401E3FDB68616971,4009163A358094E5,401E
$4012D0D5E1C4F686,401EF4FF1ADDBF59,4008CE096DC67864,401E
$4012C638B1CE170F,401FA9DFCEA29C66,400885D8A60C5BE4,401E
$4012B53D533D676D,40202F21FE3B7836,40083DA7DE523F64,401E
$40129DE92CC17EF4,402088F9225E3A62,4007F577169822E5,401E
$40128043A9CC0805,4020E258C0D78978,4007AD464EDE0664,401E
$40125C563835A1B5,40213B246CC8F26C,400765158723E9E4,401E
$4012322C453E2646,4021933FE8620361,40071CE4BF69CD64,401E
$401201D339EA4AE2,4021EA8F2DDBBD7,4006D4B3F7AFB0E4,401E
$4011CB5A76BFC037,402240F6786233CD,40068C832FF59463,401E
$40118ED34EE12F6F,4022965A4CE982BD,40064452683B77E3,401E
$40114C51028BA198,4022EA9F82EB4F2A,4005FC21A0815B63,401E
4 28 72
4 29 160
4 30 516
4 31 518
4 32 0
4 33 0
3 22 ->
4 23 161
4 24 4
4 25 0
4 26 [2]
$1,-1
4 27 [14][4]
$4012CF543B20FEC4,401D2DB9CCEBCA21,4009837ADBC64A54,401E
$4012D2EA3CA3F2C6,401D8AAE53B5751B,40095E6AFD3AB164,401E
$4012D51182EE44B2,401E3FDB68616971,4009163A358094E5,401E
$4012D0D5E1C4F686,401EF4FF1ADDBF59,4008CE096DC67864,401E
$4012C638B1CE170F,401FA9DFCEA29C66,400885D8A60C5BE4,401E
$4012B53D533D676D,40202F21FE3B7836,40083DA7DE523F64,401E
$40129DE92CC17EF4,402088F9225E3A62,4007F577169822E5,401E
$40128043A9CC0805,4020E258C0D78978,4007AD464EDE0664,401E
$40125C563835A1B5,40213B246CC8F26C,400765158723E9E4,401E
$4012322C453E2646,4021933FE8620361,40071CE4BF69CD64,401E
$401201D339EA4AE2,4021EA8F2DDBBD7,4006D4B3F7AFB0E4,401E
$4011CB5A76BFC037,402240F6786233CD,40068C832FF59463,401E
$40118ED34EE12F6F,4022965A4CE982BD,40064452683B77E3,401E
$40114C51028BA198,4022EA9F82EB4F2A,4005FC21A0815B63,401E
4 28 71
4 29 159
4 30 515
4 31 517
4 32 0
4 33 0
3 22 ->
4 23 166
4 24 4
4 25 0
4 26 [2]
$1,-1
4 27 [11][4]
$4011728944C4192D,4017A87E696DF932,400C9F971FF84FD,401E
$4011ADB74BFDC9BF,40182E1C2D5B7C7A,400C5029F7E4CE5F,401E
$4011E6D1C55094EB,4018BE590BDB9429,400BFBD921C3193,401E
$401219F018E490EC,401950D04BF3C377,400BA7884BA16402,401E
$401246FC19440CF9,4019E54262731C76,400B5337757FAED3,401E
$40126DE23B5013F2,401A7B6EE844E80E,400AFEE69F5DF9A5,401E
$40128E919EBB02C8,401B1314B66183A,400AAA95C93C4476,401E
$4012A8FC155AE1F7,401BABF202128575,400A5644F31A8F48,401E
$4012BD16295054C,401C45C4797DE48A,400A01F41CF8DA19,401E
$4012CAD721FF730D,401CE049606BC191,4009ADA346D724EB,401E
$4012CF543B20FEC3,401D2DB9CCEBCA23,4009837ADBC64A53,401E
4 28 72
4 29 164
4 30 162
4 31 520
4 32 0
4 33 0
3 22 ->
4 23 165
4 24 4
4 25 0
4 26 [2]
$1,-1
4 27 [11][4]
$4011728944C4192D,4017A87E696DF932,400C9F971FF84FD,401E
$4011ADB74BFDC9BF,40182E1C2D5B7C7A,400C5029F7E4CE5F,401E
$4011E6D1C55094EB,4018BE590BDB9429,400BFBD921C3193,401E
$401219F018E490EC,401950D04BF3C377,400BA7884BA16402,401E
$401246FC19440CF9,4019E54262731C76,400B5337757FAED3,401E
$40126DE23B5013F2,401A7B6EE844E80E,400AFEE69F5DF9A5,401E
$40128E919EBB02C8,401B1314B66183A,400AAA95C93C4476,401E
$4012A8FC155AE1F7,401BABF202128575,400A5644F31A8F48,401E
$4012BD16295054C,401C45C4797DE48A,400A01F41CF8DA19,401E
$4012CAD721FF730D,401CE049606BC191,4009ADA346D724EB,401E
$4012CF543B20FEC3,401D2DB9CCEBCA23,4009837ADBC64A53,401E
4 28 71
4 29 163
4 30 161
4 31 519
4 32 0
4 33 0
3 22 ->
4 23 170
4 24 4
4 25 0
4 26 [2]
$1,-1
4 27 [2][4]
$400E38754EDA8DE2,4012A56B8BFC7018,3FD623A2477BE7E2,C01E
$4011728944C4192C,4017A87E696DF933,3FFBA7C4E9E6AFC4,C01E
4 28 72
4 29 168
4 30 166
4 31 522
4 32 0
4 33 0
3 22 ->
4 23 169
4 24 4
4 25 0
4 26 [2]
$1,-1
4 27 [2][4]
$400E38754EDA8DE2,4012A56B8BFC7018,3FD623A2477BE7E2,C01E
$4011728944C4192C,4017A87E696DF933,3FFBA7C4E9E6AFC4,C01E
4 28 71
4 29 167
4 30 165
4 31 521
4 32 0
4 33 0
3 22 ->
4 23 524
4 24 4
4 25 0
4 26 [2]
$1,-1
4 27 [2][4]
$4017A87E696DF942,4011728944C41913,BFFBA7C4E9E6AFC5,C01E000000000002
$4012A56B8BFC7028,400E38754EDA8DBE,BFD623A2477BE824,C01E000000000002
4 28 76
4 29 148
4 30 78
4 31 526
4 32 0
4 33 0
3 22 ->
4 23 523
4 24 4
4 25 0
4 26 [2]
$1,-1
4 27 [2][4]
$4017A87E696DF942,4011728944C41913,BFFBA7C4E9E6AFC5,C01E000000000002
$4012A56B8BFC7028,400E38754EDA8DBE,BFD623A2477BE824,C01E000000000002
4 28 75
4 29 147
4 30 77
4 31 525
4 32 0
4 33 0
3 22 ->
4 23 154
4 24 4
4 25 0
4 26 [2]
$1,-1
4 27 [11][4]
$401D2DB9CCEBCA2E,4012CF543B20FEA2,3FF85EFC453FF2AC,401E
$401C9BEB11757647,4012C58BAD0E5DFE,3FF7C021F518EFCD,401E
$401C01ACC8F39321,4012B4FB7D6FD6A,3FF7178048D5857,401E
$401B683E7AA293C8,40129E15B6A1DB6A,3FF66EDE9C921B13,401E
$401ACFE2B74608A,401280E447C13954,3FF5C63CF04EB0B5,401E
$401A38DB98857AA3,40125D73DB20FBC4,3FF51D9B440B4659,401E
$4019A36AA43F03E7,401233D3D0CBC099,3FF474F997C7DBFB,401E
$40190FD0B01A0616,4012041637D814A6,3FF3CC57EB84719E,401E
$40187E4DC56653FF,4011CE4FC692BD8E,3FF323B63F410741,401E
$4017EF210554025F,40119297D182571A,3FF27B1492FD9CE5,401E
$4017A87E696DF93F,4011728944C4191,3FF226C3BCDBE7B5,401E
4 28 76
4 29 152
4 30 524
4 31 528
4 32 0
4 33 0
3 22 ->
4 23 153
4 24 4
4 25 0
4 26 [2]
$1,-1
4 27 [11][4]
$401D2DB9CCEBCA2E,4012CF543B20FEA2,3FF85EFC453FF2AC,401E
$401C9BEB11757647,4012C58BAD0E5DFE,3FF7C021F518EFCD,401E
$401C01ACC8F39321,4012B4FB7D6FD6A,3FF7178048D5857,401E
$401B683E7AA293C8,40129E15B6A1DB6A,3FF66EDE9C921B13,401E
$401ACFE2B74608A,401280E447C13954,3FF5C63CF04EB0B5,401E
$401A38DB98857AA3,40125D73DB20FBC4,3FF51D9B440B4659,401E
$4019A36AA43F03E7,401233D3D0CBC099,3FF474F997C7DBFB,401E
$40190FD0B01A0616,4012041637D814A6,3FF3CC57EB84719E,401E
$40187E4DC56653FF,4011CE4FC692BD8E,3FF323B63F410741,401E
$4017EF210554025F,40119297D182571A,3FF27B1492FD9CE5,401E
$4017A87E696DF93F,4011728944C4191,3FF226C3BCDBE7B5,401E
4 28 75
4 29 151
4 30 523
4 31 527
4 32 0
4 33 0
3 22 ->
4 23 158
4 24 4
4 25 0
4 26 [2]
$1,-1
4 27 [14][4]
$4022EA9F82EB4F31,40114C51028BA16D,3FFF6DAEBBC9D094,401E
$4022BF817C1FE871,40116F3426C7FB3E,3FFF238EFEB29EAE,401E
$40226AA5C1491F2B,4011AEA6E5CB9875,3FFE932D6F3E65AC,401E
$402214B94E71E8B3,4011E81461006875,3FFE02CBDFCA2CAE,401E
$4021BDD7779436F9,40121B6A54970C34,3FFD726A5055F3AF,401E
$4021661BDEB5E8F2,401248986CC26903,3FFCE208C0E1BAAD,401E
$40210DA26B1EE581,40126F904AE90B9A,3FFC51A7316D81AE,401E
$4020B48740792F5,401290458A3722DD,3FFBC145A1F948AD,401E
$40205AE6B5DDC43E,4012AAADC38F9E38,3FFB30E412850FAC,401E
$402000DD4CD12107,4012BEC090DB2E9B,3FFAA0828310D6AD,401E
$401F4D0F50648E0B,4012CC778FB41CD1,3FFA1020F39C9DAA,401E
$401E9805063E4CB8,4012D3CE636E1B7F,3FF97FBF642864AC,401E
$401DE2D54FA2A3C5,4012D4C2B6796FA6,3FF8EF5DD4B42BAC,401E
$401D2DB9CCEBCA2D,4012CF543B20FEA1,3FF85EFC453FF2AB,401E
4 28 76
4 29 156
4 30 154
4 31 530
4 32 0
4 33 0
3 22 ->
4 23 157
4 24 4
4 25 0
4 26 [2]
$1,-1
4 27 [14][4]
$4022EA9F82EB4F31,40114C51028BA16D,3FFF6DAEBBC9D094,401E
$4022BF817C1FE871,40116F3426C7FB3E,3FFF238EFEB29EAE,401E
$40226AA5C1491F2B,4011AEA6E5CB9875,3FFE932D6F3E65AC,401E
$402214B94E71E8B3,4011E81461006875,3FFE02CBDFCA2CAE,401E
$4021BDD7779436F9,40121B6A54970C34,3FFD726A5055F3AF,401E
$4021661BDEB5E8F2,401248986CC26903,3FFCE208C0E1BAAD,401E
$40210DA26B1EE581,40126F904AE90B9A,3FFC51A7316D81AE,401E
$4020B48740792F5,401290458A3722DD,3FFBC145A1F948AD,401E
$40205AE6B5DDC43E,4012AAADC38F9E38,3FFB30E412850FAC,401E
$402000DD4CD12107,4012BEC090DB2E9B,3FFAA0828310D6AD,401E
$401F4D0F50648E0B,4012CC778FB41CD1,3FFA1020F39C9DAA,401E
$401E9805063E4CB8,4012D3CE636E1B7F,3FF97FBF642864AC,401E
$401DE2D54FA2A3C5,4012D4C2B6796FA6,3FF8EF5DD4B42BAC,401E
$401D2DB9CCEBCA2D,4012CF543B20FEA1,3FF85EFC453FF2AB,401E
4 28 75
4 29 155
4 30 153
4 31 529
4 32 0
4 33 0
3 22 ->
4 23 532
4 24 4
4 25 0
4 26 [2]
$1,-1
4 27 [4][4]
$4005B3B5709A5E6,401E,4022EA9F82EB4F33,40114C51028BA17
$4005E372FE2D02F3,401E,40231CEA9DF272A5,4010695D0267AA01
$4006159AB084F9C4,401E,40234EE3ADB78292,400EF0F2FBEC81BF
$400647C262DCF096,401E,40237DE5DE1D67F9,400D0A6BDC62A2BB
4 28 108
4 29 76
4 30 110
4 31 158
4 32 0
4 33 0
3 22 ->
4 23 531
4 24 4
4 25 0
4 26 [2]
$1,-1
4 27 [4][4]
$4005B3B5709A5E6,401E,4022EA9F82EB4F33,40114C51028BA17
$4005E372FE2D02F3,401E,40231CEA9DF272A5,4010695D0267AA01
$4006159AB084F9C4,401E,40234EE3ADB78292,400EF0F2FBEC81BF
$400647C262DCF096,401E,40237DE5DE1D67F9,400D0A6BDC62A2BB
4 28 107
4 29 75
4 30 109
4 31 157
4 32 0
4 33 0
3 22 ->
4 23 190
4 24 4
4 25 0
4 26 [2]
$1,-1
4 27 [14][4]
$4020F76C3B6DDE42,3FFD53C48D7FFD5C,400FCBF9B0D7559D,401E
$4021198E238D91AB,3FFE508AC7EFC57E,400FA6E9D24BBCAC,401E
$40215A5F3B737CF8,4000257286221D0E,400F5EB90A91A02D,401E
$402198EAFB6B9387,40012B9A7D9B32E4,400F168842D783AC,401E
$4021D51D7EEB4129,40023A69E96889A2,400ECE577B1D672C,401E
$40220EE3A0A11E5C,4003518AA7EF4DDA,400E8626B3634AAC,401E
$4022462B008BCDDB,400470A3F259554F,400E3DF5EBA92E2C,401E
$40227AE209D218CE,4005975A78D165A9,400DF5C523EF11AC,401E
$4022ACF7F85A6DCD,4006C5507F8DE525,400DAD945C34F52B,401E
$4022DC5CDE1FFB56,4007FA25FCA0B867,400D6563947AD8AC,401E
$40230901A843B3B,40093578B682D241,400D1D32CCC0BC2C,401E
$402332D823D79D88,400A76E46351BE63,400CD50205069FAC,401E
$402359D30262EB15,400BBE02C8B53759,400C8CD13D4C832B,401E
$40237DE5DE1D67F9,400D0A6BDC62A2B8,400C44A0759266AB,401E
4 28 76
4 29 188
4 30 532
4 31 534
4 32 0
4 33 0
3 22 ->
4 23 189
4 24 4
4 25 0
4 26 [2]
$1,-1
4 27 [14][4]
$4020F76C3B6DDE42,3FFD53C48D7FFD5C,400FCBF9B0D7559D,401E
$4021198E238D91AB,3FFE508AC7EFC57E,400FA6E9D24BBCAC,401E
$40215A5F3B737CF8,4000257286221D0E,400F5EB90A91A02D,401E
$402198EAFB6B9387,40012B9A7D9B32E4,400F168842D783AC,401E
$4021D51D7EEB4129,40023A69E96889A2,400ECE577B1D672C,401E
$40220EE3A0A11E5C,4003518AA7EF4DDA,400E8626B3634AAC,401E
$4022462B008BCDDB,400470A3F259554F,400E3DF5EBA92E2C,401E
$40227AE209D218CE,4005975A78D165A9,400DF5C523EF11AC,401E
$4022ACF7F85A6DCD,4006C5507F8DE525,400DAD945C34F52B,401E
$4022DC5CDE1FFB56,4007FA25FCA0B867,400D6563947AD8AC,401E
$40230901A843B3B,40093578B682D241,400D1D32CCC0BC2C,401E
$402332D823D79D88,400A76E46351BE63,400CD50205069FAC,401E
$402359D30262EB15,400BBE02C8B53759,400C8CD13D4C832B,401E
$40237DE5DE1D67F9,400D0A6BDC62A2B8,400C44A0759266AB,401E
4 28 75
4 29 187
4 30 531
4 31 533
4 32 0
4 33 0
3 22 ->
4 23 194
4 24 4
4 25 0
4 26 [2]
$1,-1
4 27 [11][4]
$401D10E7E748EBA9,3FF1911444ECBE06,4011740AFA84AD8C,401E
$401D993BB843668B,3FF2639E0871CD4C,40114C54667AECD4,401E
$401E279A5DFFA984,3FF35A120BD99845,4011222BFB6A123D,401E
$401EB350F173CBA8,3FF467C0E8A152BF,4010F803905937A6,401E
$401F3C22D569AC74,3FF58C359E8066A5,4010CDDB25485D0E,401E
$401FC1D4AE033A66,3FF6C6F14BEB946C,4010A3B2BA378278,401E
$402022163D3D9024,3FF8176B6520F5F3,4010798A4F26A7E,401E
$40206178D7276E3,3FF97D11EF656F32,40104F61E415CD48,401E
$40209EF6A4E3AB3A,3FFAF749C059D97C,401025397904F2B1,401E
$4020DA74F8EAA802,3FFC856EC14C6F16,400FF6221BE83035,401E
$4020F76C3B6DDE41,3FFD53C48D7FFD5E,400FCBF9B0D7559E,401E
4 28 76
4 29 192
4 30 190
4 31 536
4 32 0
4 33 0
3 22 ->
4 23 193
4 24 4
4 25 0
4 26 [2]
$1,-1
4 27 [11][4]
$401D10E7E748EBA9,3FF1911444ECBE06,4011740AFA84AD8C,401E
$401D993BB843668B,3FF2639E0871CD4C,40114C54667AECD4,401E
$401E279A5DFFA984,3FF35A120BD99845,4011222BFB6A123D,401E
$401EB350F173CBA8,3FF467C0E8A152BF,4010F803905937A6,401E
$401F3C22D569AC74,3FF58C359E8066A5,4010CDDB25485D0E,401E
$401FC1D4AE033A66,3FF6C6F14BEB946C,4010A3B2BA378278,401E
$402022163D3D9024,3FF8176B6520F5F3,4010798A4F26A7E,401E
$40206178D7276E3,3FF97D11EF656F32,40104F61E415CD48,401E
$40209EF6A4E3AB3A,3FFAF749C059D97C,401025397904F2B1,401E
$4020DA74F8EAA802,3FFC856EC14C6F16,400FF6221BE83035,401E
$4020F76C3B6DDE41,3FFD53C48D7FFD5E,400FCBF9B0D7559E,401E
4 28 75
4 29 191
4 30 189
4 31 535
4 32 0
4 33 0
3 22 ->
4 23 198
4 24 4
4 25 0
4 26 [2]
$1,-1
4 27 [2][4]
$4017DE919A9DD5AB,3FE40088926FDBED,3FD623A2477BE808,C01E000000000002
$401D10E7E748EBA9,3FF1911444ECBE06,3FFBA7C4E9E6AFC6,C01E000000000002
4 28 76
4 29 196
4 30 194
4 31 538
4 32 0
4 33 0
3 22 ->
4 23 197
4 24 4
4 25 0
4 26 [2]
$1,-1
4 27 [2][4]
$4017DE919A9DD5AB,3FE40088926FDBED,3FD623A2477BE808,C01E000000000002
$401D10E7E748EBA9,3FF1911444ECBE06,3FFBA7C4E9E6AFC6,C01E000000000002
4 28 75
4 29 195
4 30 193
4 31 537
4 32 0
4 33 0
3 22 ->
4 23 82
4 24 4
4 25 0
4 26 [2]
$1,-1
4 27 [2][4]
$3FD92ECD9E168EB1,401E,3FF2456F8CF08FD8,401E
$3FD92ECD9E168EB1,0,3FF2456F8CF08FD8,0
4 28 324
4 29 80
4 30 382
4 31 498
4 32 0
4 33 0
3 22 ->
4 23 81
4 24 4
4 25 0
4 26 [2]
$1,-1
4 27 [2][4]
$3FD92ECD9E168EB1,401E,3FF2456F8CF08FD8,401E
$3FD92ECD9E168EB1,0,3FF2456F8CF08FD8,0
4 28 323
4 29 79
4 30 381
4 31 497
4 32 0
4 33 0
3 22 ->
4 23 90
4 24 4
4 25 0
4 26 [2]
$1,-1
4 27 [4][4]
$C0114C51028BA101,4022EA9F82EB4F4D,3FF2456F8CF08FD8,0
$C010695D0267AA25,40231CEA9DF2729E,3FF2A4EAA815D8BE,0
$C00EF0F2FBEC820A,40234EE3ADB7828B,3FF3093A0CC5C661,0
$C00D0A6BDC62A305,40237DE5DE1D67F2,3FF36D897175B404,0
4 28 88
4 29 80
4 30 540
4 31 82
4 32 0
4 33 0
3 22 ->
4 23 89
4 24 4
4 25 0
4 26 [2]
$1,-1
4 27 [4][4]
$C0114C51028BA101,4022EA9F82EB4F4D,3FF2456F8CF08FD8,0
$C010695D0267AA25,40231CEA9DF2729E,3FF2A4EAA815D8BE,0
$C00EF0F2FBEC820A,40234EE3ADB7828B,3FF3093A0CC5C661,0
$C00D0A6BDC62A305,40237DE5DE1D67F2,3FF36D897175B404,0
4 28 87
4 29 79
4 30 539
4 31 81
4 32 0
4 33 0
3 22 ->
4 23 500
4 24 4
4 25 0
4 26 [2]
$1,-1
4 27 [2][4]
$3FF36D897175B404,401E,3FFF674596E0A031,401E
$3FF36D897175B404,0,3FFF674596E0A031,0
4 28 80
4 29 132
4 30 90
4 31 134
4 32 0
4 33 0
3 22 ->
4 23 499
4 24 4
4 25 0
4 26 [2]
$1,-1
4 27 [2][4]
$3FF36D897175B404,401E,3FFF674596E0A031,401E
$3FF36D897175B404,0,3FFF674596E0A031,0
4 28 79
4 29 131
4 30 89
4 31 133
4 32 0
4 33 0
3 22 ->
4 23 86
4 24 4
4 25 0
4 26 [2]
$1,-1
4 27 [2][4]
$3FDB722F1D4E76BB,401E,3FF2D647ECBE89DB,401E
$3FDB722F1D4E76BB,0,3FF2D647ECBE89DB,0
4 28 84
4 29 328
4 30 542
4 31 330
4 32 0
4 33 0
3 22 ->
4 23 85
4 24 4
4 25 0
4 26 [2]
$1,-1
4 27 [2][4]
$3FDB722F1D4E76BB,401E,3FF2D647ECBE89DB,401E
$3FDB722F1D4E76BB,0,3FF2D647ECBE89DB,0
4 28 83
4 29 327
4 30 541
4 31 329
4 32 0
4 33 0
3 22 ->
4 23 484
4 24 4
4 25 0
4 26 [2]
$1,-1
4 27 [2][4]
$401790A8C39D105E,401E,3FD6D1C78B39E51,401E
$401790A8C39D105E,8,3FD6D1C78B39E51,0
4 28 296
4 29 84
4 30 544
4 31 486
4 32 0
4 33 0
3 22 ->
4 23 483
4 24 4
4 25 0
4 26 [2]
$1,-1
4 27 [2][4]
$401790A8C39D105E,401E,3FD6D1C78B39E51,401E
$401790A8C39D105E,8,3FD6D1C78B39E51,0
4 28 295
4 29 83
4 30 543
4 31 485
4 32 0
4 33 0
3 22 ->
4 23 542
4 24 4
4 25 0
4 26 [2]
$1,-1
4 27 [4][4]
$C0237DE5DE1D67DC,400D0A6BDC62A3F3,3FD6D1C78B39E513,0
$C02351387D6AD15B,400ED9A1F7ACC4F5,3FD84FB3F7CF099D,0
$C0231F63CA6963EA,40105DD29FE9C824,3FD9E0F18A8EC02D,0
$C022EA9F82EB4F11,40114C51028BA205,3FDB722F1D4E76BB,0
4 28 88
4 29 84
4 30 546
4 31 484
4 32 0
4 33 0
3 22 ->
4 23 541
4 24 4
4 25 0
4 26 [2]
$1,-1
4 27 [4][4]
$C0237DE5DE1D67DC,400D0A6BDC62A3F3,3FD6D1C78B39E513,0
$C02351387D6AD15B,400ED9A1F7ACC4F5,3FD84FB3F7CF099D,0
$C0231F63CA6963EA,40105DD29FE9C824,3FD9E0F18A8EC02D,0
$C022EA9F82EB4F11,40114C51028BA205,3FDB722F1D4E76BB,0
4 28 87
4 29 83
4 30 545
4 31 483
4 32 0
4 33 0
3 22 ->
4 23 382
4 24 4
4 25 0
4 26 [2]
$1,-1
4 27 [13][4]
$3FD92ECD9E168EAA,0,C0114C51028BA0FF,4022EA9F82EB4F49
$3FD7B001891159F5,0,C01179108931CAE4,4022B2E5A22DD8C2
$3FD56E7B4B4075FD,0,C011B79E33BDF0E7,40225DDF6D36F6C2
$3FD32CF50D6F91FB,0,C011F023C0759AA4,402207CC9060A1FC
$3FD0EB6ECF9EADFB,0,C012228F354D7B85,4021B0C86BDC80EE
$3FCD53D1239B93F4,0,C0124ED0890D443F,402158EEAC997421
$3FC8D0C4A7F9CBF4,0,C01274D9A8694D6C,4021005B437638C4
$3FC44DB82C5803FA,0,C012949E7A7C9F05,4020A72A5C5E6FC7
$3FBF9557616C77D4,0,C012AE14E4A1E829,40204D785554DD05
$3FB68F3E6A28E7D5,0,C012C134CDAA2E1A,401FE6C36ADB7025
$3FAB124AE5CAAF9D,0,C012CDF820702C9B,401F32064777DA57
$3F920C31EE871F25,0,C012D45ACDC7961E,401E7CF2BC686247
$BCD,8,C012D5272FA2C70B,401E225A8EBCFF5F
4 28 324
4 29 88
4 30 326
4 31 90
4 32 0
4 33 0
3 22 ->
4 23 381
4 24 4
4 25 0
4 26 [2]
$1,-1
4 27 [13][4]
$3FD92ECD9E168EAA,0,C0114C51028BA0FF,4022EA9F82EB4F49
$3FD7B001891159F5,0,C01179108931CAE4,4022B2E5A22DD8C2
$3FD56E7B4B4075FD,0,C011B79E33BDF0E7,40225DDF6D36F6C2
$3FD32CF50D6F91FB,0,C011F023C0759AA4,402207CC9060A1FC
$3FD0EB6ECF9EADFB,0,C012228F354D7B85,4021B0C86BDC80EE
$3FCD53D1239B93F4,0,C0124ED0890D443F,402158EEAC997421
$3FC8D0C4A7F9CBF4,0,C01274D9A8694D6C,4021005B437638C4
$3FC44DB82C5803FA,0,C012949E7A7C9F05,4020A72A5C5E6FC7
$3FBF9557616C77D4,0,C012AE14E4A1E829,40204D785554DD05
$3FB68F3E6A28E7D5,0,C012C134CDAA2E1A,401FE6C36ADB7025
$3FAB124AE5CAAF9D,0,C012CDF820702C9B,401F32064777DA57
$3F920C31EE871F25,0,C012D45ACDC7961E,401E7CF2BC686247
$BCD,8,C012D5272FA2C70B,401E225A8EBCFF5F
4 28 323
4 29 87
4 30 325
4 31 89
4 32 0
4 33 0
3 22 ->
4 23 388
4 24 4
4 25 0
4 26 [2]
$1,-1
4 27 [11][4]
$4018F13B90831E89,8,C012CF543B20FE4C,401D2DB9CCEBCA65
$4018C984FC795DD1,8,C012C58BAD0E5DA8,401C9BEB1175767E
$40189F5C9168833A,8,C012B4FB7D6FD64E,401C01ACC8F39358
$401875342657A8A2,8,C0129E15B6A1DB1A,401B683E7AA293FE
$40184B0BBB46CE0B,8,C01280E447C13906,401ACFE2B74608D7
$401820E35035F374,8,C0125D73DB20FB78,401A38DB98857AD8
$4017F6BAE52518DD,8,C01233D3D0CBC04E,4019A36AA43F041D
$4017CC927A143E45,8,C012041637D8145D,40190FD0B01A064B
$4017A26A0F0363AE,8,C011CE4FC692BD46,40187E4DC5665434
$40177841A3F28917,8,C0119297D18256D3,4017EF2105540292
$4017632D6E6A1BCB,8,C011728944C418CB,4017A87E696DF972
4 28 320
4 29 88
4 30 496
4 31 38
4 32 0
4 33 0
3 22 ->
4 23 387
4 24 4
4 25 0
4 26 [2]
$1,-1
4 27 [11][4]
$4018F13B90831E89,8,C012CF543B20FE4C,401D2DB9CCEBCA65
$4018C984FC795DD1,8,C012C58BAD0E5DA8,401C9BEB1175767E
$40189F5C9168833A,8,C012B4FB7D6FD64E,401C01ACC8F39358
$401875342657A8A2,8,C0129E15B6A1DB1A,401B683E7AA293FE
$40184B0BBB46CE0B,8,C01280E447C13906,401ACFE2B74608D7
$401820E35035F374,8,C0125D73DB20FB78,401A38DB98857AD8
$4017F6BAE52518DD,8,C01233D3D0CBC04E,4019A36AA43F041D
$4017CC927A143E45,8,C012041637D8145D,40190FD0B01A064B
$4017A26A0F0363AE,8,C011CE4FC692BD46,40187E4DC5665434
$40177841A3F28917,8,C0119297D18256D3,4017EF2105540292
$4017632D6E6A1BCB,8,C011728944C418CB,4017A87E696DF972
4 28 319
4 29 87
4 30 495
4 31 37
4 32 0
4 33 0
3 22 ->
4 23 548
4 24 4
4 25 0
4 26 [2]
$1,-1
4 27 [2][4]
$BFFBA7C4E9E6AFC2,0,C011728944C418CD,4017A87E696DF974
$0,0,C00D0D0D72FE64C8,401164619D6EBF1E
4 28 316
4 29 88
4 30 550
4 31 388
4 32 0
4 33 0
3 22 ->
4 23 547
4 24 4
4 25 0
4 26 [2]
$1,-1
4 27 [2][4]
$BFFBA7C4E9E6AFC2,0,C011728944C418CD,4017A87E696DF974
$0,0,C00D0D0D72FE64C8,401164619D6EBF1E
4 28 315
4 29 87
4 30 549
4 31 387
4 32 0
4 33 0
3 22 ->
4 23 552
4 24 4
4 25 0
4 26 [2]
$1,-1
4 27 [7][4]
$3FEBFFC32D2CEB0F,0,C00D0D0D72FE64C9,401164619D6EBF1F
$3FEB0B6BCF027A06,0,C00E134E546FEE3C,4010F3816E8F5236
$3FE9FB982E32B0AF,0,C00F2F00657BB1F6,40107166B5432C7B
$3FE8EBC48D62E757,0,C01020F4432E36D3,400FD55334269F79
$3FE7DBF0EC931E,0,C010A5DC9E177AF8,400EBEE02D26597A
$3FE6CC1D4BC354A9,0,C0112613CE033801,400D9FC2D002A88B
$3FE644337B5B6FFE,0,C01164619D6EBEBB,400D0D0D72FE65B9
4 28 312
4 29 88
4 30 554
4 31 548
4 32 0
4 33 0
3 22 ->
4 23 551
4 24 4
4 25 0
4 26 [2]
$1,-1
4 27 [7][4]
$3FEBFFC32D2CEB0F,0,C00D0D0D72FE64C9,401164619D6EBF1F
$3FEB0B6BCF027A06,0,C00E134E546FEE3C,4010F3816E8F5236
$3FE9FB982E32B0AF,0,C00F2F00657BB1F6,40107166B5432C7B
$3FE8EBC48D62E757,0,C01020F4432E36D3,400FD55334269F79
$3FE7DBF0EC931E,0,C010A5DC9E177AF8,400EBEE02D26597A
$3FE6CC1D4BC354A9,0,C0112613CE033801,400D9FC2D002A88B
$3FE644337B5B6FFE,0,C01164619D6EBEBB,400D0D0D72FE65B9
4 28 311
4 29 87
4 30 553
4 31 547
4 32 0
4 33 0
3 22 ->
4 23 556
4 24 4
4 25 0
4 26 [2]
$1,-1
4 27 [2][4]
$0,0,C01164619D6EBEBD,400D0D0D72FE65BC
$3FFBA7C4E9E6AFC6,0,C017A87E696DF9,4011728944C41972
4 28 336
4 29 88
4 30 490
4 31 552
4 32 0
4 33 0
3 22 ->
4 23 555
4 24 4
4 25 0
4 26 [2]
$1,-1
4 27 [2][4]
$0,0,C01164619D6EBEBD,400D0D0D72FE65BC
$3FFBA7C4E9E6AFC6,0,C017A87E696DF9,4011728944C41972
4 28 335
4 29 87
4 30 489
4 31 551
4 32 0
4 33 0
3 22 ->
4 23 558
4 24 4
4 25 0
4 26 [2]
$1,-1
4 27 [11][4]
$40000E9975D6395B,0,C017A87E696DF8FF,4011728944C41973
$3FFF7E589B856FD5,0,C0182E1C2D5B7C46,4011ADB74BFDCA07
$3FFED5B6EF420578,0,C018BE590BDB93F6,4011E6D1C5509534
$3FFE2D1542FE9B1B,0,C01950D04BF3C342,401219F018E49137
$3FFD847396BB30BD,0,C019E54262731C42,401246FC19440D46
$3FFCDBD1EA77C66,0,C01A7B6EE844E7D9,40126DE23B50144
$3FFC33303E345C04,0,C01B1314B661836A,40128E919EBB0318
$3FFB8A8E91F0F1A7,0,C01BABF20212853F,4012A8FC155AE249
$3FFAE1ECE5AD8748,0,C01C45C4797DE455,4012BD1629505513
$3FFA394B396A1CEC,0,C01CE049606BC15B,4012CAD721FF7363
$3FF9E4FA634867BD,0,C01D2DB9CCEBC9ED,4012CF543B20FF19
4 28 332
4 29 88
4 30 488
4 31 556
4 32 0
4 33 0
3 22 ->
4 23 557
4 24 4
4 25 0
4 26 [2]
$1,-1
4 27 [11][4]
$40000E9975D6395B,0,C017A87E696DF8FF,4011728944C41973
$3FFF7E589B856FD5,0,C0182E1C2D5B7C46,4011ADB74BFDCA07
$3FFED5B6EF420578,0,C018BE590BDB93F6,4011E6D1C5509534
$3FFE2D1542FE9B1B,0,C01950D04BF3C342,401219F018E49137
$3FFD847396BB30BD,0,C019E54262731C42,401246FC19440D46
$3FFCDBD1EA77C66,0,C01A7B6EE844E7D9,40126DE23B50144
$3FFC33303E345C04,0,C01B1314B661836A,40128E919EBB0318
$3FFB8A8E91F0F1A7,0,C01BABF20212853F,4012A8FC155AE249
$3FFAE1ECE5AD8748,0,C01C45C4797DE455,4012BD1629505513
$3FFA394B396A1CEC,0,C01CE049606BC15B,4012CAD721FF7363
$3FF9E4FA634867BD,0,C01D2DB9CCEBC9ED,4012CF543B20FF19
4 28 331
4 29 87
4 30 487
4 31 555
4 32 0
4 33 0
3 22 ->
4 23 546
4 24 4
4 25 0
4 26 [2]
$1,-1
4 27 [14][4]
$3FF9E4FA634867BE,0,C01D2DB9CCEBC9EB,4012CF543B20FF1A
$3FF99ADAA63135DC,0,C01D8AAE53B574E7,4012D2EA3CA3F31E
$3FF90A7916BCFCDB,0,C01E3FDB6861693E,4012D51182EE450D
$3FF87A178748C3DA,0,C01EF4FF1ADDBF26,4012D0D5E1C4F6E3
$3FF7E9B5F7D48ADB,0,C01FA9DFCEA29C33,4012C638B1CE176E
$3FF75954686051DA,0,C0202F21FE3B781D,4012B53D533D67CE
$3FF6C8F2D8EC18DB,0,C02088F9225E3A49,40129DE92CC17F56
$3FF638914977DFD9,0,C020E258C0D7896,40128043A9CC086B
$3FF5A82FBA03A6D9,0,C0213B246CC8F253,40125C563835A21A
$3FF517CE2A8F6DD9,0,C021933FE8620349,4012322C453E26AE
$3FF4876C9B1B34D8,0,C021EA8F2DDBBD58,401201D339EA4B4B
$3FF3F70B0BA6FBD8,0,C02240F6786233B5,4011CB5A76BFC0A2
$3FF366A97C32C2D8,0,C022965A4CE982A5,40118ED34EE12FDA
$3FF2D647ECBE89DA,0,C022EA9F82EB4F11,40114C51028BA206
4 28 328
4 29 88
4 30 86
4 31 558
4 32 0
4 33 0
3 22 ->
4 23 545
4 24 4
4 25 0
4 26 [2]
$1,-1
4 27 [14][4]
$3FF9E4FA634867BE,0,C01D2DB9CCEBC9EB,4012CF543B20FF1A
$3FF99ADAA63135DC,0,C01D8AAE53B574E7,4012D2EA3CA3F31E
$3FF90A7916BCFCDB,0,C01E3FDB6861693E,4012D51182EE450D
$3FF87A178748C3DA,0,C01EF4FF1ADDBF26,4012D0D5E1C4F6E3
$3FF7E9B5F7D48ADB,0,C01FA9DFCEA29C33,4012C638B1CE176E
$3FF75954686051DA,0,C0202F21FE3B781D,4012B53D533D67CE
$3FF6C8F2D8EC18DB,0,C02088F9225E3A49,40129DE92CC17F56
$3FF638914977DFD9,0,C020E258C0D7896,40128043A9CC086B
$3FF5A82FBA03A6D9,0,C0213B246CC8F253,40125C563835A21A
$3FF517CE2A8F6DD9,0,C021933FE8620349,4012322C453E26AE
$3FF4876C9B1B34D8,0,C021EA8F2DDBBD58,401201D339EA4B4B
$3FF3F70B0BA6FBD8,0,C02240F6786233B5,4011CB5A76BFC0A2
$3FF366A97C32C2D8,0,C022965A4CE982A5,40118ED34EE12FDA
$3FF2D647ECBE89DA,0,C022EA9F82EB4F11,40114C51028BA206
4 28 327
4 29 87
4 30 85
4 31 557
4 32 0
4 33 0
3 22 ->
4 23 544
4 24 4
4 25 0
4 26 [2]
$1,-1
4 27 [14][4]
$401790A8C39D105E,8,C0237DE5DE1D67D9,400D0A6BDC62A3EA
$40177E20D45743E4,8,C0236BBE70893215,400C5F2110D21844
$40175A08707A35A4,8,C023462C1EF24921,400B15625DF9172E
$401735F00C9D2764,8,C0231DB80A9DDDA,4009D123FB240658
$401711D7A8C01924,8,C022F26F114CEA0C,400892CD0886EDB5
$4016EDBF44E30AE4,8,C022C45EF74DF28F,40075AC2C59F35A9
$4016C9A6E105FCA4,8,C0229396631C1CEB,4006296870FFF3B6
$4016A58E7D28EE64,8,C0226024D8B6590D,4004FF1F28C1590B
$40168176194BE024,8,C0222A1AB4B015AD,4003DC45CB9D4D42
$40165D5DB56ED1E4,8,C021F18926FD12D9,4002C138DAC30805
$401639455191C3A3,8,C021B6822D79FA05,4001AE525C6B4274
$4016152CEDB4B564,8,C02179188E3378C4,4000A3E9BF365BC6
$4015F11489D7A723,8,C021395FD16DB009,3FFF44A77CBB18CE
$4015CCFC25FA98E4,8,C020F76C3B6DDE2F,3FFD53C48D7FFF6D
4 28 296
4 29 88
4 30 482
4 31 542
4 32 0
4 33 0
3 22 ->
4 23 543
4 24 4
4 25 0
4 26 [2]
$1,-1
4 27 [14][4]
$401790A8C39D105E,8,C0237DE5DE1D67D9,400D0A6BDC62A3EA
$40177E20D45743E4,8,C0236BBE70893215,400C5F2110D21844
$40175A08707A35A4,8,C023462C1EF24921,400B15625DF9172E
$401735F00C9D2764,8,C0231DB80A9DDDA,4009D123FB240658
$401711D7A8C01924,8,C022F26F114CEA0C,400892CD0886EDB5
$4016EDBF44E30AE4,8,C022C45EF74DF28F,40075AC2C59F35A9
$4016C9A6E105FCA4,8,C0229396631C1CEB,4006296870FFF3B6
$4016A58E7D28EE64,8,C0226024D8B6590D,4004FF1F28C1590B
$40168176194BE024,8,C0222A1AB4B015AD,4003DC45CB9D4D42
$40165D5DB56ED1E4,8,C021F18926FD12D9,4002C138DAC30805
$401639455191C3A3,8,C021B6822D79FA05,4001AE525C6B4274
$4016152CEDB4B564,8,C02179188E3378C4,4000A3E9BF365BC6
$4015F11489D7A723,8,C021395FD16DB009,3FFF44A77CBB18CE
$4015CCFC25FA98E4,8,C020F76C3B6DDE2F,3FFD53C48D7FFF6D
4 28 295
4 29 87
4 30 481
4 31 541
4 32 0
4 33 0
3 22 ->
4 23 560
4 24 4
4 25 0
4 26 [2]
$1,-1
4 27 [11][4]
$4015CCFC25FA98E4,8,C020F76C3B6DDE3,3FFD53C48D7FFF6D
$4015A54591F0D82C,8,C020C069BED847C4,3FFBD3088FD945EA
$40157B1D26DFFD95,8,C02084061AA18CEC,3FFA4D9D8B63E157
$401550F4BBCF22FE,8,C02045AEACC020A8,3FF8DC6953947C7C
$401526CC50BE4867,8,C020057E81262A2D,3FF7800C15F80634
$4014FCA3E5AD6DD,8,C01F8722E1BD61D,3FF6391CF58B7502
$4014D27B7A9C9338,8,C01F00082BF1660A,3FF50829C929D1CF
$4014A8530F8BB8A1,8,C01E75E77E3CFD98,3FF3EDB6DE02DF73
$40147E2AA47ADE09,8,C01DE8FCC5BD61C7,3FF2EA3EBE3511C4
$40145402396A0372,8,C01D59852558B78E,3FF1FE31FBA3BAD2
$40143EEE03E19626,8,C01D10E7E748EB92,3FF1911444ECBFD3
4 28 292
4 29 88
4 30 480
4 31 544
4 32 0
4 33 0
3 22 ->
4 23 559
4 24 4
4 25 0
4 26 [2]
$1,-1
4 27 [11][4]
$4015CCFC25FA98E4,8,C020F76C3B6DDE3,3FFD53C48D7FFF6D
$4015A54591F0D82C,8,C020C069BED847C4,3FFBD3088FD945EA
$40157B1D26DFFD95,8,C02084061AA18CEC,3FFA4D9D8B63E157
$401550F4BBCF22FE,8,C02045AEACC020A8,3FF8DC6953947C7C
$401526CC50BE4867,8,C020057E81262A2D,3FF7800C15F80634
$4014FCA3E5AD6DD,8,C01F8722E1BD61D,3FF6391CF58B7502
$4014D27B7A9C9338,8,C01F00082BF1660A,3FF50829C929D1CF
$4014A8530F8BB8A1,8,C01E75E77E3CFD98,3FF3EDB6DE02DF73
$40147E2AA47ADE09,8,C01DE8FCC5BD61C7,3FF2EA3EBE3511C4
$40145402396A0372,8,C01D59852558B78E,3FF1FE31FBA3BAD2
$40143EEE03E19626,8,C01D10E7E748EB92,3FF1911444ECBFD3
4 28 291
4 29 87
4 30 479
4 31 543
4 32 0
4 33 0
3 22 ->
4 23 562
4 24 4
4 25 0
4 26 [2]
$1,-1
4 27 [2][4]
$BFFBA7C4E9E6AFCA,0,C01D10E7E748EB95,3FF1911444ECBFD1
$0,0,C01691B4438D157D,3FE0374F9DFD9B8D
4 28 288
4 29 88
4 30 564
4 31 560
4 32 0
4 33 0
3 22 ->
4 23 561
4 24 4
4 25 0
4 26 [2]
$1,-1
4 27 [2][4]
$BFFBA7C4E9E6AFCA,0,C01D10E7E748EB95,3FF1911444ECBFD1
$0,0,C01691B4438D157D,3FE0374F9DFD9B8D
4 28 287
4 29 87
4 30 563
4 31 559
4 32 0
4 33 0
3 22 ->
4 23 392
4 24 4
4 25 0
4 26 [2]
$1,-1
4 27 [4][4]
$3FB6EE3EC745EF3E,0,C01691B4438D157E,3FE0374F9DFD9B93
$3FB0FD3A0CFC9573,0,C0169C30C303F289,3FD80B1273B7F7A8
$3FA0FD3A0CFC9571,0,C016A5C4491309BD,3FC80E764E54C895
$0,8,C016A8F5C28F5C25,BCA2AEF35C54BECC
4 28 284
4 29 88
4 30 286
4 31 562
4 32 0
4 33 0
3 22 ->
4 23 391
4 24 4
4 25 0
4 26 [2]
$1,-1
4 27 [4][4]
$3FB6EE3EC745EF3E,0,C01691B4438D157E,3FE0374F9DFD9B93
$3FB0FD3A0CFC9573,0,C0169C30C303F289,3FD80B1273B7F7A8
$3FA0FD3A0CFC9571,0,C016A5C4491309BD,3FC80E764E54C895
$0,8,C016A8F5C28F5C25,BCA2AEF35C54BECC
4 28 283
4 29 87
4 30 285
4 31 561
4 32 0
4 33 0
3 22 ->
4 23 400
4 24 4
4 25 0
4 26 [2]
$1,-1
4 27 [2][4]
$0,0,C01691B4438D158D,BFE0374F9DFD9765
$3FFBA7C4E9E6AFC7,0,C01D10E7E748EBB2,BFF1911444ECBD22
4 28 308
4 29 88
4 30 476
4 31 42
4 32 0
4 33 0
3 22 ->
4 23 399
4 24 4
4 25 0
4 26 [2]
$1,-1
4 27 [2][4]
$0,0,C01691B4438D158D,BFE0374F9DFD9765
$3FFBA7C4E9E6AFC7,0,C01D10E7E748EBB2,BFF1911444ECBD22
4 28 307
4 29 87
4 30 475
4 31 41
4 32 0
4 33 0
3 22 ->
4 23 566
4 24 4
4 25 0
4 26 [2]
$1,-1
4 27 [11][4]
$3FF38C35418A5C23,0,C01D10E7E748EBB2,BFF1911444ECBD1F
$3FF2ED5AF1635943,0,C01D993BB8436695,BFF2639E0871CC6
$3FF244B9451FEEE6,0,C01E279A5DFFA98E,BFF35A120BD99756
$3FF19C1798DC8489,0,C01EB350F173CBB1,BFF467C0E8A151CB
$3FF0F375EC991A2B,0,C01F3C22D569AC7F,BFF58C359E8065AD
$3FF04AD44055AFCE,0,C01FC1D4AE033A72,BFF6C6F14BEB937
$3FEF446528248AE4,0,C02022163D3D902A,BFF8176B6520F4F3
$3FEDF321CF9DB626,0,C0206178D7276E36,BFF97D11EF656E2E
$3FECA1DE7716E173,0,C0209EF6A4E3AB3F,BFFAF749C059D874
$3FEB509B1E900CB3,0,C020DA74F8EAA80A,BFFC856EC14C6E0A
$3FEAA7F9724CA256,0,C020F76C3B6DDE49,BFFD53C48D7FFC5
4 28 304
4 29 88
4 30 474
4 31 400
4 32 0
4 33 0
3 22 ->
4 23 565
4 24 4
4 25 0
4 26 [2]
$1,-1
4 27 [11][4]
$3FF38C35418A5C23,0,C01D10E7E748EBB2,BFF1911444ECBD1F
$3FF2ED5AF1635943,0,C01D993BB8436695,BFF2639E0871CC6
$3FF244B9451FEEE6,0,C01E279A5DFFA98E,BFF35A120BD99756
$3FF19C1798DC8489,0,C01EB350F173CBB1,BFF467C0E8A151CB
$3FF0F375EC991A2B,0,C01F3C22D569AC7F,BFF58C359E8065AD
$3FF04AD44055AFCE,0,C01FC1D4AE033A72,BFF6C6F14BEB937
$3FEF446528248AE4,0,C02022163D3D902A,BFF8176B6520F4F3
$3FEDF321CF9DB626,0,C0206178D7276E36,BFF97D11EF656E2E
$3FECA1DE7716E173,0,C0209EF6A4E3AB3F,BFFAF749C059D874
$3FEB509B1E900CB3,0,C020DA74F8EAA80A,BFFC856EC14C6E0A
$3FEAA7F9724CA256,0,C020F76C3B6DDE49,BFFD53C48D7FFC5
4 28 303
4 29 87
4 30 473
4 31 399
4 32 0
4 33 0
3 22 ->
4 23 568
4 24 4
4 25 0
4 26 [2]
$1,-1
4 27 [14][4]
$3FEAA7F9724CA257,0,C020F76C3B6DDE49,BFFD53C48D7FFC5
$3FEA13B9F81E3E92,0,C021198E238D91B2,BFFE508AC7EFC47
$3FE8F2F6D935CC94,0,C0215A5F3B737D,C000257286221C82
$3FE7D233BA4D5A93,0,C02198EAFB6B938F,C0012B9A7D9B3257
$3FE6B1709B64E891,0,C021D51D7EEB4132,C0023A69E9688914
$3FE590AD7C7C7694,0,C0220EE3A0A11E65,C003518AA7EF4D4B
$3FE46FEA5D940494,0,C022462B008BCDE4,C00470A3F25954BC
$3FE34F273EAB9293,0,C0227AE209D218D8,C005975A78D16515
$3FE22E641FC32092,0,C022ACF7F85A6DD6,C006C5507F8DE491
$3FE10DA100DAAE9,0,C022DC5CDE1FFB62,C007FA25FCA0B7D1
$3FDFD9BBC3E4791F,0,C0230901A843B3BD,C0093578B682D1AA
$3FDD98358613951C,0,C02332D823D79D96,C00A76E46351BDCB
$3FDB56AF4842B11C,0,C02359D30262EB23,C00BBE02C8B536BF
$3FD915290A71CD1C,0,C0237DE5DE1D6807,C00D0A6BDC62A21E
4 28 300
4 29 88
4 30 94
4 31 566
4 32 0
4 33 0
3 22 ->
4 23 567
4 24 4
4 25 0
4 26 [2]
$1,-1
4 27 [14][4]
$3FEAA7F9724CA257,0,C020F76C3B6DDE49,BFFD53C48D7FFC5
$3FEA13B9F81E3E92,0,C021198E238D91B2,BFFE508AC7EFC47
$3FE8F2F6D935CC94,0,C0215A5F3B737D,C000257286221C82
$3FE7D233BA4D5A93,0,C02198EAFB6B938F,C0012B9A7D9B3257
$3FE6B1709B64E891,0,C021D51D7EEB4132,C0023A69E9688914
$3FE590AD7C7C7694,0,C0220EE3A0A11E65,C003518AA7EF4D4B
$3FE46FEA5D940494,0,C022462B008BCDE4,C00470A3F25954BC
$3FE34F273EAB9293,0,C0227AE209D218D8,C005975A78D16515
$3FE22E641FC32092,0,C022ACF7F85A6DD6,C006C5507F8DE491
$3FE10DA100DAAE9,0,C022DC5CDE1FFB62,C007FA25FCA0B7D1
$3FDFD9BBC3E4791F,0,C0230901A843B3BD,C0093578B682D1AA
$3FDD98358613951C,0,C02332D823D79D96,C00A76E46351BDCB
$3FDB56AF4842B11C,0,C02359D30262EB23,C00BBE02C8B536BF
$3FD915290A71CD1C,0,C0237DE5DE1D6807,C00D0A6BDC62A21E
4 28 299
4 29 87
4 30 93
4 31 565
4 32 0
4 33 0
3 22 ->
4 23 570
4 24 4
4 25 0
4 26 [2]
$1,-1
4 27 [4][4]
$C022EA9F82EB4F46,C0114C51028BA11F,40176AD8626F45C5,0
$C0231CEA9DF272B7,C010695D0267A9AE,401782B72938980E,0
$C0234EE3ADB782A3,C00EF0F2FBEC8118,40179BCB02649377,0
$C0237DE5DE1D6809,C00D0A6BDC62A21,4017B4DEDB908EE,0
4 28 88
4 29 92
4 30 568
4 31 470
4 32 0
4 33 0
3 22 ->
4 23 569
4 24 4
4 25 0
4 26 [2]
$1,-1
4 27 [4][4]
$C022EA9F82EB4F46,C0114C51028BA11F,40176AD8626F45C5,0
$C0231CEA9DF272B7,C010695D0267A9AE,401782B72938980E,0
$C0234EE3ADB782A3,C00EF0F2FBEC8118,40179BCB02649377,0
$C0237DE5DE1D6809,C00D0A6BDC62A21,4017B4DEDB908EE,0
4 28 87
4 29 91
4 30 567
4 31 469
4 32 0
4 33 0
3 22 ->
4 23 572
4 24 4
4 25 0
4 26 [2]
$1,-1
4 27 [14][4]
$40146C6959148AB9,0,C022EA9F82EB4F41,C0114C51028BA123
$401459E169CEBE3F,0,C022BF817C1FE881,C0116F3426C7FAF5
$401435C905F1B,0,C0226AA5C1491F3D,C011AEA6E5CB982D
$401411B0A214A1BF,0,C02214B94E71E8C4,C011E8146100682F
$4013ED983E37937F,0,C021BDD777943709,C0121B6A54970BEE
$4013C97FDA5A853F,0,C021661BDEB5E903,C01248986CC268BF
$4013A567767D76FF,0,C0210DA26B1EE592,C0126F904AE90B58
$4013814F12A068BF,0,C020B48740792F61,C01290458A37229B
$40135D36AEC35A7F,0,C0205AE6B5DDC451,C012AAADC38F9DF7
$4013391E4AE64C3F,0,C02000DD4CD12118,C012BEC090DB2E5C
$40131505E7093DFF,0,C01F4D0F50648E31,C012CC778FB41C94
$4012F0ED832C2FBE,0,C01E9805063E4CDB,C012D3CE636E1B42
$4012CCD51F4F217F,8,C01DE2D54FA2A3E9,C012D4C2B6796F6C
$4012A8BCBB72133F,8,C01D2DB9CCEBCA51,C012CF543B20FE66
4 28 268
4 29 88
4 30 468
4 31 570
4 32 0
4 33 0
3 22 ->
4 23 571
4 24 4
4 25 0
4 26 [2]
$1,-1
4 27 [14][4]
$40146C6959148AB9,0,C022EA9F82EB4F41,C0114C51028BA123
$401459E169CEBE3F,0,C022BF817C1FE881,C0116F3426C7FAF5
$401435C905F1B,0,C0226AA5C1491F3D,C011AEA6E5CB982D
$401411B0A214A1BF,0,C02214B94E71E8C4,C011E8146100682F
$4013ED983E37937F,0,C021BDD777943709,C0121B6A54970BEE
$4013C97FDA5A853F,0,C021661BDEB5E903,C01248986CC268BF
$4013A567767D76FF,0,C0210DA26B1EE592,C0126F904AE90B58
$4013814F12A068BF,0,C020B48740792F61,C01290458A37229B
$40135D36AEC35A7F,0,C0205AE6B5DDC451,C012AAADC38F9DF7
$4013391E4AE64C3F,0,C02000DD4CD12118,C012BEC090DB2E5C
$40131505E7093DFF,0,C01F4D0F50648E31,C012CC778FB41C94
$4012F0ED832C2FBE,0,C01E9805063E4CDB,C012D3CE636E1B42
$4012CCD51F4F217F,8,C01DE2D54FA2A3E9,C012D4C2B6796F6C
$4012A8BCBB72133F,8,C01D2DB9CCEBCA51,C012CF543B20FE66
4 28 267
4 29 87
4 30 467
4 31 569
4 32 0
4 33 0
3 22 ->
4 23 574
4 24 4
4 25 0
4 26 [2]
$1,-1
4 27 [11][4]
$4012A8BCBB72133E,8,C01D2DB9CCEBCA52,C012CF543B20FE68
$4012810627685287,8,C01C9BEB1175766C,C012C58BAD0E5DC5
$401256DDBC5777F,8,C01C01ACC8F39345,C012B4FB7D6FD66A
$40122CB551469D58,8,C01B683E7AA293EC,C0129E15B6A1DB34
$4012028CE635C2C1,8,C01ACFE2B74608C4,C01280E447C1391F
$4011D8647B24E82A,8,C01A38DB98857AC7,C0125D73DB20FB91
$4011AE3C10140D92,8,C019A36AA43F040A,C01233D3D0CBC067
$40118413A50332FC,8,C0190FD0B01A063A,C012041637D81475
$401159EB39F25864,8,C0187E4DC5665422,C011CE4FC692BD5F
$40112FC2CEE17DCD,8,C017EF2105540281,C0119297D18256EC
$40111AAE99591081,8,C017A87E696DF961,C011728944C418E2
4 28 264
4 29 88
4 30 466
4 31 572
4 32 0
4 33 0
3 22 ->
4 23 573
4 24 4
4 25 0
4 26 [2]
$1,-1
4 27 [11][4]
$4012A8BCBB72133E,8,C01D2DB9CCEBCA52,C012CF543B20FE68
$4012810627685287,8,C01C9BEB1175766C,C012C58BAD0E5DC5
$401256DDBC5777F,8,C01C01ACC8F39345,C012B4FB7D6FD66A
$40122CB551469D58,8,C01B683E7AA293EC,C0129E15B6A1DB34
$4012028CE635C2C1,8,C01ACFE2B74608C4,C01280E447C1391F
$4011D8647B24E82A,8,C01A38DB98857AC7,C0125D73DB20FB91
$4011AE3C10140D92,8,C019A36AA43F040A,C01233D3D0CBC067
$40118413A50332FC,8,C0190FD0B01A063A,C012041637D81475
$401159EB39F25864,8,C0187E4DC5665422,C011CE4FC692BD5F
$40112FC2CEE17DCD,8,C017EF2105540281,C0119297D18256EC
$40111AAE99591081,8,C017A87E696DF961,C011728944C418E2
4 28 263
4 29 87
4 30 465
4 31 571
4 32 0
4 33 0
3 22 ->
4 23 576
4 24 4
4 25 0
4 26 [2]
$1,-1
4 27 [2][4]
$BFFBA7C4E9E6AFC7,0,C017A87E696DF963,C011728944C418E4
$0,0,C01164619D6EBF0F,C00D0D0D72FE64EA
4 28 260
4 29 88
4 30 578
4 31 574
4 32 0
4 33 0
3 22 ->
4 23 575
4 24 4
4 25 0
4 26 [2]
$1,-1
4 27 [2][4]
$BFFBA7C4E9E6AFC7,0,C017A87E696DF963,C011728944C418E4
$0,0,C01164619D6EBF0F,C00D0D0D72FE64EA
4 28 259
4 29 87
4 30 577
4 31 573
4 32 0
4 33 0
3 22 ->
4 23 580
4 24 4
4 25 0
4 26 [2]
$1,-1
4 27 [7][4]
$40165974E4D8BF3,0,C01164619D6EBF1,C00D0D0D72FE64EC
$40163AE9F913710F,0,C010F3816E8F5228,C00E134E546FEE5D
$401618EF84F977E4,0,C0107166B5432C6B,C00F2F00657BB217
$4015F6F510DF7EB9,0,C00FD55334269F5A,C01020F4432E36E2
$4015D4FA9CC5858E,0,C00EBEE02D26595A,C010A5DC9E177B06
$4015B30028AB8C63,0,C00D9FC2D002A869,C0112613CE03381
$4015A202EE9E8FCE,0,C00D0D0D72FE6596,C01164619D6EBEC9
4 28 256
4 29 88
4 30 582
4 31 576
4 32 0
4 33 0
3 22 ->
4 23 579
4 24 4
4 25 0
4 26 [2]
$1,-1
4 27 [7][4]
$40165974E4D8BF3,0,C01164619D6EBF1,C00D0D0D72FE64EC
$40163AE9F913710F,0,C010F3816E8F5228,C00E134E546FEE5D
$401618EF84F977E4,0,C0107166B5432C6B,C00F2F00657BB217
$4015F6F510DF7EB9,0,C00FD55334269F5A,C01020F4432E36E2
$4015D4FA9CC5858E,0,C00EBEE02D26595A,C010A5DC9E177B06
$4015B30028AB8C63,0,C00D9FC2D002A869,C0112613CE03381
$4015A202EE9E8FCE,0,C00D0D0D72FE6596,C01164619D6EBEC9
4 28 255
4 29 87
4 30 581
4 31 575
4 32 0
4 33 0
3 22 ->
4 23 584
4 24 4
4 25 0
4 26 [2]
$1,-1
4 27 [2][4]
$0,0,C00D0D0D72FE659A,C01164619D6EBECB
$3FFBA7C4E9E6AFC6,0,C011728944C4195B,C017A87E696DF91
4 28 280
4 29 88
4 30 458
4 31 580
4 32 0
4 33 0
3 22 ->
4 23 583
4 24 4
4 25 0
4 26 [2]
$1,-1
4 27 [2][4]
$0,0,C00D0D0D72FE659A,C01164619D6EBECB
$3FFBA7C4E9E6AFC6,0,C011728944C4195B,C017A87E696DF91
4 28 279
4 29 87
4 30 457
4 31 579
4 32 0
4 33 0
3 22 ->
4 23 586
4 24 4
4 25 0
4 26 [2]
$1,-1
4 27 [11][4]
$3FDBECDE5DA11638,0,C011728944C4195C,C017A87E696DF91
$3FD971751D050AB4,0,C011ADB74BFDC9EE,C0182E1C2D5B7C57
$3FD6CEEE6BF76141,0,C011E6D1C550951C,C018BE590BDB9406
$3FD42C67BAE9B7CB,0,C01219F018E4911D,C01950D04BF3C353
$3FD189E109DC0E5C,0,C01246FC19440D2B,C019E54262731C51
$3FCDCEB4B19CC9CC,0,C0126DE23B501425,C01A7B6EE844E7E9
$3FC889A74F8176DB,0,C0128E919EBB02FD,C01B1314B661837C
$3FC34499ED6623F9,0,C012A8FC155AE22D,C01BABF20212855
$3FBBFF191695A23,0,C012BD16295054F7,C01C45C4797DE464
$3FB174FE525EFC43,0,C012CAD721FF7346,C01CE049606BC16C
$3FA85FE1E08752A9,0,C012CF543B20FEFD,C01D2DB9CCEBC9FE
4 28 276
4 29 88
4 30 456
4 31 584
4 32 0
4 33 0
3 22 ->
4 23 585
4 24 4
4 25 0
4 26 [2]
$1,-1
4 27 [11][4]
$3FDBECDE5DA11638,0,C011728944C4195C,C017A87E696DF91
$3FD971751D050AB4,0,C011ADB74BFDC9EE,C0182E1C2D5B7C57
$3FD6CEEE6BF76141,0,C011E6D1C550951C,C018BE590BDB9406
$3FD42C67BAE9B7CB,0,C01219F018E4911D,C01950D04BF3C353
$3FD189E109DC0E5C,0,C01246FC19440D2B,C019E54262731C51
$3FCDCEB4B19CC9CC,0,C0126DE23B501425,C01A7B6EE844E7E9
$3FC889A74F8176DB,0,C0128E919EBB02FD,C01B1314B661837C
$3FC34499ED6623F9,0,C012A8FC155AE22D,C01BABF20212855
$3FBBFF191695A23,0,C012BD16295054F7,C01C45C4797DE464
$3FB174FE525EFC43,0,C012CAD721FF7346,C01CE049606BC16C
$3FA85FE1E08752A9,0,C012CF543B20FEFD,C01D2DB9CCEBC9FE
4 28 275
4 29 87
4 30 455
4 31 583
4 32 0
4 33 0
3 22 ->
4 23 402
4 24 4
4 25 0
4 26 [2]
$1,-1
4 27 [3][4]
$3FA85FE1E08752E2,0,C012CF543B20FEFD,C01D2DB9CCEBC9FE
$3F920C31EE872021,0,C012D45ACDC796D5,C01DC7C261119C86
$3CA97F7D73404148,0,C012D5272FA2C7C1,C01E225A8EBCFF6E
4 28 272
4 29 88
4 30 274
4 31 586
4 32 0
4 33 0
3 22 ->
4 23 401
4 24 4
4 25 0
4 26 [2]
$1,-1
4 27 [3][4]
$3FA85FE1E08752E2,0,C012CF543B20FEFD,C01D2DB9CCEBC9FE
$3F920C31EE872021,0,C012D45ACDC796D5,C01DC7C261119C86
$3CA97F7D73404148,0,C012D5272FA2C7C1,C01E225A8EBCFF6E
4 28 271
4 29 87
4 30 273
4 31 585
4 32 0
4 33 0
3 22 ->
4 23 410
4 24 4
4 25 0
4 26 [2]
$1,-1
4 27 [4][4]
$C00D0A6BDC62A30A,C0237DE5DE1D67F2,40144698F7E6C017,0
$C00ED9A1F7ACC4B3,C02351387D6AD16,40145E77BEB01268,0
$C0105DD29FE9C804,C0231F63CA6963F2,4014778B97DC0DD1,0
$C0114C51028BA1E4,C022EA9F82EB4F19,4014909F7108093A,0
4 28 88
4 29 96
4 30 46
4 31 454
4 32 0
4 33 0
3 22 ->
4 23 409
4 24 4
4 25 0
4 26 [2]
$1,-1
4 27 [4][4]
$C00D0A6BDC62A30A,C0237DE5DE1D67F2,40144698F7E6C017,0
$C00ED9A1F7ACC4B3,C02351387D6AD16,40145E77BEB01268,0
$C0105DD29FE9C804,C0231F63CA6963F2,4014778B97DC0DD1,0
$C0114C51028BA1E4,C022EA9F82EB4F19,4014909F7108093A,0
4 28 87
4 29 95
4 30 45
4 31 453
4 32 0
4 33 0
3 22 ->
4 23 588
4 24 4
4 25 0
4 26 [2]
$1,-1
4 27 [14][4]
$40114829EE8C050C,0,C00D0A6BDC62A303,C0237DE5DE1D67EF
$401135A1FF463892,0,C00C5F2110D2175E,C0236BBE70893229
$401111899B692A52,0,C00B15625DF9164A,C023462C1EF24935
$4010ED71378C1C12,0,C009D123FB240576,C0231DB80A9DDDB4
$4010C958D3AF0DD2,0,C00892CD0886ECD4,C022F26F114CEA1E
$4010A5406FD1FF92,0,C0075AC2C59F34CD,C022C45EF74DF2A
$401081280BF4F152,0,C006296870FFF2DA,C0229396631C1CFC
$40105D0FA817E312,0,C004FF1F28C15831,C0226024D8B6591C
$401038F7443AD4D2,0,C003DC45CB9D4C6A,C0222A1AB4B015BB
$401014DEE05DC692,0,C002C138DAC30731,C021F18926FD12E7
$400FE18CF90170A4,0,C001AE525C6B41A3,C021B6822D79FA13
$400F995C31475423,0,C000A3E9BF365AF7,C02179188E3378D
$400F512B698D37A3,0,BFFF44A77CBB1738,C021395FD16DB014
$400F08FAA1D31B24,0,BFFD53C48D7FFDDB,C020F76C3B6DDE39
4 28 240
4 29 88
4 30 452
4 31 410
4 32 0
4 33 0
3 22 ->
4 23 587
4 24 4
4 25 0
4 26 [2]
$1,-1
4 27 [14][4]
$40114829EE8C050C,0,C00D0A6BDC62A303,C0237DE5DE1D67EF
$401135A1FF463892,0,C00C5F2110D2175E,C0236BBE70893229
$401111899B692A52,0,C00B15625DF9164A,C023462C1EF24935
$4010ED71378C1C12,0,C009D123FB240576,C0231DB80A9DDDB4
$4010C958D3AF0DD2,0,C00892CD0886ECD4,C022F26F114CEA1E
$4010A5406FD1FF92,0,C0075AC2C59F34CD,C022C45EF74DF2A
$401081280BF4F152,0,C006296870FFF2DA,C0229396631C1CFC
$40105D0FA817E312,0,C004FF1F28C15831,C0226024D8B6591C
$401038F7443AD4D2,0,C003DC45CB9D4C6A,C0222A1AB4B015BB
$401014DEE05DC692,0,C002C138DAC30731,C021F18926FD12E7
$400FE18CF90170A4,0,C001AE525C6B41A3,C021B6822D79FA13
$400F995C31475423,0,C000A3E9BF365AF7,C02179188E3378D
$400F512B698D37A3,0,BFFF44A77CBB1738,C021395FD16DB014
$400F08FAA1D31B24,0,BFFD53C48D7FFDDB,C020F76C3B6DDE39
4 28 239
4 29 87
4 30 451
4 31 409
4 32 0
4 33 0
3 22 ->
4 23 590
4 24 4
4 25 0
4 26 [2]
$1,-1
4 27 [11][4]
$400F08FAA1D31B22,0,BFFD53C48D7FFDD5,C020F76C3B6DDE39
$400EB98D79BF99B5,0,BFFBD3088FD94458,C020C069BED847CE
$400E653CA39DE485,0,BFFA4D9D8B63DFCA,C02084061AA18CF5
$400E10EBCD7C2F57,0,BFF8DC6953947AF3,C02045AEACC020B1
$400DBC9AF75A7A29,0,BFF7800C15F804B3,C020057E81262A35
$400D684A2138C4FA,0,BFF6391CF58B7387,C01F8722E1BD61DD
$400D13F94B170FCB,0,BFF50829C929D058,C01F00082BF16619
$400CBFA874F55A9D,0,BFF3EDB6DE02DE03,C01E75E77E3CFDA4
$400C6B579ED3A56E,0,BFF2EA3EBE35105D,C01DE8FCC5BD61D4
$400C1706C8B1F03F,0,BFF1FE31FBA3B974,C01D59852558B799
$400BECDE5DA115A8,0,BFF1911444ECBE79,C01D10E7E748EB9D
4 28 236
4 29 88
4 30 450
4 31 588
4 32 0
4 33 0
3 22 ->
4 23 589
4 24 4
4 25 0
4 26 [2]
$1,-1
4 27 [11][4]
$400F08FAA1D31B22,0,BFFD53C48D7FFDD5,C020F76C3B6DDE39
$400EB98D79BF99B5,0,BFFBD3088FD94458,C020C069BED847CE
$400E653CA39DE485,0,BFFA4D9D8B63DFCA,C02084061AA18CF5
$400E10EBCD7C2F57,0,BFF8DC6953947AF3,C02045AEACC020B1
$400DBC9AF75A7A29,0,BFF7800C15F804B3,C020057E81262A35
$400D684A2138C4FA,0,BFF6391CF58B7387,C01F8722E1BD61DD
$400D13F94B170FCB,0,BFF50829C929D058,C01F00082BF16619
$400CBFA874F55A9D,0,BFF3EDB6DE02DE03,C01E75E77E3CFDA4
$400C6B579ED3A56E,0,BFF2EA3EBE35105D,C01DE8FCC5BD61D4
$400C1706C8B1F03F,0,BFF1FE31FBA3B974,C01D59852558B799
$400BECDE5DA115A8,0,BFF1911444ECBE79,C01D10E7E748EB9D
4 28 235
4 29 87
4 30 449
4 31 587
4 32 0
4 33 0
3 22 ->
4 23 592
4 24 4
4 25 0
4 26 [2]
$1,-1
4 27 [2][4]
$BFFBA7C4E9E6AFC5,0,BFF1911444ECBE79,C01D10E7E748EBA1
$0,0,BFE0374F9DFD9979,C01691B4438D1583
4 28 232
4 29 88
4 30 594
4 31 590
4 32 0
4 33 0
3 22 ->
4 23 591
4 24 4
4 25 0
4 26 [2]
$1,-1
4 27 [2][4]
$BFFBA7C4E9E6AFC5,0,BFF1911444ECBE79,C01D10E7E748EBA1
$0,0,BFE0374F9DFD9979,C01691B4438D1583
4 28 231
4 29 87
4 30 593
4 31 589
4 32 0
4 33 0
3 22 ->
4 23 596
4 24 4
4 25 0
4 26 [2]
$1,-1
4 27 [7][4]
$401335357A503983,8,BFE0374F9DFD997F,C01691B4438D1584
$401316AA8E8AEB62,8,BFD5A60CB1877F17,C0169E9C0C737B1D
$4012F4B01A70F237,8,BFC342861C8B29F3,C016A6E9D4989199
$4012D2B5A656F90C,0,3FA331EB27473EC4,C016A8D53D6F39C4
$4012B0BB323CFFE1,0,3FCCDA2173BE916A,C016A45DBC7799F9
$40128EC0BE2306B6,0,3FDA6FD333439158,C016998493FB035A
$40127DC384160A21,0,3FE0374F9DFD997A,C01691B4438D1584
4 28 228
4 29 88
4 30 598
4 31 592
4 32 0
4 33 0
3 22 ->
4 23 595
4 24 4
4 25 0
4 26 [2]
$1,-1
4 27 [7][4]
$401335357A503983,8,BFE0374F9DFD997F,C01691B4438D1584
$401316AA8E8AEB62,8,BFD5A60CB1877F17,C0169E9C0C737B1D
$4012F4B01A70F237,8,BFC342861C8B29F3,C016A6E9D4989199
$4012D2B5A656F90C,0,3FA331EB27473EC4,C016A8D53D6F39C4
$4012B0BB323CFFE1,0,3FCCDA2173BE916A,C016A45DBC7799F9
$40128EC0BE2306B6,0,3FDA6FD333439158,C016998493FB035A
$40127DC384160A21,0,3FE0374F9DFD997A,C01691B4438D1584
4 28 227
4 29 87
4 30 597
4 31 591
4 32 0
4 33 0
3 22 ->
4 23 600
4 24 4
4 25 0
4 26 [2]
$1,-1
4 27 [2][4]
$0,0,3FE0374F9DFD9979,C01691B4438D1587
$3FFBA7C4E9E6AFC5,0,3FF1911444ECBE79,C01D10E7E748EBA5
4 28 252
4 29 88
4 30 442
4 31 596
4 32 0
4 33 0
3 22 ->
4 23 599
4 24 4
4 25 0
4 26 [2]
$1,-1
4 27 [2][4]
$0,0,3FE0374F9DFD9979,C01691B4438D1587
$3FFBA7C4E9E6AFC5,0,3FF1911444ECBE79,C01D10E7E748EBA5
4 28 251
4 29 87
4 30 441
4 31 595
4 32 0
4 33 0
3 22 ->
4 23 602
4 24 4
4 25 0
4 26 [2]
$1,-1
4 27 [11][4]
$4017BC89CF95B8CF,8,3FF1911444ECBE77,C01D10E7E748EBA5
$401794D33B8BF817,8,3FF2639E0871CDBF,C01D993BB8436687
$40176AAAD07B1D7F,8,3FF35A120BD998BC,C01E279A5DFFA98
$40174082656A42E8,8,3FF467C0E8A15336,C01EB350F173CBA2
$40171659FA596851,8,3FF58C359E80671E,C01F3C22D569AC7
$4016EC318F488DBA,8,3FF6C6F14BEB94E9,C01FC1D4AE033A6
$4016C2092437B323,8,3FF8176B6520F672,C02022163D3D9021
$401697E0B926D88B,8,3FF97D11EF656FB3,C0206178D7276E2C
$40166DB84E15FDF4,8,3FFAF749C059D9FC,C0209EF6A4E3AB36
$4016438FE305235D,8,3FFC856EC14C6F9B,C020DA74F8EAA7FF
$40162E7BAD7CB611,8,3FFD53C48D7FFDE3,C020F76C3B6DDE3E
4 28 248
4 29 88
4 30 440
4 31 600
4 32 0
4 33 0
3 22 ->
4 23 601
4 24 4
4 25 0
4 26 [2]
$1,-1
4 27 [11][4]
$4017BC89CF95B8CF,8,3FF1911444ECBE77,C01D10E7E748EBA5
$401794D33B8BF817,8,3FF2639E0871CDBF,C01D993BB8436687
$40176AAAD07B1D7F,8,3FF35A120BD998BC,C01E279A5DFFA98
$40174082656A42E8,8,3FF467C0E8A15336,C01EB350F173CBA2
$40171659FA596851,8,3FF58C359E80671E,C01F3C22D569AC7
$4016EC318F488DBA,8,3FF6C6F14BEB94E9,C01FC1D4AE033A6
$4016C2092437B323,8,3FF8176B6520F672,C02022163D3D9021
$401697E0B926D88B,8,3FF97D11EF656FB3,C0206178D7276E2C
$40166DB84E15FDF4,8,3FFAF749C059D9FC,C0209EF6A4E3AB36
$4016438FE305235D,8,3FFC856EC14C6F9B,C020DA74F8EAA7FF
$40162E7BAD7CB611,8,3FFD53C48D7FFDE3,C020F76C3B6DDE3E
4 28 247
4 29 87
4 30 439
4 31 599
4 32 0
4 33 0
3 22 ->
4 23 604
4 24 4
4 25 0
4 26 [2]
$1,-1
4 27 [14][4]
$40162E7BAD7CB611,8,3FFD53C48D7FFDE3,C020F76C3B6DDE3E
$40161BF3BE36E999,8,3FFE508AC7EFC5FD,C021198E238D91A5
$4015F7DB5A59DB5A,8,4000257286221D4C,C0215A5F3B737CF2
$4015D3C2F67CCD19,8,40012B9A7D9B3323,C02198EAFB6B9381
$4015AFAA929FBED9,8,40023A69E96889E3,C021D51D7EEB4122
$40158B922EC2B099,8,4003518AA7EF4E1D,C0220EE3A0A11E55
$40156779CAE5A259,8,400470A3F2595591,C022462B008BCDD5
$4015436167089419,8,4005975A78D165EC,C0227AE209D218C7
$40151F49032B85D8,8,4006C5507F8DE56B,C022ACF7F85A6DC5
$4014FB309F4E7799,8,4007FA25FCA0B8AC,C022DC5CDE1FFB4E
$4014D7183B716958,8,40093578B682D287,C0230901A843B3AA
$4014B2FFD7945B18,8,400A76E46351BEA9,C02332D823D79D81
$40148EE773B74CD8,8,400BBE02C8B5379F,C02359D30262EB0D
$40146ACF0FDA3E98,8,400D0A6BDC62A2FE,C0237DE5DE1D67F2
4 28 244
4 29 88
4 30 102
4 31 602
4 32 0
4 33 0
3 22 ->
4 23 603
4 24 4
4 25 0
4 26 [2]
$1,-1
4 27 [14][4]
$40162E7BAD7CB611,8,3FFD53C48D7FFDE3,C020F76C3B6DDE3E
$40161BF3BE36E999,8,3FFE508AC7EFC5FD,C021198E238D91A5
$4015F7DB5A59DB5A,8,4000257286221D4C,C0215A5F3B737CF2
$4015D3C2F67CCD19,8,40012B9A7D9B3323,C02198EAFB6B9381
$4015AFAA929FBED9,8,40023A69E96889E3,C021D51D7EEB4122
$40158B922EC2B099,8,4003518AA7EF4E1D,C0220EE3A0A11E55
$40156779CAE5A259,8,400470A3F2595591,C022462B008BCDD5
$4015436167089419,8,4005975A78D165EC,C0227AE209D218C7
$40151F49032B85D8,8,4006C5507F8DE56B,C022ACF7F85A6DC5
$4014FB309F4E7799,8,4007FA25FCA0B8AC,C022DC5CDE1FFB4E
$4014D7183B716958,8,40093578B682D287,C0230901A843B3AA
$4014B2FFD7945B18,8,400A76E46351BEA9,C02332D823D79D81
$40148EE773B74CD8,8,400BBE02C8B5379F,C02359D30262EB0D
$40146ACF0FDA3E98,8,400D0A6BDC62A2FE,C0237DE5DE1D67F2
4 28 243
4 29 87
4 30 101
4 31 601
4 32 0
4 33 0
3 22 ->
4 23 606
4 24 4
4 25 0
4 26 [2]
$1,-1
4 27 [4][4]
$40114C51028BA149,C022EA9F82EB4F3C,401122598D5E3A7A,0
$4010695D0267AA24,C0231CEA9DF2729E,40113A3854278CBC,0
$400EF0F2FBEC8208,C0234EE3ADB7828B,4011534C2D538824,0
$400D0A6BDC62A302,C0237DE5DE1D67F2,40116C60067F838D,0
4 28 88
4 29 100
4 30 604
4 31 436
4 32 0
4 33 0
3 22 ->
4 23 605
4 24 4
4 25 0
4 26 [2]
$1,-1
4 27 [4][4]
$40114C51028BA149,C022EA9F82EB4F3C,401122598D5E3A7A,0
$4010695D0267AA24,C0231CEA9DF2729E,40113A3854278CBC,0
$400EF0F2FBEC8208,C0234EE3ADB7828B,4011534C2D538824,0
$400D0A6BDC62A302,C0237DE5DE1D67F2,40116C60067F838D,0
4 28 87
4 29 99
4 30 603
4 31 435
4 32 0
4 33 0
3 22 ->
4 23 608
4 24 4
4 25 0
4 26 [2]
$1,-1
4 27 [14][4]
$400C47D50806FEDD,0,40114C51028BA148,C022EA9F82EB4F39
$400C22C5297B65EA,0,40116F3426C7FB19,C022BF817C1FE879
$400BDA9461C1496A,0,4011AEA6E5CB9851,C0226AA5C1491F34
$400B92639A072CEA,0,4011E81461006852,C02214B94E71E8BB
$400B4A32D24D106A,0,40121B6A54970C11,C021BDD777943701
$400B02020A92F3EA,0,401248986CC268E1,C021661BDEB5E8FA
$400AB9D142D8D76A,0,40126F904AE90B78,C0210DA26B1EE58A
$400A71A07B1EBAEA,0,401290458A3722BD,C020B48740792F59
$400A296FB3649E6A,0,4012AAADC38F9E17,C0205AE6B5DDC447
$4009E13EEBAA81E9,0,4012BEC090DB2E7D,C02000DD4CD1210F
$4009990E23F0656A,0,4012CC778FB41CB3,C01F4D0F50648E1F
$400950DD5C3648E9,0,4012D3CE636E1B61,C01E9805063E4CCA
$400908AC947C2C6A,0,4012D4C2B6796F89,C01DE2D54FA2A3D7
$4008C07BCCC20FEA,0,4012CF543B20FE84,C01D2DB9CCEBCA4
4 28 212
4 29 88
4 30 434
4 31 606
4 32 0
4 33 0
3 22 ->
4 23 607
4 24 4
4 25 0
4 26 [2]
$1,-1
4 27 [14][4]
$400C47D50806FEDD,0,40114C51028BA148,C022EA9F82EB4F39
$400C22C5297B65EA,0,40116F3426C7FB19,C022BF817C1FE879
$400BDA9461C1496A,0,4011AEA6E5CB9851,C0226AA5C1491F34
$400B92639A072CEA,0,4011E81461006852,C02214B94E71E8BB
$400B4A32D24D106A,0,40121B6A54970C11,C021BDD777943701
$400B02020A92F3EA,0,401248986CC268E1,C021661BDEB5E8FA
$400AB9D142D8D76A,0,40126F904AE90B78,C0210DA26B1EE58A
$400A71A07B1EBAEA,0,401290458A3722BD,C020B48740792F59
$400A296FB3649E6A,0,4012AAADC38F9E17,C0205AE6B5DDC447
$4009E13EEBAA81E9,0,4012BEC090DB2E7D,C02000DD4CD1210F
$4009990E23F0656A,0,4012CC778FB41CB3,C01F4D0F50648E1F
$400950DD5C3648E9,0,4012D3CE636E1B61,C01E9805063E4CCA
$400908AC947C2C6A,0,4012D4C2B6796F89,C01DE2D54FA2A3D7
$4008C07BCCC20FEA,0,4012CF543B20FE84,C01D2DB9CCEBCA4
4 28 211
4 29 87
4 30 433
4 31 605
4 32 0
4 33 0
3 22 ->
4 23 610
4 24 4
4 25 0
4 26 [2]
$1,-1
4 27 [11][4]
$4008C07BCCC20FE9,0,4012CF543B20FE85,C01D2DB9CCEBCA3E
$4008710EA4AE8E7C,0,4012C58BAD0E5DE1,C01C9BEB1175765C
$40081CBDCE8CD94D,0,4012B4FB7D6FD683,C01C01ACC8F39335
$4007C86CF86B241E,0,40129E15B6A1DB4F,C01B683E7AA293DC
$4007741C22496EF,0,401280E447C1393B,C01ACFE2B74608B4
$40071FCB4C27B9C2,0,40125D73DB20FBAB,C01A38DB98857AB7
$4006CB7A76060493,0,401233D3D0CBC07F,C019A36AA43F03FC
$400677299FE44F65,0,4012041637D8148E,C0190FD0B01A062B
$400622D8C9C29A36,0,4011CE4FC692BD76,C0187E4DC5665413
$4005CE87F3A0E507,0,40119297D1825704,C017EF2105540272
$4005A45F88900A7,0,4011728944C418FA,C017A87E696DF952
4 28 208
4 29 88
4 30 432
4 31 608
4 32 0
4 33 0
3 22 ->
4 23 609
4 24 4
4 25 0
4 26 [2]
$1,-1
4 27 [11][4]
$4008C07BCCC20FE9,0,4012CF543B20FE85,C01D2DB9CCEBCA3E
$4008710EA4AE8E7C,0,4012C58BAD0E5DE1,C01C9BEB1175765C
$40081CBDCE8CD94D,0,4012B4FB7D6FD683,C01C01ACC8F39335
$4007C86CF86B241E,0,40129E15B6A1DB4F,C01B683E7AA293DC
$4007741C22496EF,0,401280E447C1393B,C01ACFE2B74608B4
$40071FCB4C27B9C2,0,40125D73DB20FBAB,C01A38DB98857AB7
$4006CB7A76060493,0,401233D3D0CBC07F,C019A36AA43F03FC
$400677299FE44F65,0,4012041637D8148E,C0190FD0B01A062B
$400622D8C9C29A36,0,4011CE4FC692BD76,C0187E4DC5665413
$4005CE87F3A0E507,0,40119297D1825704,C017EF2105540272
$4005A45F88900A7,0,4011728944C418FA,C017A87E696DF952
4 28 207
4 29 87
4 30 431
4 31 607
4 32 0
4 33 0
3 22 ->
4 23 612
4 24 4
4 25 0
4 26 [2]
$1,-1
4 27 [2][4]
$BFFBA7C4E9E6AFCA,0,4011728944C418FB,C017A87E696DF954
$0,0,400D0D0D72FE650C,C01164619D6EBF02
4 28 204
4 29 88
4 30 614
4 31 610
4 32 0
4 33 0
3 22 ->
4 23 611
4 24 4
4 25 0
4 26 [2]
$1,-1
4 27 [2][4]
$BFFBA7C4E9E6AFCA,0,4011728944C418FB,C017A87E696DF954
$0,0,400D0D0D72FE650C,C01164619D6EBF02
4 28 203
4 29 87
4 30 613
4 31 609
4 32 0
4 33 0
3 22 ->
4 23 616
4 24 4
4 25 0
4 26 [2]
$1,-1
4 27 [7][4]
$401010F60FC7B3E6,0,400D0D0D72FE650D,C01164619D6EBF02
$400FE4D64804CB8A,0,400E134E546FEE7E,C010F3816E8F5219
$400FA0E15FD0D934,0,400F2F00657BB238,C0107166B5432C5C
$400F5CEC779CE6DE,0,401020F4432E36F1,C00FD55334269F3B
$400F18F78F68F488,0,4010A5DC9E177B16,C00EBEE02D265939
$400ED502A7350233,0,40112613CE03381D,C00D9FC2D002A847
$400EB308331B0908,0,401164619D6EBED7,C00D0D0D72FE6574
4 28 200
4 29 88
4 30 618
4 31 612
4 32 0
4 33 0
3 22 ->
4 23 615
4 24 4
4 25 0
4 26 [2]
$1,-1
4 27 [7][4]
$401010F60FC7B3E6,0,400D0D0D72FE650D,C01164619D6EBF02
$400FE4D64804CB8A,0,400E134E546FEE7E,C010F3816E8F5219
$400FA0E15FD0D934,0,400F2F00657BB238,C0107166B5432C5C
$400F5CEC779CE6DE,0,401020F4432E36F1,C00FD55334269F3B
$400F18F78F68F488,0,4010A5DC9E177B16,C00EBEE02D265939
$400ED502A7350233,0,40112613CE03381D,C00D9FC2D002A847
$400EB308331B0908,0,401164619D6EBED7,C00D0D0D72FE6574
4 28 199
4 29 87
4 30 617
4 31 611
4 32 0
4 33 0
3 22 ->
4 23 620
4 24 4
4 25 0
4 26 [2]
$1,-1
4 27 [2][4]
$0,0,401164619D6EBED9,C00D0D0D72FE6578
$3FFBA7C4E9E6AFC6,0,4017A87E696DF921,C011728944C41944
4 28 224
4 29 88
4 30 424
4 31 616
4 32 0
4 33 0
3 22 ->
4 23 619
4 24 4
4 25 0
4 26 [2]
$1,-1
4 27 [2][4]
$0,0,401164619D6EBED9,C00D0D0D72FE6578
$3FFBA7C4E9E6AFC6,0,4017A87E696DF921,C011728944C41944
4 28 223
4 29 87
4 30 423
4 31 615
4 32 0
4 33 0
3 22 ->
4 23 622
4 24 4
4 25 0
4 26 [2]
$1,-1
4 27 [11][4]
$4014984A650D3332,0,4017A87E696DF921,C011728944C41944
$40147093D103727A,0,40182E1C2D5B7C67,C011ADB74BFDC9D7
$4014466B65F297E2,0,4018BE590BDB9417,C011E6D1C5509503
$40141C42FAE1BD4B,0,401950D04BF3C364,C01219F018E49106
$4013F21A8FD0E2B4,0,4019E54262731C63,C01246FC19440D12
$4013C7F224C0081C,0,401A7B6EE844E7FC,C0126DE23B50140C
$40139DC9B9AF2D85,0,401B1314B661838D,C0128E919EBB02E4
$401373A14E9E52EE,0,401BABF202128562,C012A8FC155AE212
$40134978E38D7856,0,401C45C4797DE477,C012BD16295054DB
$40131F50787C9DBF,0,401CE049606BC17E,C012CAD721FF732A
$40130A3C42F43074,0,401D2DB9CCEBCA0F,C012CF543B20FEDF
4 28 220
4 29 88
4 30 422
4 31 620
4 32 0
4 33 0
3 22 ->
4 23 621
4 24 4
4 25 0
4 26 [2]
$1,-1
4 27 [11][4]
$4014984A650D3332,0,4017A87E696DF921,C011728944C41944
$40147093D103727A,0,40182E1C2D5B7C67,C011ADB74BFDC9D7
$4014466B65F297E2,0,4018BE590BDB9417,C011E6D1C5509503
$40141C42FAE1BD4B,0,401950D04BF3C364,C01219F018E49106
$4013F21A8FD0E2B4,0,4019E54262731C63,C01246FC19440D12
$4013C7F224C0081C,0,401A7B6EE844E7FC,C0126DE23B50140C
$40139DC9B9AF2D85,0,401B1314B661838D,C0128E919EBB02E4
$401373A14E9E52EE,0,401BABF202128562,C012A8FC155AE212
$40134978E38D7856,0,401C45C4797DE477,C012BD16295054DB
$40131F50787C9DBF,0,401CE049606BC17E,C012CAD721FF732A
$40130A3C42F43074,0,401D2DB9CCEBCA0F,C012CF543B20FEDF
4 28 219
4 29 87
4 30 421
4 31 619
4 32 0
4 33 0
3 22 ->
4 23 624
4 24 4
4 25 0
4 26 [2]
$1,-1
4 27 [14][4]
$40130A3C42F43074,0,401D2DB9CCEBCA1,C012CF543B20FEDF
$4012F7B453AE63FC,0,401D8AAE53B5750A,C012D2EA3CA3F2E3
$4012D39BEFD155BC,0,401E3FDB6861696,C012D51182EE44D1
$4012AF838BF4477B,0,401EF4FF1ADDBF48,C012D0D5E1C4F6A5
$40128B6B2817393B,0,401FA9DFCEA29C56,C012C638B1CE172F
$40126752C43A2AFB,0,40202F21FE3B782E,C012B53D533D678D
$4012433A605D1CBB,0,402088F9225E3A5A,C0129DE92CC17F14
$40121F21FC800E7B,0,4020E258C0D7897,C0128043A9CC0828
$4011FB0998A3003B,0,40213B246CC8F264,C0125C563835A1D6
$4011D6F134C5F1FB,0,4021933FE8620359,C012322C453E266A
$4011B2D8D0E8E3BB,0,4021EA8F2DDBBD68,C01201D339EA4B04
$40118EC06D0BD57B,0,402240F6786233C4,C011CB5A76BFC05A
$40116AA8092EC73B,0,4022965A4CE982B4,C0118ED34EE12F92
$4011468FA551B8FA,0,4022EA9F82EB4F22,C0114C51028BA1BB
4 28 216
4 29 88
4 30 106
4 31 622
4 32 0
4 33 0
3 22 ->
4 23 623
4 24 4
4 25 0
4 26 [2]
$1,-1
4 27 [14][4]
$40130A3C42F43074,0,401D2DB9CCEBCA1,C012CF543B20FEDF
$4012F7B453AE63FC,0,401D8AAE53B5750A,C012D2EA3CA3F2E3
$4012D39BEFD155BC,0,401E3FDB6861696,C012D51182EE44D1
$4012AF838BF4477B,0,401EF4FF1ADDBF48,C012D0D5E1C4F6A5
$40128B6B2817393B,0,401FA9DFCEA29C56,C012C638B1CE172F
$40126752C43A2AFB,0,40202F21FE3B782E,C012B53D533D678D
$4012433A605D1CBB,0,402088F9225E3A5A,C0129DE92CC17F14
$40121F21FC800E7B,0,4020E258C0D7897,C0128043A9CC0828
$4011FB0998A3003B,0,40213B246CC8F264,C0125C563835A1D6
$4011D6F134C5F1FB,0,4021933FE8620359,C012322C453E266A
$4011B2D8D0E8E3BB,0,4021EA8F2DDBBD68,C01201D339EA4B04
$40118EC06D0BD57B,0,402240F6786233C4,C011CB5A76BFC05A
$40116AA8092EC73B,0,4022965A4CE982B4,C0118ED34EE12F92
$4011468FA551B8FA,0,4022EA9F82EB4F22,C0114C51028BA1BB
4 28 215
4 29 87
4 30 105
4 31 621
4 32 0
4 33 0
3 22 ->
4 23 626
4 24 4
4 25 0
4 26 [2]
$1,-1
4 27 [4][4]
$40237DE5DE1D67EB,C00D0A6BDC62A359,400BFC3445AB69AA,0
$402351387D6AD168,C00ED9A1F7ACC469,400C2BF1D33E0E3D,0
$40231F63CA6963FA,C0105DD29FE9C7DF,400C5E198596050F,0
$4022EA9F82EB4F22,C0114C51028BA1BF,400C904137EDFBE,0
4 28 88
4 29 104
4 30 624
4 31 418
4 32 0
4 33 0
3 22 ->
4 23 625
4 24 4
4 25 0
4 26 [2]
$1,-1
4 27 [4][4]
$40237DE5DE1D67EB,C00D0A6BDC62A359,400BFC3445AB69AA,0
$402351387D6AD168,C00ED9A1F7ACC469,400C2BF1D33E0E3D,0
$40231F63CA6963FA,C0105DD29FE9C7DF,400C5E198596050F,0
$4022EA9F82EB4F22,C0114C51028BA1BF,400C904137EDFBE,0
4 28 87
4 29 103
4 30 623
4 31 417
4 32 0
4 33 0
3 22 ->
4 23 628
4 24 4
4 25 0
4 26 [2]
$1,-1
4 27 [14][4]
$4005FF5632F5F394,0,40237DE5DE1D67E8,C00D0A6BDC62A35
$4005DA46546A5AA,0,40236BBE70893223,C00C5F2110D217A7
$400592158CB03E1F,0,4023462C1EF2492E,C00B15625DF91692
$400549E4C4F6219F,0,40231DB80A9DDDAD,C009D123FB2405BE
$400501B3FD3C052,0,4022F26F114CEA18,C00892CD0886ED1C
$4004B9833581E89F,0,4022C45EF74DF29A,C0075AC2C59F3512
$400471526DC7CC1F,0,40229396631C1CF6,C006296870FFF31F
$40042921A60DAF9F,0,40226024D8B65917,C004FF1F28C15876
$4003E0F0DE53931F,0,40222A1AB4B015B6,C003DC45CB9D4CAD
$400398C01699769F,0,4021F18926FD12E2,C002C138DAC30773
$4003508F4EDF5A1E,0,4021B6822D79FA0D,C001AE525C6B41E4
$4003085E87253D9E,0,402179188E3378CB,C000A3E9BF365B39
$4002C02DBF6B211F,0,4021395FD16DB011,BFFF44A77CBB17B9
$400277FCF7B1049E,0,4020F76C3B6DDE34,BFFD53C48D7FFE5A
4 28 184
4 29 88
4 30 416
4 31 626
4 32 0
4 33 0
3 22 ->
4 23 627
4 24 4
4 25 0
4 26 [2]
$1,-1
4 27 [14][4]
$4005FF5632F5F394,0,40237DE5DE1D67E8,C00D0A6BDC62A35
$4005DA46546A5AA,0,40236BBE70893223,C00C5F2110D217A7
$400592158CB03E1F,0,4023462C1EF2492E,C00B15625DF91692
$400549E4C4F6219F,0,40231DB80A9DDDAD,C009D123FB2405BE
$400501B3FD3C052,0,4022F26F114CEA18,C00892CD0886ED1C
$4004B9833581E89F,0,4022C45EF74DF29A,C0075AC2C59F3512
$400471526DC7CC1F,0,40229396631C1CF6,C006296870FFF31F
$40042921A60DAF9F,0,40226024D8B65917,C004FF1F28C15876
$4003E0F0DE53931F,0,40222A1AB4B015B6,C003DC45CB9D4CAD
$400398C01699769F,0,4021F18926FD12E2,C002C138DAC30773
$4003508F4EDF5A1E,0,4021B6822D79FA0D,C001AE525C6B41E4
$4003085E87253D9E,0,402179188E3378CB,C000A3E9BF365B39
$4002C02DBF6B211F,0,4021395FD16DB011,BFFF44A77CBB17B9
$400277FCF7B1049E,0,4020F76C3B6DDE34,BFFD53C48D7FFE5A
4 28 183
4 29 87
4 30 415
4 31 625
4 32 0
4 33 0
3 22 ->
4 23 630
4 24 4
4 25 0
4 26 [2]
$1,-1
4 27 [11][4]
$400277FCF7B1049E,0,4020F76C3B6DDE35,BFFD53C48D7FFE5A
$4002288FCF9D8331,0,4020C069BED847CB,BFFBD3088FD944DB
$4001D43EF97BCE02,0,402084061AA18CF2,BFFA4D9D8B63E04B
$40017FEE235A18D5,0,402045AEACC020AE,BFF8DC6953947B72
$40012B9D4D3863A5,0,4020057E81262A32,BFF7800C15F8053
$4000D74C7716AE77,0,401F8722E1BD61D9,BFF6391CF58B7402
$400082FBA0F4F948,0,401F00082BF16614,BFF50829C929D0D3
$40002EAACAD34419,0,401E75E77E3CFDA,BFF3EDB6DE02DE7D
$3FFFB4B3E9631DD6,0,401DE8FCC5BD61D,BFF2EA3EBE3510D4
$3FFF0C123D1FB378,0,401D59852558B795,BFF1FE31FBA3B9E8
$3FFEB7C166FDFE49,0,401D10E7E748EB99,BFF1911444ECBEEA
4 28 180
4 29 88
4 30 414
4 31 628
4 32 0
4 33 0
3 22 ->
4 23 629
4 24 4
4 25 0
4 26 [2]
$1,-1
4 27 [11][4]
$400277FCF7B1049E,0,4020F76C3B6DDE35,BFFD53C48D7FFE5A
$4002288FCF9D8331,0,4020C069BED847CB,BFFBD3088FD944DB
$4001D43EF97BCE02,0,402084061AA18CF2,BFFA4D9D8B63E04B
$40017FEE235A18D5,0,402045AEACC020AE,BFF8DC6953947B72
$40012B9D4D3863A5,0,4020057E81262A32,BFF7800C15F8053
$4000D74C7716AE77,0,401F8722E1BD61D9,BFF6391CF58B7402
$400082FBA0F4F948,0,401F00082BF16614,BFF50829C929D0D3
$40002EAACAD34419,0,401E75E77E3CFDA,BFF3EDB6DE02DE7D
$3FFFB4B3E9631DD6,0,401DE8FCC5BD61D,BFF2EA3EBE3510D4
$3FFF0C123D1FB378,0,401D59852558B795,BFF1FE31FBA3B9E8
$3FFEB7C166FDFE49,0,401D10E7E748EB99,BFF1911444ECBEEA
4 28 179
4 29 87
4 30 413
4 31 627
4 32 0
4 33 0
3 22 ->
4 23 632
4 24 4
4 25 0
4 26 [2]
$1,-1
4 27 [2][4]
$BFFBA7C4E9E6AFC7,0,401D10E7E748EB9D,BFF1911444ECBEEC
$0,0,401691B4438D1581,BFE0374F9DFD9A2B
4 28 176
4 29 88
4 30 634
4 31 630
4 32 0
4 33 0
3 22 ->
4 23 631
4 24 4
4 25 0
4 26 [2]
$1,-1
4 27 [2][4]
$BFFBA7C4E9E6AFC7,0,401D10E7E748EB9D,BFF1911444ECBEEC
$0,0,401691B4438D1581,BFE0374F9DFD9A2B
4 28 175
4 29 87
4 30 633
4 31 629
4 32 0
4 33 0
3 22 ->
4 23 636
4 24 4
4 25 0
4 26 [2]
$1,-1
4 27 [7][4]
$4009D96D4A7E5C82,0,401691B4438D1582,BFE0374F9DFD9A31
$40099C5772F3C04,0,40169E9C0C737B1B,BFD5A60CB187807B
$400958628ABFCDEA,0,4016A6E9D4989198,BFC342861C8B2CBB
$4009146DA28BDB95,0,4016A8D53D6F39C4,3FA331EB274733A2
$4008D078BA57E93F,0,4016A45DBC7799F9,3FCCDA2173BE8EA1
$40088C83D223F6E9,0,4016998493FB035B,3FDA6FD333438FF5
$40086A895E09FDBE,0,401691B4438D1586,3FE0374F9DFD98C8
4 28 172
4 29 88
4 30 638
4 31 632
4 32 0
4 33 0
3 22 ->
4 23 635
4 24 4
4 25 0
4 26 [2]
$1,-1
4 27 [7][4]
$4009D96D4A7E5C82,0,401691B4438D1582,BFE0374F9DFD9A31
$40099C5772F3C04,0,40169E9C0C737B1B,BFD5A60CB187807B
$400958628ABFCDEA,0,4016A6E9D4989198,BFC342861C8B2CBB
$4009146DA28BDB95,0,4016A8D53D6F39C4,3FA331EB274733A2
$4008D078BA57E93F,0,4016A45DBC7799F9,3FCCDA2173BE8EA1
$40088C83D223F6E9,0,4016998493FB035B,3FDA6FD333438FF5
$40086A895E09FDBE,0,401691B4438D1586,3FE0374F9DFD98C8
4 28 171
4 29 87
4 30 637
4 31 631
4 32 0
4 33 0
3 22 ->
4 23 640
4 24 4
4 25 0
4 26 [2]
$1,-1
4 27 [2][4]
$0,0,401691B4438D1589,3FE0374F9DFD98C7
$3FFBA7C4E9E6AFC6,0,401D10E7E748EBA9,3FF1911444ECBE06
4 28 196
4 29 88
4 30 536
4 31 636
4 32 0
4 33 0
3 22 ->
4 23 639
4 24 4
4 25 0
4 26 [2]
$1,-1
4 27 [2][4]
$0,0,401691B4438D1589,3FE0374F9DFD98C7
$3FFBA7C4E9E6AFC6,0,401D10E7E748EBA9,3FF1911444ECBE06
4 28 195
4 29 87
4 30 535
4 31 635
4 32 0
4 33 0
3 22 ->
4 23 642
4 24 4
4 25 0
4 26 [2]
$1,-1
4 27 [11][4]
$4011740AFA84AD8C,0,401D10E7E748EBA9,3FF1911444ECBE06
$40114C54667AECD4,0,401D993BB843668B,3FF2639E0871CD4C
$4011222BFB6A123D,0,401E279A5DFFA984,3FF35A120BD99845
$4010F803905937A6,0,401EB350F173CBA8,3FF467C0E8A152BF
$4010CDDB25485D0E,0,401F3C22D569AC74,3FF58C359E8066A5
$4010A3B2BA378278,0,401FC1D4AE033A66,3FF6C6F14BEB946C
$4010798A4F26A7E,0,402022163D3D9024,3FF8176B6520F5F3
$40104F61E415CD48,0,40206178D7276E3,3FF97D11EF656F32
$401025397904F2B1,0,40209EF6A4E3AB3A,3FFAF749C059D97C
$400FF6221BE83035,0,4020DA74F8EAA802,3FFC856EC14C6F16
$400FCBF9B0D7559E,0,4020F76C3B6DDE41,3FFD53C48D7FFD5E
4 28 192
4 29 88
4 30 534
4 31 640
4 32 0
4 33 0
3 22 ->
4 23 641
4 24 4
4 25 0
4 26 [2]
$1,-1
4 27 [11][4]
$4011740AFA84AD8C,0,401D10E7E748EBA9,3FF1911444ECBE06
$40114C54667AECD4,0,401D993BB843668B,3FF2639E0871CD4C
$4011222BFB6A123D,0,401E279A5DFFA984,3FF35A120BD99845
$4010F803905937A6,0,401EB350F173CBA8,3FF467C0E8A152BF
$4010CDDB25485D0E,0,401F3C22D569AC74,3FF58C359E8066A5
$4010A3B2BA378278,0,401FC1D4AE033A66,3FF6C6F14BEB946C
$4010798A4F26A7E,0,402022163D3D9024,3FF8176B6520F5F3
$40104F61E415CD48,0,40206178D7276E3,3FF97D11EF656F32
$401025397904F2B1,0,40209EF6A4E3AB3A,3FFAF749C059D97C
$400FF6221BE83035,0,4020DA74F8EAA802,3FFC856EC14C6F16
$400FCBF9B0D7559E,0,4020F76C3B6DDE41,3FFD53C48D7FFD5E
4 28 191
4 29 87
4 30 533
4 31 639
4 32 0
4 33 0
3 22 ->
4 23 644
4 24 4
4 25 0
4 26 [2]
$1,-1
4 27 [14][4]
$400FCBF9B0D7559D,0,4020F76C3B6DDE42,3FFD53C48D7FFD5C
$400FA6E9D24BBCAC,0,4021198E238D91AB,3FFE508AC7EFC57E
$400F5EB90A91A02D,0,40215A5F3B737CF8,4000257286221D0E
$400F168842D783AC,0,402198EAFB6B9387,40012B9A7D9B32E4
$400ECE577B1D672C,0,4021D51D7EEB4129,40023A69E96889A2
$400E8626B3634AAC,0,40220EE3A0A11E5C,4003518AA7EF4DDA
$400E3DF5EBA92E2C,0,4022462B008BCDDB,400470A3F259554F
$400DF5C523EF11AC,0,40227AE209D218CE,4005975A78D165A9
$400DAD945C34F52B,0,4022ACF7F85A6DCD,4006C5507F8DE525
$400D6563947AD8AC,0,4022DC5CDE1FFB56,4007FA25FCA0B867
$400D1D32CCC0BC2C,0,40230901A843B3B,40093578B682D241
$400CD50205069FAC,0,402332D823D79D88,400A76E46351BE63
$400C8CD13D4C832B,0,402359D30262EB15,400BBE02C8B53759
$400C44A0759266AB,0,40237DE5DE1D67F9,400D0A6BDC62A2B8
4 28 188
4 29 88
4 30 110
4 31 642
4 32 0
4 33 0
3 22 ->
4 23 643
4 24 4
4 25 0
4 26 [2]
$1,-1
4 27 [14][4]
$400FCBF9B0D7559D,0,4020F76C3B6DDE42,3FFD53C48D7FFD5C
$400FA6E9D24BBCAC,0,4021198E238D91AB,3FFE508AC7EFC57E
$400F5EB90A91A02D,0,40215A5F3B737CF8,4000257286221D0E
$400F168842D783AC,0,402198EAFB6B9387,40012B9A7D9B32E4
$400ECE577B1D672C,0,4021D51D7EEB4129,40023A69E96889A2
$400E8626B3634AAC,0,40220EE3A0A11E5C,4003518AA7EF4DDA
$400E3DF5EBA92E2C,0,4022462B008BCDDB,400470A3F259554F
$400DF5C523EF11AC,0,40227AE209D218CE,4005975A78D165A9
$400DAD945C34F52B,0,4022ACF7F85A6DCD,4006C5507F8DE525
$400D6563947AD8AC,0,4022DC5CDE1FFB56,4007FA25FCA0B867
$400D1D32CCC0BC2C,0,40230901A843B3B,40093578B682D241
$400CD50205069FAC,0,402332D823D79D88,400A76E46351BE63
$400C8CD13D4C832B,0,402359D30262EB15,400BBE02C8B53759
$400C44A0759266AB,0,40237DE5DE1D67F9,400D0A6BDC62A2B8
4 28 187
4 29 87
4 30 109
4 31 641
4 32 0
4 33 0
3 22 ->
4 23 646
4 24 4
4 25 0
4 26 [2]
$1,-1
4 27 [4][4]
$4022EA9F82EB4F33,40114C51028BA17,4005B3B5709A5E6,8
$40231CEA9DF272A5,4010695D0267AA01,4005E372FE2D02F3,8
$40234EE3ADB78292,400EF0F2FBEC81BF,4006159AB084F9C4,8
$40237DE5DE1D67F9,400D0A6BDC62A2BB,400647C262DCF096,8
4 28 88
4 29 108
4 30 644
4 31 530
4 32 0
4 33 0
3 22 ->
4 23 645
4 24 4
4 25 0
4 26 [2]
$1,-1
4 27 [4][4]
$4022EA9F82EB4F33,40114C51028BA17,4005B3B5709A5E6,8
$40231CEA9DF272A5,4010695D0267AA01,4005E372FE2D02F3,8
$40234EE3ADB78292,400EF0F2FBEC81BF,4006159AB084F9C4,8
$40237DE5DE1D67F9,400D0A6BDC62A2BB,400647C262DCF096,8
4 28 87
4 29 107
4 30 643
4 31 529
4 32 0
4 33 0
3 22 ->
4 23 648
4 24 4
4 25 0
4 26 [2]
$1,-1
4 27 [14][4]
$3FFF6DAEBBC9D094,0,4022EA9F82EB4F31,40114C51028BA16D
$3FFF238EFEB29EAE,0,4022BF817C1FE871,40116F3426C7FB3E
$3FFE932D6F3E65AC,0,40226AA5C1491F2B,4011AEA6E5CB9875
$3FFE02CBDFCA2CAE,0,402214B94E71E8B3,4011E81461006875
$3FFD726A5055F3AF,0,4021BDD7779436F9,40121B6A54970C34
$3FFCE208C0E1BAAD,0,4021661BDEB5E8F2,401248986CC26903
$3FFC51A7316D81AE,0,40210DA26B1EE581,40126F904AE90B9A
$3FFBC145A1F948AD,0,4020B48740792F5,401290458A3722DD
$3FFB30E412850FAC,0,40205AE6B5DDC43E,4012AAADC38F9E38
$3FFAA0828310D6AD,0,402000DD4CD12107,4012BEC090DB2E9B
$3FFA1020F39C9DAA,0,401F4D0F50648E0B,4012CC778FB41CD1
$3FF97FBF642864AC,0,401E9805063E4CB8,4012D3CE636E1B7F
$3FF8EF5DD4B42BAC,0,401DE2D54FA2A3C5,4012D4C2B6796FA6
$3FF85EFC453FF2AB,0,401D2DB9CCEBCA2D,4012CF543B20FEA1
4 28 156
4 29 88
4 30 528
4 31 646
4 32 0
4 33 0
3 22 ->
4 23 647
4 24 4
4 25 0
4 26 [2]
$1,-1
4 27 [14][4]
$3FFF6DAEBBC9D094,0,4022EA9F82EB4F31,40114C51028BA16D
$3FFF238EFEB29EAE,0,4022BF817C1FE871,40116F3426C7FB3E
$3FFE932D6F3E65AC,0,40226AA5C1491F2B,4011AEA6E5CB9875
$3FFE02CBDFCA2CAE,0,402214B94E71E8B3,4011E81461006875
$3FFD726A5055F3AF,0,4021BDD7779436F9,40121B6A54970C34
$3FFCE208C0E1BAAD,0,4021661BDEB5E8F2,401248986CC26903
$3FFC51A7316D81AE,0,40210DA26B1EE581,40126F904AE90B9A
$3FFBC145A1F948AD,0,4020B48740792F5,401290458A3722DD
$3FFB30E412850FAC,0,40205AE6B5DDC43E,4012AAADC38F9E38
$3FFAA0828310D6AD,0,402000DD4CD12107,4012BEC090DB2E9B
$3FFA1020F39C9DAA,0,401F4D0F50648E0B,4012CC778FB41CD1
$3FF97FBF642864AC,0,401E9805063E4CB8,4012D3CE636E1B7F
$3FF8EF5DD4B42BAC,0,401DE2D54FA2A3C5,4012D4C2B6796FA6
$3FF85EFC453FF2AB,0,401D2DB9CCEBCA2D,4012CF543B20FEA1
4 28 155
4 29 87
4 30 527
4 31 645
4 32 0
4 33 0
3 22 ->
4 23 650
4 24 4
4 25 0
4 26 [2]
$1,-1
4 27 [11][4]
$3FF85EFC453FF2AC,0,401D2DB9CCEBCA2E,4012CF543B20FEA2
$3FF7C021F518EFCD,0,401C9BEB11757647,4012C58BAD0E5DFE
$3FF7178048D5857,0,401C01ACC8F39321,4012B4FB7D6FD6A
$3FF66EDE9C921B13,0,401B683E7AA293C8,40129E15B6A1DB6A
$3FF5C63CF04EB0B5,0,401ACFE2B74608A,401280E447C13954
$3FF51D9B440B4659,0,401A38DB98857AA3,40125D73DB20FBC4
$3FF474F997C7DBFB,0,4019A36AA43F03E7,401233D3D0CBC099
$3FF3CC57EB84719E,0,40190FD0B01A0616,4012041637D814A6
$3FF323B63F410741,0,40187E4DC56653FF,4011CE4FC692BD8E
$3FF27B1492FD9CE5,0,4017EF210554025F,40119297D182571A
$3FF226C3BCDBE7B5,0,4017A87E696DF93F,4011728944C4191
4 28 152
4 29 88
4 30 526
4 31 648
4 32 0
4 33 0
3 22 ->
4 23 649
4 24 4
4 25 0
4 26 [2]
$1,-1
4 27 [11][4]
$3FF85EFC453FF2AC,0,401D2DB9CCEBCA2E,4012CF543B20FEA2
$3FF7C021F518EFCD,0,401C9BEB11757647,4012C58BAD0E5DFE
$3FF7178048D5857,0,401C01ACC8F39321,4012B4FB7D6FD6A
$3FF66EDE9C921B13,0,401B683E7AA293C8,40129E15B6A1DB6A
$3FF5C63CF04EB0B5,0,401ACFE2B74608A,401280E447C13954
$3FF51D9B440B4659,0,401A38DB98857AA3,40125D73DB20FBC4
$3FF474F997C7DBFB,0,4019A36AA43F03E7,401233D3D0CBC099
$3FF3CC57EB84719E,0,40190FD0B01A0616,4012041637D814A6
$3FF323B63F410741,0,40187E4DC56653FF,4011CE4FC692BD8E
$3FF27B1492FD9CE5,0,4017EF210554025F,40119297D182571A
$3FF226C3BCDBE7B5,0,4017A87E696DF93F,4011728944C4191
4 28 151
4 29 87
4 30 525
4 31 647
4 32 0
4 33 0
3 22 ->
4 23 652
4 24 4
4 25 0
4 26 [2]
$1,-1
4 27 [2][4]
$BFFBA7C4E9E6AFC5,0,4017A87E696DF942,4011728944C41913
$0,0,401164619D6EBEF4,400D0D0D72FE653
4 28 148
4 29 88
4 30 654
4 31 650
4 32 0
4 33 0
3 22 ->
4 23 651
4 24 4
4 25 0
4 26 [2]
$1,-1
4 27 [2][4]
$BFFBA7C4E9E6AFC5,0,4017A87E696DF942,4011728944C41913
$0,0,401164619D6EBEF4,400D0D0D72FE653
4 28 147
4 29 87
4 30 653
4 31 649
4 32 0
4 33 0
3 22 ->
4 23 656
4 24 4
4 25 0
4 26 [2]
$1,-1
4 27 [7][4]
$400390EE756D5139,0,401164619D6EBEF5,400D0D0D72FE652F
$400353D89DE2B4F6,0,4010F3816E8F520A,400E134E546FEEA
$40030FE3B5AEC2A,0,40107166B5432C4D,400F2F00657BB258
$4002CBEECD7AD04B,0,400FD55334269F1B,401020F4432E3701
$400287F9E546DDF5,0,400EBEE02D265918,4010A5DC9E177B26
$40024404FD12EB9F,0,400D9FC2D002A827,40112613CE03382D
$4002220A88F8F274,0,400D0D0D72FE6552,401164619D6EBEE5
4 28 144
4 29 88
4 30 658
4 31 652
4 32 0
4 33 0
3 22 ->
4 23 655
4 24 4
4 25 0
4 26 [2]
$1,-1
4 27 [7][4]
$400390EE756D5139,0,401164619D6EBEF5,400D0D0D72FE652F
$400353D89DE2B4F6,0,4010F3816E8F520A,400E134E546FEEA
$40030FE3B5AEC2A,0,40107166B5432C4D,400F2F00657BB258
$4002CBEECD7AD04B,0,400FD55334269F1B,401020F4432E3701
$400287F9E546DDF5,0,400EBEE02D265918,4010A5DC9E177B26
$40024404FD12EB9F,0,400D9FC2D002A827,40112613CE03382D
$4002220A88F8F274,0,400D0D0D72FE6552,401164619D6EBEE5
4 28 143
4 29 87
4 30 657
4 31 651
4 32 0
4 33 0
3 22 ->
4 23 660
4 24 4
4 25 0
4 26 [2]
$1,-1
4 27 [2][4]
$0,0,400D0D0D72FE6556,401164619D6EBEE8
$3FFBA7C4E9E6AFC4,0,4011728944C4192C,4017A87E696DF933
4 28 168
4 29 88
4 30 520
4 31 656
4 32 0
4 33 0
3 22 ->
4 23 659
4 24 4
4 25 0
4 26 [2]
$1,-1
4 27 [2][4]
$0,0,400D0D0D72FE6556,401164619D6EBEE8
$3FFBA7C4E9E6AFC4,0,4011728944C4192C,4017A87E696DF933
4 28 167
4 29 87
4 30 519
4 31 655
4 32 0
4 33 0
3 22 ->
4 23 662
4 24 4
4 25 0
4 26 [2]
$1,-1
4 27 [11][4]
$400C9F971FF84FD,0,4011728944C4192D,4017A87E696DF932
$400C5029F7E4CE5F,0,4011ADB74BFDC9BF,40182E1C2D5B7C7A
$400BFBD921C3193,0,4011E6D1C55094EB,4018BE590BDB9429
$400BA7884BA16402,0,401219F018E490EC,401950D04BF3C377
$400B5337757FAED3,0,401246FC19440CF9,4019E54262731C76
$400AFEE69F5DF9A5,0,40126DE23B5013F2,401A7B6EE844E80E
$400AAA95C93C4476,0,40128E919EBB02C8,401B1314B66183A
$400A5644F31A8F48,0,4012A8FC155AE1F7,401BABF202128575
$400A01F41CF8DA19,0,4012BD16295054C,401C45C4797DE48A
$4009ADA346D724EB,0,4012CAD721FF730D,401CE049606BC191
$4009837ADBC64A53,0,4012CF543B20FEC3,401D2DB9CCEBCA23
4 28 164
4 29 88
4 30 518
4 31 660
4 32 0
4 33 0
3 22 ->
4 23 661
4 24 4
4 25 0
4 26 [2]
$1,-1
4 27 [11][4]
$400C9F971FF84FD,0,4011728944C4192D,4017A87E696DF932
$400C5029F7E4CE5F,0,4011ADB74BFDC9BF,40182E1C2D5B7C7A
$400BFBD921C3193,0,4011E6D1C55094EB,4018BE590BDB9429
$400BA7884BA16402,0,401219F018E490EC,401950D04BF3C377
$400B5337757FAED3,0,401246FC19440CF9,4019E54262731C76
$400AFEE69F5DF9A5,0,40126DE23B5013F2,401A7B6EE844E80E
$400AAA95C93C4476,0,40128E919EBB02C8,401B1314B66183A
$400A5644F31A8F48,0,4012A8FC155AE1F7,401BABF202128575
$400A01F41CF8DA19,0,4012BD16295054C,401C45C4797DE48A
$4009ADA346D724EB,0,4012CAD721FF730D,401CE049606BC191
$4009837ADBC64A53,0,4012CF543B20FEC3,401D2DB9CCEBCA23
4 28 163
4 29 87
4 30 517
4 31 659
4 32 0
4 33 0
3 22 ->
4 23 664
4 24 4
4 25 0
4 26 [2]
$1,-1
4 27 [14][4]
$4009837ADBC64A54,0,4012CF543B20FEC4,401D2DB9CCEBCA21
$40095E6AFD3AB164,0,4012D2EA3CA3F2C6,401D8AAE53B5751B
$4009163A358094E5,0,4012D51182EE44B2,401E3FDB68616971
$4008CE096DC67864,0,4012D0D5E1C4F686,401EF4FF1ADDBF59
$400885D8A60C5BE4,0,4012C638B1CE170F,401FA9DFCEA29C66
$40083DA7DE523F64,0,4012B53D533D676D,40202F21FE3B7836
$4007F577169822E5,0,40129DE92CC17EF4,402088F9225E3A62
$4007AD464EDE0664,0,40128043A9CC0805,4020E258C0D78978
$400765158723E9E4,0,40125C563835A1B5,40213B246CC8F26C
$40071CE4BF69CD64,0,4012322C453E2646,4021933FE8620361
$4006D4B3F7AFB0E4,0,401201D339EA4AE2,4021EA8F2DDBBD7
$40068C832FF59463,0,4011CB5A76BFC037,402240F6786233CD
$40064452683B77E3,0,40118ED34EE12F6F,4022965A4CE982BD
$4005FC21A0815B63,0,40114C51028BA198,4022EA9F82EB4F2A
4 28 160
4 29 88
4 30 114
4 31 662
4 32 0
4 33 0
3 22 ->
4 23 663
4 24 4
4 25 0
4 26 [2]
$1,-1
4 27 [14][4]
$4009837ADBC64A54,0,4012CF543B20FEC4,401D2DB9CCEBCA21
$40095E6AFD3AB164,0,4012D2EA3CA3F2C6,401D8AAE53B5751B
$4009163A358094E5,0,4012D51182EE44B2,401E3FDB68616971
$4008CE096DC67864,0,4012D0D5E1C4F686,401EF4FF1ADDBF59
$400885D8A60C5BE4,0,4012C638B1CE170F,401FA9DFCEA29C66
$40083DA7DE523F64,0,4012B53D533D676D,40202F21FE3B7836
$4007F577169822E5,0,40129DE92CC17EF4,402088F9225E3A62
$4007AD464EDE0664,0,40128043A9CC0805,4020E258C0D78978
$400765158723E9E4,0,40125C563835A1B5,40213B246CC8F26C
$40071CE4BF69CD64,0,4012322C453E2646,4021933FE8620361
$4006D4B3F7AFB0E4,0,401201D339EA4AE2,4021EA8F2DDBBD7
$40068C832FF59463,0,4011CB5A76BFC037,402240F6786233CD
$40064452683B77E3,0,40118ED34EE12F6F,4022965A4CE982BD
$4005FC21A0815B63,0,40114C51028BA198,4022EA9F82EB4F2A
4 28 159
4 29 87
4 30 113
4 31 661
4 32 0
4 33 0
3 22 ->
4 23 666
4 24 4
4 25 0
4 26 [2]
$1,-1
4 27 [4][4]
$400D0A6BDC62A30C,40237DE5DE1D67F2,3FFED66D3712A62D,8
$400ED9A1F7ACC416,402351387D6AD171,3FFF35E85237EF51,8
$40105DD29FE9C7B6,40231F63CA696403,3FFF9A37B6E7DCF5,8
$40114C51028BA197,4022EA9F82EB4F2B,3FFFFE871B97CA98,8
4 28 88
4 29 112
4 30 664
4 31 514
4 32 0
4 33 0
3 22 ->
4 23 665
4 24 4
4 25 0
4 26 [2]
$1,-1
4 27 [4][4]
$400D0A6BDC62A30C,40237DE5DE1D67F2,3FFED66D3712A62D,8
$400ED9A1F7ACC416,402351387D6AD171,3FFF35E85237EF51,8
$40105DD29FE9C7B6,40231F63CA696403,3FFF9A37B6E7DCF5,8
$40114C51028BA197,4022EA9F82EB4F2B,3FFFFE871B97CA98,8
4 28 87
4 29 111
4 30 663
4 31 513
4 32 0
4 33 0
3 22 ->
4 23 668
4 24 4
4 25 0
4 26 [2]
$1,-1
4 27 [14][4]
$3FF2DCB111A7B9FF,0,400D0A6BDC62A303,40237DE5DE1D67EF
$3FF292915490881A,0,400C5F2110D2175E,40236BBE70893229
$3FF2022FC51C4F19,0,400B15625DF9164A,4023462C1EF24935
$3FF171CE35A8161A,0,4009D123FB240576,40231DB80A9DDDB4
$3FF0E16CA633DD19,0,400892CD0886ECD4,4022F26F114CEA1E
$3FF0510B16BFA419,0,40075AC2C59F34CD,4022C45EF74DF2A
$3FEF81530E96D632,0,4006296870FFF2DA,40229396631C1CFC
$3FEE608FEFAE6432,0,4004FF1F28C15831,40226024D8B6591C
$3FED3FCCD0C5F231,0,4003DC45CB9D4C6A,40222A1AB4B015BB
$3FEC1F09B1DD8031,0,4002C138DAC30731,4021F18926FD12E7
$3FEAFE4692F50E3,0,4001AE525C6B41A3,4021B6822D79FA13
$3FE9DD83740C9C2F,0,4000A3E9BF365AF7,402179188E3378D
$3FE8BCC055242A2E,0,3FFF44A77CBB1738,4021395FD16DB014
$3FE79BFD363BB831,0,3FFD53C48D7FFDDB,4020F76C3B6DDE39
4 28 128
4 29 88
4 30 512
4 31 666
4 32 0
4 33 0
3 22 ->
4 23 667
4 24 4
4 25 0
4 26 [2]
$1,-1
4 27 [14][4]
$3FF2DCB111A7B9FF,0,400D0A6BDC62A303,40237DE5DE1D67EF
$3FF292915490881A,0,400C5F2110D2175E,40236BBE70893229
$3FF2022FC51C4F19,0,400B15625DF9164A,4023462C1EF24935
$3FF171CE35A8161A,0,4009D123FB240576,40231DB80A9DDDB4
$3FF0E16CA633DD19,0,400892CD0886ECD4,4022F26F114CEA1E
$3FF0510B16BFA419,0,40075AC2C59F34CD,4022C45EF74DF2A
$3FEF81530E96D632,0,4006296870FFF2DA,40229396631C1CFC
$3FEE608FEFAE6432,0,4004FF1F28C15831,40226024D8B6591C
$3FED3FCCD0C5F231,0,4003DC45CB9D4C6A,40222A1AB4B015BB
$3FEC1F09B1DD8031,0,4002C138DAC30731,4021F18926FD12E7
$3FEAFE4692F50E3,0,4001AE525C6B41A3,4021B6822D79FA13
$3FE9DD83740C9C2F,0,4000A3E9BF365AF7,402179188E3378D
$3FE8BCC055242A2E,0,3FFF44A77CBB1738,4021395FD16DB014
$3FE79BFD363BB831,0,3FFD53C48D7FFDDB,4020F76C3B6DDE39
4 28 127
4 29 87
4 30 511
4 31 665
4 32 0
4 33 0
3 22 ->
4 23 670
4 24 4
4 25 0
4 26 [2]
$1,-1
4 27 [11][4]
$3FE79BFD363BB82A,0,3FFD53C48D7FFDD5,4020F76C3B6DDE39
$3FE65E4895EDB274,0,3FFBD3088FD94458,4020C069BED847CE
$3FE50D053D66DDB7,0,3FFA4D9D8B63DFCA,402084061AA18CF5
$3FE3BBC1E4E008FE,0,3FF8DC6953947AF3,402045AEACC020B1
$3FE26A7E8C593445,0,3FF7800C15F804B3,4020057E81262A35
$3FE1193B33D25F88,0,3FF6391CF58B7387,401F8722E1BD61DD
$3FDF8FEFB697159E,0,3FF50829C929D058,401F00082BF16619
$3FDCED6905896C27,0,3FF3EDB6DE02DE03,401E75E77E3CFDA4
$3FDA4AE2547BC2B5,0,3FF2EA3EBE35105D,401DE8FCC5BD61D4
$3FD7A85BA36E193B,0,3FF1FE31FBA3B974,401D59852558B799
$3FD657184AE74483,0,3FF1911444ECBE79,401D10E7E748EB9D
4 28 124
4 29 88
4 30 510
4 31 668
4 32 0
4 33 0
3 22 ->
4 23 669
4 24 4
4 25 0
4 26 [2]
$1,-1
4 27 [11][4]
$3FE79BFD363BB82A,0,3FFD53C48D7FFDD5,4020F76C3B6DDE39
$3FE65E4895EDB274,0,3FFBD3088FD94458,4020C069BED847CE
$3FE50D053D66DDB7,0,3FFA4D9D8B63DFCA,402084061AA18CF5
$3FE3BBC1E4E008FE,0,3FF8DC6953947AF3,402045AEACC020B1
$3FE26A7E8C593445,0,3FF7800C15F804B3,4020057E81262A35
$3FE1193B33D25F88,0,3FF6391CF58B7387,401F8722E1BD61DD
$3FDF8FEFB697159E,0,3FF50829C929D058,401F00082BF16619
$3FDCED6905896C27,0,3FF3EDB6DE02DE03,401E75E77E3CFDA4
$3FDA4AE2547BC2B5,0,3FF2EA3EBE35105D,401DE8FCC5BD61D4
$3FD7A85BA36E193B,0,3FF1FE31FBA3B974,401D59852558B799
$3FD657184AE74483,0,3FF1911444ECBE79,401D10E7E748EB9D
4 28 123
4 29 87
4 30 509
4 31 667
4 32 0
4 33 0
3 22 ->
4 23 672
4 24 4
4 25 0
4 26 [2]
$1,-1
4 27 [2][4]
$BFFBA7C4E9E6AFC5,0,3FF1911444ECBE79,401D10E7E748EBA1
$0,0,3FE0374F9DFD9979,401691B4438D1583
4 28 120
4 29 88
4 30 674
4 31 670
4 32 0
4 33 0
3 22 ->
4 23 671
4 24 4
4 25 0
4 26 [2]
$1,-1
4 27 [2][4]
$BFFBA7C4E9E6AFC5,0,3FF1911444ECBE79,401D10E7E748EBA1
$0,0,3FE0374F9DFD9979,401691B4438D1583
4 28 119
4 29 87
4 30 673
4 31 669
4 32 0
4 33 0
3 22 ->
4 23 676
4 24 4
4 25 0
4 26 [2]
$1,-1
4 27 [7][4]
$3FFA90DF40B88BDD,0,3FE0374F9DFD997F,401691B4438D1584
$3FFA16B391A35358,0,3FD5A60CB1877F17,40169E9C0C737B1D
$3FF98EC9C13B6EAD,0,3FC342861C8B29F3,4016A6E9D4989199
$3FF906DFF0D38A01,0,BFA331EB27473EC4,4016A8D53D6F39C4
$3FF87EF6206BA555,0,BFCCDA2173BE916A,4016A45DBC7799F9
$3FF7F70C5003C0AA,0,BFDA6FD333439158,4016998493FB035A
$3FF7B31767CFCE54,0,BFE0374F9DFD997A,401691B4438D1584
4 28 116
4 29 88
4 30 678
4 31 672
4 32 0
4 33 0
3 22 ->
4 23 675
4 24 4
4 25 0
4 26 [2]
$1,-1
4 27 [7][4]
$3FFA90DF40B88BDD,0,3FE0374F9DFD997F,401691B4438D1584
$3FFA16B391A35358,0,3FD5A60CB1877F17,40169E9C0C737B1D
$3FF98EC9C13B6EAD,0,3FC342861C8B29F3,4016A6E9D4989199
$3FF906DFF0D38A01,0,BFA331EB27473EC4,4016A8D53D6F39C4
$3FF87EF6206BA555,0,BFCCDA2173BE916A,4016A45DBC7799F9
$3FF7F70C5003C0AA,0,BFDA6FD333439158,4016998493FB035A
$3FF7B31767CFCE54,0,BFE0374F9DFD997A,401691B4438D1584
4 28 115
4 29 87
4 30 677
4 31 671
4 32 0
4 33 0
3 22 ->
4 23 680
4 24 4
4 25 0
4 26 [2]
$1,-1
4 27 [2][4]
$0,0,BFE0374F9DFD9979,401691B4438D1587
$3FFBA7C4E9E6AFC5,0,BFF1911444ECBE79,401D10E7E748EBA5
4 28 140
4 29 88
4 30 504
4 31 676
4 32 0
4 33 0
3 22 ->
4 23 679
4 24 4
4 25 0
4 26 [2]
$1,-1
4 27 [2][4]
$0,0,BFE0374F9DFD9979,401691B4438D1587
$3FFBA7C4E9E6AFC5,0,BFF1911444ECBE79,401D10E7E748EBA5
4 28 139
4 29 87
4 30 503
4 31 675
4 32 0
4 33 0
3 22 ->
4 23 682
4 24 4
4 25 0
4 26 [2]
$1,-1
4 27 [11][4]
$400657184AE74486,0,BFF1911444ECBE77,401D10E7E748EBA5
$400607AB22D3C316,0,BFF2639E0871CDBF,401D993BB8436687
$4005B35A4CB20DE7,0,BFF35A120BD998BC,401E279A5DFFA98
$40055F09769058B9,0,BFF467C0E8A15336,401EB350F173CBA2
$40050AB8A06EA38A,0,BFF58C359E80671E,401F3C22D569AC7
$4004B667CA4CEE5C,0,BFF6C6F14BEB94E9,401FC1D4AE033A6
$40046216F42B392D,0,BFF8176B6520F672,402022163D3D9021
$40040DC61E0983FF,0,BFF97D11EF656FB3,40206178D7276E2C
$4003B97547E7CED,0,BFFAF749C059D9FC,40209EF6A4E3AB36
$4003652471C619A1,0,BFFC856EC14C6F9B,4020DA74F8EAA7FF
$40033AFC06B53F0A,0,BFFD53C48D7FFDE3,4020F76C3B6DDE3E
4 28 136
4 29 88
4 30 502
4 31 680
4 32 0
4 33 0
3 22 ->
4 23 681
4 24 4
4 25 0
4 26 [2]
$1,-1
4 27 [11][4]
$400657184AE74486,0,BFF1911444ECBE77,401D10E7E748EBA5
$400607AB22D3C316,0,BFF2639E0871CDBF,401D993BB8436687
$4005B35A4CB20DE7,0,BFF35A120BD998BC,401E279A5DFFA98
$40055F09769058B9,0,BFF467C0E8A15336,401EB350F173CBA2
$40050AB8A06EA38A,0,BFF58C359E80671E,401F3C22D569AC7
$4004B667CA4CEE5C,0,BFF6C6F14BEB94E9,401FC1D4AE033A6
$40046216F42B392D,0,BFF8176B6520F672,402022163D3D9021
$40040DC61E0983FF,0,BFF97D11EF656FB3,40206178D7276E2C
$4003B97547E7CED,0,BFFAF749C059D9FC,40209EF6A4E3AB36
$4003652471C619A1,0,BFFC856EC14C6F9B,4020DA74F8EAA7FF
$40033AFC06B53F0A,0,BFFD53C48D7FFDE3,4020F76C3B6DDE3E
4 28 135
4 29 87
4 30 501
4 31 679
4 32 0
4 33 0
3 22 ->
4 23 540
4 24 4
4 25 0
4 26 [2]
$1,-1
4 27 [14][4]
$40033AFC06B53F0A,0,BFFD53C48D7FFDE3,4020F76C3B6DDE3E
$400315EC2829A61B,0,BFFE508AC7EFC5FD,4021198E238D91A5
$4002CDBB606F899B,0,C000257286221D4C,40215A5F3B737CF2
$4002858A98B56D1B,0,C0012B9A7D9B3323,402198EAFB6B9381
$40023D59D0FB509B,0,C0023A69E96889E3,4021D51D7EEB4122
$4001F5290941341A,0,C003518AA7EF4E1D,40220EE3A0A11E55
$4001ACF84187179A,0,C00470A3F2595591,4022462B008BCDD5
$400164C779CCFB1A,0,C005975A78D165EC,40227AE209D218C7
$40011C96B212DE99,0,C006C5507F8DE56B,4022ACF7F85A6DC5
$4000D465EA58C21A,0,C007FA25FCA0B8AC,4022DC5CDE1FFB4E
$40008C35229EA599,0,C0093578B682D287,40230901A843B3AA
$400044045AE48919,0,C00A76E46351BEA9,402332D823D79D81
$3FFFF7A72654D932,0,C00BBE02C8B5379F,402359D30262EB0D
$3FFF674596E0A032,0,C00D0A6BDC62A2FE,40237DE5DE1D67F2
4 28 132
4 29 88
4 30 500
4 31 682
4 32 0
4 33 0
3 22 ->
4 23 539
4 24 4
4 25 0
4 26 [2]
$1,-1
4 27 [14][4]
$40033AFC06B53F0A,0,BFFD53C48D7FFDE3,4020F76C3B6DDE3E
$400315EC2829A61B,0,BFFE508AC7EFC5FD,4021198E238D91A5
$4002CDBB606F899B,0,C000257286221D4C,40215A5F3B737CF2
$4002858A98B56D1B,0,C0012B9A7D9B3323,402198EAFB6B9381
$40023D59D0FB509B,0,C0023A69E96889E3,4021D51D7EEB4122
$4001F5290941341A,0,C003518AA7EF4E1D,40220EE3A0A11E55
$4001ACF84187179A,0,C00470A3F2595591,4022462B008BCDD5
$400164C779CCFB1A,0,C005975A78D165EC,40227AE209D218C7
$40011C96B212DE99,0,C006C5507F8DE56B,4022ACF7F85A6DC5
$4000D465EA58C21A,0,C007FA25FCA0B8AC,4022DC5CDE1FFB4E
$40008C35229EA599,0,C0093578B682D287,40230901A843B3AA
$400044045AE48919,0,C00A76E46351BEA9,402332D823D79D81
$3FFFF7A72654D932,0,C00BBE02C8B5379F,402359D30262EB0D
$3FFF674596E0A032,0,C00D0A6BDC62A2FE,40237DE5DE1D67F2
4 28 131
4 29 87
4 30 499
4 31 681
4 32 0
4 33 0
3 22 ->
4 23 94
4 24 4
4 25 0
4 26 [2]
$1,-1
4 27 [2][4]
$4017B4DEDB908EDF,401E,3FD915290A71CD1E,401E
$4017B4DEDB908EDF,0,3FD915290A71CD1E,0
4 28 92
4 29 300
4 30 570
4 31 302
4 32 0
4 33 0
3 22 ->
4 23 93
4 24 4
4 25 0
4 26 [2]
$1,-1
4 27 [2][4]
$4017B4DEDB908EDF,401E,3FD915290A71CD1E,401E
$4017B4DEDB908EDF,0,3FD915290A71CD1E,0
4 28 91
4 29 299
4 30 569
4 31 301
4 32 0
4 33 0
3 22 ->
4 23 470
4 24 4
4 25 0
4 26 [2]
$1,-1
4 27 [2][4]
$40146C6959148AB9,401E,40176AD8626F45C4,401E
$40146C6959148AB9,0,40176AD8626F45C4,0
4 28 268
4 29 92
4 30 572
4 31 472
4 32 0
4 33 0
3 22 ->
4 23 469
4 24 4
4 25 0
4 26 [2]
$1,-1
4 27 [2][4]
$40146C6959148AB9,401E,40176AD8626F45C4,401E
$40146C6959148AB9,0,40176AD8626F45C4,0
4 28 267
4 29 91
4 30 571
4 31 471
4 32 0
4 33 0
3 22 ->
4 23 454
4 24 4
4 25 0
4 26 [2]
$1,-1
4 27 [2][4]
$40114829EE8C050C,401E,40144698F7E6C017,401E
$40114829EE8C050C,0,40144698F7E6C017,0
4 28 240
4 29 96
4 30 588
4 31 408
4 32 0
4 33 0
3 22 ->
4 23 453
4 24 4
4 25 0
4 26 [2]
$1,-1
4 27 [2][4]
$40114829EE8C050C,401E,40144698F7E6C017,401E
$40114829EE8C050C,0,40144698F7E6C017,0
4 28 239
4 29 95
4 30 587
4 31 407
4 32 0
4 33 0
3 22 ->
4 23 102
4 24 4
4 25 0
4 26 [2]
$1,-1
4 27 [2][4]
$40116C60067F838D,401E,40146ACF0FDA3E98,401E
$40116C60067F838D,0,40146ACF0FDA3E98,8
4 28 100
4 29 244
4 30 606
4 31 246
4 32 0
4 33 0
3 22 ->
4 23 101
4 24 4
4 25 0
4 26 [2]
$1,-1
4 27 [2][4]
$40116C60067F838D,401E,40146ACF0FDA3E98,401E
$40116C60067F838D,0,40146ACF0FDA3E98,8
4 28 99
4 29 243
4 30 605
4 31 245
4 32 0
4 33 0
3 22 ->
4 23 436
4 24 4
4 25 0
4 26 [2]
$1,-1
4 27 [2][4]
$400C47D50806FEDD,401E,401122598D5E3A7A,401E
$400C47D50806FEDD,0,401122598D5E3A7A,0
4 28 212
4 29 100
4 30 608
4 31 438
4 32 0
4 33 0
3 22 ->
4 23 435
4 24 4
4 25 0
4 26 [2]
$1,-1
4 27 [2][4]
$400C47D50806FEDD,401E,401122598D5E3A7A,401E
$400C47D50806FEDD,0,401122598D5E3A7A,0
4 28 211
4 29 99
4 30 607
4 31 437
4 32 0
4 33 0
3 22 ->
4 23 106
4 24 4
4 25 0
4 26 [2]
$1,-1
4 27 [2][4]
$400C904137EDFBDF,401E,4011468FA551B8FA,401E
$400C904137EDFBDF,0,4011468FA551B8FA,0
4 28 104
4 29 216
4 30 626
4 31 218
4 32 0
4 33 0
3 22 ->
4 23 105
4 24 4
4 25 0
4 26 [2]
$1,-1
4 27 [2][4]
$400C904137EDFBDF,401E,4011468FA551B8FA,401E
$400C904137EDFBDF,0,4011468FA551B8FA,0
4 28 103
4 29 215
4 30 625
4 31 217
4 32 0
4 33 0
3 22 ->
4 23 418
4 24 4
4 25 0
4 26 [2]
$1,-1
4 27 [2][4]
$4005FF5632F5F394,401E,400BFC3445AB69AA,401E
$4005FF5632F5F394,0,400BFC3445AB69AA,0
4 28 184
4 29 104
4 30 628
4 31 420
4 32 0
4 33 0
3 22 ->
4 23 417
4 24 4
4 25 0
4 26 [2]
$1,-1
4 27 [2][4]
$4005FF5632F5F394,401E,400BFC3445AB69AA,401E
$4005FF5632F5F394,0,400BFC3445AB69AA,0
4 28 183
4 29 103
4 30 627
4 31 419
4 32 0
4 33 0
3 22 ->
4 23 110
4 24 4
4 25 0
4 26 [2]
$1,-1
4 27 [2][4]
$400647C262DCF096,401E,400C44A0759266AC,401E
$400647C262DCF096,8,400C44A0759266AC,0
4 28 108
4 29 188
4 30 646
4 31 190
4 32 0
4 33 0
3 22 ->
4 23 109
4 24 4
4 25 0
4 26 [2]
$1,-1
4 27 [2][4]
$400647C262DCF096,401E,400C44A0759266AC,401E
$400647C262DCF096,8,400C44A0759266AC,0
4 28 107
4 29 187
4 30 645
4 31 189
4 32 0
4 33 0
3 22 ->
4 23 530
4 24 4
4 25 0
4 26 [2]
$1,-1
4 27 [2][4]
$3FFF6DAEBBC9D096,401E,4005B3B5709A5E61,401E
$3FFF6DAEBBC9D096,0,4005B3B5709A5E61,8
4 28 156
4 29 108
4 30 648
4 31 532
4 32 0
4 33 0
3 22 ->
4 23 529
4 24 4
4 25 0
4 26 [2]
$1,-1
4 27 [2][4]
$3FFF6DAEBBC9D096,401E,4005B3B5709A5E61,401E
$3FFF6DAEBBC9D096,0,4005B3B5709A5E61,8
4 28 155
4 29 107
4 30 647
4 31 531
4 32 0
4 33 0
3 22 ->
4 23 114
4 24 4
4 25 0
4 26 [2]
$1,-1
4 27 [2][4]
$3FFFFE871B97CA98,401E,4005FC21A0815B62,401E
$3FFFFE871B97CA98,8,4005FC21A0815B62,0
4 28 112
4 29 160
4 30 666
4 31 162
4 32 0
4 33 0
3 22 ->
4 23 113
4 24 4
4 25 0
4 26 [2]
$1,-1
4 27 [2][4]
$3FFFFE871B97CA98,401E,4005FC21A0815B62,401E
$3FFFFE871B97CA98,8,4005FC21A0815B62,0
4 28 111
4 29 159
4 30 665
4 31 161
4 32 0
4 33 0
3 22 ->
4 23 514
4 24 4
4 25 0
4 26 [2]
$1,-1
4 27 [2][4]
$3FF2DCB111A7BA01,401E,3FFED66D3712A62D,401E
$3FF2DCB111A7BA01,0,3FFED66D3712A62D,8
4 28 128
4 29 112
4 30 668
4 31 516
4 32 0
4 33 0
3 22 ->
4 23 513
4 24 4
4 25 0
4 26 [2]
$1,-1
4 27 [2][4]
$3FF2DCB111A7BA01,401E,3FFED66D3712A62D,401E
$3FF2DCB111A7BA01,0,3FFED66D3712A62D,8
4 28 127
4 29 111
4 30 667
4 31 515
4 32 0
4 33 0
3 22 ->
4 23 118
4 24 4
4 25 0
4 26 [2]
$1,-1
4 27 [7][4]
$BFE0374F9DFD997F,401691B4438D1584,3FFA90DF40B88BDD,401E
$BFD5A60CB1877F17,40169E9C0C737B1D,3FFA16B391A35358,401E
$BFC342861C8B29F3,4016A6E9D4989199,3FF98EC9C13B6EAD,401E
$3FA331EB27473EC4,4016A8D53D6F39C4,3FF906DFF0D38A01,401E
$3FCCDA2173BE916A,4016A45DBC7799F9,3FF87EF6206BA555,401E
$3FDA6FD333439158,4016998493FB035A,3FF7F70C5003C0AA,401E
$3FE0374F9DFD997A,401691B4438D1584,3FF7B31767CFCE54,401E
4 28 340
4 29 116
4 30 506
4 31 674
4 32 0
4 33 0
3 22 ->
4 23 117
4 24 4
4 25 0
4 26 [2]
$1,-1
4 27 [7][4]
$BFE0374F9DFD997F,401691B4438D1584,3FFA90DF40B88BDD,401E
$BFD5A60CB1877F17,40169E9C0C737B1D,3FFA16B391A35358,401E
$BFC342861C8B29F3,4016A6E9D4989199,3FF98EC9C13B6EAD,401E
$3FA331EB27473EC4,4016A8D53D6F39C4,3FF906DFF0D38A01,401E
$3FCCDA2173BE916A,4016A45DBC7799F9,3FF87EF6206BA555,401E
$3FDA6FD333439158,4016998493FB035A,3FF7F70C5003C0AA,401E
$3FE0374F9DFD997A,401691B4438D1584,3FF7B31767CFCE54,401E
4 28 339
4 29 115
4 30 505
4 31 673
4 32 0
4 33 0
3 22 ->
4 23 678
4 24 4
4 25 0
4 26 [2]
$1,-1
4 27 [2][4]
$0,C01DFFFFFFFFFFFF,3FF7B31767CFCE54,401E
$0,0,3FF7B31767CFCE54,0
4 28 140
4 29 116
4 30 680
4 31 118
4 32 0
4 33 0
3 22 ->
4 23 677
4 24 4
4 25 0
4 26 [2]
$1,-1
4 27 [2][4]
$0,C01DFFFFFFFFFFFF,3FF7B31767CFCE54,401E
$0,0,3FF7B31767CFCE54,0
4 28 139
4 29 115
4 30 679
4 31 117
4 32 0
4 33 0
3 22 ->
4 23 674
4 24 4
4 25 0
4 26 [2]
$1,-1
4 27 [2][4]
$3FFA90DF40B88BDD,401E,8,C01DFFFFFFFFFFFF
$3FFA90DF40B88BDD,0,0,0
4 28 116
4 29 120
4 30 676
4 31 122
4 32 0
4 33 0
3 22 ->
4 23 673
4 24 4
4 25 0
4 26 [2]
$1,-1
4 27 [2][4]
$3FFA90DF40B88BDD,401E,8,C01DFFFFFFFFFFFF
$3FFA90DF40B88BDD,0,0,0
4 28 115
4 29 119
4 30 675
4 31 121
4 32 0
4 33 0
3 22 ->
4 23 122
4 24 4
4 25 0
4 26 [2]
$1,-1
4 27 [2][4]
$BFE40088926FDCB3,4017DE919A9DD5A8,BFD623A2477BE841,C01DFFFFFFFFFFFF
$BFE0374F9DFD9979,401691B4438D1583,8,C01DFFFFFFFFFFFF
4 28 340
4 29 120
4 30 118
4 31 508
4 32 0
4 33 0
3 22 ->
4 23 121
4 24 4
4 25 0
4 26 [2]
$1,-1
4 27 [2][4]
$BFE40088926FDCB3,4017DE919A9DD5A8,BFD623A2477BE841,C01DFFFFFFFFFFFF
$BFE0374F9DFD9979,401691B4438D1583,8,C01DFFFFFFFFFFFF
4 28 339
4 29 119
4 30 117
4 31 507
4 32 0
4 33 0
3 22 ->
4 23 510
4 24 4
4 25 0
4 26 [2]
$1,-1
4 27 [2][4]
$BFFBA7C4E9E6AFC5,C01DFFFFFFFFFFFF,3FD657184AE74491,401E
$BFFBA7C4E9E6AFC5,0,3FD657184AE74491,0
4 28 120
4 29 124
4 30 672
4 31 126
4 32 0
4 33 0
3 22 ->
4 23 509
4 24 4
4 25 0
4 26 [2]
$1,-1
4 27 [2][4]
$BFFBA7C4E9E6AFC5,C01DFFFFFFFFFFFF,3FD657184AE74491,401E
$BFFBA7C4E9E6AFC5,0,3FD657184AE74491,0
4 28 119
4 29 123
4 30 671
4 31 125
4 32 0
4 33 0
3 22 ->
4 23 512
4 24 4
4 25 0
4 26 [2]
$1,-1
4 27 [2][4]
$3FE79BFD363BB82F,401E,3FE79BFD363BB832,401E
$3FE79BFD363BB82F,0,3FE79BFD363BB832,0
4 28 124
4 29 128
4 30 670
4 31 130
4 32 0
4 33 0
3 22 ->
4 23 511
4 24 4
4 25 0
4 26 [2]
$1,-1
4 27 [2][4]
$3FE79BFD363BB82F,401E,3FE79BFD363BB832,401E
$3FE79BFD363BB82F,0,3FE79BFD363BB832,0
4 28 123
4 29 127
4 30 669
4 31 129
4 32 0
4 33 0
3 22 ->
4 23 502
4 24 4
4 25 0
4 26 [2]
$1,-1
4 27 [2][4]
$40033AFC06B53F0A,401E,40033AFC06B53F0A,401E
$40033AFC06B53F0A,0,40033AFC06B53F0A,0
4 28 132
4 29 136
4 30 540
4 31 138
4 32 0
4 33 0
3 22 ->
4 23 501
4 24 4
4 25 0
4 26 [2]
$1,-1
4 27 [2][4]
$40033AFC06B53F0A,401E,40033AFC06B53F0A,401E
$40033AFC06B53F0A,0,40033AFC06B53F0A,0
4 28 131
4 29 135
4 30 539
4 31 137
4 32 0
4 33 0
3 22 ->
4 23 504
4 24 4
4 25 0
4 26 [2]
$1,-1
4 27 [2][4]
$400657184AE74486,401E,3FFBA7C4E9E6AFC5,C01DFFFFFFFFFFFF
$400657184AE74486,0,3FFBA7C4E9E6AFC5,0
4 28 136
4 29 140
4 30 682
4 31 142
4 32 0
4 33 0
3 22 ->
4 23 503
4 24 4
4 25 0
4 26 [2]
$1,-1
4 27 [2][4]
$400657184AE74486,401E,3FFBA7C4E9E6AFC5,C01DFFFFFFFFFFFF
$400657184AE74486,0,3FFBA7C4E9E6AFC5,0
4 28 135
4 29 139
4 30 681
4 31 141
4 32 0
4 33 0
3 22 ->
4 23 506
4 24 4
4 25 0
4 26 [2]
$1,-1
4 27 [2][4]
$3FD623A2477BE7ED,C01DFFFFFFFFFFFF,3FE40088926FDCA5,4017DE919A9DD5A7
$3CD11652EC1607AD,C01DFFFFFFFFFFFF,3FE0374F9DFD997C,401691B4438D1588
4 28 140
4 29 340
4 30 678
4 31 372
4 32 0
4 33 0
3 22 ->
4 23 505
4 24 4
4 25 0
4 26 [2]
$1,-1
4 27 [2][4]
$3FD623A2477BE7ED,C01DFFFFFFFFFFFF,3FE40088926FDCA5,4017DE919A9DD5A7
$3CD11652EC1607AD,C01DFFFFFFFFFFFF,3FE0374F9DFD997C,401691B4438D1588
4 28 139
4 29 339
4 30 677
4 31 371
4 32 0
4 33 0
3 22 ->
4 23 146
4 24 4
4 25 0
4 26 [2]
$1,-1
4 27 [7][4]
$C01164619D6EBEF5,400D0D0D72FE652F,400390EE756D5139,401E
$C010F3816E8F520A,400E134E546FEEA,400353D89DE2B4F6,401E
$C0107166B5432C4D,400F2F00657BB258,40030FE3B5AEC2A,401E
$C00FD55334269F1B,401020F4432E3701,4002CBEECD7AD04B,401E
$C00EBEE02D265918,4010A5DC9E177B26,400287F9E546DDF5,401E
$C00D9FC2D002A827,40112613CE03382D,40024404FD12EB9F,401E
$C00D0D0D72FE6552,401164619D6EBEE5,4002220A88F8F274,401E
4 28 342
4 29 144
4 30 522
4 31 654
4 32 0
4 33 0
3 22 ->
4 23 145
4 24 4
4 25 0
4 26 [2]
$1,-1
4 27 [7][4]
$C01164619D6EBEF5,400D0D0D72FE652F,400390EE756D5139,401E
$C010F3816E8F520A,400E134E546FEEA,400353D89DE2B4F6,401E
$C0107166B5432C4D,400F2F00657BB258,40030FE3B5AEC2A,401E
$C00FD55334269F1B,401020F4432E3701,4002CBEECD7AD04B,401E
$C00EBEE02D265918,4010A5DC9E177B26,400287F9E546DDF5,401E
$C00D9FC2D002A827,40112613CE03382D,40024404FD12EB9F,401E
$C00D0D0D72FE6552,401164619D6EBEE5,4002220A88F8F274,401E
4 28 341
4 29 143
4 30 521
4 31 653
4 32 0
4 33 0
3 22 ->
4 23 658
4 24 4
4 25 0
4 26 [2]
$1,-1
4 27 [2][4]
$0,C01E,4002220A88F8F274,401E
$0,0,4002220A88F8F274,0
4 28 168
4 29 144
4 30 660
4 31 146
4 32 0
4 33 0
3 22 ->
4 23 657
4 24 4
4 25 0
4 26 [2]
$1,-1
4 27 [2][4]
$0,C01E,4002220A88F8F274,401E
$0,0,4002220A88F8F274,0
4 28 167
4 29 143
4 30 659
4 31 145
4 32 0
4 33 0
3 22 ->
4 23 654
4 24 4
4 25 0
4 26 [2]
$1,-1
4 27 [2][4]
$400390EE756D5138,401E,8,C01E000000000002
$400390EE756D5138,0,0,0
4 28 144
4 29 148
4 30 656
4 31 150
4 32 0
4 33 0
3 22 ->
4 23 653
4 24 4
4 25 0
4 26 [2]
$1,-1
4 27 [2][4]
$400390EE756D5138,401E,8,C01E000000000002
$400390EE756D5138,0,0,0
4 28 143
4 29 147
4 30 655
4 31 149
4 32 0
4 33 0
3 22 ->
4 23 150
4 24 4
4 25 0
4 26 [2]
$1,-1
4 27 [2][4]
$C012A56B8BFC7028,400E38754EDA8DBE,BFD623A2477BE824,C01E000000000002
$C01164619D6EBEF4,400D0D0D72FE653,8,C01E000000000002
4 28 342
4 29 148
4 30 146
4 31 524
4 32 0
4 33 0
3 22 ->
4 23 149
4 24 4
4 25 0
4 26 [2]
$1,-1
4 27 [2][4]
$C012A56B8BFC7028,400E38754EDA8DBE,BFD623A2477BE824,C01E000000000002
$C01164619D6EBEF4,400D0D0D72FE653,8,C01E000000000002
4 28 341
4 29 147
4 30 145
4 31 523
4 32 0
4 33 0
3 22 ->
4 23 526
4 24 4
4 25 0
4 26 [2]
$1,-1
4 27 [2][4]
$BFFBA7C4E9E6AFC1,C01E000000000002,3FF226C3BCDBE7BA,401E
$BFFBA7C4E9E6AFC1,0,3FF226C3BCDBE7BA,0
4 28 148
4 29 152
4 30 652
4 31 154
4 32 0
4 33 0
3 22 ->
4 23 525
4 24 4
4 25 0
4 26 [2]
$1,-1
4 27 [2][4]
$BFFBA7C4E9E6AFC1,C01E000000000002,3FF226C3BCDBE7BA,401E
$BFFBA7C4E9E6AFC1,0,3FF226C3BCDBE7BA,0
4 28 147
4 29 151
4 30 651
4 31 153
4 32 0
4 33 0
3 22 ->
4 23 528
4 24 4
4 25 0
4 26 [2]
$1,-1
4 27 [2][4]
$3FF85EFC453FF2AD,401E,3FF85EFC453FF2AD,401E
$3FF85EFC453FF2AD,0,3FF85EFC453FF2AD,0
4 28 152
4 29 156
4 30 650
4 31 158
4 32 0
4 33 0
3 22 ->
4 23 527
4 24 4
4 25 0
4 26 [2]
$1,-1
4 27 [2][4]
$3FF85EFC453FF2AD,401E,3FF85EFC453FF2AD,401E
$3FF85EFC453FF2AD,0,3FF85EFC453FF2AD,0
4 28 151
4 29 155
4 30 649
4 31 157
4 32 0
4 33 0
3 22 ->
4 23 518
4 24 4
4 25 0
4 26 [2]
$1,-1
4 27 [2][4]
$4009837ADBC64A54,401E,4009837ADBC64A53,401E
$4009837ADBC64A54,0,4009837ADBC64A53,0
4 28 160
4 29 164
4 30 664
4 31 166
4 32 0
4 33 0
3 22 ->
4 23 517
4 24 4
4 25 0
4 26 [2]
$1,-1
4 27 [2][4]
$4009837ADBC64A54,401E,4009837ADBC64A53,401E
$4009837ADBC64A54,0,4009837ADBC64A53,0
4 28 159
4 29 163
4 30 663
4 31 165
4 32 0
4 33 0
3 22 ->
4 23 520
4 24 4
4 25 0
4 26 [2]
$1,-1
4 27 [2][4]
$400C9F971FF84FD,401E,3FFBA7C4E9E6AFC4,C01E
$400C9F971FF84FD,0,3FFBA7C4E9E6AFC4,0
4 28 164
4 29 168
4 30 662
4 31 170
4 32 0
4 33 0
3 22 ->
4 23 519
4 24 4
4 25 0
4 26 [2]
$1,-1
4 27 [2][4]
$400C9F971FF84FD,401E,3FFBA7C4E9E6AFC4,C01E
$400C9F971FF84FD,0,3FFBA7C4E9E6AFC4,0
4 28 163
4 29 167
4 30 661
4 31 169
4 32 0
4 33 0
3 22 ->
4 23 522
4 24 4
4 25 0
4 26 [2]
$1,-1
4 27 [2][4]
$3FD623A2477BE7E2,C01E,C00E38754EDA8DE2,4012A56B8BFC7018
$3CD1E1C246FDDEBE,C01E,C00D0D0D72FE6557,401164619D6EBEE9
4 28 168
4 29 342
4 30 658
4 31 374
4 32 0
4 33 0
3 22 ->
4 23 521
4 24 4
4 25 0
4 26 [2]
$1,-1
4 27 [2][4]
$3FD623A2477BE7E2,C01E,C00E38754EDA8DE2,4012A56B8BFC7018
$3CD1E1C246FDDEBE,C01E,C00D0D0D72FE6557,401164619D6EBEE9
4 28 167
4 29 341
4 30 657
4 31 373
4 32 0
4 33 0
3 22 ->
4 23 174
4 24 4
4 25 0
4 26 [2]
$1,-1
4 27 [7][4]
$C01691B4438D1582,BFE0374F9DFD9A31,4009D96D4A7E5C82,401E
$C0169E9C0C737B1B,BFD5A60CB187807B,40099C5772F3C04,401E
$C016A6E9D4989198,BFC342861C8B2CBB,400958628ABFCDEA,401E
$C016A8D53D6F39C4,3FA331EB274733A2,4009146DA28BDB95,401E
$C016A45DBC7799F9,3FCCDA2173BE8EA1,4008D078BA57E93F,401E
$C016998493FB035B,3FDA6FD333438FF5,40088C83D223F6E9,401E
$C01691B4438D1586,3FE0374F9DFD98C8,40086A895E09FDBE,401E
4 28 344
4 29 172
4 30 538
4 31 634
4 32 0
4 33 0
3 22 ->
4 23 173
4 24 4
4 25 0
4 26 [2]
$1,-1
4 27 [7][4]
$C01691B4438D1582,BFE0374F9DFD9A31,4009D96D4A7E5C82,401E
$C0169E9C0C737B1B,BFD5A60CB187807B,40099C5772F3C04,401E
$C016A6E9D4989198,BFC342861C8B2CBB,400958628ABFCDEA,401E
$C016A8D53D6F39C4,3FA331EB274733A2,4009146DA28BDB95,401E
$C016A45DBC7799F9,3FCCDA2173BE8EA1,4008D078BA57E93F,401E
$C016998493FB035B,3FDA6FD333438FF5,40088C83D223F6E9,401E
$C01691B4438D1586,3FE0374F9DFD98C8,40086A895E09FDBE,401E
4 28 343
4 29 171
4 30 537
4 31 633
4 32 0
4 33 0
3 22 ->
4 23 638
4 24 4
4 25 0
4 26 [2]
$1,-1
4 27 [2][4]
$0,C01E000000000002,40086A895E09FDBE,401E
$0,0,40086A895E09FDBE,0
4 28 196
4 29 172
4 30 640
4 31 174
4 32 0
4 33 0
3 22 ->
4 23 637
4 24 4
4 25 0
4 26 [2]
$1,-1
4 27 [2][4]
$0,C01E000000000002,40086A895E09FDBE,401E
$0,0,40086A895E09FDBE,0
4 28 195
4 29 171
4 30 639
4 31 173
4 32 0
4 33 0
3 22 ->
4 23 634
4 24 4
4 25 0
4 26 [2]
$1,-1
4 27 [2][4]
$4009D96D4A7E5C82,401E,0,C01E
$4009D96D4A7E5C82,0,0,0
4 28 172
4 29 176
4 30 636
4 31 178
4 32 0
4 33 0
3 22 ->
4 23 633
4 24 4
4 25 0
4 26 [2]
$1,-1
4 27 [2][4]
$4009D96D4A7E5C82,401E,0,C01E
$4009D96D4A7E5C82,0,0,0
4 28 171
4 29 175
4 30 635
4 31 177
4 32 0
4 33 0
3 22 ->
4 23 178
4 24 4
4 25 0
4 26 [2]
$1,-1
4 27 [2][4]
$C017DE919A9DD5A5,BFE40088926FDD6E,BFD623A2477BE839,C01E
$C01691B4438D1581,BFE0374F9DFD9A2B,0,C01E
4 28 344
4 29 176
4 30 174
4 31 412
4 32 0
4 33 0
3 22 ->
4 23 177
4 24 4
4 25 0
4 26 [2]
$1,-1
4 27 [2][4]
$C017DE919A9DD5A5,BFE40088926FDD6E,BFD623A2477BE839,C01E
$C01691B4438D1581,BFE0374F9DFD9A2B,0,C01E
4 28 343
4 29 175
4 30 173
4 31 411
4 32 0
4 33 0
3 22 ->
4 23 414
4 24 4
4 25 0
4 26 [2]
$1,-1
4 27 [2][4]
$BFFBA7C4E9E6AFC7,C01E,3FFEB7C166FDFE4E,401E
$BFFBA7C4E9E6AFC7,0,3FFEB7C166FDFE4E,0
4 28 176
4 29 180
4 30 632
4 31 182
4 32 0
4 33 0
3 22 ->
4 23 413
4 24 4
4 25 0
4 26 [2]
$1,-1
4 27 [2][4]
$BFFBA7C4E9E6AFC7,C01E,3FFEB7C166FDFE4E,401E
$BFFBA7C4E9E6AFC7,0,3FFEB7C166FDFE4E,0
4 28 175
4 29 179
4 30 631
4 31 181
4 32 0
4 33 0
3 22 ->
4 23 416
4 24 4
4 25 0
4 26 [2]
$1,-1
4 27 [2][4]
$400277FCF7B104A,401E,400277FCF7B104A,401E
$400277FCF7B104A,0,400277FCF7B104A,0
4 28 180
4 29 184
4 30 630
4 31 186
4 32 0
4 33 0
3 22 ->
4 23 415
4 24 4
4 25 0
4 26 [2]
$1,-1
4 27 [2][4]
$400277FCF7B104A,401E,400277FCF7B104A,401E
$400277FCF7B104A,0,400277FCF7B104A,0
4 28 179
4 29 183
4 30 629
4 31 185
4 32 0
4 33 0
3 22 ->
4 23 534
4 24 4
4 25 0
4 26 [2]
$1,-1
4 27 [2][4]
$400FCBF9B0D7559D,401E,400FCBF9B0D7559D,401E
$400FCBF9B0D7559D,0,400FCBF9B0D7559D,0
4 28 188
4 29 192
4 30 644
4 31 194
4 32 0
4 33 0
3 22 ->
4 23 533
4 24 4
4 25 0
4 26 [2]
$1,-1
4 27 [2][4]
$400FCBF9B0D7559D,401E,400FCBF9B0D7559D,401E
$400FCBF9B0D7559D,0,400FCBF9B0D7559D,0
4 28 187
4 29 191
4 30 643
4 31 193
4 32 0
4 33 0
3 22 ->
4 23 536
4 24 4
4 25 0
4 26 [2]
$1,-1
4 27 [2][4]
$4011740AFA84AD8C,401E,3FFBA7C4E9E6AFC6,C01E000000000002
$4011740AFA84AD8C,0,3FFBA7C4E9E6AFC6,0
4 28 192
4 29 196
4 30 642
4 31 198
4 32 0
4 33 0
3 22 ->
4 23 535
4 24 4
4 25 0
4 26 [2]
$1,-1
4 27 [2][4]
$4011740AFA84AD8C,401E,3FFBA7C4E9E6AFC6,C01E000000000002
$4011740AFA84AD8C,0,3FFBA7C4E9E6AFC6,0
4 28 191
4 29 195
4 30 641
4 31 197
4 32 0
4 33 0
3 22 ->
4 23 538
4 24 4
4 25 0
4 26 [2]
$1,-1
4 27 [2][4]
$3FD623A2477BE808,C01E000000000002,C017DE919A9DD5AB,3FE40088926FDBEE
$3CD11652EC1607AE,C01E000000000002,C01691B4438D158A,3FE0374F9DFD98CA
4 28 196
4 29 344
4 30 638
4 31 376
4 32 0
4 33 0
3 22 ->
4 23 537
4 24 4
4 25 0
4 26 [2]
$1,-1
4 27 [2][4]
$3FD623A2477BE808,C01E000000000002,C017DE919A9DD5AB,3FE40088926FDBEE
$3CD11652EC1607AE,C01E000000000002,C01691B4438D158A,3FE0374F9DFD98CA
4 28 195
4 29 343
4 30 637
4 31 375
4 32 0
4 33 0
3 22 ->
4 23 202
4 24 4
4 25 0
4 26 [2]
$1,-1
4 27 [7][4]
$C00D0D0D72FE650D,C01164619D6EBF02,401010F60FC7B3E6,401E
$C00E134E546FEE7E,C010F3816E8F5219,400FE4D64804CB8A,401E
$C00F2F00657BB238,C0107166B5432C5C,400FA0E15FD0D934,401E
$C01020F4432E36F1,C00FD55334269F3B,400F5CEC779CE6DE,401E
$C010A5DC9E177B16,C00EBEE02D265939,400F18F78F68F488,401E
$C0112613CE03381D,C00D9FC2D002A847,400ED502A7350233,401E
$C01164619D6EBED7,C00D0D0D72FE6574,400EB308331B0908,401E
4 28 346
4 29 200
4 30 426
4 31 614
4 32 0
4 33 0
3 22 ->
4 23 201
4 24 4
4 25 0
4 26 [2]
$1,-1
4 27 [7][4]
$C00D0D0D72FE650D,C01164619D6EBF02,401010F60FC7B3E6,401E
$C00E134E546FEE7E,C010F3816E8F5219,400FE4D64804CB8A,401E
$C00F2F00657BB238,C0107166B5432C5C,400FA0E15FD0D934,401E
$C01020F4432E36F1,C00FD55334269F3B,400F5CEC779CE6DE,401E
$C010A5DC9E177B16,C00EBEE02D265939,400F18F78F68F488,401E
$C0112613CE03381D,C00D9FC2D002A847,400ED502A7350233,401E
$C01164619D6EBED7,C00D0D0D72FE6574,400EB308331B0908,401E
4 28 345
4 29 199
4 30 425
4 31 613
4 32 0
4 33 0
3 22 ->
4 23 618
4 24 4
4 25 0
4 26 [2]
$1,-1
4 27 [2][4]
$0,C01E000000000002,400EB308331B0908,401E
$0,0,400EB308331B0908,0
4 28 224
4 29 200
4 30 620
4 31 202
4 32 0
4 33 0
3 22 ->
4 23 617
4 24 4
4 25 0
4 26 [2]
$1,-1
4 27 [2][4]
$0,C01E000000000002,400EB308331B0908,401E
$0,0,400EB308331B0908,0
4 28 223
4 29 199
4 30 619
4 31 201
4 32 0
4 33 0
3 22 ->
4 23 614
4 24 4
4 25 0
4 26 [2]
$1,-1
4 27 [2][4]
$401010F60FC7B3E6,401E,0,C01E000000000002
$401010F60FC7B3E6,0,0,0
4 28 200
4 29 204
4 30 616
4 31 206
4 32 0
4 33 0
3 22 ->
4 23 613
4 24 4
4 25 0
4 26 [2]
$1,-1
4 27 [2][4]
$401010F60FC7B3E6,401E,0,C01E000000000002
$401010F60FC7B3E6,0,0,0
4 28 199
4 29 203
4 30 615
4 31 205
4 32 0
4 33 0
3 22 ->
4 23 206
4 24 4
4 25 0
4 26 [2]
$1,-1
4 27 [2][4]
$C00E38754EDA8D98,C012A56B8BFC7039,BFD623A2477BE84D,C01E000000000002
$C00D0D0D72FE650C,C01164619D6EBF02,0,C01E000000000002
4 28 346
4 29 204
4 30 202
4 31 430
4 32 0
4 33 0
3 22 ->
4 23 205
4 24 4
4 25 0
4 26 [2]
$1,-1
4 27 [2][4]
$C00E38754EDA8D98,C012A56B8BFC7039,BFD623A2477BE84D,C01E000000000002
$C00D0D0D72FE650C,C01164619D6EBF02,0,C01E000000000002
4 28 345
4 29 203
4 30 201
4 31 429
4 32 0
4 33 0
3 22 ->
4 23 432
4 24 4
4 25 0
4 26 [2]
$1,-1
4 27 [2][4]
$BFFBA7C4E9E6AFC6,C01E000000000002,4005A45F88900A7,401E
$BFFBA7C4E9E6AFC6,0,4005A45F88900A7,0
4 28 204
4 29 208
4 30 612
4 31 210
4 32 0
4 33 0
3 22 ->
4 23 431
4 24 4
4 25 0
4 26 [2]
$1,-1
4 27 [2][4]
$BFFBA7C4E9E6AFC6,C01E000000000002,4005A45F88900A7,401E
$BFFBA7C4E9E6AFC6,0,4005A45F88900A7,0
4 28 203
4 29 207
4 30 611
4 31 209
4 32 0
4 33 0
3 22 ->
4 23 434
4 24 4
4 25 0
4 26 [2]
$1,-1
4 27 [2][4]
$4008C07BCCC20FEB,401E,4008C07BCCC20FEB,401E
$4008C07BCCC20FEB,0,4008C07BCCC20FEB,0
4 28 208
4 29 212
4 30 610
4 31 214
4 32 0
4 33 0
3 22 ->
4 23 433
4 24 4
4 25 0
4 26 [2]
$1,-1
4 27 [2][4]
$4008C07BCCC20FEB,401E,4008C07BCCC20FEB,401E
$4008C07BCCC20FEB,0,4008C07BCCC20FEB,0
4 28 207
4 29 211
4 30 609
4 31 213
4 32 0
4 33 0
3 22 ->
4 23 422
4 24 4
4 25 0
4 26 [2]
$1,-1
4 27 [2][4]
$40130A3C42F43074,401E,40130A3C42F43074,401E
$40130A3C42F43074,0,40130A3C42F43074,0
4 28 216
4 29 220
4 30 624
4 31 222
4 32 0
4 33 0
3 22 ->
4 23 421
4 24 4
4 25 0
4 26 [2]
$1,-1
4 27 [2][4]
$40130A3C42F43074,401E,40130A3C42F43074,401E
$40130A3C42F43074,0,40130A3C42F43074,0
4 28 215
4 29 219
4 30 623
4 31 221
4 32 0
4 33 0
3 22 ->
4 23 424
4 24 4
4 25 0
4 26 [2]
$1,-1
4 27 [2][4]
$4014984A650D3332,401E,3FFBA7C4E9E6AFC6,C01E000000000002
$4014984A650D3332,0,3FFBA7C4E9E6AFC6,0
4 28 220
4 29 224
4 30 622
4 31 226
4 32 0
4 33 0
3 22 ->
4 23 423
4 24 4
4 25 0
4 26 [2]
$1,-1
4 27 [2][4]
$4014984A650D3332,401E,3FFBA7C4E9E6AFC6,C01E000000000002
$4014984A650D3332,0,3FFBA7C4E9E6AFC6,0
4 28 219
4 29 223
4 30 621
4 31 225
4 32 0
4 33 0
3 22 ->
4 23 426
4 24 4
4 25 0
4 26 [2]
$1,-1
4 27 [2][4]
$3FD623A2477BE7FF,C01E000000000002,C012A56B8BFC700A,C00E38754EDA8E08
$3CD1E1C246FDDEBF,C01E000000000002,C01164619D6EBEDA,C00D0D0D72FE6579
4 28 224
4 29 346
4 30 618
4 31 428
4 32 0
4 33 0
3 22 ->
4 23 425
4 24 4
4 25 0
4 26 [2]
$1,-1
4 27 [2][4]
$3FD623A2477BE7FF,C01E000000000002,C012A56B8BFC700A,C00E38754EDA8E08
$3CD1E1C246FDDEBF,C01E000000000002,C01164619D6EBEDA,C00D0D0D72FE6579
4 28 223
4 29 345
4 30 617
4 31 427
4 32 0
4 33 0
3 22 ->
4 23 230
4 24 4
4 25 0
4 26 [2]
$1,-1
4 27 [7][4]
$3FE0374F9DFD997F,C01691B4438D1584,401335357A503983,401E
$3FD5A60CB1877F17,C0169E9C0C737B1D,401316AA8E8AEB62,401E
$3FC342861C8B29F3,C016A6E9D4989199,4012F4B01A70F237,401E
$BFA331EB27473EC4,C016A8D53D6F39C4,4012D2B5A656F90C,401E
$BFCCDA2173BE916A,C016A45DBC7799F9,4012B0BB323CFFE1,401E
$BFDA6FD333439158,C016998493FB035A,40128EC0BE2306B6,401E
$BFE0374F9DFD997A,C01691B4438D1584,40127DC384160A21,401E
4 28 348
4 29 228
4 30 444
4 31 594
4 32 0
4 33 0
3 22 ->
4 23 229
4 24 4
4 25 0
4 26 [2]
$1,-1
4 27 [7][4]
$3FE0374F9DFD997F,C01691B4438D1584,401335357A503983,401E
$3FD5A60CB1877F17,C0169E9C0C737B1D,401316AA8E8AEB62,401E
$3FC342861C8B29F3,C016A6E9D4989199,4012F4B01A70F237,401E
$BFA331EB27473EC4,C016A8D53D6F39C4,4012D2B5A656F90C,401E
$BFCCDA2173BE916A,C016A45DBC7799F9,4012B0BB323CFFE1,401E
$BFDA6FD333439158,C016998493FB035A,40128EC0BE2306B6,401E
$BFE0374F9DFD997A,C01691B4438D1584,40127DC384160A21,401E
4 28 347
4 29 227
4 30 443
4 31 593
4 32 0
4 33 0
3 22 ->
4 23 598
4 24 4
4 25 0
4 26 [2]
$1,-1
4 27 [2][4]
$0,C01DFFFFFFFFFFFF,40127DC384160A21,401E
$0,0,40127DC384160A21,0
4 28 252
4 29 228
4 30 600
4 31 230
4 32 0
4 33 0
3 22 ->
4 23 597
4 24 4
4 25 0
4 26 [2]
$1,-1
4 27 [2][4]
$0,C01DFFFFFFFFFFFF,40127DC384160A21,401E
$0,0,40127DC384160A21,0
4 28 251
4 29 227
4 30 599
4 31 229
4 32 0
4 33 0
3 22 ->
4 23 594
4 24 4
4 25 0
4 26 [2]
$1,-1
4 27 [2][4]
$401335357A503983,401E,0,C01DFFFFFFFFFFFF
$401335357A503983,8,0,0
4 28 228
4 29 232
4 30 596
4 31 234
4 32 0
4 33 0
3 22 ->
4 23 593
4 24 4
4 25 0
4 26 [2]
$1,-1
4 27 [2][4]
$401335357A503983,401E,0,C01DFFFFFFFFFFFF
$401335357A503983,8,0,0
4 28 227
4 29 231
4 30 595
4 31 233
4 32 0
4 33 0
3 22 ->
4 23 234
4 24 4
4 25 0
4 26 [2]
$1,-1
4 27 [2][4]
$3FE40088926FDCB3,C017DE919A9DD5A8,BFD623A2477BE841,C01DFFFFFFFFFFFF
$3FE0374F9DFD9979,C01691B4438D1583,0,C01DFFFFFFFFFFFF
4 28 348
4 29 232
4 30 230
4 31 448
4 32 0
4 33 0
3 22 ->
4 23 233
4 24 4
4 25 0
4 26 [2]
$1,-1
4 27 [2][4]
$3FE40088926FDCB3,C017DE919A9DD5A8,BFD623A2477BE841,C01DFFFFFFFFFFFF
$3FE0374F9DFD9979,C01691B4438D1583,0,C01DFFFFFFFFFFFF
4 28 347
4 29 231
4 30 229
4 31 447
4 32 0
4 33 0
3 22 ->
4 23 450
4 24 4
4 25 0
4 26 [2]
$1,-1
4 27 [2][4]
$BFFBA7C4E9E6AFC5,C01DFFFFFFFFFFFF,400BECDE5DA115AA,401E
$BFFBA7C4E9E6AFC5,0,400BECDE5DA115AA,0
4 28 232
4 29 236
4 30 592
4 31 238
4 32 0
4 33 0
3 22 ->
4 23 449
4 24 4
4 25 0
4 26 [2]
$1,-1
4 27 [2][4]
$BFFBA7C4E9E6AFC5,C01DFFFFFFFFFFFF,400BECDE5DA115AA,401E
$BFFBA7C4E9E6AFC5,0,400BECDE5DA115AA,0
4 28 231
4 29 235
4 30 591
4 31 237
4 32 0
4 33 0
3 22 ->
4 23 452
4 24 4
4 25 0
4 26 [2]
$1,-1
4 27 [2][4]
$400F08FAA1D31B23,401E,400F08FAA1D31B24,401E
$400F08FAA1D31B23,0,400F08FAA1D31B24,0
4 28 236
4 29 240
4 30 590
4 31 242
4 32 0
4 33 0
3 22 ->
4 23 451
4 24 4
4 25 0
4 26 [2]
$1,-1
4 27 [2][4]
$400F08FAA1D31B23,401E,400F08FAA1D31B24,401E
$400F08FAA1D31B23,0,400F08FAA1D31B24,0
4 28 235
4 29 239
4 30 589
4 31 241
4 32 0
4 33 0
3 22 ->
4 23 440
4 24 4
4 25 0
4 26 [2]
$1,-1
4 27 [2][4]
$40162E7BAD7CB611,401E,40162E7BAD7CB611,401E
$40162E7BAD7CB611,8,40162E7BAD7CB611,8
4 28 244
4 29 248
4 30 604
4 31 250
4 32 0
4 33 0
3 22 ->
4 23 439
4 24 4
4 25 0
4 26 [2]
$1,-1
4 27 [2][4]
$40162E7BAD7CB611,401E,40162E7BAD7CB611,401E
$40162E7BAD7CB611,8,40162E7BAD7CB611,8
4 28 243
4 29 247
4 30 603
4 31 249
4 32 0
4 33 0
3 22 ->
4 23 442
4 24 4
4 25 0
4 26 [2]
$1,-1
4 27 [2][4]
$4017BC89CF95B8CF,401E,3FFBA7C4E9E6AFC5,C01DFFFFFFFFFFFF
$4017BC89CF95B8CF,8,3FFBA7C4E9E6AFC5,0
4 28 248
4 29 252
4 30 602
4 31 254
4 32 0
4 33 0
3 22 ->
4 23 441
4 24 4
4 25 0
4 26 [2]
$1,-1
4 27 [2][4]
$4017BC89CF95B8CF,401E,3FFBA7C4E9E6AFC5,C01DFFFFFFFFFFFF
$4017BC89CF95B8CF,8,3FFBA7C4E9E6AFC5,0
4 28 247
4 29 251
4 30 601
4 31 253
4 32 0
4 33 0
3 22 ->
4 23 444
4 24 4
4 25 0
4 26 [2]
$1,-1
4 27 [2][4]
$3FD623A2477BE7ED,C01DFFFFFFFFFFFF,BFE40088926FDCA5,C017DE919A9DD5A7
$3CD11652EC1607AD,C01DFFFFFFFFFFFF,BFE0374F9DFD997C,C01691B4438D1588
4 28 252
4 29 348
4 30 598
4 31 446
4 32 0
4 33 0
3 22 ->
4 23 443
4 24 4
4 25 0
4 26 [2]
$1,-1
4 27 [2][4]
$3FD623A2477BE7ED,C01DFFFFFFFFFFFF,BFE40088926FDCA5,C017DE919A9DD5A7
$3CD11652EC1607AD,C01DFFFFFFFFFFFF,BFE0374F9DFD997C,C01691B4438D1588
4 28 251
4 29 347
4 30 597
4 31 445
4 32 0
4 33 0
3 22 ->
4 23 258
4 24 4
4 25 0
4 26 [2]
$1,-1
4 27 [7][4]
$401164619D6EBF1,C00D0D0D72FE64EC,40165974E4D8BF3,401E
$4010F3816E8F5228,C00E134E546FEE5D,40163AE9F913710F,401E
$40107166B5432C6B,C00F2F00657BB217,401618EF84F977E4,401E
$400FD55334269F5A,C01020F4432E36E2,4015F6F510DF7EB9,401E
$400EBEE02D26595A,C010A5DC9E177B06,4015D4FA9CC5858E,401E
$400D9FC2D002A869,C0112613CE03381,4015B30028AB8C63,401E
$400D0D0D72FE6596,C01164619D6EBEC9,4015A202EE9E8FCE,401E
4 28 350
4 29 256
4 30 460
4 31 578
4 32 0
4 33 0
3 22 ->
4 23 257
4 24 4
4 25 0
4 26 [2]
$1,-1
4 27 [7][4]
$401164619D6EBF1,C00D0D0D72FE64EC,40165974E4D8BF3,401E
$4010F3816E8F5228,C00E134E546FEE5D,40163AE9F913710F,401E
$40107166B5432C6B,C00F2F00657BB217,401618EF84F977E4,401E
$400FD55334269F5A,C01020F4432E36E2,4015F6F510DF7EB9,401E
$400EBEE02D26595A,C010A5DC9E177B06,4015D4FA9CC5858E,401E
$400D9FC2D002A869,C0112613CE03381,4015B30028AB8C63,401E
$400D0D0D72FE6596,C01164619D6EBEC9,4015A202EE9E8FCE,401E
4 28 349
4 29 255
4 30 459
4 31 577
4 32 0
4 33 0
3 22 ->
4 23 582
4 24 4
4 25 0
4 26 [2]
$1,-1
4 27 [2][4]
$8,C01E,4015A202EE9E8FCE,401E
$0,0,4015A202EE9E8FCE,0
4 28 280
4 29 256
4 30 584
4 31 258
4 32 0
4 33 0
3 22 ->
4 23 581
4 24 4
4 25 0
4 26 [2]
$1,-1
4 27 [2][4]
$8,C01E,4015A202EE9E8FCE,401E
$0,0,4015A202EE9E8FCE,0
4 28 279
4 29 255
4 30 583
4 31 257
4 32 0
4 33 0
3 22 ->
4 23 578
4 24 4
4 25 0
4 26 [2]
$1,-1
4 27 [2][4]
$40165974E4D8BF3,401E,0,C01E000000000002
$40165974E4D8BF3,0,0,0
4 28 256
4 29 260
4 30 580
4 31 262
4 32 0
4 33 0
3 22 ->
4 23 577
4 24 4
4 25 0
4 26 [2]
$1,-1
4 27 [2][4]
$40165974E4D8BF3,401E,0,C01E000000000002
$40165974E4D8BF3,0,0,0
4 28 255
4 29 259
4 30 579
4 31 261
4 32 0
4 33 0
3 22 ->
4 23 262
4 24 4
4 25 0
4 26 [2]
$1,-1
4 27 [2][4]
$4012A56B8BFC7045,C00E38754EDA8D74,BFD623A2477BE83,C01E000000000002
$401164619D6EBF0F,C00D0D0D72FE64EA,0,C01E000000000002
4 28 350
4 29 260
4 30 258
4 31 464
4 32 0
4 33 0
3 22 ->
4 23 261
4 24 4
4 25 0
4 26 [2]
$1,-1
4 27 [2][4]
$4012A56B8BFC7045,C00E38754EDA8D74,BFD623A2477BE83,C01E000000000002
$401164619D6EBF0F,C00D0D0D72FE64EA,0,C01E000000000002
4 28 349
4 29 259
4 30 257
4 31 463
4 32 0
4 33 0
3 22 ->
4 23 466
4 24 4
4 25 0
4 26 [2]
$1,-1
4 27 [2][4]
$BFFBA7C4E9E6AFC7,C01E000000000002,40111AAE99591082,401E
$BFFBA7C4E9E6AFC7,0,40111AAE99591082,8
4 28 260
4 29 264
4 30 576
4 31 266
4 32 0
4 33 0
3 22 ->
4 23 465
4 24 4
4 25 0
4 26 [2]
$1,-1
4 27 [2][4]
$BFFBA7C4E9E6AFC7,C01E000000000002,40111AAE99591082,401E
$BFFBA7C4E9E6AFC7,0,40111AAE99591082,8
4 28 259
4 29 263
4 30 575
4 31 265
4 32 0
4 33 0
3 22 ->
4 23 468
4 24 4
4 25 0
4 26 [2]
$1,-1
4 27 [2][4]
$4012A8BCBB72133F,401E,4012A8BCBB72133F,401E
$4012A8BCBB72133F,8,4012A8BCBB72133F,8
4 28 264
4 29 268
4 30 574
4 31 270
4 32 0
4 33 0
3 22 ->
4 23 467
4 24 4
4 25 0
4 26 [2]
$1,-1
4 27 [2][4]
$4012A8BCBB72133F,401E,4012A8BCBB72133F,401E
$4012A8BCBB72133F,8,4012A8BCBB72133F,8
4 28 263
4 29 267
4 30 573
4 31 269
4 32 0
4 33 0
3 22 ->
4 23 456
4 24 4
4 25 0
4 26 [2]
$1,-1
4 27 [2][4]
$3FA85FE1E08752E2,401E,3FA85FE1E08752A9,401E
$3FA85FE1E08752E2,0,3FA85FE1E08752A9,0
4 28 272
4 29 276
4 30 402
4 31 278
4 32 0
4 33 0
3 22 ->
4 23 455
4 24 4
4 25 0
4 26 [2]
$1,-1
4 27 [2][4]
$3FA85FE1E08752E2,401E,3FA85FE1E08752A9,401E
$3FA85FE1E08752E2,0,3FA85FE1E08752A9,0
4 28 271
4 29 275
4 30 401
4 31 277
4 32 0
4 33 0
3 22 ->
4 23 458
4 24 4
4 25 0
4 26 [2]
$1,-1
4 27 [2][4]
$3FDBECDE5DA11638,401E,3FFBA7C4E9E6AFC6,C01E
$3FDBECDE5DA11638,0,3FFBA7C4E9E6AFC6,0
4 28 276
4 29 280
4 30 586
4 31 282
4 32 0
4 33 0
3 22 ->
4 23 457
4 24 4
4 25 0
4 26 [2]
$1,-1
4 27 [2][4]
$3FDBECDE5DA11638,401E,3FFBA7C4E9E6AFC6,C01E
$3FDBECDE5DA11638,0,3FFBA7C4E9E6AFC6,0
4 28 275
4 29 279
4 30 585
4 31 281
4 32 0
4 33 0
3 22 ->
4 23 460
4 24 4
4 25 0
4 26 [2]
$1,-1
4 27 [2][4]
$3FD623A2477BE7E9,C01E,400E38754EDA8E2C,C012A56B8BFC6FFA
$3CD1E1C246FDDEC,C01E,400D0D0D72FE659B,C01164619D6EBECC
4 28 280
4 29 350
4 30 582
4 31 462
4 32 0
4 33 0
3 22 ->
4 23 459
4 24 4
4 25 0
4 26 [2]
$1,-1
4 27 [2][4]
$3FD623A2477BE7E9,C01E,400E38754EDA8E2C,C012A56B8BFC6FFA
$3CD1E1C246FDDEC,C01E,400D0D0D72FE659B,C01164619D6EBECC
4 28 279
4 29 349
4 30 581
4 31 461
4 32 0
4 33 0
3 22 ->
4 23 564
4 24 4
4 25 0
4 26 [2]
$1,-1
4 27 [2][4]
$3FB6EE3EC745EF37,401E,0,C01E000000000002
$3FB6EE3EC745EF37,0,0,0
4 28 284
4 29 288
4 30 392
4 31 290
4 32 0
4 33 0
3 22 ->
4 23 563
4 24 4
4 25 0
4 26 [2]
$1,-1
4 27 [2][4]
$3FB6EE3EC745EF37,401E,0,C01E000000000002
$3FB6EE3EC745EF37,0,0,0
4 28 283
4 29 287
4 30 391
4 31 289
4 32 0
4 33 0
3 22 ->
4 23 394
4 24 4
4 25 0
4 26 [2]
$1,-1
4 27 [4][4]
$401691B4438D157E,3FE0374F9DFD9B93,3FB6EE3EC745EF3E,401E
$40169C30C303F289,3FD80B1273B7F7A8,3FB0FD3A0CFC9573,401E
$4016A5C4491309BD,3FC80E764E54C895,3FA0FD3A0CFC9571,401E
$4016A8F5C28F5C25,BCA2AEF35C54BECC,0,401E
4 28 352
4 29 284
4 30 396
4 31 564
4 32 0
4 33 0
3 22 ->
4 23 393
4 24 4
4 25 0
4 26 [2]
$1,-1
4 27 [4][4]
$401691B4438D157E,3FE0374F9DFD9B93,3FB6EE3EC745EF3E,401E
$40169C30C303F289,3FD80B1273B7F7A8,3FB0FD3A0CFC9573,401E
$4016A5C4491309BD,3FC80E764E54C895,3FA0FD3A0CFC9571,401E
$4016A8F5C28F5C25,BCA2AEF35C54BECC,0,401E
4 28 351
4 29 283
4 30 395
4 31 563
4 32 0
4 33 0
3 22 ->
4 23 290
4 24 4
4 25 0
4 26 [2]
$1,-1
4 27 [2][4]
$4017DE919A9DD5A,3FE40088926FDEE5,BFD623A2477BE837,C01E000000000002
$401691B4438D157D,3FE0374F9DFD9B8D,0,C01E000000000002
4 28 352
4 29 288
4 30 394
4 31 478
4 32 0
4 33 0
3 22 ->
4 23 289
4 24 4
4 25 0
4 26 [2]
$1,-1
4 27 [2][4]
$4017DE919A9DD5A,3FE40088926FDEE5,BFD623A2477BE837,C01E000000000002
$401691B4438D157D,3FE0374F9DFD9B8D,0,C01E000000000002
4 28 351
4 29 287
4 30 393
4 31 477
4 32 0
4 33 0
3 22 ->
4 23 480
4 24 4
4 25 0
4 26 [2]
$1,-1
4 27 [2][4]
$BFFBA7C4E9E6AFC6,C01E000000000002,40143EEE03E19627,401E
$BFFBA7C4E9E6AFC6,0,40143EEE03E19627,8
4 28 288
4 29 292
4 30 562
4 31 294
4 32 0
4 33 0
3 22 ->
4 23 479
4 24 4
4 25 0
4 26 [2]
$1,-1
4 27 [2][4]
$BFFBA7C4E9E6AFC6,C01E000000000002,40143EEE03E19627,401E
$BFFBA7C4E9E6AFC6,0,40143EEE03E19627,8
4 28 287
4 29 291
4 30 561
4 31 293
4 32 0
4 33 0
3 22 ->
4 23 482
4 24 4
4 25 0
4 26 [2]
$1,-1
4 27 [2][4]
$4015CCFC25FA98E4,401E,4015CCFC25FA98E4,401E
$4015CCFC25FA98E4,8,4015CCFC25FA98E4,8
4 28 292
4 29 296
4 30 560
4 31 298
4 32 0
4 33 0
3 22 ->
4 23 481
4 24 4
4 25 0
4 26 [2]
$1,-1
4 27 [2][4]
$4015CCFC25FA98E4,401E,4015CCFC25FA98E4,401E
$4015CCFC25FA98E4,8,4015CCFC25FA98E4,8
4 28 291
4 29 295
4 30 559
4 31 297
4 32 0
4 33 0
3 22 ->
4 23 474
4 24 4
4 25 0
4 26 [2]
$1,-1
4 27 [2][4]
$3FEAA7F9724CA256,401E,3FEAA7F9724CA256,401E
$3FEAA7F9724CA256,0,3FEAA7F9724CA256,0
4 28 300
4 29 304
4 30 568
4 31 306
4 32 0
4 33 0
3 22 ->
4 23 473
4 24 4
4 25 0
4 26 [2]
$1,-1
4 27 [2][4]
$3FEAA7F9724CA256,401E,3FEAA7F9724CA256,401E
$3FEAA7F9724CA256,0,3FEAA7F9724CA256,0
4 28 299
4 29 303
4 30 567
4 31 305
4 32 0
4 33 0
3 22 ->
4 23 476
4 24 4
4 25 0
4 26 [2]
$1,-1
4 27 [2][4]
$3FF38C35418A5C23,401E,3FFBA7C4E9E6AFC7,C01E
$3FF38C35418A5C23,0,3FFBA7C4E9E6AFC7,0
4 28 304
4 29 308
4 30 566
4 31 310
4 32 0
4 33 0
3 22 ->
4 23 475
4 24 4
4 25 0
4 26 [2]
$1,-1
4 27 [2][4]
$3FF38C35418A5C23,401E,3FFBA7C4E9E6AFC7,C01E
$3FF38C35418A5C23,0,3FFBA7C4E9E6AFC7,0
4 28 303
4 29 307
4 30 565
4 31 309
4 32 0
4 33 0
3 22 ->
4 23 398
4 24 4
4 25 0
4 26 [2]
$1,-1
4 27 [2][4]
$3FD623A2477BE7F8,C01E,4017DE919A9DD5AF,BFE40088926FDA77
$3CD11652EC1607AD,C01E,401691B4438D158E,BFE0374F9DFD9768
4 28 308
4 29 352
4 30 390
4 31 366
4 32 0
4 33 0
3 22 ->
4 23 397
4 24 4
4 25 0
4 26 [2]
$1,-1
4 27 [2][4]
$3FD623A2477BE7F8,C01E,4017DE919A9DD5AF,BFE40088926FDA77
$3CD11652EC1607AD,C01E,401691B4438D158E,BFE0374F9DFD9768
4 28 307
4 29 351
4 30 389
4 31 365
4 32 0
4 33 0
3 22 ->
4 23 314
4 24 4
4 25 0
4 26 [2]
$1,-1
4 27 [7][4]
$400D0D0D72FE64C9,401164619D6EBF1F,3FEBFFC32D2CEB0F,401E
$400E134E546FEE3C,4010F3816E8F5236,3FEB0B6BCF027A06,401E
$400F2F00657BB1F6,40107166B5432C7B,3FE9FB982E32B0AF,401E
$401020F4432E36D3,400FD55334269F79,3FE8EBC48D62E757,401E
$4010A5DC9E177AF8,400EBEE02D26597A,3FE7DBF0EC931E,401E
$40112613CE033801,400D9FC2D002A88B,3FE6CC1D4BC354A9,401E
$401164619D6EBEBB,400D0D0D72FE65B9,3FE644337B5B6FFE,401E
4 28 362
4 29 312
4 30 492
4 31 550
4 32 0
4 33 0
3 22 ->
4 23 313
4 24 4
4 25 0
4 26 [2]
$1,-1
4 27 [7][4]
$400D0D0D72FE64C9,401164619D6EBF1F,3FEBFFC32D2CEB0F,401E
$400E134E546FEE3C,4010F3816E8F5236,3FEB0B6BCF027A06,401E
$400F2F00657BB1F6,40107166B5432C7B,3FE9FB982E32B0AF,401E
$401020F4432E36D3,400FD55334269F79,3FE8EBC48D62E757,401E
$4010A5DC9E177AF8,400EBEE02D26597A,3FE7DBF0EC931E,401E
$40112613CE033801,400D9FC2D002A88B,3FE6CC1D4BC354A9,401E
$401164619D6EBEBB,400D0D0D72FE65B9,3FE644337B5B6FFE,401E
4 28 361
4 29 311
4 30 491
4 31 549
4 32 0
4 33 0
3 22 ->
4 23 554
4 24 4
4 25 0
4 26 [2]
$1,-1
4 27 [2][4]
$0,C01E,3FE644337B5B6FFE,401E
$0,0,3FE644337B5B6FFE,0
4 28 336
4 29 312
4 30 556
4 31 314
4 32 0
4 33 0
3 22 ->
4 23 553
4 24 4
4 25 0
4 26 [2]
$1,-1
4 27 [2][4]
$0,C01E,3FE644337B5B6FFE,401E
$0,0,3FE644337B5B6FFE,0
4 28 335
4 29 311
4 30 555
4 31 313
4 32 0
4 33 0
3 22 ->
4 23 550
4 24 4
4 25 0
4 26 [2]
$1,-1
4 27 [2][4]
$3FEBFFC32D2CEB0F,401E,0,C01E
$3FEBFFC32D2CEB0F,0,0,0
4 28 312
4 29 316
4 30 552
4 31 318
4 32 0
4 33 0
3 22 ->
4 23 549
4 24 4
4 25 0
4 26 [2]
$1,-1
4 27 [2][4]
$3FEBFFC32D2CEB0F,401E,0,C01E
$3FEBFFC32D2CEB0F,0,0,0
4 28 311
4 29 315
4 30 551
4 31 317
4 32 0
4 33 0
3 22 ->
4 23 318
4 24 4
4 25 0
4 26 [2]
$1,-1
4 27 [2][4]
$400E38754EDA8D4F,4012A56B8BFC7054,BFD623A2477BE825,C01E
$400D0D0D72FE64C8,401164619D6EBF1E,0,C01E
4 28 362
4 29 316
4 30 314
4 31 494
4 32 0
4 33 0
3 22 ->
4 23 317
4 24 4
4 25 0
4 26 [2]
$1,-1
4 27 [2][4]
$400E38754EDA8D4F,4012A56B8BFC7054,BFD623A2477BE825,C01E
$400D0D0D72FE64C8,401164619D6EBF1E,0,C01E
4 28 361
4 29 315
4 30 313
4 31 493
4 32 0
4 33 0
3 22 ->
4 23 496
4 24 4
4 25 0
4 26 [2]
$1,-1
4 27 [2][4]
$BFFBA7C4E9E6AFC2,C01E,4017632D6E6A1BCC,401E
$BFFBA7C4E9E6AFC2,0,4017632D6E6A1BCC,8
4 28 316
4 29 320
4 30 548
4 31 322
4 32 0
4 33 0
3 22 ->
4 23 495
4 24 4
4 25 0
4 26 [2]
$1,-1
4 27 [2][4]
$BFFBA7C4E9E6AFC2,C01E,4017632D6E6A1BCC,401E
$BFFBA7C4E9E6AFC2,0,4017632D6E6A1BCC,8
4 28 315
4 29 319
4 30 547
4 31 321
4 32 0
4 33 0
3 22 ->
4 23 488
4 24 4
4 25 0
4 26 [2]
$1,-1
4 27 [2][4]
$3FF9E4FA634867BE,401E,3FF9E4FA634867BE,401E
$3FF9E4FA634867BE,0,3FF9E4FA634867BE,0
4 28 328
4 29 332
4 30 546
4 31 334
4 32 0
4 33 0
3 22 ->
4 23 487
4 24 4
4 25 0
4 26 [2]
$1,-1
4 27 [2][4]
$3FF9E4FA634867BE,401E,3FF9E4FA634867BE,401E
$3FF9E4FA634867BE,0,3FF9E4FA634867BE,0
4 28 327
4 29 331
4 30 545
4 31 333
4 32 0
4 33 0
3 22 ->
4 23 490
4 24 4
4 25 0
4 26 [2]
$1,-1
4 27 [2][4]
$40000E9975D6395C,401E,3FFBA7C4E9E6AFC3,C01E
$40000E9975D6395C,0,3FFBA7C4E9E6AFC3,0
4 28 332
4 29 336
4 30 558
4 31 338
4 32 0
4 33 0
3 22 ->
4 23 489
4 24 4
4 25 0
4 26 [2]
$1,-1
4 27 [2][4]
$40000E9975D6395C,401E,3FFBA7C4E9E6AFC3,C01E
$40000E9975D6395C,0,3FFBA7C4E9E6AFC3,0
4 28 331
4 29 335
4 30 557
4 31 337
4 32 0
4 33 0
3 22 ->
4 23 492
4 24 4
4 25 0
4 26 [2]
$1,-1
4 27 [2][4]
$401164619D6EBEBD,400D0D0D72FE65BC,0,C01E
$4012A56B8BFC6FEC,400E38754EDA8E5,3FD623A2477BE7F,C01E
4 28 362
4 29 336
4 30 370
4 31 554
4 32 0
4 33 0
3 22 ->
4 23 491
4 24 4
4 25 0
4 26 [2]
$1,-1
4 27 [2][4]
$401164619D6EBEBD,400D0D0D72FE65BC,0,C01E
$4012A56B8BFC6FEC,400E38754EDA8E5,3FD623A2477BE7F,C01E
4 28 361
4 29 335
4 30 369
4 31 553
4 32 0
4 33 0
3 22 ->
4 23 378
4 24 4
4 25 0
4 26 [2]
$1,-1
4 27 [5][4]
$4018B71C2D2025B1,4034,C017DE919A9DD5A4,BFE40088926FDD41
$4018CF70FF4E115A,4034,C017EC0D15363F5B,BFDEEB4BEED71DB8
$4018F075214A1C73,4034,C017F8D0DF624B08,BFD29078B2841F92
$401911794346278C,4034,C017FF339DFA55B5,BFB8C2D33262079F
$401921FB54442D18,4034,C018000000000001,3CCA79394C9E8A0C
4 28 354
4 29 344
4 30 364
4 31 178
4 32 0
4 33 0
3 22 ->
4 23 377
4 24 4
4 25 0
4 26 [2]
$1,-1
4 27 [5][4]
$4018B71C2D2025B1,4034,C017DE919A9DD5A4,BFE40088926FDD41
$4018CF70FF4E115A,4034,C017EC0D15363F5B,BFDEEB4BEED71DB8
$4018F075214A1C73,4034,C017F8D0DF624B08,BFD29078B2841F92
$401911794346278C,4034,C017FF339DFA55B5,BFB8C2D33262079F
$401921FB54442D18,4034,C018000000000001,3CCA79394C9E8A0C
4 28 353
4 29 343
4 30 363
4 31 177
4 32 0
4 33 0
3 22 ->
4 23 428
4 24 4
4 25 0
4 26 [2]
$1,-1
4 27 [8][4]
$401592DCC297A00B,4034,C00E38754EDA8D96,C012A56B8BFC7037
$4015B30455F571CB,4034,C00F60600AD7A82B,C012299EEAC067DE
$4015D40877F17CE4,4034,C01043FD2476125,C011A5BC41D6CC85
$4015F50C99ED87FC,4034,C010D376333AB1AB,C0111D27664E490F
$40161610BBE99315,4034,C0115E7503E4829,C0109004B08514A8
$40163714DDE59E2E,4034,C011E4D499A40E0C,C00FFCF35E2E076
$40165818FFE1A947,4034,C012667132874B8A,C00ED15A39BE0B95
$4016689B10DFAED3,4034,C012A56B8BFC700B,C00E38754EDA8E04
4 28 354
4 29 346
4 30 50
4 31 206
4 32 0
4 33 0
3 22 ->
4 23 427
4 24 4
4 25 0
4 26 [2]
$1,-1
4 27 [8][4]
$401592DCC297A00B,4034,C00E38754EDA8D96,C012A56B8BFC7037
$4015B30455F571CB,4034,C00F60600AD7A82B,C012299EEAC067DE
$4015D40877F17CE4,4034,C01043FD2476125,C011A5BC41D6CC85
$4015F50C99ED87FC,4034,C010D376333AB1AB,C0111D27664E490F
$40161610BBE99315,4034,C0115E7503E4829,C0109004B08514A8
$40163714DDE59E2E,4034,C011E4D499A40E0C,C00FFCF35E2E076
$40165818FFE1A947,4034,C012667132874B8A,C00ED15A39BE0B95
$4016689B10DFAED3,4034,C012A56B8BFC700B,C00E38754EDA8E04
4 28 353
4 29 345
4 30 49
4 31 205
4 32 0
4 33 0
3 22 ->
4 23 446
4 24 4
4 25 0
4 26 [2]
$1,-1
4 27 [8][4]
$40126E9D580F1A6E,4034,3FE40088926FDCAD,C017DE919A9DD5A7
$40128EC4EB6CEC2E,4034,3FDBFE7A7A540B52,C017EFA6DFA9E38E
$4012AFC90D68F747,4034,3FCF445EDA42884B,C017FAE7F3F79898
$4012D0CD2F65026,4034,3FAA0DDAF1E7F51A,C017FFC76E4DE812
$4012F1D151610D78,4034,BFC23F2D1A49EB4F,C017FE4402B6A07F
$401312D5735D1891,4034,BFD57E7AF4C6E216,C017F65E184A119F
$401333D9955923AA,4034,BFE0EBD38EE75113,C017E817C9139D53
$4013445BA6572936,4034,BFE40088926FDCC2,C017DE919A9DD5A7
4 28 354
4 29 348
4 30 54
4 31 234
4 32 0
4 33 0
3 22 ->
4 23 445
4 24 4
4 25 0
4 26 [2]
$1,-1
4 27 [8][4]
$40126E9D580F1A6E,4034,3FE40088926FDCAD,C017DE919A9DD5A7
$40128EC4EB6CEC2E,4034,3FDBFE7A7A540B52,C017EFA6DFA9E38E
$4012AFC90D68F747,4034,3FCF445EDA42884B,C017FAE7F3F79898
$4012D0CD2F65026,4034,3FAA0DDAF1E7F51A,C017FFC76E4DE812
$4012F1D151610D78,4034,BFC23F2D1A49EB4F,C017FE4402B6A07F
$401312D5735D1891,4034,BFD57E7AF4C6E216,C017F65E184A119F
$401333D9955923AA,4034,BFE0EBD38EE75113,C017E817C9139D53
$4013445BA6572936,4034,BFE40088926FDCC2,C017DE919A9DD5A7
4 28 353
4 29 347
4 30 53
4 31 233
4 32 0
4 33 0
3 22 ->
4 23 462
4 24 4
4 25 0
4 26 [2]
$1,-1
4 27 [8][4]
$400E94BBDB0D2982,4034,4012A56B8BFC7045,C00E38754EDA8D73
$400ED50B01C8CD02,4034,4012299EEAC067ED,C00F60600AD7A806
$400F171345C0E333,4034,4011A5BC41D6CC96,C01043FD2476123E
$400F591B89B8F964,4034,40111D27664E4921,C010D376333AB199
$400F9B23CDB10F96,4034,40109004B08514BA,C0115E7503E4827F
$400FDD2C11A925C8,4034,400FFCF35E2E0785,C011E4D499A40DFC
$40100F9A2AD09DFC,4034,400ED15A39BE0BB9,C012667132874B7B
$4010201C3BCEA389,4034,400E38754EDA8E27,C012A56B8BFC6FFB
4 28 354
4 29 350
4 30 58
4 31 262
4 32 0
4 33 0
3 22 ->
4 23 461
4 24 4
4 25 0
4 26 [2]
$1,-1
4 27 [8][4]
$400E94BBDB0D2982,4034,4012A56B8BFC7045,C00E38754EDA8D73
$400ED50B01C8CD02,4034,4012299EEAC067ED,C00F60600AD7A806
$400F171345C0E333,4034,4011A5BC41D6CC96,C01043FD2476123E
$400F591B89B8F964,4034,40111D27664E4921,C010D376333AB199
$400F9B23CDB10F96,4034,40109004B08514BA,C0115E7503E4827F
$400FDD2C11A925C8,4034,400FFCF35E2E0785,C011E4D499A40DFC
$40100F9A2AD09DFC,4034,400ED15A39BE0BB9,C012667132874B7B
$4010201C3BCEA389,4034,400E38754EDA8E27,C012A56B8BFC6FFB
4 28 353
4 29 349
4 30 57
4 31 261
4 32 0
4 33 0
3 22 ->
4 23 366
4 24 4
4 25 0
4 26 [2]
$1,-1
4 27 [5][4]
$400921FB54442D18,4034,4018000000000001,0
$400952A4F8A0044D,4034,4017FE4402B6A081,BFC23F2D1A49E25C
$400994AD3C981A7E,4034,4017F65E184A11A3,BFD57E7AF4C6DD9E
$4009D6B5809030AF,4034,4017E817C9139D5A,BFE0EBD38EE74ED7
$4009F7B9A28C3BC8,4034,4017DE919A9DD5AD,BFE40088926FDA88
4 28 354
4 29 352
4 30 62
4 31 368
4 32 0
4 33 0
3 22 ->
4 23 365
4 24 4
4 25 0
4 26 [2]
$1,-1
4 27 [5][4]
$400921FB54442D18,4034,4018000000000001,0
$400952A4F8A0044D,4034,4017FE4402B6A081,BFC23F2D1A49E25C
$400994AD3C981A7E,4034,4017F65E184A11A3,BFD57E7AF4C6DD9E
$4009D6B5809030AF,4034,4017E817C9139D5A,BFE0EBD38EE74ED7
$4009F7B9A28C3BC8,4034,4017DE919A9DD5AD,BFE40088926FDA88
4 28 353
4 29 351
4 30 61
4 31 367
4 32 0
4 33 0
3 22 ->
4 23 360
4 24 4
4 25 0
4 26 [2]
$1,-1
4 27 [99][4]
$4018000000000001,0,400921FB54442D18,0
$4017FD326A65C909,BFC7323CBDFB96A9,40095FD90983FC89,0
$4017F405DFEE0E05,BFD7F7215D9CDBE,4009A1E14D7C12BA,0
$4017E4799065597F,BFE22761E1BDC6FD,4009E3E9917428EC,0
$4017CE919EFB3259,BFE84E5E62169019,400A25F1D56C3F1D,0
$4017B253DFFEA85,BFEE6EE312BA3716,400A67FA1964554F,0
$40178FC7D7513721,BFF243A74794ABD4,400AAA025D5C6B8,0
$401766F6B666D19E,BFF54B00CD4AED15,400AEC0AA15481B2,0
$401737EB59D39CE8,BFF84CAFC73121AD,400B2E12E54C97E3,0
$401702B246680283,BFFB47E763F866C2,400B701B2944AE15,0
$4016C759A5DBDE18,BFFE3BDC8AD28958,400BB2236D3CC446,0
$401685F14309A9F3,C00093E308BED17C,400BF42BB134DA78,0
$40163E8A85BAAAD6,C002056E78E60E0C,400C3633F52CF0A9,0
$4015F1386E05398A,C003722E3F4D6ACF,400C783C392506DB,0
$40159E0F8F3E65A9,C004D9C14C13B0C6,400CBA447D1D1D0C,0
$401545260A804A08,C0063BC7EFDC2EC4,400CFC4CC115333E,0
$4014E69388C687D5,C00797E3F5451802,400D3E55050D496F,0
$4014827134A27974,C008EDB8B9F94D8F,400D805D49055FA1,0
$401418D9B388CA25,C00A3CEB4756E6A6,400DC2658CFD75D2,0
$4013A9E91EBA3A93,C00B85226AA3E8C7,400E046DD0F58C04,0
$401335BCFBC9755E,C00CC606CCCABE82,400E467614EDA235,0
$4012BC7434BFF104,C00DFF4309981BF8,400E887E58E5B866,0
$40123E2F0FE3F646,C00F3083C67421D2,400ECA869CDDCE98,0
$4011BB0F2721FB8D,C0102CBBE448595,400F0C8EE0D5E4C9,0
$401133375F1B9E4A,C010BCE8054389D9,400F4E9724CDFAFB,0
$4010A6CBDDDE9B74,C011489FE8AF8C5D,400F909F68C6112D,0
$401015F201463FBB,C011CFBE607D20F3,400FD2A7ACBE275E,0
$400F01A0AA13BD66,C012521F77EEAEAC,40100A57F85B1EC8,0
$400DCF1D10F5ECC3,C012CFA07D29B408,40102B5C1A5729E,0
$400C94AAC7EB73C2,C01348200A724B47,40104C603C5334FA,0
$400B529D7C0DA528,C013BB7E0F0E4DB8,40106D645E4F4012,0
$400A094AE0927652,C014299BD7CDB88F,40108E68804B4B2B,0
$4008B90A97FE55D7,C014925C17360DEA,4010AF6CA2475644,0
$400762361CD23443,C014F5A2ED4E859E,4010D070C443615C,0
$40060528A9BBF39D,C0155355EF0AFA7E,4010F174E63F6C75,0
$4004A23F214F93C2,C015AB5C2D539ACC,40111279083B778E,0
$400339D7F54F9169,C015FD9E3BA77D0A,4011337D2A3782A7,0
$4001CC530D8B0B9B,C0164A06365854FF,401154814C338DC,0
$40005A11AE585FBE,C016907FC85DA071,401175856E2F98D8,0
$3FFDC6ECBD660D89,C016D0F830BDBEB,40119689902BA3F1,0
$3FFAD1C99C072D74,C0170B5E478B8269,4011B78DB227AF0A,0
$3FF7D5837331C5A5,C0173FA28276E9C2,4011D891D423BA22,0
$3FF4D2E5A3B29221,C0176DB6F8EFC5C5,4011F995F61FC53B,0
$3FF1CABD3E669F72,C017958F67D93756,40121A9A181BD054,0
$3FED7BB19B5317EF,C017B72134CD05A9,40123B9E3A17DB6C,0
$3FE75A103CBEAA2E,C017D26370EDEFD,40125CA25C13E685,0
$3FE132381150A0EA,C017E74EDB483946,40127DA67E0FF19E,0
$3FD60B98E1382103,C017F5DDE2BFCF79,40129EAAA00BFCB7,0
$3FC359C7A7BE2388,C017FE0CA78B84CD,4012BFAEC20807D,0
$BFA5A322B94CC254,C017FFD8FC3CFC46,4012E0B2E40412E8,0
$BFCE29E88478E39C,C017FB426654FF7F,401301B706001E01,0
$BFDB7180C0BBC01C,C017F04A1E641793,401322BB27FC291A,0
$BFE3E35FDBB89ACF,C017DEF30FB76033,401343BF49F83432,0
$BFEA08B47E527681,C017C741D791AB15,401364C36BF43F4B,0
$BFF0138DCDEC0066,C017A93CC3F128B1,401385C78DF04A64,0
$BFF31E7A2FF3D19,C01784EBD1E1E9DD,4013A6CBAFEC557D,0
$BFF624501E7EB3EE,C0175A58AB5DACA2,4013C7CFD1E86095,0
$BFF92441AD61D256,C017298EA4B98515,4013E8D3F3E46BAE,0
$BFFC1D8281D597A3,C016F29AB9A2116B,401409D815E076C7,0
$BFFF0F4808D6F93E,C016B58B89A7069A,40142ADC37DC81E,0
$C000FC64D687BCA6,C0167271545700F8,40144BE059D88CF8,0
$C0026CA0861AC423,C016295DF4ECA1D7,40146CE47BD49811,0
$C003D7F515EB88D4,C015DA64DD8E20C1,40148DE89DD0A32A,0
$C0053E01D6C013CB,C015859B122093F7,4014AEECBFCCAE43,0
$C0069E678117F66,C0152B1722B050C6,4014CFF0E1C8B95C,0
$C007F8C84E870574,C014CAF1256FE094,4014F0F503C4C474,0
$C0094CC812A99BF8,C0146542B04F23C1,401511F925C0CF8D,0
$C00A9A0C53ABC092,C013FA26D22C56ED,401532FD47BCDAA6,0
$C00BE03C625CA7AD,C01389BA0BA0CA84,4015540169B8E5BE,0
$C00D1F0171C82993,C013141A476B3704,401575058BB4F0D7,0
$C00E5606AE4FE50D,C0129966D279B2BB,40159609ADB0FBF,0
$C00F84F9543DE8FB,C01219C053956747,4015B70DCFAD0709,0
$C01055C462E5718D,C0119548C2B23E4E,4015D811F1A91221,0
$C010E4B35048FBD9,C0110C235FE4D54D,4015F91613A51D3A,0
$C0116F2369364657,C0107E74AA01204B,40161A1A35A12853,0
$C011F4EFD6D83D99,C00FD8C4A9C874E4,40163B1E579D336C,0
$C01275F4FE65A258,C00EAC267ED7F44F,40165C2279993E84,0
$C012F2108A9A89ED,C00D775ED23DE83B,40167D269B95499C,0
$C013692174DB3F3C,C00C3ABFCF0F5BF8,40169E2ABD9154B5,0
$C013DB080DFE15BC,C00AF69DB68BAB8E,4016BF2EDF8D5FCE,0
$C01447A606B9D7E1,C009AB4EC9B0CD64,4016E03301896AE7,0
$C014AEDE77B6929,C008592B32476E46,40170137238576,0
$C0151095E93E981C,C007008CEB6CFB6,4017223B45818119,0
$C0156CB25A8DAEEA,C005A1CFA9A1D84D,4017433F677D8C31,0
$C015C31B48BC79B2,C0043D50C262208E,401764438979974A,0
$C01613B9B5464215,C002D36F134F72BC,40178547AB75A263,0
$C0165E782C27691A,C001648AE8F2617,4017A64BCD71AD7B,0
$C016A342C992DCD,BFFFE20BCA34834E,4017C74FEF6DB894,0
$C016E2073F3D0E1E,BFFCF285C9C45086,4017E8541169C3AD,0
$C0171AB4D93AFE35,BFF9FB4BCCC40139,401809583365CEC6,0
$C0174D3C827417CE,BFF6FD27DC257894,40182A5C5561D9DE,0
$C0177990C8A5A56B,BFF3F8E5D7D961AD,40184B60775DE4F7,0
$C0179FA5DFF6D327,BFF0EF53408E9527,40186C649959F01,0
$C017BF71A61C4862,BFEBC27E02053212,40188D68BB55FB29,0
$C017D8EBA50A8368,BFE59EF26DE3901C,4018AE6CDD520642,0
$C017EC0D15363F5B,BFDEEB4BEED71DB8,4018CF70FF4E115A,0
$C017F8D0DF624B08,BFD29078B2841F92,4018F075214A1C73,0
$C017FF339DFA55B5,BFB8C2D33262079F,401911794346278C,0
$C018000000000001,3CCA79394C9E8A0C,401921FB54442D18,0
4 28 358
4 29 354
4 30 34
4 31 356
4 32 0
4 33 0
3 22 ->
4 23 359
4 24 4
4 25 0
4 26 [2]
$1,-1
4 27 [99][4]
$4018000000000001,0,400921FB54442D18,0
$4017FD326A65C909,BFC7323CBDFB96A9,40095FD90983FC89,0
$4017F405DFEE0E05,BFD7F7215D9CDBE,4009A1E14D7C12BA,0
$4017E4799065597F,BFE22761E1BDC6FD,4009E3E9917428EC,0
$4017CE919EFB3259,BFE84E5E62169019,400A25F1D56C3F1D,0
$4017B253DFFEA85,BFEE6EE312BA3716,400A67FA1964554F,0
$40178FC7D7513721,BFF243A74794ABD4,400AAA025D5C6B8,0
$401766F6B666D19E,BFF54B00CD4AED15,400AEC0AA15481B2,0
$401737EB59D39CE8,BFF84CAFC73121AD,400B2E12E54C97E3,0
$401702B246680283,BFFB47E763F866C2,400B701B2944AE15,0
$4016C759A5DBDE18,BFFE3BDC8AD28958,400BB2236D3CC446,0
$401685F14309A9F3,C00093E308BED17C,400BF42BB134DA78,0
$40163E8A85BAAAD6,C002056E78E60E0C,400C3633F52CF0A9,0
$4015F1386E05398A,C003722E3F4D6ACF,400C783C392506DB,0
$40159E0F8F3E65A9,C004D9C14C13B0C6,400CBA447D1D1D0C,0
$401545260A804A08,C0063BC7EFDC2EC4,400CFC4CC115333E,0
$4014E69388C687D5,C00797E3F5451802,400D3E55050D496F,0
$4014827134A27974,C008EDB8B9F94D8F,400D805D49055FA1,0
$401418D9B388CA25,C00A3CEB4756E6A6,400DC2658CFD75D2,0
$4013A9E91EBA3A93,C00B85226AA3E8C7,400E046DD0F58C04,0
$401335BCFBC9755E,C00CC606CCCABE82,400E467614EDA235,0
$4012BC7434BFF104,C00DFF4309981BF8,400E887E58E5B866,0
$40123E2F0FE3F646,C00F3083C67421D2,400ECA869CDDCE98,0
$4011BB0F2721FB8D,C0102CBBE448595,400F0C8EE0D5E4C9,0
$401133375F1B9E4A,C010BCE8054389D9,400F4E9724CDFAFB,0
$4010A6CBDDDE9B74,C011489FE8AF8C5D,400F909F68C6112D,0
$401015F201463FBB,C011CFBE607D20F3,400FD2A7ACBE275E,0
$400F01A0AA13BD66,C012521F77EEAEAC,40100A57F85B1EC8,0
$400DCF1D10F5ECC3,C012CFA07D29B408,40102B5C1A5729E,0
$400C94AAC7EB73C2,C01348200A724B47,40104C603C5334FA,0
$400B529D7C0DA528,C013BB7E0F0E4DB8,40106D645E4F4012,0
$400A094AE0927652,C014299BD7CDB88F,40108E68804B4B2B,0
$4008B90A97FE55D7,C014925C17360DEA,4010AF6CA2475644,0
$400762361CD23443,C014F5A2ED4E859E,4010D070C443615C,0
$40060528A9BBF39D,C0155355EF0AFA7E,4010F174E63F6C75,0
$4004A23F214F93C2,C015AB5C2D539ACC,40111279083B778E,0
$400339D7F54F9169,C015FD9E3BA77D0A,4011337D2A3782A7,0
$4001CC530D8B0B9B,C0164A06365854FF,401154814C338DC,0
$40005A11AE585FBE,C016907FC85DA071,401175856E2F98D8,0
$3FFDC6ECBD660D89,C016D0F830BDBEB,40119689902BA3F1,0
$3FFAD1C99C072D74,C0170B5E478B8269,4011B78DB227AF0A,0
$3FF7D5837331C5A5,C0173FA28276E9C2,4011D891D423BA22,0
$3FF4D2E5A3B29221,C0176DB6F8EFC5C5,4011F995F61FC53B,0
$3FF1CABD3E669F72,C017958F67D93756,40121A9A181BD054,0
$3FED7BB19B5317EF,C017B72134CD05A9,40123B9E3A17DB6C,0
$3FE75A103CBEAA2E,C017D26370EDEFD,40125CA25C13E685,0
$3FE132381150A0EA,C017E74EDB483946,40127DA67E0FF19E,0
$3FD60B98E1382103,C017F5DDE2BFCF79,40129EAAA00BFCB7,0
$3FC359C7A7BE2388,C017FE0CA78B84CD,4012BFAEC20807D,0
$BFA5A322B94CC254,C017FFD8FC3CFC46,4012E0B2E40412E8,0
$BFCE29E88478E39C,C017FB426654FF7F,401301B706001E01,0
$BFDB7180C0BBC01C,C017F04A1E641793,401322BB27FC291A,0
$BFE3E35FDBB89ACF,C017DEF30FB76033,401343BF49F83432,0
$BFEA08B47E527681,C017C741D791AB15,401364C36BF43F4B,0
$BFF0138DCDEC0066,C017A93CC3F128B1,401385C78DF04A64,0
$BFF31E7A2FF3D19,C01784EBD1E1E9DD,4013A6CBAFEC557D,0
$BFF624501E7EB3EE,C0175A58AB5DACA2,4013C7CFD1E86095,0
$BFF92441AD61D256,C017298EA4B98515,4013E8D3F3E46BAE,0
$BFFC1D8281D597A3,C016F29AB9A2116B,401409D815E076C7,0
$BFFF0F4808D6F93E,C016B58B89A7069A,40142ADC37DC81E,0
$C000FC64D687BCA6,C0167271545700F8,40144BE059D88CF8,0
$C0026CA0861AC423,C016295DF4ECA1D7,40146CE47BD49811,0
$C003D7F515EB88D4,C015DA64DD8E20C1,40148DE89DD0A32A,0
$C0053E01D6C013CB,C015859B122093F7,4014AEECBFCCAE43,0
$C0069E678117F66,C0152B1722B050C6,4014CFF0E1C8B95C,0
$C007F8C84E870574,C014CAF1256FE094,4014F0F503C4C474,0
$C0094CC812A99BF8,C0146542B04F23C1,401511F925C0CF8D,0
$C00A9A0C53ABC092,C013FA26D22C56ED,401532FD47BCDAA6,0
$C00BE03C625CA7AD,C01389BA0BA0CA84,4015540169B8E5BE,0
$C00D1F0171C82993,C013141A476B3704,401575058BB4F0D7,0
$C00E5606AE4FE50D,C0129966D279B2BB,40159609ADB0FBF,0
$C00F84F9543DE8FB,C01219C053956747,4015B70DCFAD0709,0
$C01055C462E5718D,C0119548C2B23E4E,4015D811F1A91221,0
$C010E4B35048FBD9,C0110C235FE4D54D,4015F91613A51D3A,0
$C0116F2369364657,C0107E74AA01204B,40161A1A35A12853,0
$C011F4EFD6D83D99,C00FD8C4A9C874E4,40163B1E579D336C,0
$C01275F4FE65A258,C00EAC267ED7F44F,40165C2279993E84,0
$C012F2108A9A89ED,C00D775ED23DE83B,40167D269B95499C,0
$C013692174DB3F3C,C00C3ABFCF0F5BF8,40169E2ABD9154B5,0
$C013DB080DFE15BC,C00AF69DB68BAB8E,4016BF2EDF8D5FCE,0
$C01447A606B9D7E1,C009AB4EC9B0CD64,4016E03301896AE7,0
$C014AEDE77B6929,C008592B32476E46,40170137238576,0
$C0151095E93E981C,C007008CEB6CFB6,4017223B45818119,0
$C0156CB25A8DAEEA,C005A1CFA9A1D84D,4017433F677D8C31,0
$C015C31B48BC79B2,C0043D50C262208E,401764438979974A,0
$C01613B9B5464215,C002D36F134F72BC,40178547AB75A263,0
$C0165E782C27691A,C001648AE8F2617,4017A64BCD71AD7B,0
$C016A342C992DCD,BFFFE20BCA34834E,4017C74FEF6DB894,0
$C016E2073F3D0E1E,BFFCF285C9C45086,4017E8541169C3AD,0
$C0171AB4D93AFE35,BFF9FB4BCCC40139,401809583365CEC6,0
$C0174D3C827417CE,BFF6FD27DC257894,40182A5C5561D9DE,0
$C0177990C8A5A56B,BFF3F8E5D7D961AD,40184B60775DE4F7,0
$C0179FA5DFF6D327,BFF0EF53408E9527,40186C649959F01,0
$C017BF71A61C4862,BFEBC27E02053212,40188D68BB55FB29,0
$C017D8EBA50A8368,BFE59EF26DE3901C,4018AE6CDD520642,0
$C017EC0D15363F5B,BFDEEB4BEED71DB8,4018CF70FF4E115A,0
$C017F8D0DF624B08,BFD29078B2841F92,4018F075214A1C73,0
$C017FF339DFA55B5,BFB8C2D33262079F,401911794346278C,0
$C018000000000001,3CCA79394C9E8A0C,401921FB54442D18,0
4 28 357
4 29 353
4 30 33
4 31 355
4 32 0
4 33 0
@qlt_array 34 0
2 34 [1]
3 34 ->
@quilt_id 35 1
4 35 30
@data_type 36 1
4 36 57
@attr 37 1
4 37 1
@feat_id 38 1
4 38 4
@first_geom_ptr 39 1
4 39 31
@used_by_feat_id 40 1
4 40 4
@next_quilt_ptr 41 1
4 41 0
#NovisGeom
@Sld_NonVisGeom 1 0
0 1 ->
@inactive_geom 2 0
1 2 
#ActEntity
@Sld_Entities 1 0
0 1 ->
@act_feat_ents 2 0
1 2 [1]
2 2 
@feat_id 3 1
3 3 2
@datum_id 4 1
3 4 -1
@entity_ptr(coord_sys) 5 0
3 5 ->
@type 6 1
4 6 18
@id 7 1
4 7 3
@gen_info 8 0
4 8 
@color 9 1
5 9 1
@sys_type 10 1
4 10 -1
@pnt_type 11 1
4 11 -1
@radius 12 2
4 12 0
@local_sys 13 2
4 13 [4][3]
$3FF,0,0
$0,3FF,0
$0,0,3FF
$0,0,0
@feat_id 14 1
4 14 2
@entity(text) 15 0
3 15 ->
@text_type 16 1
4 16 34
@text_value 17 10
4 17 EN
@txt_attrib 18 1
4 18 1
@coord 19 2
4 19 [3]
$0,0,0
@owner_id 20 1
4 20 3
@height 21 2
4 21 BFF
@width_factor 22 2
4 22 BFF
@format_info 23 0
4 23 
@thickness 24 2
4 24 BFF
#AllFeatur
@Sld_Features 1 0
0 1 ->
@first_feat_ptr 2 0
1 2 ->
@id 3 1
2 3 2
@indep_attributes 4 1
2 4 4097
@feat_type_ptr 5 0
2 5 ->
@table_id 6 1
3 6 -1
@type 7 1
3 7 979
@feattype_key 8 10
3 8 NULL
@form 9 1
3 9 0
@attributes 10 1
3 10 [3]
$0,0,0
@placement 11 1
3 11 0
@intersection 12 1
3 12 -1
@internal_udf_type 13 1
3 13 -1
@param_choice_ptr 14 0
3 14 ->
@blend_choice 15 1
4 15 0
@depth_choice 16 1
4 16 0
@angle_choice 17 1
4 17 0
@pat_choice 18 1
4 18 -1
@round_choice 19 1
4 19 -1
@subsec_choice 20 1
4 20 -1
@sweep_choice 21 1
4 21 0
@dome_choice 22 1
4 22 0
@draft_choice 23 1
4 23 0
@misc_choice 24 1
4 24 [2]
$384,0
@assoc_type 25 1
3 25 0
@symbol_key 26 1
2 26 -1
@sect_name 27 10
2 27 no_name
@model_type 28 1
2 28 2
@idtab_ptr 29 0
2 29 ->
@misc_id_tab 30 0
3 30 [1]
4 30 
@misc_hist 31 1
5 31 [5]
$3,534,0,-1,500
@save_geoms 32 0
3 32 NULL
@cr_flags_xar 33 1
3 33 NULL
@cvt_feat_dat 34 0
3 34 NULL
@feat_dates_ptr 35 0
3 35 ->
@creat_date 36 1
4 36 200057
@regen_date 37 1
4 37 200057
@group_info_ptr 38 0
2 38 NULL
@intrs_pairs_ptr 39 0
2 39 ->
@place_rec_ptr 40 0
2 40 ->
@local_sys 41 2
3 41 [4][3]
$3FF,0,0
$0,3FF,0
$0,0,3FF
$0,0,0
@own_ref_id 42 1
3 42 -1
@orient 43 1
3 43 0
@trf_arr 44 0
3 44 [1]
4 44 
@type 45 1
5 45 10
@idx 46 1
5 46 0
@transf 47 2
5 47 [4][3]
$3FF,0,0
$0,3FF,0
$0,0,3FF
$0,0,0
@next_prop 48 0
2 48 NULL
@first_geom_id 49 1
2 49 -1
@cond_tbl_idx 50 1
2 50 -1
@comment 51 10
2 51 NULL
@merge_info_ptr 52 0
2 52 NULL
@topology_increment 53 0
2 53 ->
@first_geom 54 1
3 54 0
@first_quilt 55 1
3 55 0
@outline 56 2
3 56 [2][3]
$0,0,0
$0,0,0
@max_part_size 57 2
3 57 0
@xform_increment 58 0
3 58 NULL
@roll_back_id 59 1
3 59 -1
@time_stamp 60 0
3 60 ->
@time 61 1
4 61 985690330
@random_num 62 1
4 62 2051749027
@hostid 63 1
4 63 680431796
@state_ind 64 1
2 64 -1
@alumni_info 65 0
2 65 NULL
@revnum 66 1
2 66 0
@rev_rec 67 0
2 67 ->
@num_plins 68 1
3 68 0
@expl_state_ref 69 0
2 69 NULL
@feat_outl_info 70 0
2 70 ->
@ent_outl 71 2
2 71 [2][3]
$0,0,0
$0,0,0
@next_feat_ptr 72 0
1 72 ->
2 3 4
2 4 2049
2 5 ->
3 6 -1
3 7 932
3 8 NULL
3 9 0
3 10 [3]
$0,0,0
3 11 0
3 12 991
3 13 -1
3 14 ->
4 15 0
4 16 0
4 17 0
4 18 -1
4 19 -1
4 20 -1
4 21 0
4 22 0
4 23 0
4 24 [2]
$4136,0
3 25 0
2 26 -1
2 27 no_name
2 28 2
2 29 ->
@srf_id_arr 73 1
3 73 [174][4]
$32,212,33,0
$36,212,37,0
$40,212,41,0
$44,212,45,0
$48,212,49,0
$52,212,53,0
$56,212,57,0
$60,212,61,0
$64,212,65,0
$68,212,69,0
$72,212,73,0
$76,212,77,0
$80,212,81,0
$84,212,85,0
$88,212,89,0
$92,212,93,0
$96,212,97,0
$100,212,101,0
$104,212,105,0
$108,212,109,0
$112,212,113,0
$116,212,117,0
$120,212,121,0
$124,212,125,0
$128,212,129,0
$132,212,133,0
$136,212,137,0
$140,212,141,0
$144,212,145,0
$148,212,149,0
$152,212,153,0
$156,212,157,0
$160,212,161,0
$164,212,165,0
$168,212,169,0
$172,212,173,0
$176,212,177,0
$180,212,181,0
$184,212,185,0
$188,212,189,0
$192,212,193,0
$196,212,197,0
$200,212,201,0
$204,212,205,0
$208,212,209,0
$212,212,213,0
$216,212,217,0
$220,212,221,0
$224,212,225,0
$228,212,229,0
$232,212,233,0
$236,212,237,0
$240,212,241,0
$244,212,245,0
$248,212,249,0
$252,212,253,0
$256,212,257,0
$260,212,261,0
$264,212,265,0
$268,212,269,0
$272,212,273,0
$276,212,277,0
$280,212,281,0
$284,212,285,0
$288,212,289,0
$292,212,293,0
$296,212,297,0
$300,212,301,0
$304,212,305,0
$308,212,309,0
$312,212,313,0
$316,212,317,0
$320,212,321,0
$324,212,325,0
$328,212,329,0
$332,212,333,0
$336,212,337,0
$340,212,121,0
$342,212,149,0
$344,212,177,0
$346,212,205,0
$348,212,233,0
$350,212,261,0
$352,212,289,0
$354,212,355,0
$358,212,359,0
$362,212,317,0
$31,214,32,0
$35,214,36,0
$39,214,40,0
$43,214,44,0
$47,214,48,0
$51,214,52,0
$55,214,56,0
$59,214,60,0
$63,214,64,0
$67,214,68,0
$71,214,72,0
$75,214,76,0
$79,214,80,0
$83,214,84,0
$87,214,88,0
$91,214,92,0
$95,214,96,0
$99,214,100,0
$103,214,104,0
$107,214,108,0
$111,214,112,0
$115,214,116,0
$119,214,120,0
$123,214,124,0
$127,214,128,0
$131,214,132,0
$135,214,136,0
$139,214,140,0
$143,214,144,0
$147,214,148,0
$151,214,152,0
$155,214,156,0
$159,214,160,0
$163,214,164,0
$167,214,168,0
$171,214,172,0
$175,214,176,0
$179,214,180,0
$183,214,184,0
$187,214,188,0
$191,214,192,0
$195,214,196,0
$199,214,200,0
$203,214,204,0
$207,214,208,0
$211,214,212,0
$215,214,216,0
$219,214,220,0
$223,214,224,0
$227,214,228,0
$231,214,232,0
$235,214,236,0
$239,214,240,0
$243,214,244,0
$247,214,248,0
$251,214,252,0
$255,214,256,0
$259,214,260,0
$263,214,264,0
$267,214,268,0
$271,214,272,0
$275,214,276,0
$279,214,280,0
$283,214,284,0
$287,214,288,0
$291,214,292,0
$295,214,296,0
$299,214,300,0
$303,214,304,0
$307,214,308,0
$311,214,312,0
$315,214,316,0
$319,214,320,0
$323,214,324,0
$327,214,328,0
$331,214,332,0
$335,214,336,0
$339,214,340,0
$341,214,342,0
$343,214,344,0
$345,214,346,0
$347,214,348,0
$349,214,350,0
$351,214,352,0
$353,214,354,0
$357,214,358,0
$361,214,362,0
@edg_id_arr 74 1
3 74 [478][6]
$34,232,0,0,0,358
$356,232,0,0,0,32
$368,232,0,0,0,32
$66,232,0,0,0,32
$370,232,0,0,0,32
$70,232,0,0,0,32
$372,232,0,0,0,32
$74,232,0,0,0,32
$374,232,0,0,0,32
$78,232,0,0,0,32
$376,232,0,0,0,32
$364,232,0,0,0,354
$38,232,0,0,0,36
$326,232,0,0,0,36
$386,232,0,0,0,68
$380,232,0,0,0,320
$42,232,0,0,0,40
$286,232,0,0,0,40
$396,232,0,0,0,352
$390,232,0,0,0,308
$46,232,0,0,0,44
$274,232,0,0,0,44
$406,232,0,0,0,56
$98,232,0,0,0,96
$50,232,0,0,0,354
$412,232,0,0,0,48
$182,232,0,0,0,48
$186,232,0,0,0,48
$420,232,0,0,0,104
$218,232,0,0,0,48
$222,232,0,0,0,48
$226,232,0,0,0,48
$54,232,0,0,0,354
$430,232,0,0,0,52
$210,232,0,0,0,52
$214,232,0,0,0,52
$438,232,0,0,0,100
$246,232,0,0,0,52
$250,232,0,0,0,52
$254,232,0,0,0,52
$58,232,0,0,0,354
$448,232,0,0,0,56
$238,232,0,0,0,56
$242,232,0,0,0,56
$408,232,0,0,0,96
$404,232,0,0,0,56
$278,232,0,0,0,56
$282,232,0,0,0,56
$62,232,0,0,0,354
$464,232,0,0,0,60
$266,232,0,0,0,60
$270,232,0,0,0,60
$472,232,0,0,0,92
$302,232,0,0,0,60
$306,232,0,0,0,60
$310,232,0,0,0,60
$478,232,0,0,0,64
$294,232,0,0,0,64
$298,232,0,0,0,64
$486,232,0,0,0,84
$330,232,0,0,0,64
$334,232,0,0,0,64
$338,232,0,0,0,64
$494,232,0,0,0,68
$322,232,0,0,0,68
$384,232,0,0,0,68
$498,232,0,0,0,80
$134,232,0,0,0,68
$138,232,0,0,0,68
$142,232,0,0,0,68
$508,232,0,0,0,72
$126,232,0,0,0,72
$130,232,0,0,0,72
$516,232,0,0,0,112
$162,232,0,0,0,72
$166,232,0,0,0,72
$170,232,0,0,0,72
$524,232,0,0,0,76
$154,232,0,0,0,76
$158,232,0,0,0,76
$532,232,0,0,0,108
$190,232,0,0,0,76
$194,232,0,0,0,76
$198,232,0,0,0,76
$82,232,0,0,0,324
$90,232,0,0,0,88
$500,232,0,0,0,80
$86,232,0,0,0,84
$484,232,0,0,0,296
$542,232,0,0,0,88
$382,232,0,0,0,324
$388,232,0,0,0,320
$548,232,0,0,0,316
$552,232,0,0,0,312
$556,232,0,0,0,336
$558,232,0,0,0,332
$546,232,0,0,0,328
$544,232,0,0,0,296
$560,232,0,0,0,292
$562,232,0,0,0,288
$392,232,0,0,0,284
$400,232,0,0,0,308
$566,232,0,0,0,304
$568,232,0,0,0,300
$570,232,0,0,0,88
$572,232,0,0,0,268
$574,232,0,0,0,264
$576,232,0,0,0,260
$580,232,0,0,0,256
$584,232,0,0,0,280
$586,232,0,0,0,276
$402,232,0,0,0,272
$410,232,0,0,0,88
$588,232,0,0,0,240
$590,232,0,0,0,236
$592,232,0,0,0,232
$596,232,0,0,0,228
$600,232,0,0,0,252
$602,232,0,0,0,248
$604,232,0,0,0,244
$606,232,0,0,0,88
$608,232,0,0,0,212
$610,232,0,0,0,208
$612,232,0,0,0,204
$616,232,0,0,0,200
$620,232,0,0,0,224
$622,232,0,0,0,220
$624,232,0,0,0,216
$626,232,0,0,0,88
$628,232,0,0,0,184
$630,232,0,0,0,180
$632,232,0,0,0,176
$636,232,0,0,0,172
$640,232,0,0,0,196
$642,232,0,0,0,192
$644,232,0,0,0,188
$646,232,0,0,0,88
$648,232,0,0,0,156
$650,232,0,0,0,152
$652,232,0,0,0,148
$656,232,0,0,0,144
$660,232,0,0,0,168
$662,232,0,0,0,164
$664,232,0,0,0,160
$666,232,0,0,0,88
$668,232,0,0,0,128
$670,232,0,0,0,124
$672,232,0,0,0,120
$676,232,0,0,0,116
$680,232,0,0,0,140
$682,232,0,0,0,136
$540,232,0,0,0,132
$94,232,0,0,0,92
$470,232,0,0,0,268
$454,232,0,0,0,240
$102,232,0,0,0,100
$436,232,0,0,0,212
$106,232,0,0,0,104
$418,232,0,0,0,184
$110,232,0,0,0,108
$530,232,0,0,0,156
$114,232,0,0,0,112
$514,232,0,0,0,128
$118,232,0,0,0,340
$678,232,0,0,0,140
$674,232,0,0,0,116
$122,232,0,0,0,340
$510,232,0,0,0,120
$512,232,0,0,0,124
$502,232,0,0,0,132
$504,232,0,0,0,136
$506,232,0,0,0,140
$146,232,0,0,0,342
$658,232,0,0,0,168
$654,232,0,0,0,144
$150,232,0,0,0,342
$526,232,0,0,0,148
$528,232,0,0,0,152
$518,232,0,0,0,160
$520,232,0,0,0,164
$522,232,0,0,0,168
$174,232,0,0,0,344
$638,232,0,0,0,196
$634,232,0,0,0,172
$178,232,0,0,0,344
$414,232,0,0,0,176
$416,232,0,0,0,180
$534,232,0,0,0,188
$536,232,0,0,0,192
$538,232,0,0,0,196
$202,232,0,0,0,346
$618,232,0,0,0,224
$614,232,0,0,0,200
$206,232,0,0,0,346
$432,232,0,0,0,204
$434,232,0,0,0,208
$422,232,0,0,0,216
$424,232,0,0,0,220
$426,232,0,0,0,224
$230,232,0,0,0,348
$598,232,0,0,0,252
$594,232,0,0,0,228
$234,232,0,0,0,348
$450,232,0,0,0,232
$452,232,0,0,0,236
$440,232,0,0,0,244
$442,232,0,0,0,248
$444,232,0,0,0,252
$258,232,0,0,0,350
$582,232,0,0,0,280
$578,232,0,0,0,256
$262,232,0,0,0,350
$466,232,0,0,0,260
$468,232,0,0,0,264
$456,232,0,0,0,272
$458,232,0,0,0,276
$460,232,0,0,0,280
$564,232,0,0,0,284
$394,232,0,0,0,352
$290,232,0,0,0,352
$480,232,0,0,0,288
$482,232,0,0,0,292
$474,232,0,0,0,300
$476,232,0,0,0,304
$398,232,0,0,0,308
$314,232,0,0,0,362
$554,232,0,0,0,336
$550,232,0,0,0,312
$318,232,0,0,0,362
$496,232,0,0,0,316
$488,232,0,0,0,328
$490,232,0,0,0,332
$492,232,0,0,0,362
$378,232,0,0,0,354
$428,232,0,0,0,354
$446,232,0,0,0,354
$462,232,0,0,0,354
$366,232,0,0,0,354
$360,232,0,0,0,358
$33,286,34,0,0,357
$355,286,356,0,0,31
$367,286,368,0,0,31
$65,286,66,0,0,31
$369,286,370,0,0,31
$69,286,70,0,0,31
$371,286,372,0,0,31
$73,286,74,0,0,31
$373,286,374,0,0,31
$77,286,78,0,0,31
$375,286,376,0,0,31
$363,286,364,0,0,353
$37,286,38,0,0,35
$325,286,326,0,0,35
$385,286,386,0,0,67
$379,286,380,0,0,319
$41,286,42,0,0,39
$285,286,286,0,0,39
$395,286,396,0,0,351
$389,286,390,0,0,307
$45,286,46,0,0,43
$273,286,274,0,0,43
$405,286,406,0,0,55
$97,286,98,0,0,95
$49,286,50,0,0,353
$411,286,412,0,0,47
$181,286,182,0,0,47
$185,286,186,0,0,47
$419,286,420,0,0,103
$217,286,218,0,0,47
$221,286,222,0,0,47
$225,286,226,0,0,47
$53,286,54,0,0,353
$429,286,430,0,0,51
$209,286,210,0,0,51
$213,286,214,0,0,51
$437,286,438,0,0,99
$245,286,246,0,0,51
$249,286,250,0,0,51
$253,286,254,0,0,51
$57,286,58,0,0,353
$447,286,448,0,0,55
$237,286,238,0,0,55
$241,286,242,0,0,55
$407,286,408,0,0,95
$403,286,404,0,0,55
$277,286,278,0,0,55
$281,286,282,0,0,55
$61,286,62,0,0,353
$463,286,464,0,0,59
$265,286,266,0,0,59
$269,286,270,0,0,59
$471,286,472,0,0,91
$301,286,302,0,0,59
$305,286,306,0,0,59
$309,286,310,0,0,59
$477,286,478,0,0,63
$293,286,294,0,0,63
$297,286,298,0,0,63
$485,286,486,0,0,83
$329,286,330,0,0,63
$333,286,334,0,0,63
$337,286,338,0,0,63
$493,286,494,0,0,67
$321,286,322,0,0,67
$383,286,384,0,0,67
$497,286,498,0,0,79
$133,286,134,0,0,67
$137,286,138,0,0,67
$141,286,142,0,0,67
$507,286,508,0,0,71
$125,286,126,0,0,71
$129,286,130,0,0,71
$515,286,516,0,0,111
$161,286,162,0,0,71
$165,286,166,0,0,71
$169,286,170,0,0,71
$523,286,524,0,0,75
$153,286,154,0,0,75
$157,286,158,0,0,75
$531,286,532,0,0,107
$189,286,190,0,0,75
$193,286,194,0,0,75
$197,286,198,0,0,75
$81,286,82,0,0,323
$89,286,90,0,0,87
$499,286,500,0,0,79
$85,286,86,0,0,83
$483,286,484,0,0,295
$541,286,542,0,0,87
$381,286,382,0,0,323
$387,286,388,0,0,319
$547,286,548,0,0,315
$551,286,552,0,0,311
$555,286,556,0,0,335
$557,286,558,0,0,331
$545,286,546,0,0,327
$543,286,544,0,0,295
$559,286,560,0,0,291
$561,286,562,0,0,287
$391,286,392,0,0,283
$399,286,400,0,0,307
$565,286,566,0,0,303
$567,286,568,0,0,299
$569,286,570,0,0,87
$571,286,572,0,0,267
$573,286,574,0,0,263
$575,286,576,0,0,259
$579,286,580,0,0,255
$583,286,584,0,0,279
$585,286,586,0,0,275
$401,286,402,0,0,271
$409,286,410,0,0,87
$587,286,588,0,0,239
$589,286,590,0,0,235
$591,286,592,0,0,231
$595,286,596,0,0,227
$599,286,600,0,0,251
$601,286,602,0,0,247
$603,286,604,0,0,243
$605,286,606,0,0,87
$607,286,608,0,0,211
$609,286,610,0,0,207
$611,286,612,0,0,203
$615,286,616,0,0,199
$619,286,620,0,0,223
$621,286,622,0,0,219
$623,286,624,0,0,215
$625,286,626,0,0,87
$627,286,628,0,0,183
$629,286,630,0,0,179
$631,286,632,0,0,175
$635,286,636,0,0,171
$639,286,640,0,0,195
$641,286,642,0,0,191
$643,286,644,0,0,187
$645,286,646,0,0,87
$647,286,648,0,0,155
$649,286,650,0,0,151
$651,286,652,0,0,147
$655,286,656,0,0,143
$659,286,660,0,0,167
$661,286,662,0,0,163
$663,286,664,0,0,159
$665,286,666,0,0,87
$667,286,668,0,0,127
$669,286,670,0,0,123
$671,286,672,0,0,119
$675,286,676,0,0,115
$679,286,680,0,0,139
$681,286,682,0,0,135
$539,286,540,0,0,131
$93,286,94,0,0,91
$469,286,470,0,0,267
$453,286,454,0,0,239
$101,286,102,0,0,99
$435,286,436,0,0,211
$105,286,106,0,0,103
$417,286,418,0,0,183
$109,286,110,0,0,107
$529,286,530,0,0,155
$113,286,114,0,0,111
$513,286,514,0,0,127
$117,286,118,0,0,339
$677,286,678,0,0,139
$673,286,674,0,0,115
$121,286,122,0,0,339
$509,286,510,0,0,119
$511,286,512,0,0,123
$501,286,502,0,0,131
$503,286,504,0,0,135
$505,286,506,0,0,139
$145,286,146,0,0,341
$657,286,658,0,0,167
$653,286,654,0,0,143
$149,286,150,0,0,341
$525,286,526,0,0,147
$527,286,528,0,0,151
$517,286,518,0,0,159
$519,286,520,0,0,163
$521,286,522,0,0,167
$173,286,174,0,0,343
$637,286,638,0,0,195
$633,286,634,0,0,171
$177,286,178,0,0,343
$413,286,414,0,0,175
$415,286,416,0,0,179
$533,286,534,0,0,187
$535,286,536,0,0,191
$537,286,538,0,0,195
$201,286,202,0,0,345
$617,286,618,0,0,223
$613,286,614,0,0,199
$205,286,206,0,0,345
$431,286,432,0,0,203
$433,286,434,0,0,207
$421,286,422,0,0,215
$423,286,424,0,0,219
$425,286,426,0,0,223
$229,286,230,0,0,347
$597,286,598,0,0,251
$593,286,594,0,0,227
$233,286,234,0,0,347
$449,286,450,0,0,231
$451,286,452,0,0,235
$439,286,440,0,0,243
$441,286,442,0,0,247
$443,286,444,0,0,251
$257,286,258,0,0,349
$581,286,582,0,0,279
$577,286,578,0,0,255
$261,286,262,0,0,349
$465,286,466,0,0,259
$467,286,468,0,0,263
$455,286,456,0,0,271
$457,286,458,0,0,275
$459,286,460,0,0,279
$563,286,564,0,0,283
$393,286,394,0,0,351
$289,286,290,0,0,351
$479,286,480,0,0,287
$481,286,482,0,0,291
$473,286,474,0,0,299
$475,286,476,0,0,303
$397,286,398,0,0,307
$313,286,314,0,0,361
$553,286,554,0,0,335
$549,286,550,0,0,311
$317,286,318,0,0,361
$495,286,496,0,0,315
$487,286,488,0,0,327
$489,286,490,0,0,331
$491,286,492,0,0,361
$377,286,378,0,0,353
$427,286,428,0,0,353
$445,286,446,0,0,353
$461,286,462,0,0,353
$365,286,366,0,0,353
$359,286,360,0,0,357
3 30 [1]
4 30 
5 31 [5]
$30,207,31,-1,501
3 32 NULL
3 33 NULL
3 34 NULL
3 35 ->
4 36 200057
4 37 200057
2 38 NULL
2 39 ->
2 40 ->
3 41 [4][3]
$3FF,0,0
$0,3FF,0
$0,0,3FF
$0,0,0
@place_instruction_ptrs 75 0
3 75 [1]
4 75 ->
@type 76 1
5 76 82
@offset 77 2
5 77 0
@dim_id 78 1
5 78 -1
@ref_id 79 1
5 79 -1
@geometry1_id 80 1
5 80 3
@geometry2_id 81 1
5 81 -1
@memb_num1 82 1
5 82 0
@memb_num2 83 1
5 83 0
@attr 84 1
5 84 0
3 42 -1
3 43 0
2 48 NULL
2 49 -1
2 50 -1
2 51 NULL
2 52 NULL
@dat_ptr(intf_data) 85 0
2 85 ->
@type 86 1
3 86 342
@filename 87 10
3 87 d:\temp\whoopie.sldprt
@model_size 88 2
3 88 4059
@model_eps 89 2
3 89 0
@make_solid_feature 90 1
3 90 1
@op_type 91 1
3 91 1
@time_stamp 92 0
3 92 
@tm_sec 93 1
4 93 27
@tm_min 94 1
4 94 46
@tm_hour 95 1
4 95 21
@tm_mday 96 1
4 96 16
@tm_mon 97 1
4 97 7
@tm_year 98 1
4 98 2025
@potentially_modified 99 1
3 99 0
@reread 100 1
3 100 0
@parent_table 101 1
2 101 [1]
$2
2 53 ->
3 54 0
3 55 0
3 56 [2][3]
$0,0,0
$0,0,0
3 57 0
3 58 NULL
3 59 -1
3 60 ->
4 61 985690330
4 62 2051749027
4 63 680431796
2 64 -1
2 65 NULL
2 66 1
2 67 ->
3 68 1
2 69 NULL
2 70 NULL
1 72 NULL
@layer_list 102 0
1 102 [2]
2 102 
@feat_id 103 1
3 103 2
@layer_id 104 1
3 104 0
@back_layer_id 105 1
3 105 0
2 102 
3 103 4
3 104 0
3 105 0
#FullMData
@Sld_FullData 1 0
0 1 ->
@first_member_ptr 2 0
1 2 NULL
@alumni_members 3 0
1 3 NULL
@first_xsec_ptr 4 0
1 4 NULL
@lang_ptr 5 0
1 5 NULL
@first_csys_ptr 6 0
1 6 NULL
@ipar_num 7 1
1 7 0
@smt_info_ptr 8 0
1 8 NULL
@cable_info_ptr 9 0
1 9 NULL
@comp_info_ptr 10 0
1 10 NULL
@prt_misc_ptr 11 0
1 11 ->
@shrink_data_ptr 12 0
2 12 NULL
@expld_mv_info 13 0
1 13 NULL
@state_info_ptr 14 0
1 14 NULL
@alumni_feats 15 0
1 15 NULL
@p_mdl_grid 16 0
1 16 NULL
@mdl_status_ptr 17 0
1 17 NULL
@appl_info_arr 18 0
1 18 [1]
2 18 
@id 19 1
3 19 -1
@type 20 1
3 20 13
@ribbon_info_ptr 21 0
1 21 NULL
@p_xref_data 22 0
1 22 ->
@first_analysis_feat 23 0
1 23 NULL
#ModelView#0
@View 1 0
0 1 ->
@id 2 1
1 2 0
@viewattr 3 0
1 3 
@attr_arr 4 1
2 4 [4]
$1,0,0,0
@mpoint 5 0
1 5 
@id 6 1
2 6 0
@coord 7 2
2 7 [3]
$0,0,0
@first_instr_ptr 8 0
2 8 NULL
@attach_ptr 9 0
2 9 NULL
@vpoint 10 0
1 10 
2 6 0
2 7 [3]
$407F4,407A5E,0
2 8 NULL
2 9 NULL
@orient 11 2
1 11 [4][4]
$3FF,0,0,0
$0,3FF,0,0
$0,0,3FF,0
$0,0,0,3FF
@local_sys 12 2
1 12 [4][4]
$3FF,0,0,0
$0,3FF,0,0
$0,0,3FF,0
$0,0,0,3FF
@world_matrix_ptr 13 0
1 13 NULL
@first_instr_ptr 14 0
1 14 ->
@type 15 1
2 15 100
@geom_id 16 1
2 16 -1
@view_id 17 1
2 17 -1
@memb_num 18 1
2 18 0
@offset 19 2
2 19 0
@matrix 20 0
2 20 NULL
@next_instr_ptr 21 0
1 21 ->
2 15 301
2 16 -1
2 17 -1
2 18 0
2 19 3FF
2 20 NULL
1 21 NULL
@outer_xsec_index 22 1
1 22 -1
@next_view_id 23 1
1 23 -2
@simp_rep_id 24 1
1 24 0
@name 25 10
1 25 no name
@fit_outline 26 2
1 26 [2][3]
$4059,405518,0
$408C2,4087BB,0
@det_info_ptr 27 0
1 27 NULL
@named_view_pzmatr 28 0
1 28 NULL
@page_id 29 1
1 29 0
@model_name 30 10
1 30 NULL
@unrep_model_name 31 10
1 31 NULL
@saved_pro_dls 32 0
1 32 ->
@eye 33 0
2 33 
@matrix 34 2
3 34 [4][4]
$3FF,0,0,0
$0,3FF,0,0
$0,0,3FF,0
$0,0,0,3FF
@position 35 2
3 35 [3]
$0,0,0
@view_angle 36 2
3 36 0
@explode_state 37 0
1 37 NULL
#DispDataColor
@ref_color_table 1 0
0 1 
#DispDataTable
@disp_data_table 1 0
0 1 
@disp_data_arr 2 0
1 2 [1]
2 2 
@disp_data 3 0
3 3 ->
@part_color 4 1
4 4 0
@color_prop_ptr 5 0
4 5 ->
@color_refs 6 0
5 6 [1]
6 6 
@ref_color 7 0
7 7 ->
@maximum 8 2
8 8 [3]
$3FE9595959595959,3FEA3A3A3A3A3A3A,3FEDDDDDDDDDDDDE
@ambient 9 2
8 9 3FF
@diffuse 10 2
8 10 3FF
@specular 11 2
8 11 3FE
@spec_coef 12 2
8 12 3FF
@transmission 13 2
8 13 0
@threshold 14 1
8 14 90
@gl_ind 15 1
8 15 2
@highlight 16 2
8 16 [3]
$3FF,3FF,3FF
@reflection 17 2
8 17 3FF
@bump_height 18 2
8 18 3FF
@bump 19 3
8 19 NULL
@decal_intensity 20 2
8 20 3FF
@decal 21 3
8 21 NULL
@texture 22 3
8 22 NULL
@surf_ind_tab 23 0
5 23 [1]
6 23 
@surf_id 24 1
7 24 -1
@surf_color_inds 25 1
7 25 [2]
$0,-1
@surf_pl 26 0
7 26 [2]
8 26 
@placement_ptr 27 0
9 27 NULL
8 26 
9 27 NULL
@model_type 28 1
4 28 2
@flags 29 1
4 29 0
@generic_name 30 10
4 30 NULL
@label 31 10
4 31 NULL
@components 32 0
4 32 
#AssMrgPrt
@assem_merge_parts 1 0
0 1 ->
#END_OF_UGC
