#UGC:2 PART 997 420 0 1 1 15 2000 9839 00000585 \
#- VERS 0 0                                                          \
#- HOST                                                              \
#- LINK                                                              \
#- DBID                                                              \
#- REVS 0,                                                           \
#- RELL 0,                                                           \
#- UOBJ_ID 962053733 220136368 1265647124                            \
#- MACH                                                              \
#-END_OF_UGC_HEADER
#P_OBJECT 6
@P_object 1 0
0 1 ->
@dep_db 2 0
1 2 ->
@usr_rev 3 0
1 3 [1]
2 3 
@name 4 10
3 4 Raian
@mod_time 5 0
3 5 
@tm_sec 6 1
4 6 23
@tm_min 7 1
4 7 46
@tm_hour 8 1
4 8 21
@tm_mday 9 1
4 9 16
@tm_mon 10 1
4 10 7
@tm_year 11 1
4 11 2025
@action 12 1
3 12 1000
@comment 13 10
3 13 Hostname: 'RAIANZ7'
@rel_level 14 10
3 14 
@rev_string 15 10
3 15 
@revnum_std 16 1
1 16 80
@flag 17 1
1 17 0
@name 18 10
1 18 NULL
@inst_hidden 19 1
1 19 0
@old_name 20 10
1 20 NULL
@appl_data 21 0
1 21 ->
@bounding_box 22 2
2 22 [2][3]
$C064000000000001,C067C00000000002,C03B0006C15B187C
$4063FFFFFFFFFFFF,4067BFFFFFFFFFFE,4033000000000001
@ver_key 23 0
1 23 ->
@time 24 1
2 24 962053735
@random_num 25 1
2 25 220098560
@hostid 26 1
2 26 1265647124
@last_read 27 1
1 27 -1
#END_OF_P_OBJECT
#Pro/ENGINEER  TM  Release 20.0  (c) 1988-98 by Parametric Technology Corporation  All Rights Reserved. 9843
@Toc 28 0
0 28 ->
@entry 29 10
1 29 [128]
2 29 BasicData 2b97 5fc 0 998########################################################
2 29 BasicText 3193 39b 0 998########################################################
2 29 GeomDepen 352e 73 0 998#########################################################
2 29 DispCntrl 35a1 42 0 998#########################################################
2 29 DisplData 35e3 38 0 998#########################################################
2 29 LargeText 361b 105 0 998########################################################
2 29 FamilyInf 3720 40 0 998#########################################################
2 29 VisibGeom 3760 c852c 0 998######################################################
2 29 NovisGeom cbc8c 3e 0 998########################################################
2 29 ActEntity cbcca 26a 0 998#######################################################
2 29 AllFeatur cbf34 46b7 0 998######################################################
2 29 FullMData d05eb 28f 0 998#######################################################
2 29 ModelView#0 d087a 4b9 0 998#####################################################
2 29 DispDataColor d0d33 29 0 998####################################################
2 29 DispDataTable d0d5c 2515 0 998##################################################
2 29 AssMrgPrt d3271 28 0 998########################################################
2 29 ################################################################################
2 29 ################################################################################
2 29 ################################################################################
2 29 ################################################################################
2 29 ################################################################################
2 29 ################################################################################
2 29 ################################################################################
2 29 ################################################################################
2 29 ################################################################################
2 29 ################################################################################
2 29 ################################################################################
2 29 ################################################################################
2 29 ################################################################################
2 29 ################################################################################
2 29 ################################################################################
2 29 ################################################################################
2 29 ################################################################################
2 29 ################################################################################
2 29 ################################################################################
2 29 ################################################################################
2 29 ################################################################################
2 29 ################################################################################
2 29 ################################################################################
2 29 ################################################################################
2 29 ################################################################################
2 29 ################################################################################
2 29 ################################################################################
2 29 ################################################################################
2 29 ################################################################################
2 29 ################################################################################
2 29 ################################################################################
2 29 ################################################################################
2 29 ################################################################################
2 29 ################################################################################
2 29 ################################################################################
2 29 ################################################################################
2 29 ################################################################################
2 29 ################################################################################
2 29 ################################################################################
2 29 ################################################################################
2 29 ################################################################################
2 29 ################################################################################
2 29 ################################################################################
2 29 ################################################################################
2 29 ################################################################################
2 29 ################################################################################
2 29 ################################################################################
2 29 ################################################################################
2 29 ################################################################################
2 29 ################################################################################
2 29 ################################################################################
2 29 ################################################################################
2 29 ################################################################################
2 29 ################################################################################
2 29 ################################################################################
2 29 ################################################################################
2 29 ################################################################################
2 29 ################################################################################
2 29 ################################################################################
2 29 ################################################################################
2 29 ################################################################################
2 29 ################################################################################
2 29 ################################################################################
2 29 ################################################################################
2 29 ################################################################################
2 29 ################################################################################
2 29 ################################################################################
2 29 ################################################################################
2 29 ################################################################################
2 29 ################################################################################
2 29 ################################################################################
2 29 ################################################################################
2 29 ################################################################################
2 29 ################################################################################
2 29 ################################################################################
2 29 ################################################################################
2 29 ################################################################################
2 29 ################################################################################
2 29 ################################################################################
2 29 ################################################################################
2 29 ################################################################################
2 29 ################################################################################
2 29 ################################################################################
2 29 ################################################################################
2 29 ################################################################################
2 29 ################################################################################
2 29 ################################################################################
2 29 ################################################################################
2 29 ################################################################################
2 29 ################################################################################
2 29 ################################################################################
2 29 ################################################################################
2 29 ################################################################################
2 29 ################################################################################
2 29 ################################################################################
2 29 ################################################################################
2 29 ################################################################################
2 29 ################################################################################
2 29 ################################################################################
2 29 ################################################################################
2 29 ################################################################################
2 29 ################################################################################
2 29 ################################################################################
2 29 ################################################################################
2 29 ################################################################################
2 29 ################################################################################
2 29 ################################################################################
2 29 ################################################################################
2 29 ################################################################################
2 29 ################################################################################
2 29 ################################################################################
2 29 ################################################################################
#BasicData
@Sld_BasicData 1 0
0 1 ->
@tab_key 2 1
1 2 0
@tab_key_struct 3 0
1 3 ->
@type 4 4
2 4 H
@tab_key_ptr 5 0
2 5 [854]
@cmprs_tabkey 6 0
2 6 NULL
@type 7 1
1 7 2
@revnum_ptr 8 0
1 8 ->
@geom_revnum 9 1
2 9 858
@cosm_revnum 10 1
2 10 0
@tol_default_ptr 11 0
1 11 ->
@type 12 1
2 12 10
@value 13 2
2 13 [7]
$0,3FB999999999999A,3F847AE147AE147B,3F50624DD2F1A9FC,3F1A36E2EB1C432D,3EE4F8B588E368F1,3EB0C6F7A0B5ED8D
@ang_value 14 2
2 14 [7]
$0,3FE,3FE,3FE,3FE,3FE,3FE
@lin_digits 15 1
2 15 [7]
$-1,-1,-1,-1,-1,-1,-1
@ang_digits 16 1
2 16 [7]
$0,0,0,0,0,0,0
@standard 17 1
2 17 0
@iso_tol_tbls_ptr 18 0
2 18 NULL
@datum_count 19 1
1 19 0
@axis_count 20 1
1 20 0
@insert_layer_id 21 1
1 21 -1
@layer_count 22 1
1 22 0
@rel_part_eps 23 2
1 23 3F53A92A30553261
@model_eps 24 2
1 24 0
@fixed_model_eps 25 1
1 25 0
@assembled_count 26 1
1 26 0
@part_type 27 1
1 27 1
@first_ent_id 28 1
1 28 513569
@first_view_id 29 1
1 29 0
@outline 30 2
1 30 [2][3]
$C064000000000001,C067C00000000002,C03B0006C15B187C
$4063FFFFFFFFFFFF,4067BFFFFFFFFFFE,4033000000000001
@dim_num 31 1
1 31 0
@geom_lib_ptr 32 0
1 32 NULL
@attrib_array 33 1
1 33 [3]
$0,0,0
@max_part_size 34 2
1 34 3FDFEE38799E284
@model_name 35 10
1 35 PNL-00-00-00
@disp_outl_info 36 0
1 36 
@disp_outline 37 2
2 37 [2][3]
$C064000000000001,C067C00000000002,C03B0006C15B187C
$4063FFFFFFFFFFFF,4067BFFFFFFFFFFE,4033000000000001
@sel_outl_info 38 0
1 38 ->
@outline 39 2
2 39 [2][3]
$C064000000000001,C067C00000000002,C03B0006C15B187C
$4063FFFFFFFFFFFF,4067BFFFFFFFFFFE,4033000000000001
#BasicText
@Sld_BasicText 1 0
0 1 ->
@assem_mass_prop_ptr 2 0
1 2 NULL
@mass_prop_ptr 3 0
1 3 ->
@type 4 1
2 4 0
@density 5 2
2 5 3F50624DD2F1A9FC
@init_dens 6 5
2 6 0
@rel_density 7 2
2 7 0
@init_rel_dens 8 5
2 8 0
@aver_density 9 2
2 9 0
@vrevnum 10 1
2 10 -1
@volume 11 2
2 11 3F322B3B0B01C763
@cg 12 2
2 12 [3]
$0,0,0
@inertia 13 2
2 13 [3][3]
$0,0,BF9BA5EA3ED410E1
$0,0,0
$0,0,0
@eps 14 2
2 14 0
@surfarea 15 2
2 15 0
@assign_mp_ptr 16 0
1 16 NULL
@mat_name_ptr 17 10
1 17 NULL
@unit_arr 18 0
1 18 [3]
2 18 
@type 19 1
3 19 13
@factor 20 2
3 20 3FF
@name 21 10
3 21 MM
@unit_type 22 1
3 22 0
2 18 
3 19 12
3 20 408F4
3 21 GRAM
3 22 1
2 18 
3 19 13
3 20 3F3234576CF0BB8C
3 21 SECS
3 22 2
@p_unit_info 23 0
1 23 ->
@custom_unit_arr 24 0
2 24 [6]
3 24 
3 24 
3 24 
3 24 
3 24 
3 24 
@principal_sys_units 25 10
2 25 millimeter Newton Second (mmNs)
@history_scale 26 2
2 26 [6][2]
$3FF,0
$3FF,0
$3FF,0
$3FF,0
$3FF,0
$3FF,0
#GeomDepen
@Sld_GeomDepend 1 0
0 1 ->
@frst_geom_ptr 2 1
1 2 31
@fem_data 3 0
1 3 NULL
@first_quilt_ptr 4 1
1 4 30
#DispCntrl
@Sld_DispCntrl 1 0
0 1 ->
@color_prop_ptr 2 0
1 2 NULL
#DisplData
@Sld_DispData 1 0
0 1 ->
@disp_data 2 0
1 2 
#LargeText
@Sld_LargeText 1 0
0 1 ->
@names_table 2 0
1 2 [1]
2 2 ->
@id 3 1
3 3 3
@type 4 1
3 4 25
@name 5 10
3 5 PNL-00-00-00
@relpar_sets 6 0
1 6 [1]
2 6 
@id 7 1
3 7 -1
@type 8 1
3 8 2
@ext_ref_id 9 1
3 9 -1
@relatnum 10 1
3 10 0
@cfg_states 11 0
1 11 NULL
#FamilyInf
@Sld_FamilyInfo 1 0
0 1 ->
@drv_tbl_ptr 2 0
1 2 NULL
#VisibGeom
@Sld_VisGeom 1 0
0 1 ->
@active_geom 2 0
1 2 
@srf_array 3 0
2 3 [112]
3 3 ->
@geom_type 4 1
4 4 45
@geom_id 5 1
4 5 31
@feat_id 6 1
4 6 4
@boundary_type 7 1
4 7 0
@envlp 8 2
4 8 [2][2]
$0,0
$3FF,3FF
@srf_prim_ptr(b_splsrf) 9 0
4 9 ->
@tan_cond 10 1
5 10 [2]
$0,0
@degree 11 1
5 11 [2]
$3,3
@u_params 12 2
5 12 [8]
$0,0,0,0,3FF,3FF,3FF,3FF
@v_params 13 2
5 13 [8]
$0,0,0,0,3FF,3FF,3FF,3FF
@weights 14 2
5 14 [16]
$3FF,3FD5555555555557,3FD5555555555557,3FF,3FE9C06999AA27DD,3FD12AF1111C1A95,3FD12AF1111C1A95,3FE9C06999AA27DD,3FE9C06999AA27DD,3FD12AF1111C1A95,
$3FD12AF1111C1A95,3FE9C06999AA27DD,3FF,3FD5555555555557,3FD5555555555557,3FF
@c_pnts 15 2
5 15 [16][3]
$C03A000000000008,3CD3DAEAF976E78A,C036
$C02155555555555C,C018000000000001,C01D555555555557
$C02D55555555555C,C018000000000003,C01D555555555557
$C046000000000005,BCE3DAEAF976E789,C036
$C03290EFF78254DB,3CD52D96C1FF0B2B,C031B44899A4FB68
$C018C13FF4ADC67A,C019995EC17F6764,C0179B0B7786A48C
$C0292D4F5B1696F1,C019995EC17F6768,C0179B0B7786A48C
$C042E1FB8450F134,BCE52D96C1FF0B2A,C031B44899A4FB68
$C030E6454CD7AA3,3CD8DADEB74DF3AE,C030099DEEFA50BC
$C016885C6674E2EA,C01E0B25DDF12E7F,C0156227E94DC0FE
$C02A49C1223308B5,C01E0B25DDF12E83,C0156227E94DC0FE
$C043B750D9A64689,BCE8DADEB74DF3AB,C030099DEEFA50BC
$C035000000000008,3CDEE2C2D963A10F,C030FFFFFFFFFFFF
$C01C00000000000C,C022AAAAAAAAAAAB,C016AAAAAAAAAAAB
$C030555555555559,C022AAAAAAAAAAAB,C016AAAAAAAAAAAB
$C048800000000004,BCEEE2C2D963A10E,C030FFFFFFFFFFFF
@frst_cntr_ptr 16 0
4 16 ->
@frst_cntr_crv_hdr_ptr 17 1
5 17 33
@trv 18 1
5 18 1
@envlp 19 2
5 19 [2][2]
$0,0
$3FF,3FF
@next_cntr_ptr 20 0
4 20 NULL
@next_geom_ptr 21 1
4 21 35
@orient 22 1
4 22 1
@outline 23 2
4 23 [2][3]
$C048800837DA28B2,C02C0020DF68A2B6,C03600106FB4515B
$C034FFEF904BAEAE,3F306FB4515C07F5,C030FFEF904BAEA4
3 3 ->
4 4 36
4 5 35
4 6 4
4 7 0
4 8 [2][2]
$400921FB54442D18,4021
$401921FB54442D18,4024
@srf_prim_ptr(cylinder) 24 0
4 24 ->
@local_sys 25 2
5 25 [4][3]
$BFF,0,8
$0,3FF,8
$0,8,BFF
$BD1F4,405822B17DD7484A,4024
@radius 26 2
5 26 402E
4 16 ->
5 17 37
5 18 1
5 19 [2][2]
$400921FB54442D18,4021
$401921FB54442D18,4024
4 20 NULL
4 21 39
4 22 -1
4 23 [2][3]
$C02E00000000000F,405462B17DD7484A,0
$402DFFFFFFFFFFF,405822B17DD7484A,3FF7FFFFFFFFFFFE
3 3 ->
4 4 36
4 5 39
4 6 4
4 7 0
4 8 [2][2]
$0,4000DB51293E7832
$400921FB54442D18,4014
4 24 ->
5 25 [4][3]
$3FEFFFFFFFFFFFFF,8,8
$0,3FEFFFFFFFFFFFFF,8
$0,0,3FF
$405DFFFFFFFFFFFE,0,C014
5 26 402C000000000007
4 16 ->
5 17 41
5 18 1
5 19 [2][2]
$0,4000DB51293E7832
$400921FB54442D18,4014
4 20 NULL
4 21 43
4 22 1
4 23 [2][3]
$405A7FFFFFFFFFFD,0,C00724AED6C187CE
$4060BFFFFFFFFFFF,402C000000000007,0
3 3 ->
4 4 36
4 5 43
4 6 4
4 7 0
4 8 [2][2]
$0,0
$400921FB54442D18,4028
4 24 ->
5 25 [4][3]
$3FF,8,8
$0,3FF,8
$0,0,3FF
$40417FFFFFFFFFFE,0,C028
5 26 402E
4 16 ->
5 17 45
5 18 1
5 19 [2][2]
$0,0
$400921FB54442D18,4028
4 20 NULL
4 21 47
4 22 1
4 23 [2][3]
$4033FFFFFFFFFFFB,0,C028
$4048FFFFFFFFFFFD,402E,0
3 3 ->
4 4 36
4 5 47
4 6 4
4 7 0
4 8 [2][2]
$0,0
$400921FB54442D18,4028
4 24 ->
5 25 [4][3]
$3FF,8,8
$0,3FF,8
$0,0,3FF
$C041800000000004,0,C028
5 26 402E
4 16 ->
5 17 49
5 18 1
5 19 [2][2]
$0,0
$400921FB54442D18,4028
4 20 NULL
4 21 51
4 22 1
4 23 [2][3]
$C049000000000004,0,C028
$C034000000000009,402E,0
3 3 ->
4 4 37
4 5 51
4 6 4
4 7 0
4 8 [2][2]
$0,4017E73C251D1D28
$400921FB54442D18,40202A725CDE2CA1
@srf_prim_ptr(cone) 27 0
4 27 ->
@local_sys 28 2
5 28 [4][3]
$0,3FF,8
$BFF,0,3C71DB6DB6DB6DB3
$0,0,3FF
$405DFFFFFFFFFFFE,BCA20ACD59EED1D,C025F39E128E8E94
@half_angle 29 2
5 29 3FF0C152382D737
4 16 ->
5 17 53
5 18 1
5 19 [2][2]
$0,4017E73C251D1D28
$400921FB54442D18,40202A725CDE2CA1
4 20 NULL
4 21 55
4 22 1
4 23 [2][3]
$405DFFFFFFFFFFFE,C02C000000000007,C013FFFFFFFFFFFF
$4060BFFFFFFFFFFF,402C000000000007,C00724AED6C187CE
3 3 ->
4 4 36
4 5 55
4 6 4
4 7 0
4 8 [2][2]
$400921FB54442D18,403CA827999FCEF
$401921FB54442D18,403FA827999FCEF4
4 24 ->
5 25 [4][3]
$0,3FF,8
$0,0,3FF
$3FF,8,8
$C063600000000001,C05DAA09E667F3C,4019B851EB851EBC
5 26 3FFFFFFFFFFFFFF1
4 16 ->
5 17 57
5 18 1
5 19 [2][2]
$400921FB54442D18,403CA827999FCEF
$401921FB54442D18,403FA827999FCEF4
4 20 NULL
4 21 59
4 22 -1
4 23 [2][3]
$C063A00000000001,C056800000000004,4011B851EB851EC
$C063600000000001,C055C00000000003,4020DC28F5C28F5C
3 3 ->
4 4 36
4 5 59
4 6 4
4 7 0
4 8 [2][2]
$400921FB54442D18,4016A09E667F3BD
$401921FB54442D18,4021504F333F9DE8
4 24 ->
5 25 [4][3]
$0,3FF,8
$0,0,3FF
$3FF,8,8
$C063600000000001,C05DAA09E667F3C,4019B851EB851EBC
5 26 3FFFFFFFFFFFFFF1
4 16 ->
5 17 61
5 18 1
5 19 [2][2]
$400921FB54442D18,4016A09E667F3BD
$401921FB54442D18,4021504F333F9DE8
4 20 NULL
4 21 63
4 22 -1
4 23 [2][3]
$C063A00000000001,C05C400000000003,4011B851EB851EC
$C063600000000001,C05B800000000003,4020DC28F5C28F5C
3 3 ->
4 4 36
4 5 63
4 6 4
4 7 0
4 8 [2][2]
$400921FB54442D18,406C9504F333F9DF
$401921FB54442D18,406CF504F333F9DF
4 24 ->
5 25 [4][3]
$0,3FF,8
$0,0,3FF
$3FF,8,8
$C063600000000001,C05DAA09E667F3C,4019B851EB851EBC
5 26 3FFFFFFFFFFFFFF1
4 16 ->
5 17 65
5 18 1
5 19 [2][2]
$400921FB54442D18,406C9504F333F9DF
$401921FB54442D18,406CF504F333F9DF
4 20 NULL
4 21 67
4 22 -1
4 23 [2][3]
$C063A00000000001,405B7FFFFFFFFFFE,4011B851EB851EC
$C063600000000001,405C3FFFFFFFFFFE,4020DC28F5C28F5C
3 3 ->
4 4 36
4 5 67
4 6 4
4 7 0
4 8 [2][2]
$400921FB54442D18,4069B504F333F9DE
$401921FB54442D18,406A1504F333F9DE
4 24 ->
5 25 [4][3]
$0,3FF,8
$0,0,3FF
$3FF,8,8
$C063600000000001,C05DAA09E667F3C,4019B851EB851EBC
5 26 3FFFFFFFFFFFFFF1
4 16 ->
5 17 69
5 18 1
5 19 [2][2]
$400921FB54442D18,4069B504F333F9DE
$401921FB54442D18,406A1504F333F9DE
4 20 NULL
4 21 71
4 22 -1
4 23 [2][3]
$C063A00000000001,4055BFFFFFFFFFFD,4011B851EB851EC
$C063600000000001,40567FFFFFFFFFFD,4020DC28F5C28F5C
3 3 ->
4 4 36
4 5 71
4 6 4
4 7 0
4 8 [2][2]
$0,4014000000000004
$400921FB54442D18,4024
4 24 ->
5 25 [4][3]
$3FEFFFFFFFFFFFFF,8,8
$0,3FEFFFFFFFFFFFFF,8
$0,0,3FF
$C041800000000004,0,C036
5 26 402BFFFFFFFFFFFF
4 16 ->
5 17 73
5 18 1
5 19 [2][2]
$0,4014000000000004
$400921FB54442D18,4024
4 20 NULL
4 21 75
4 22 1
4 23 [2][3]
$C048800000000004,0,C030FFFFFFFFFFFF
$C035000000000009,402BFFFFFFFFFFFF,C028
3 3 ->
4 4 36
4 5 75
4 6 4
4 7 0
4 8 [2][2]
$400921FB54442D18,0
$401921FB54442D18,3FB99999999999C
4 24 ->
5 25 [4][3]
$BFF,0,8
$0,3FF,8
$0,8,BFF
$405DFFFFFFFFFFFE,0,C013999999999999
5 26 401E000000000008
4 16 ->
5 17 77
5 18 1
5 19 [2][2]
$400921FB54442D18,0
$401921FB54442D18,3FB99999999999C
4 20 NULL
4 21 79
4 22 -1
4 23 [2][3]
$405C1FFFFFFFFFFD,C01E000000000008,C014
$405FDFFFFFFFFFFE,3CD08BC3CFE3164C,C013999999999999
3 3 ->
4 4 36
4 5 79
4 6 4
4 7 0
4 8 [2][2]
$400921FB54442D18,0
$401921FB54442D18,3FF800000000001
4 24 ->
5 25 [4][3]
$3FF,8,8
$0,3FF,8
$0,0,3FF
$C05BFFFFFFFFFFFC,4058FFFFFFFFFFFF,40318
5 26 4010000000000004
4 16 ->
5 17 81
5 18 1
5 19 [2][2]
$400921FB54442D18,0
$401921FB54442D18,3FF800000000001
4 20 NULL
4 21 83
4 22 -1
4 23 [2][3]
$C05CFFFFFFFFFFFD,4057FFFFFFFFFFFF,40318
$C05AFFFFFFFFFFFC,4058FFFFFFFFFFFF,4033000000000001
3 3 ->
4 4 36
4 5 83
4 6 4
4 7 0
4 8 [2][2]
$400921FB54442D18,0
$401921FB54442D18,3FF800000000001
4 24 ->
5 25 [4][3]
$3FF,8,8
$0,3FF,8
$0,0,3FF
$C05BFFFFFFFFFFFC,C059,40318
5 26 4010000000000004
4 16 ->
5 17 85
5 18 1
5 19 [2][2]
$400921FB54442D18,0
$401921FB54442D18,3FF800000000001
4 20 NULL
4 21 87
4 22 -1
4 23 [2][3]
$C05CFFFFFFFFFFFD,C05A000000000001,40318
$C05AFFFFFFFFFFFC,C059,4033000000000001
3 3 ->
4 4 36
4 5 87
4 6 4
4 7 0
4 8 [2][2]
$400921FB54442D18,0
$401921FB54442D18,3FF800000000001
4 24 ->
5 25 [4][3]
$3FF,8,8
$0,3FF,8
$0,0,3FF
$C05BFFFFFFFFFFFC,C049,40318
5 26 4010000000000004
4 16 ->
5 17 89
5 18 1
5 19 [2][2]
$400921FB54442D18,0
$401921FB54442D18,3FF800000000001
4 20 NULL
4 21 91
4 22 -1
4 23 [2][3]
$C05CFFFFFFFFFFFD,C04B000000000001,40318
$C05AFFFFFFFFFFFC,C049,4033000000000001
3 3 ->
4 4 36
4 5 91
4 6 4
4 7 0
4 8 [2][2]
$400921FB54442D18,0
$401921FB54442D18,3FF800000000001
4 24 ->
5 25 [4][3]
$3FF,8,8
$0,3FF,8
$0,0,3FF
$C05BFFFFFFFFFFFC,0,40318
5 26 4010000000000004
4 16 ->
5 17 93
5 18 1
5 19 [2][2]
$400921FB54442D18,0
$401921FB54442D18,3FF800000000001
4 20 NULL
4 21 95
4 22 -1
4 23 [2][3]
$C05CFFFFFFFFFFFD,C010000000000004,40318
$C05AFFFFFFFFFFFC,3CC1A62633145C0C,4033000000000001
3 3 ->
4 4 36
4 5 95
4 6 4
4 7 0
4 8 [2][2]
$400921FB54442D18,0
$401921FB54442D18,3FF800000000001
4 24 ->
5 25 [4][3]
$3FF,8,8
$0,3FF,8
$0,0,3FF
$C05BFFFFFFFFFFFC,4048FFFFFFFFFFFE,40318
5 26 400FFFFFFFFFFFE9
4 16 ->
5 17 97
5 18 1
5 19 [2][2]
$400921FB54442D18,0
$401921FB54442D18,3FF800000000001
4 20 NULL
4 21 99
4 22 -1
4 23 [2][3]
$C05CFFFFFFFFFFFC,4047,40318
$C05AFFFFFFFFFFFD,4048FFFFFFFFFFFE,4033000000000001
3 3 ->
4 4 36
4 5 99
4 6 4
4 7 0
4 8 [2][2]
$400921FB54442D18,0
$401921FB54442D18,3FF800000000001
4 24 ->
5 25 [4][3]
$3FF,8,8
$0,3FF,8
$0,0,3FF
$405C000000000004,C059,40318
5 26 4010000000000004
4 16 ->
5 17 101
5 18 1
5 19 [2][2]
$400921FB54442D18,0
$401921FB54442D18,3FF800000000001
4 20 NULL
4 21 103
4 22 -1
4 23 [2][3]
$405B000000000004,C05A000000000001,40318
$405D000000000004,C059,4033000000000001
3 3 ->
4 4 36
4 5 103
4 6 4
4 7 0
4 8 [2][2]
$400921FB54442D18,0
$401921FB54442D18,3FF800000000001
4 24 ->
5 25 [4][3]
$3FF,8,8
$0,3FF,8
$0,0,3FF
$405C000000000004,C049,40318
5 26 4010000000000004
4 16 ->
5 17 105
5 18 1
5 19 [2][2]
$400921FB54442D18,0
$401921FB54442D18,3FF800000000001
4 20 NULL
4 21 107
4 22 -1
4 23 [2][3]
$405B000000000004,C04B000000000001,40318
$405D000000000004,C049,4033000000000001
3 3 ->
4 4 36
4 5 107
4 6 4
4 7 0
4 8 [2][2]
$400921FB54442D18,0
$401921FB54442D18,3FF800000000001
4 24 ->
5 25 [4][3]
$3FF,8,8
$0,3FF,8
$0,0,3FF
$405C000000000004,0,40318
5 26 4010000000000004
4 16 ->
5 17 109
5 18 1
5 19 [2][2]
$400921FB54442D18,0
$401921FB54442D18,3FF800000000001
4 20 NULL
4 21 111
4 22 -1
4 23 [2][3]
$405B000000000004,C010000000000004,40318
$405D000000000004,3CC1A62633145C0C,4033000000000001
3 3 ->
4 4 36
4 5 111
4 6 4
4 7 0
4 8 [2][2]
$400921FB54442D18,0
$401921FB54442D18,3FF800000000001
4 24 ->
5 25 [4][3]
$3FF,8,8
$0,3FF,8
$0,0,3FF
$405C000000000004,4048FFFFFFFFFFFE,40318
5 26 4010000000000004
4 16 ->
5 17 113
5 18 1
5 19 [2][2]
$400921FB54442D18,0
$401921FB54442D18,3FF800000000001
4 20 NULL
4 21 115
4 22 -1
4 23 [2][3]
$405B000000000004,4046FFFFFFFFFFFE,40318
$405D000000000004,4048FFFFFFFFFFFE,4033000000000001
3 3 ->
4 4 36
4 5 115
4 6 4
4 7 0
4 8 [2][2]
$400921FB54442D18,0
$401921FB54442D18,3FF800000000001
4 24 ->
5 25 [4][3]
$3FF,8,8
$0,3FF,8
$0,0,3FF
$405C000000000004,4058FFFFFFFFFFFF,40318
5 26 4010000000000004
4 16 ->
5 17 117
5 18 1
5 19 [2][2]
$400921FB54442D18,0
$401921FB54442D18,3FF800000000001
4 20 NULL
4 21 119
4 22 -1
4 23 [2][3]
$405B000000000004,4057FFFFFFFFFFFF,40318
$405D000000000004,4058FFFFFFFFFFFF,4033000000000001
3 3 ->
4 4 34
4 5 119
4 6 4
4 7 0
4 8 [2][2]
$4041000000000004,3CD8F736EAFABA2F
$4042000000000004,4021E3779B97F4A8
@srf_prim_ptr(plane) 30 0
4 30 ->
@local_sys 31 2
5 31 [4][3]
$BFF,0,0
$0,3FF,0
$8,0,BFF
$0,0,C027FFFFFFFFFFFF
4 16 ->
5 17 121
5 18 1
5 19 [2][2]
$4041000000000004,3CD8F736EAFABA2F
$4042000000000004,4021E3779B97F4A8
4 20 NULL
4 21 123
4 22 1
4 23 [2][3]
$C042000360AD8C3E,BF1B056C61CA359E,C028000D82B630E5
$C040FFFC9F5273CB,4021E3851E4E258D,C027FFF27D49CF19
3 3 ->
4 4 36
4 5 123
4 6 4
4 7 0
4 8 [2][2]
$0,0
$400921FB54442D18,3FF800000000001
4 24 ->
5 25 [4][3]
$3FF,8,8
$0,3FF,8
$0,0,3FF
$405C000000000004,4058FFFFFFFFFFFF,40318
5 26 4010000000000004
4 16 ->
5 17 125
5 18 1
5 19 [2][2]
$0,0
$400921FB54442D18,3FF800000000001
4 20 NULL
4 21 127
4 22 -1
4 23 [2][3]
$405B000000000004,4058FFFFFFFFFFFF,40318
$405D000000000004,405A,4033000000000001
3 3 ->
4 4 36
4 5 127
4 6 4
4 7 0
4 8 [2][2]
$0,0
$400921FB54442D18,3FF800000000001
4 24 ->
5 25 [4][3]
$3FF,8,8
$0,3FF,8
$0,0,3FF
$405C000000000004,4048FFFFFFFFFFFE,40318
5 26 4010000000000004
4 16 ->
5 17 129
5 18 1
5 19 [2][2]
$0,0
$400921FB54442D18,3FF800000000001
4 20 NULL
4 21 131
4 22 -1
4 23 [2][3]
$405B000000000004,4048FFFFFFFFFFFE,40318
$405D000000000004,404AFFFFFFFFFFFF,4033000000000001
3 3 ->
4 4 36
4 5 131
4 6 4
4 7 0
4 8 [2][2]
$0,0
$400921FB54442D18,3FF800000000001
4 24 ->
5 25 [4][3]
$3FF,8,8
$0,3FF,8
$0,0,3FF
$405C000000000004,0,40318
5 26 4010000000000004
4 16 ->
5 17 133
5 18 1
5 19 [2][2]
$0,0
$400921FB54442D18,3FF800000000001
4 20 NULL
4 21 135
4 22 -1
4 23 [2][3]
$405B000000000004,0,40318
$405D000000000004,4010000000000004,4033000000000001
3 3 ->
4 4 36
4 5 135
4 6 4
4 7 0
4 8 [2][2]
$0,0
$400921FB54442D18,3FF800000000001
4 24 ->
5 25 [4][3]
$3FF,8,8
$0,3FF,8
$0,0,3FF
$405C000000000004,C049,40318
5 26 4010000000000004
4 16 ->
5 17 137
5 18 1
5 19 [2][2]
$0,0
$400921FB54442D18,3FF800000000001
4 20 NULL
4 21 139
4 22 -1
4 23 [2][3]
$405B000000000004,C049,40318
$405D000000000004,C047,4033000000000001
3 3 ->
4 4 36
4 5 139
4 6 4
4 7 0
4 8 [2][2]
$0,0
$400921FB54442D18,3FF800000000001
4 24 ->
5 25 [4][3]
$3FF,8,8
$0,3FF,8
$0,0,3FF
$405C000000000004,C059,40318
5 26 4010000000000004
4 16 ->
5 17 141
5 18 1
5 19 [2][2]
$0,0
$400921FB54442D18,3FF800000000001
4 20 NULL
4 21 143
4 22 -1
4 23 [2][3]
$405B000000000004,C059,40318
$405D000000000004,C058,4033000000000001
3 3 ->
4 4 34
4 5 143
4 6 4
4 7 0
4 8 [2][2]
$0,0
$3FF800000000001,4072C
4 30 ->
5 31 [4][3]
$0,0,BFF
$0,3FF,0
$3FF,8,0
$405A400000000005,C062C,40318
4 16 ->
5 17 145
5 18 1
5 19 [2][2]
$0,0
$3FF800000000001,4072C
4 20 NULL
4 21 147
4 22 1
4 23 [2][3]
$405A400000000005,C062C,40318
$405A400000000005,4062C,4033000000000001
3 3 ->
4 4 36
4 5 147
4 6 4
4 7 0
4 8 [2][2]
$0,0
$400921FB54442D18,3FF800000000001
4 24 ->
5 25 [4][3]
$3FF,8,8
$0,3FF,8
$0,0,3FF
$C05BFFFFFFFFFFFC,4048FFFFFFFFFFFE,40318
5 26 400FFFFFFFFFFFE9
4 16 ->
5 17 149
5 18 1
5 19 [2][2]
$0,0
$400921FB54442D18,3FF800000000001
4 20 NULL
4 21 151
4 22 -1
4 23 [2][3]
$C05CFFFFFFFFFFFC,4048FFFFFFFFFFFE,40318
$C05AFFFFFFFFFFFD,404AFFFFFFFFFFFD,4033000000000001
3 3 ->
4 4 36
4 5 151
4 6 4
4 7 0
4 8 [2][2]
$0,0
$400921FB54442D18,3FF800000000001
4 24 ->
5 25 [4][3]
$3FF,8,8
$0,3FF,8
$0,0,3FF
$C05BFFFFFFFFFFFC,0,40318
5 26 4010000000000004
4 16 ->
5 17 153
5 18 1
5 19 [2][2]
$0,0
$400921FB54442D18,3FF800000000001
4 20 NULL
4 21 155
4 22 -1
4 23 [2][3]
$C05CFFFFFFFFFFFD,0,40318
$C05AFFFFFFFFFFFC,4010000000000004,4033000000000001
3 3 ->
4 4 36
4 5 155
4 6 4
4 7 0
4 8 [2][2]
$0,0
$400921FB54442D18,3FF800000000001
4 24 ->
5 25 [4][3]
$3FF,8,8
$0,3FF,8
$0,0,3FF
$C05BFFFFFFFFFFFC,C049,40318
5 26 4010000000000004
4 16 ->
5 17 157
5 18 1
5 19 [2][2]
$0,0
$400921FB54442D18,3FF800000000001
4 20 NULL
4 21 159
4 22 -1
4 23 [2][3]
$C05CFFFFFFFFFFFD,C049,40318
$C05AFFFFFFFFFFFC,C047,4033000000000001
3 3 ->
4 4 36
4 5 159
4 6 4
4 7 0
4 8 [2][2]
$0,0
$400921FB54442D18,3FF800000000001
4 24 ->
5 25 [4][3]
$3FF,8,8
$0,3FF,8
$0,0,3FF
$C05BFFFFFFFFFFFC,C059,40318
5 26 4010000000000004
4 16 ->
5 17 161
5 18 1
5 19 [2][2]
$0,0
$400921FB54442D18,3FF800000000001
4 20 NULL
4 21 163
4 22 -1
4 23 [2][3]
$C05CFFFFFFFFFFFD,C059,40318
$C05AFFFFFFFFFFFC,C058,4033000000000001
3 3 ->
4 4 36
4 5 163
4 6 4
4 7 0
4 8 [2][2]
$0,0
$400921FB54442D18,3FF800000000001
4 24 ->
5 25 [4][3]
$3FF,8,8
$0,3FF,8
$0,0,3FF
$C05BFFFFFFFFFFFC,4058FFFFFFFFFFFF,40318
5 26 4010000000000004
4 16 ->
5 17 165
5 18 1
5 19 [2][2]
$0,0
$400921FB54442D18,3FF800000000001
4 20 NULL
4 21 167
4 22 -1
4 23 [2][3]
$C05CFFFFFFFFFFFD,4058FFFFFFFFFFFF,40318
$C05AFFFFFFFFFFFC,405A,4033000000000001
3 3 ->
4 4 34
4 5 167
4 6 4
4 7 0
4 8 [2][2]
$BFF800000000001,0
$0,4072C
4 30 ->
5 31 [4][3]
$0,8,3FF
$0,3FF,0
$BFF,0,0
$C05A400000000002,C062C,40318
4 16 ->
5 17 169
5 18 1
5 19 [2][2]
$BFF800000000001,0
$0,4072C
4 20 NULL
4 21 171
4 22 1
4 23 [2][3]
$C05A400000000002,C062C,40318
$C05A400000000002,4062C,4033000000000001
3 3 ->
4 4 34
4 5 171
4 6 4
4 7 0
4 8 [2][2]
$405DB17A47CA617E,C01D988A5DFFF5F6
$405E4E85B8359E7E,401D988A5DFFF5F6
4 30 ->
5 31 [4][3]
$3FF,0,0
$0,3FF,8
$8,0,3FF
$0,0,C00B333333333333
4 16 ->
5 17 173
5 18 1
5 19 [2][2]
$405DB17A47CA617E,C01D988A5DFFF5F6
$405E4E85B8359E7E,401D988A5DFFF5F6
4 20 NULL
4 21 175
4 22 -1
4 23 [2][3]
$405DB17897739B61,C01D98A5636C57C1,C00B33693E0BF6C8
$405E4E87688C649B,401D98A5636C57C1,C00B32FD285A6F9E
3 3 ->
4 4 34
4 5 175
4 6 4
4 7 0
4 8 [2][2]
$C024000000000001,C
$0,0
4 30 ->
5 31 [4][3]
$0,3FF,0
$0,8,3FF
$3FF,0,8
$C041000000000004,4021E3779B97F4A8,C027FFFFFFFFFFFF
4 16 ->
5 17 177
5 18 1
5 19 [2][2]
$C024000000000001,C
$0,0
4 20 NULL
4 21 179
4 22 -1
4 23 [2][3]
$C04200291742CB69,4021E2D33E8CC717,C03600522E8596C8
$C040FFD6E8BD349F,4021E41BF8A3223B,C027FFF27D49CF1A
3 3 ->
4 4 34
4 5 179
4 6 4
4 7 0
4 8 [2][2]
$0,C021E3779B97F4A7
$4024000000000001,0
4 30 ->
5 31 [4][3]
$8,0,3FF
$0,3FF,0
$BFF,0,8
$C041000000000004,4021E3779B97F4A8,C027FFFFFFFFFFFF
4 16 ->
5 17 181
5 18 1
5 19 [2][2]
$0,C021E3779B97F4A7
$4024000000000001,0
4 20 NULL
4 21 183
4 22 -1
4 23 [2][3]
$C04100291742CB69,BF1B056C61DC04B1,C03600522E8596C8
$C040FFD6E8BD349F,4021E41BF8A3223B,C027FFF27D49CF19
3 3 ->
4 4 34
4 5 183
4 6 4
4 7 0
4 8 [2][2]
$C024000000000001,C021E3779B97F4A7
$0,0
4 30 ->
5 31 [4][3]
$0,0,BFF
$0,3FF,0
$3FF,8,0
$C042000000000004,4021E3779B97F4A8,C027FFFFFFFFFFFF
4 16 ->
5 17 185
5 18 1
5 19 [2][2]
$C024000000000001,C021E3779B97F4A7
$0,0
4 20 NULL
4 21 187
4 22 -1
4 23 [2][3]
$C04200291742CB69,BF1B056C61DC04B1,C03600522E8596C8
$C041FFD6E8BD34A,4021E41BF8A3223B,C027FFF27D49CF19
3 3 ->
4 4 34
4 5 187
4 6 4
4 7 0
4 8 [2][2]
$0,C
$4024000000000001,0
4 30 ->
5 31 [4][3]
$0,3FF,0
$8,0,BFF
$BFF,0,0
$C041000000000004,3CD8F736EAFABA2F,C027FFFFFFFFFFFF
4 16 ->
5 17 189
5 18 1
5 19 [2][2]
$0,C
$4024000000000001,0
4 20 NULL
4 21 191
4 22 -1
4 23 [2][3]
$C042000360AD8C4,BF1B056C61DC04B1,C0360006C15B1878
$C040FFFC9F5273C8,3F1B056C61DF2398,C027FFF27D49CF19
3 3 ->
4 4 34
4 5 191
4 6 4
4 7 0
4 8 [2][2]
$C05EE00000000004,C062C
$C05A400000000005,4062C
4 30 ->
5 31 [4][3]
$BFF,0,0
$0,3FF,0
$8,0,BFF
$0,0,40318
4 16 ->
5 17 193
5 18 1
5 19 [2][2]
$C05EE00000000004,C062C
$C05A400000000005,4062C
4 20 ->
5 17 195
5 18 -1
5 19 [2][2]
$C05EE00000000004,C062C
$C05A400000000005,4062C
4 20 ->
5 17 197
5 18 -1
5 19 [2][2]
$C05EE00000000004,C062C
$C05A400000000005,4062C
4 20 ->
5 17 199
5 18 -1
5 19 [2][2]
$C05EE00000000004,C062C
$C05A400000000005,4062C
4 20 ->
5 17 201
5 18 -1
5 19 [2][2]
$C05EE00000000004,C062C
$C05A400000000005,4062C
4 20 ->
5 17 203
5 18 -1
5 19 [2][2]
$C05EE00000000004,C062C
$C05A400000000005,4062C
4 20 NULL
4 21 205
4 22 1
4 23 [2][3]
$405A400000000005,C062C,40318
$405EE00000000004,4062C,40318
3 3 ->
4 4 34
4 5 205
4 6 4
4 7 0
4 8 [2][2]
$C031800000000001,C0327FFFFFFFFFFC
$0,3FF8
4 30 ->
5 31 [4][3]
$0,3FF,0
$8,0,3FF
$3FF,8,0
$405EE00000000004,C062C,4033000000000001
4 16 ->
5 17 207
5 18 1
5 19 [2][2]
$C031800000000001,C0327FFFFFFFFFFC
$0,3FF8
4 20 NULL
4 21 209
4 22 -1
4 23 [2][3]
$405A400000000005,C062C,3FF8000000000004
$405F400000000004,C062C,4033000000000001
3 3 ->
4 4 34
4 5 209
4 6 4
4 7 0
4 8 [2][2]
$405A400000000005,C062C
$405F400000000004,4062C
4 30 ->
5 31 [4][3]
$3FF,8,0
$0,3FF,0
$8,0,3FF
$0,0,4033000000000001
4 16 ->
5 17 211
5 18 1
5 19 [2][2]
$405A400000000005,C062C
$405F400000000004,4062C
4 20 ->
5 17 213
5 18 -1
5 19 [2][2]
$405A400000000005,C062C
$405F400000000004,4062C
4 20 ->
5 17 215
5 18 -1
5 19 [2][2]
$405A400000000005,C062C
$405F400000000004,4062C
4 20 ->
5 17 217
5 18 -1
5 19 [2][2]
$405A400000000005,C062C
$405F400000000004,4062C
4 20 ->
5 17 219
5 18 -1
5 19 [2][2]
$405A400000000005,C062C
$405F400000000004,4062C
4 20 ->
5 17 221
5 18 -1
5 19 [2][2]
$405A400000000005,C062C
$405F400000000004,4062C
4 20 NULL
4 21 223
4 22 1
4 23 [2][3]
$405A400000000005,C062C,4033000000000001
$405F400000000004,4062C,4033000000000001
3 3 ->
4 4 34
4 5 223
4 6 4
4 7 0
4 8 [2][2]
$0,C0327FFFFFFFFFFC
$4031800000000001,3FF8
4 30 ->
5 31 [4][3]
$0,3FF,0
$8,0,BFF
$BFF,0,0
$405EE00000000004,4062C,4033000000000001
4 16 ->
5 17 225
5 18 1
5 19 [2][2]
$0,C0327FFFFFFFFFFC
$4031800000000001,3FF8
4 20 NULL
4 21 227
4 22 -1
4 23 [2][3]
$405A400000000005,4062C,3FF8000000000004
$405F400000000004,4062C,4033000000000001
3 3 ->
4 4 34
4 5 227
4 6 4
4 7 0
4 8 [2][2]
$C05EDFFFFFFFFFFC,C062C
$C05A400000000002,4062C
4 30 ->
5 31 [4][3]
$3FF,8,0
$0,3FF,0
$8,0,3FF
$0,0,40318
4 16 ->
5 17 169
5 18 1
5 19 [2][2]
$C05EDFFFFFFFFFFC,C062C
$C05A400000000002,4062C
4 20 ->
5 17 81
5 18 -1
5 19 [2][2]
$C05EDFFFFFFFFFFC,C062C
$C05A400000000002,4062C
4 20 ->
5 17 85
5 18 -1
5 19 [2][2]
$C05EDFFFFFFFFFFC,C062C
$C05A400000000002,4062C
4 20 ->
5 17 89
5 18 -1
5 19 [2][2]
$C05EDFFFFFFFFFFC,C062C
$C05A400000000002,4062C
4 20 ->
5 17 93
5 18 -1
5 19 [2][2]
$C05EDFFFFFFFFFFC,C062C
$C05A400000000002,4062C
4 20 ->
5 17 97
5 18 -1
5 19 [2][2]
$C05EDFFFFFFFFFFC,C062C
$C05A400000000002,4062C
4 20 NULL
4 21 229
4 22 -1
4 23 [2][3]
$C05EDFFFFFFFFFFC,C062C,40318
$C05A400000000002,4062C,40318
3 3 ->
4 4 34
4 5 229
4 6 4
4 7 0
4 8 [2][2]
$0,0
$4031800000000001,4033FFFFFFFFFFE8
4 30 ->
5 31 [4][3]
$0,3FF,0
$8,0,BFF
$BFF,0,0
$C05F3FFFFFFFFFFC,4062C,4033000000000001
4 16 ->
5 17 231
5 18 1
5 19 [2][2]
$0,0
$4031800000000001,4033FFFFFFFFFFE8
4 20 NULL
4 21 233
4 22 -1
4 23 [2][3]
$C05F3FFFFFFFFFFC,4062C,3FF8000000000004
$C05A400000000002,4062C,4033000000000001
3 3 ->
4 4 34
4 5 233
4 6 4
4 7 0
4 8 [2][2]
$C05F3FFFFFFFFFFC,C062C
$C05A400000000002,4062C
4 30 ->
5 31 [4][3]
$3FF,8,0
$0,3FF,0
$8,0,3FF
$0,0,4033000000000001
4 16 ->
5 17 235
5 18 1
5 19 [2][2]
$C05F3FFFFFFFFFFC,C062C
$C05A400000000002,4062C
4 20 ->
5 17 237
5 18 -1
5 19 [2][2]
$C05F3FFFFFFFFFFC,C062C
$C05A400000000002,4062C
4 20 ->
5 17 239
5 18 -1
5 19 [2][2]
$C05F3FFFFFFFFFFC,C062C
$C05A400000000002,4062C
4 20 ->
5 17 241
5 18 -1
5 19 [2][2]
$C05F3FFFFFFFFFFC,C062C
$C05A400000000002,4062C
4 20 ->
5 17 243
5 18 -1
5 19 [2][2]
$C05F3FFFFFFFFFFC,C062C
$C05A400000000002,4062C
4 20 ->
5 17 245
5 18 -1
5 19 [2][2]
$C05F3FFFFFFFFFFC,C062C
$C05A400000000002,4062C
4 20 NULL
4 21 247
4 22 1
4 23 [2][3]
$C05F3FFFFFFFFFFC,C062C,4033000000000001
$C05A400000000002,4062C,4033000000000001
3 3 ->
4 4 34
4 5 247
4 6 4
4 7 0
4 8 [2][2]
$C031800000000001,0
$0,4033FFFFFFFFFFE8
4 30 ->
5 31 [4][3]
$0,3FF,0
$8,0,3FF
$3FF,8,0
$C05F3FFFFFFFFFFC,C062C,4033000000000001
4 16 ->
5 17 249
5 18 1
5 19 [2][2]
$C031800000000001,0
$0,4033FFFFFFFFFFE8
4 20 NULL
4 21 251
4 22 -1
4 23 [2][3]
$C05F3FFFFFFFFFFC,C062C,3FF8000000000004
$C05A400000000002,C062C,4033000000000001
3 3 ->
4 4 34
4 5 251
4 6 4
4 7 0
4 8 [2][2]
$BFF7FFFFFFFFFFFE,C003A16E0D67A
$0,0
4 30 ->
5 31 [4][3]
$0,3FF,0
$0,8,3FF
$3FF,0,8
$405E4E85B8359E7E,401D988A5DFFF5F6,C00B333333333333
4 16 ->
5 17 253
5 18 1
5 19 [2][2]
$BFF7FFFFFFFFFFFE,C003A16E0D67A
$0,0
4 20 NULL
4 21 255
4 22 -1
4 23 [2][3]
$405DB17897739B61,401D986F5893942A,C01399A02752546
$405E4E87688C649B,401D98A5636C57C1,C00B32FD285A6F9E
3 3 ->
4 4 34
4 5 255
4 6 4
4 7 0
4 8 [2][2]
$0,C003A16E0D67A
$3FF7FFFFFFFFFFFE,0
4 30 ->
5 31 [4][3]
$0,3FF,0
$8,0,BFF
$BFF,0,0
$405E4E85B8359E7E,C01D988A5DFFF5F6,C00B333333333333
4 16 ->
5 17 257
5 18 1
5 19 [2][2]
$0,C003A16E0D67A
$3FF7FFFFFFFFFFFE,0
4 20 NULL
4 21 259
4 22 -1
4 23 [2][3]
$405DB17897739B61,C01D98A5636C57C1,C01399A02752546
$405E4E87688C649B,C01D986F5893942A,C00B32FD285A6F9E
3 3 ->
4 4 34
4 5 259
4 6 4
4 7 0
4 8 [2][2]
$BFF7FFFFFFFFFFFE,0
$0,402D988A5DFFF5F6
4 30 ->
5 31 [4][3]
$0,0,BFF
$0,3FF,0
$3FF,8,0
$405DB17A47CA617E,C01D988A5DFFF5F6,C00B333333333333
4 16 ->
5 17 261
5 18 1
5 19 [2][2]
$BFF7FFFFFFFFFFFE,0
$0,402D988A5DFFF5F6
4 20 NULL
4 21 263
4 22 -1
4 23 [2][3]
$405DB17897739B61,C01D98A5636C57C1,C01399A02752546
$405DB17BF821279B,401D98A5636C57C1,C00B32FD285A6F9E
3 3 ->
4 4 34
4 5 263
4 6 4
4 7 0
4 8 [2][2]
$0,BCF
$3FF7FFFFFFFFFFFE,402D988A5DFFF5F8
4 30 ->
5 31 [4][3]
$0,8,3FF
$0,3FF,0
$BFF,0,0
$405E4E85B8359E7E,C01D988A5DFFF5F6,C00B333333333333
4 16 ->
5 17 265
5 18 1
5 19 [2][2]
$0,BCF
$3FF7FFFFFFFFFFFE,402D988A5DFFF5F8
4 20 NULL
4 21 267
4 22 -1
4 23 [2][3]
$405E4E8407DED861,C01D98A5636C57C1,C01399A02752546
$405E4E87688C649B,401D98A5636C57C1,C00B32FD285A6F9E
3 3 ->
4 4 34
4 5 267
4 6 4
4 7 0
4 8 [2][2]
$BFF03126E978D502,4021E3779B97F4A8
$3FF03126E978D502,4022003A9C2E5E74
4 30 ->
5 31 [4][3]
$BFF,0,0
$0,3FF,0
$8,0,BFF
$C041800000000004,0,C036
4 16 ->
5 17 269
5 18 1
5 19 [2][2]
$BFF03126E978D502,4021E3779B97F4A8
$3FF03126E978D502,4022003A9C2E5E74
4 20 NULL
4 21 271
4 22 1
4 23 [2][3]
$C04200291742CB69,4021E2D33E8CC717,C03600522E8596C8
$C040FFD6E8BD349F,402200B2891A3167,C035FFADD17A6935
3 3 ->
4 4 34
4 5 271
4 6 4
4 7 0
4 8 [2][2]
$C022374BC6A7EF9F,C022372327D1CF45
$4022374BC6A7EFA2,40221A979399186F
4 30 ->
5 31 [4][3]
$BFF,0,0
$0,3FF,0
$8,0,BFF
$C041800000000004,0,C036
4 16 ->
5 17 273
5 18 1
5 19 [2][2]
$C022374BC6A7EF9F,C022372327D1CF45
$4022374BC6A7EFA2,40221A979399186F
4 20 NULL
4 21 275
4 22 1
4 23 [2][3]
$C04600291742CB6A,C02200A706DAE8EF,C03600522E8596C9
$C039FFADD17A693F,4021E41BF8A3223B,C035FFADD17A6935
3 3 ->
4 4 34
4 5 275
4 6 4
4 7 0
4 8 [2][2]
$3FF800000000001,0
$4031800000000001,4072C
4 30 ->
5 31 [4][3]
$0,8,3FF
$0,3FF,0
$BFF,0,0
$405EE00000000004,C062C,4033000000000001
4 16 ->
5 17 277
5 18 1
5 19 [2][2]
$3FF800000000001,0
$4031800000000001,4072C
4 20 NULL
4 21 279
4 22 -1
4 23 [2][3]
$405EE00000000004,C062C,3FF8000000000004
$405EE00000000004,4062C,40318
3 3 ->
4 4 34
4 5 279
4 6 4
4 7 0
4 8 [2][2]
$C031800000000001,0
$0,4072C
4 30 ->
5 31 [4][3]
$0,0,BFF
$0,3FF,0
$3FF,8,0
$405F400000000004,C062C,4033000000000001
4 16 ->
5 17 281
5 18 1
5 19 [2][2]
$C031800000000001,0
$0,4072C
4 20 NULL
4 21 283
4 22 -1
4 23 [2][3]
$405F400000000004,C062C,3FF8000000000004
$405F400000000004,4062C,4033000000000001
3 3 ->
4 4 34
4 5 283
4 6 4
4 7 0
4 8 [2][2]
$C031800000000001,0
$BFF800000000001,4072C
4 30 ->
5 31 [4][3]
$0,0,BFF
$0,3FF,0
$3FF,8,0
$C05EDFFFFFFFFFFC,C062C,4033000000000001
4 16 ->
5 17 249
5 18 1
5 19 [2][2]
$C031800000000001,0
$BFF800000000001,4072C
4 20 NULL
4 21 285
4 22 -1
4 23 [2][3]
$C05EDFFFFFFFFFFC,C062C,3FF8000000000004
$C05EDFFFFFFFFFFC,4062C,40318
3 3 ->
4 4 34
4 5 285
4 6 4
4 7 0
4 8 [2][2]
$0,0
$4031800000000001,4072C
4 30 ->
5 31 [4][3]
$0,8,3FF
$0,3FF,0
$BFF,0,0
$C05F3FFFFFFFFFFC,C062C,4033000000000001
4 16 ->
5 17 287
5 18 1
5 19 [2][2]
$0,0
$4031800000000001,4072C
4 20 NULL
4 21 289
4 22 -1
4 23 [2][3]
$C05F3FFFFFFFFFFC,C062C,3FF8000000000004
$C05F3FFFFFFFFFFC,4062C,4033000000000001
3 3 ->
4 4 34
4 5 289
4 6 4
4 7 0
4 8 [2][2]
$BFF3DDBC2C491F9F,401D988A5DFFF5F6
$3FF3DDBC2C491FDF,401E009EE9EE97A5
4 30 ->
5 31 [4][3]
$BFF,0,0
$0,3FF,0
$8,0,BFF
$405DFFFFFFFFFFFE,0,C013999999999999
4 16 ->
5 17 291
5 18 1
5 19 [2][2]
$BFF3DDBC2C491F9F,401D988A5DFFF5F6
$3FF3DDBC2C491FDF,401E009EE9EE97A5
4 20 NULL
4 21 293
4 22 1
4 23 [2][3]
$405DB17A47CA617E,401D988A5DFFF5F6,C013999999999999
$405E4E85B8359E7D,401E000000000008,C013999999999999
3 3 ->
4 4 34
4 5 293
4 6 4
4 7 0
4 8 [2][2]
$BFF3DDBC2C491F9F,C01E009EE9EE97A5
$3FF3DDBC2C491FDF,C01D988A5DFFF5F5
4 30 ->
5 31 [4][3]
$BFF,0,0
$0,3FF,0
$8,0,BFF
$405DFFFFFFFFFFFE,0,C013999999999999
4 16 ->
5 17 295
5 18 1
5 19 [2][2]
$BFF3DDBC2C491F9F,C01E009EE9EE97A5
$3FF3DDBC2C491FDF,C01D988A5DFFF5F5
4 20 NULL
4 21 297
4 22 1
4 23 [2][3]
$405DB17A47CA617E,C01E000000000008,C013999999999999
$405E4E85B8359E7D,C01D988A5DFFF5F5,C013999999999999
3 3 ->
4 4 34
4 5 297
4 6 4
4 7 0
4 8 [2][2]
$3FF3A16E0D67A,C01DF3757FE55618
$401E268AB70517B2,401DF3757FE55619
4 30 ->
5 31 [4][3]
$BFF,0,0
$0,3FF,0
$8,0,BFF
$405DFFFFFFFFFFFE,0,C013999999999999
4 16 ->
5 17 299
5 18 1
5 19 [2][2]
$3FF3A16E0D67A,C01DF3757FE55618
$401E268AB70517B2,401DF3757FE55619
4 20 NULL
4 21 301
4 22 1
4 23 [2][3]
$405C1FFFFFFFFFFD,C01D988A5DFFF5F5,C013999999999999
$405DB17A47CA617E,401D988A5DFFF5F6,C013999999999999
3 3 ->
4 4 34
4 5 301
4 6 4
4 7 0
4 8 [2][2]
$C01E268AB70517B2,C01DF3757FE5561D
$BFF3A16E0D679FC,401DF3757FE5561D
4 30 ->
5 31 [4][3]
$BFF,0,0
$0,3FF,0
$8,0,BFF
$405DFFFFFFFFFFFE,0,C013999999999999
4 16 ->
5 17 303
5 18 1
5 19 [2][2]
$C01E268AB70517B2,C01DF3757FE5561D
$BFF3A16E0D679FC,401DF3757FE5561D
4 20 NULL
4 21 305
4 22 1
4 23 [2][3]
$405E4E85B8359E7D,C01D988A5DFFF5FA,C013999999999999
$405FDFFFFFFFFFFE,401D988A5DFFF5FA,C013999999999999
3 3 ->
4 4 45
4 5 305
4 6 4
4 7 0
4 8 [2][2]
$0,0
$3FF,3FF
4 9 ->
5 10 [2]
$0,0
5 11 [2]
$3,3
5 12 [8]
$0,0,0,0,3FF,3FF,3FF,3FF
5 13 [8]
$0,0,0,0,3FF,3FF,3FF,3FF
5 14 [16]
$3FF,3FD5555555555557,3FD5555555555557,3FF,3FE9C06999AA27DD,3FD12AF1111C1A95,3FD12AF1111C1A95,3FE9C06999AA27DD,3FE9C06999AA27DD,3FD12AF1111C1A95,
$3FD12AF1111C1A95,3FE9C06999AA27DD,3FF,3FD5555555555557,3FD5555555555557,3FF
5 15 [16][3]
$C046000000000005,0,C036
$C02D55555555555E,4018000000000001,C01D555555555557
$C02155555555555D,4018000000000001,C01D555555555557
$C03A000000000008,3CD3DAEAF976E78B,C036
$C042E1FB8450F134,0,C031B44899A4FB68
$C0292D4F5B1696F2,4019995EC17F6764,C0179B0B7786A48C
$C018C13FF4ADC67C,4019995EC17F6764,C0179B0B7786A48C
$C03290EFF78254DB,3CD52D96C1FF0B2B,C031B44899A4FB68
$C043B750D9A64689,0,C030099DEEFA50BC
$C02A49C1223308B9,401E0B25DDF12E7F,C0156227E94DC0FE
$C016885C6674E2EC,401E0B25DDF12E7F,C0156227E94DC0FE
$C030E6454CD7AA3,3CD8DADEB74DF3AB,C030099DEEFA50BC
$C048800000000004,0,C030FFFFFFFFFFFF
$C03055555555555A,4022AAAAAAAAAAAA,C016AAAAAAAAAAAB
$C01C00000000001,4022AAAAAAAAAAAA,C016AAAAAAAAAAAB
$C035000000000009,3CDEE2C2D963A10D,C030FFFFFFFFFFFF
4 16 ->
5 17 307
5 18 1
5 19 [2][2]
$0,0
$3FF,3FF
4 20 NULL
4 21 309
4 22 1
4 23 [2][3]
$C048800837DA28B2,BF306FB4515B8C6A,C03600106FB4515B
$C034FFEF904BAEAE,402C0020DF68A2B6,C030FFEF904BAEA4
3 3 ->
4 4 34
4 5 309
4 6 4
4 7 0
4 8 [2][2]
$403FFFFFFFFFFFF4,C02D64D51E0DB1C4
$4042FFFFFFFFFFFD,402D64D51E0DB1C4
4 30 ->
5 31 [4][3]
$3FF,0,0
$0,3FF,8
$8,0,3FF
$0,0,C03B
4 16 ->
5 17 311
5 18 1
5 19 [2][2]
$403FFFFFFFFFFFF4,C02D64D51E0DB1C4
$4042FFFFFFFFFFFD,402D64D51E0DB1C4
4 20 NULL
4 21 313
4 22 -1
4 23 [2][3]
$403FFFF93EA4E77B,C02D64E2A0C3E2A9,C03B0006C15B187C
$4043000360AD8C36,402D64E2A0C3E2BD,C03AFFF93EA4E784
3 3 ->
4 4 34
4 5 313
4 6 4
4 7 0
4 8 [2][2]
$C063D79435E50D78,C0678FFFFFFFFFFE
$4063D79435E50D78,40678FFFFFFFFFFE
4 30 ->
5 31 [4][3]
$BFF,0,0
$0,3FF,0
$8,0,BFF
$0,0,3FF8
4 16 ->
5 17 315
5 18 1
5 19 [2][2]
$C063D79435E50D78,C0678FFFFFFFFFFE
$4063D79435E50D78,40678FFFFFFFFFFE
4 20 ->
5 17 317
5 18 -1
5 19 [2][2]
$C063D79435E50D78,C0678FFFFFFFFFFE
$4063D79435E50D78,40678FFFFFFFFFFE
4 20 ->
5 17 319
5 18 -1
5 19 [2][2]
$C063D79435E50D78,C0678FFFFFFFFFFE
$4063D79435E50D78,40678FFFFFFFFFFE
4 20 ->
5 17 321
5 18 -1
5 19 [2][2]
$C063D79435E50D78,C0678FFFFFFFFFFE
$4063D79435E50D78,40678FFFFFFFFFFE
4 20 NULL
4 21 323
4 22 -1
4 23 [2][3]
$C063D79435E50D78,C0678FFFFFFFFFFE,3FF7FFFFFFFFFFFE
$4063D79435E50D78,40678FFFFFFFFFFE,3FF8000000000004
3 3 ->
4 4 36
4 5 323
4 6 4
4 7 0
4 8 [2][2]
$0,0
$400921FB54442D18,3FB99999999999C
4 24 ->
5 25 [4][3]
$BFF,0,8
$0,3FF,8
$0,8,BFF
$405DFFFFFFFFFFFE,0,C013999999999999
5 26 401E000000000008
4 16 ->
5 17 325
5 18 1
5 19 [2][2]
$0,0
$400921FB54442D18,3FB99999999999C
4 20 NULL
4 21 327
4 22 -1
4 23 [2][3]
$405C1FFFFFFFFFFD,0,C014
$405FDFFFFFFFFFFE,401E000000000008,C013999999999999
3 3 ->
4 4 36
4 5 327
4 6 4
4 7 0
4 8 [2][2]
$400921FB54442D18,4014000000000004
$401921FB54442D18,4024
4 24 ->
5 25 [4][3]
$3FEFFFFFFFFFFFFF,8,8
$0,3FEFFFFFFFFFFFFF,8
$0,0,3FF
$C041800000000004,0,C036
5 26 402BFFFFFFFFFFFF
4 16 ->
5 17 329
5 18 1
5 19 [2][2]
$400921FB54442D18,4014000000000004
$401921FB54442D18,4024
4 20 NULL
4 21 331
4 22 1
4 23 [2][3]
$C048800000000004,C02BFFFFFFFFFFFF,C030FFFFFFFFFFFF
$C035000000000009,3CDEE2C2D963A10C,C028
3 3 ->
4 4 34
4 5 331
4 6 4
4 7 0
4 8 [2][2]
$0,C018000000000018
$402E,3D1
4 30 ->
5 31 [4][3]
$0,3FF,0
$8,0,3FF
$3FF,8,0
$4042FFFFFFFFFFFD,C02D64D51E0DB1C4,C03B
4 16 ->
5 17 333
5 18 1
5 19 [2][2]
$0,C018000000000018
$402E,3D1
4 20 NULL
4 21 335
4 22 -1
4 23 [2][3]
$403FFFF93EA4E786,C02D64E2A0C3E2A9,C03B0006C15B1873
$4043000360AD8C36,C02D64C79B5780DF,C027FFFCB923A29C
3 3 ->
4 4 34
4 5 335
4 6 4
4 7 0
4 8 [2][2]
$C02E,0
$0,403D64D51E0DB1C4
4 30 ->
5 31 [4][3]
$0,0,3FF
$0,3FF,8
$BFF,0,0
$403FFFFFFFFFFFF8,C02D64D51E0DB1C4,C03B
4 16 ->
5 17 337
5 18 1
5 19 [2][2]
$C02E,0
$0,403D64D51E0DB1C4
4 20 NULL
4 21 339
4 22 -1
4 23 [2][3]
$403FFFF93EA4E77B,C02D64E2A0C3E2A9,C03B0006C15B187C
$4040000360AD8C39,402D64E2A0C3E2BD,C027FFFCB923A29C
3 3 ->
4 4 34
4 5 339
4 6 4
4 7 0
4 8 [2][2]
$0,BCE
$402E,403D64D51E0DB1C4
4 30 ->
5 31 [4][3]
$0,0,BFF
$0,3FF,0
$3FF,8,0
$4042FFFFFFFFFFFD,C02D64D51E0DB1C4,C03B
4 16 ->
5 17 341
5 18 1
5 19 [2][2]
$0,BCE
$402E,403D64D51E0DB1C4
4 20 NULL
4 21 343
4 22 -1
4 23 [2][3]
$4042FFFC9F5273C4,C02D64E2A0C3E2A9,C03B0006C15B1873
$4043000360AD8C36,402D64E2A0C3E2A9,C027FFFCB923A29C
3 3 ->
4 4 34
4 5 343
4 6 4
4 7 0
4 8 [2][2]
$C02E,C018000000000018
$0,3D1
4 30 ->
5 31 [4][3]
$0,3FF,0
$8,0,BFF
$BFF,0,0
$4042FFFFFFFFFFFD,402D64D51E0DB1C4,C03B
4 16 ->
5 17 345
5 18 1
5 19 [2][2]
$C02E,C018000000000018
$0,3D1
4 20 NULL
4 21 347
4 22 -1
4 23 [2][3]
$403FFFF93EA4E77B,402D64C79B5780CB,C03B0006C15B187C
$4043000360AD8C36,402D64E2A0C3E2BD,C027FFFCB923A29C
3 3 ->
4 4 34
4 5 347
4 6 4
4 7 0
4 8 [2][2]
$C031800000000001,C03A
$0,0
4 30 ->
5 31 [4][3]
$0,0,BFF
$0,3FF,0
$3FF,8,0
$C062600000000001,C055C00000000003,4033000000000001
4 16 ->
5 17 349
5 18 1
5 19 [2][2]
$C031800000000001,C03A
$0,0
4 20 NULL
4 21 351
4 22 -1
4 23 [2][3]
$C062600000000001,C05C400000000003,3FF8000000000004
$C062600000000001,C055C00000000003,4033000000000001
3 3 ->
4 4 34
4 5 351
4 6 4
4 7 0
4 8 [2][2]
$C031800000000001,C02779435E50D77
$0,0
4 30 ->
5 31 [4][3]
$0,3FF,0
$0,8,3FF
$3FF,0,8
$C062600000000001,C05C400000000003,4033000000000001
4 16 ->
5 17 353
5 18 1
5 19 [2][2]
$C031800000000001,C02779435E50D77
$0,0
4 20 ->
5 17 355
5 18 -1
5 19 [2][2]
$C031800000000001,C02779435E50D77
$0,0
4 20 NULL
4 21 357
4 22 -1
4 23 [2][3]
$C063D79435E50D78,C05C400000000003,3FF8000000000003
$C062600000000001,C05C400000000003,4033000000000001
3 3 ->
4 4 34
4 5 357
4 6 4
4 7 0
4 8 [2][2]
$0,0
$4031800000000001,4052DFFFFFFFFFF9
4 30 ->
5 31 [4][3]
$0,8,3FF
$0,3FF,0
$BFF,0,0
$C063D79435E50D78,C0678FFFFFFFFFFE,4033000000000001
4 16 ->
5 17 359
5 18 1
5 19 [2][2]
$0,0
$4031800000000001,4052DFFFFFFFFFF9
4 20 NULL
4 21 361
4 22 1
4 23 [2][3]
$C063D79435E50D78,C0678FFFFFFFFFFE,3FF8000000000003
$C063D79435E50D78,C05C400000000003,4033000000000001
3 3 ->
4 4 34
4 5 361
4 6 4
4 7 0
4 8 [2][2]
$C031800000000001,0
$0,4073D79435E50D78
4 30 ->
5 31 [4][3]
$0,3FF,0
$8,0,3FF
$3FF,8,0
$C063D79435E50D78,C0678FFFFFFFFFFE,4033000000000001
4 16 ->
5 17 363
5 18 1
5 19 [2][2]
$C031800000000001,0
$0,4073D79435E50D78
4 20 NULL
4 21 365
4 22 1
4 23 [2][3]
$C063D79435E50D78,C0678FFFFFFFFFFE,3FF8000000000003
$4063D79435E50D78,C0678FFFFFFFFFFE,4033000000000001
3 3 ->
4 4 34
4 5 365
4 6 4
4 7 0
4 8 [2][2]
$C031800000000001,0
$0,40778FFFFFFFFFFE
4 30 ->
5 31 [4][3]
$0,0,BFF
$0,3FF,0
$3FF,8,0
$4063D79435E50D78,C0678FFFFFFFFFFE,4033000000000001
4 16 ->
5 17 367
5 18 1
5 19 [2][2]
$C031800000000001,0
$0,40778FFFFFFFFFFE
4 20 NULL
4 21 369
4 22 1
4 23 [2][3]
$4063D79435E50D78,C0678FFFFFFFFFFE,3FF8000000000003
$4063D79435E50D78,40678FFFFFFFFFFE,4033000000000001
3 3 ->
4 4 34
4 5 369
4 6 4
4 7 0
4 8 [2][2]
$0,0
$4031800000000001,4073D79435E50D78
4 30 ->
5 31 [4][3]
$0,3FF,0
$8,0,BFF
$BFF,0,0
$C063D79435E50D78,40678FFFFFFFFFFE,4033000000000001
4 16 ->
5 17 371
5 18 1
5 19 [2][2]
$0,0
$4031800000000001,4073D79435E50D78
4 20 NULL
4 21 373
4 22 1
4 23 [2][3]
$C063D79435E50D78,40678FFFFFFFFFFE,3FF8000000000003
$4063D79435E50D78,40678FFFFFFFFFFE,4033000000000001
3 3 ->
4 4 34
4 5 373
4 6 4
4 7 0
4 8 [2][2]
$0,4072D7FFFFFFFFFE
$4031800000000001,40778FFFFFFFFFFE
4 30 ->
5 31 [4][3]
$0,8,3FF
$0,3FF,0
$BFF,0,0
$C063D79435E50D78,C0678FFFFFFFFFFE,4033000000000001
4 16 ->
5 17 375
5 18 1
5 19 [2][2]
$0,4072D7FFFFFFFFFE
$4031800000000001,40778FFFFFFFFFFE
4 20 NULL
4 21 377
4 22 1
4 23 [2][3]
$C063D79435E50D78,405C3FFFFFFFFFFE,3FF8000000000003
$C063D79435E50D78,40678FFFFFFFFFFE,4033000000000001
3 3 ->
4 4 34
4 5 377
4 6 4
4 7 0
4 8 [2][2]
$0,0
$4031800000000001,402779435E50D77
4 30 ->
5 31 [4][3]
$0,3FF,0
$8,0,BFF
$BFF,0,0
$C063D79435E50D78,405C3FFFFFFFFFFD,4033000000000001
4 16 ->
5 17 379
5 18 1
5 19 [2][2]
$0,0
$4031800000000001,402779435E50D77
4 20 ->
5 17 381
5 18 -1
5 19 [2][2]
$0,0
$4031800000000001,402779435E50D77
4 20 NULL
4 21 383
4 22 -1
4 23 [2][3]
$C063D79435E50D78,405C3FFFFFFFFFFD,3FF8000000000004
$C062600000000001,405C3FFFFFFFFFFF,4033000000000001
3 3 ->
4 4 34
4 5 383
4 6 4
4 7 0
4 8 [2][2]
$C031800000000001,C03A000000000004
$0,0
4 30 ->
5 31 [4][3]
$0,0,BFF
$0,3FF,0
$3FF,8,0
$C062600000000001,405C3FFFFFFFFFFD,4033000000000001
4 16 ->
5 17 385
5 18 1
5 19 [2][2]
$C031800000000001,C03A000000000004
$0,0
4 20 NULL
4 21 387
4 22 -1
4 23 [2][3]
$C062600000000001,4055BFFFFFFFFFFC,3FF8000000000004
$C062600000000001,405C3FFFFFFFFFFD,4033000000000001
3 3 ->
4 4 34
4 5 387
4 6 4
4 7 0
4 8 [2][2]
$C031800000000001,C02779435E50D77
$0,0
4 30 ->
5 31 [4][3]
$0,3FF,0
$0,8,3FF
$3FF,0,8
$C062600000000001,4055BFFFFFFFFFFC,4033000000000001
4 16 ->
5 17 389
5 18 1
5 19 [2][2]
$C031800000000001,C02779435E50D77
$0,0
4 20 ->
5 17 391
5 18 -1
5 19 [2][2]
$C031800000000001,C02779435E50D77
$0,0
4 20 NULL
4 21 393
4 22 -1
4 23 [2][3]
$C063D79435E50D78,4055BFFFFFFFFFFA,3FF8000000000003
$C062600000000001,4055BFFFFFFFFFFD,4033000000000001
3 3 ->
4 4 34
4 5 393
4 6 4
4 7 0
4 8 [2][2]
$0,40595FFFFFFFFFF9
$4031800000000001,407137FFFFFFFFFE
4 30 ->
5 31 [4][3]
$0,8,3FF
$0,3FF,0
$BFF,0,0
$C063D79435E50D78,C0678FFFFFFFFFFE,4033000000000001
4 16 ->
5 17 395
5 18 1
5 19 [2][2]
$0,40595FFFFFFFFFF9
$4031800000000001,407137FFFFFFFFFE
4 20 NULL
4 21 397
4 22 1
4 23 [2][3]
$C063D79435E50D78,C055C00000000003,3FF8000000000003
$C063D79435E50D78,4055BFFFFFFFFFFC,4033000000000001
3 3 ->
4 4 34
4 5 397
4 6 4
4 7 0
4 8 [2][2]
$0,C031800000000001
$402779435E50D77,0
4 30 ->
5 31 [4][3]
$3FF,0,BCD54CEA30371A84
$BCD54CEA30371A84,0,BFF
$0,3FF,0
$C063D79435E50D78,C055C00000000003,4033000000000001
4 16 ->
5 17 399
5 18 1
5 19 [2][2]
$0,C031800000000001
$402779435E50D77,0
4 20 ->
5 17 401
5 18 -1
5 19 [2][2]
$0,C031800000000001
$402779435E50D77,0
4 20 NULL
4 21 403
4 22 -1
4 23 [2][3]
$C063D79435E50D78,C055C00000000003,3FF8000000000004
$C062600000000001,C055C00000000003,4033000000000001
3 3 ->
4 4 34
4 5 403
4 6 4
4 7 0
4 8 [2][2]
$C024F301806C50CE,C024F301806C50D2
$4024F301806C50CE,4024F301806C50D2
4 30 ->
5 31 [4][3]
$BFF,0,0
$0,3FF,0
$8,0,BFF
$405DFFFFFFFFFFFE,0,C014
4 16 ->
5 17 53
5 18 1
5 19 [2][2]
$C024F301806C50CE,C024F301806C50D2
$4024F301806C50CE,4024F301806C50D2
4 20 ->
5 17 405
5 18 -1
5 19 [2][2]
$C024F301806C50CE,C024F301806C50D2
$4024F301806C50CE,4024F301806C50D2
4 20 NULL
4 21 407
4 22 1
4 23 [2][3]
$405B6992C96F145D,C024B369B4875D04,C014
$40604B369B4875CF,4024B369B4875D04,C013FFFFFFFFFFFF
3 3 ->
4 4 34
4 5 407
4 6 4
4 7 0
4 8 [2][2]
$C02E5C28F5C28F5C,C02E5C28F5C28F5C
$402E5C28F5C28F5C,402E5C28F5C28F5C
4 30 ->
5 31 [4][3]
$BFF,0,0
$0,3FF,0
$8,0,BFF
$C041800000000004,0,C028
4 16 ->
5 17 49
5 18 1
5 19 [2][2]
$C02E5C28F5C28F5C,C02E5C28F5C28F5C
$402E5C28F5C28F5C,402E5C28F5C28F5C
4 20 ->
5 17 409
5 18 -1
5 19 [2][2]
$C02E5C28F5C28F5C,C02E5C28F5C28F5C
$402E5C28F5C28F5C,402E5C28F5C28F5C
4 20 NULL
4 21 411
4 22 1
4 23 [2][3]
$C049000000000004,C02E,C028
$C034000000000009,402E,C028
3 3 ->
4 4 34
4 5 411
4 6 4
4 7 0
4 8 [2][2]
$C00849BA5E353F8D,C02E00EE5659017E
$400849BA5E353FBD,C02D64D51E0DB1C3
4 30 ->
5 31 [4][3]
$BFF,0,0
$0,3FF,0
$8,0,BFF
$40417FFFFFFFFFFE,0,C028
4 16 ->
5 17 413
5 18 1
5 19 [2][2]
$C00849BA5E353F8D,C02E00EE5659017E
$400849BA5E353FBD,C02D64D51E0DB1C3
4 20 NULL
4 21 415
4 22 1
4 23 [2][3]
$403FFFFFFFFFFFF4,C02E,C028
$4042FFFFFFFFFFFF,C02D64D51E0DB1C3,C028
3 3 ->
4 4 34
4 5 415
4 6 4
4 7 0
4 8 [2][2]
$400800000000004,C02DBF21671E3E23
$402E24DD2F1A9FBE,402DBF21671E3E24
4 30 ->
5 31 [4][3]
$BFF,0,0
$0,3FF,0
$8,0,BFF
$40417FFFFFFFFFFE,0,C028
4 16 ->
5 17 417
5 18 1
5 19 [2][2]
$400800000000004,C02DBF21671E3E23
$402E24DD2F1A9FBE,402DBF21671E3E24
4 20 NULL
4 21 419
4 22 1
4 23 [2][3]
$4033FFFFFFFFFFFB,C02D64D51E0DB1C3,C028
$403FFFFFFFFFFFF4,402D64D51E0DB1C4,C028
3 3 ->
4 4 34
4 5 419
4 6 4
4 7 0
4 8 [2][2]
$C02E24DD2F1A9FBE,C02DBF21671E3E25
$C00800000000001,402DBF21671E3E25
4 30 ->
5 31 [4][3]
$BFF,0,0
$0,3FF,0
$8,0,BFF
$40417FFFFFFFFFFE,0,C028
4 16 ->
5 17 421
5 18 1
5 19 [2][2]
$C02E24DD2F1A9FBE,C02DBF21671E3E25
$C00800000000001,402DBF21671E3E25
4 20 NULL
4 21 423
4 22 1
4 23 [2][3]
$4042FFFFFFFFFFFF,C02D64D51E0DB1C5,C028
$4048FFFFFFFFFFFD,402D64D51E0DB1C5,C028
3 3 ->
4 4 34
4 5 423
4 6 4
4 7 0
4 8 [2][2]
$C00849BA5E353F8D,402D64D51E0DB1C4
$400849BA5E353FBD,402E00EE5659017E
4 30 ->
5 31 [4][3]
$BFF,0,0
$0,3FF,0
$8,0,BFF
$40417FFFFFFFFFFE,0,C028
4 16 ->
5 17 425
5 18 1
5 19 [2][2]
$C00849BA5E353F8D,402D64D51E0DB1C4
$400849BA5E353FBD,402E00EE5659017E
4 20 NULL
4 21 427
4 22 1
4 23 [2][3]
$403FFFFFFFFFFFF4,402D64D51E0DB1C4,C028
$4042FFFFFFFFFFFF,402E,C028
3 3 ->
4 4 36
4 5 427
4 6 4
4 7 0
4 8 [2][2]
$0,4069B504F333F9DE
$400921FB54442D18,406A1504F333F9DE
4 24 ->
5 25 [4][3]
$0,3FF,8
$0,0,3FF
$3FF,8,8
$C063600000000001,C05DAA09E667F3C,4019B851EB851EBC
5 26 3FFFFFFFFFFFFFF1
4 16 ->
5 17 429
5 18 1
5 19 [2][2]
$0,4069B504F333F9DE
$400921FB54442D18,406A1504F333F9DE
4 20 NULL
4 21 431
4 22 -1
4 23 [2][3]
$C063600000000001,4055BFFFFFFFFFFD,4011B851EB851EC
$C063200000000001,40567FFFFFFFFFFD,4020DC28F5C28F5C
3 3 ->
4 4 36
4 5 431
4 6 4
4 7 0
4 8 [2][2]
$0,406C9504F333F9DF
$400921FB54442D18,406CF504F333F9DF
4 24 ->
5 25 [4][3]
$0,3FF,8
$0,0,3FF
$3FF,8,8
$C063600000000001,C05DAA09E667F3C,4019B851EB851EBC
5 26 3FFFFFFFFFFFFFF1
4 16 ->
5 17 433
5 18 1
5 19 [2][2]
$0,406C9504F333F9DF
$400921FB54442D18,406CF504F333F9DF
4 20 NULL
4 21 435
4 22 -1
4 23 [2][3]
$C063600000000001,405B7FFFFFFFFFFE,4011B851EB851EC
$C063200000000001,405C3FFFFFFFFFFE,4020DC28F5C28F5C
3 3 ->
4 4 36
4 5 435
4 6 4
4 7 0
4 8 [2][2]
$0,4016A09E667F3BD
$400921FB54442D18,4021504F333F9DE8
4 24 ->
5 25 [4][3]
$0,3FF,8
$0,0,3FF
$3FF,8,8
$C063600000000001,C05DAA09E667F3C,4019B851EB851EBC
5 26 3FFFFFFFFFFFFFF1
4 16 ->
5 17 437
5 18 1
5 19 [2][2]
$0,4016A09E667F3BD
$400921FB54442D18,4021504F333F9DE8
4 20 NULL
4 21 439
4 22 -1
4 23 [2][3]
$C063600000000001,C05C400000000003,4011B851EB851EC
$C063200000000001,C05B800000000003,4020DC28F5C28F5C
3 3 ->
4 4 36
4 5 439
4 6 4
4 7 0
4 8 [2][2]
$0,403CA827999FCEF
$400921FB54442D18,403FA827999FCEF4
4 24 ->
5 25 [4][3]
$0,3FF,8
$0,0,3FF
$3FF,8,8
$C063600000000001,C05DAA09E667F3C,4019B851EB851EBC
5 26 3FFFFFFFFFFFFFF1
4 16 ->
5 17 441
5 18 1
5 19 [2][2]
$0,403CA827999FCEF
$400921FB54442D18,403FA827999FCEF4
4 20 NULL
4 21 443
4 22 -1
4 23 [2][3]
$C063600000000001,C056800000000004,4011B851EB851EC
$C063200000000001,C055C00000000003,4020DC28F5C28F5C
3 3 ->
4 4 34
4 5 443
4 6 4
4 7 0
4 8 [2][2]
$C063FFFFFFFFFFFF,C067C
$4064000000000001,4067BFFFFFFFFFFE
4 30 ->
5 31 [4][3]
$BFF,0,0
$0,3FF,0
$8,0,BFF
$0,0,4033000000000001
4 16 ->
5 17 445
5 18 1
5 19 [2][2]
$C063FFFFFFFFFFFF,C067C
$4064000000000001,4067BFFFFFFFFFFE
4 20 ->
5 17 447
5 18 -1
5 19 [2][2]
$C063FFFFFFFFFFFF,C067C
$4064000000000001,4067BFFFFFFFFFFE
4 20 NULL
4 21 449
4 22 -1
4 23 [2][3]
$C064000000000001,C067C,4033000000000001
$4063FFFFFFFFFFFF,4067BFFFFFFFFFFE,4033000000000001
3 3 ->
4 4 37
4 5 449
4 6 4
4 7 0
4 8 [2][2]
$400921FB54442D18,4017E73C251D1D28
$401921FB54442D18,40202A725CDE2CA6
4 27 ->
5 28 [4][3]
$0,3FF,8
$BFF,0,3C71DB6DB6DB6DB3
$0,0,3FF
$405DFFFFFFFFFFFE,BCA20ACD59EED1D,C025F39E128E8E94
5 29 3FF0C152382D737
4 16 ->
5 17 451
5 18 1
5 19 [2][2]
$400921FB54442D18,4017E73C251D1D28
$401921FB54442D18,40202A725CDE2CA6
4 20 NULL
4 21 453
4 22 1
4 23 [2][3]
$405A7FFFFFFFFFFD,C02C000000000007,C013FFFFFFFFFFFF
$405DFFFFFFFFFFFE,402C000000000007,C00724AED6C187CE
3 3 ->
4 4 36
4 5 453
4 6 4
4 7 0
4 8 [2][2]
$400921FB54442D18,0
$401921FB54442D18,4028
4 24 ->
5 25 [4][3]
$3FF,8,8
$0,3FF,8
$0,0,3FF
$C041800000000004,0,C028
5 26 402E
4 16 ->
5 17 455
5 18 1
5 19 [2][2]
$400921FB54442D18,0
$401921FB54442D18,4028
4 20 NULL
4 21 457
4 22 1
4 23 [2][3]
$C049000000000004,C02E,C028
$C034000000000009,3CE08BC3CFE31646,0
3 3 ->
4 4 36
4 5 457
4 6 4
4 7 0
4 8 [2][2]
$400921FB54442D18,0
$401921FB54442D18,4028
4 24 ->
5 25 [4][3]
$3FF,8,8
$0,3FF,8
$0,0,3FF
$40417FFFFFFFFFFE,0,C028
5 26 402E
4 16 ->
5 17 459
5 18 1
5 19 [2][2]
$400921FB54442D18,0
$401921FB54442D18,4028
4 20 NULL
4 21 461
4 22 1
4 23 [2][3]
$4033FFFFFFFFFFFB,C02E,C028
$4048FFFFFFFFFFFD,3CE08BC3CFE31646,0
3 3 ->
4 4 34
4 5 461
4 6 4
4 7 0
4 8 [2][2]
$B9F8FFFFFFFFFFF9,C033000000000001
$4024,0
4 30 ->
5 31 [4][3]
$3FF,0,BCD8FFFFFFFFFFF9
$BCD8FFFFFFFFFFF9,0,BFF
$0,3FF,0
$C064000000000001,40567FFFFFFFFFFD,4033000000000001
4 16 ->
5 17 463
5 18 1
5 19 [2][2]
$B9F8FFFFFFFFFFF9,C033000000000001
$4024,0
4 20 ->
5 17 465
5 18 -1
5 19 [2][2]
$B9F8FFFFFFFFFFF9,C033000000000001
$4024,0
4 20 NULL
4 21 467
4 22 -1
4 23 [2][3]
$C064000000000001,40567FFFFFFFFFFC,0
$C062C00000000001,40567FFFFFFFFFFE,4033000000000001
3 3 ->
4 4 34
4 5 467
4 6 4
4 7 0
4 8 [2][2]
$0,C034000000000004
$4033000000000001,0
4 30 ->
5 31 [4][3]
$8,0,3FF
$0,3FF,0
$BFF,0,8
$C062C00000000001,405B7FFFFFFFFFFD,4033000000000001
4 16 ->
5 17 469
5 18 1
5 19 [2][2]
$0,C034000000000004
$4033000000000001,0
4 20 NULL
4 21 471
4 22 -1
4 23 [2][3]
$C062C00000000001,40567FFFFFFFFFFC,0
$C062C00000000001,405B7FFFFFFFFFFD,4033000000000001
3 3 ->
4 4 34
4 5 471
4 6 4
4 7 0
4 8 [2][2]
$C033000000000001,0
$0,4024
4 30 ->
5 31 [4][3]
$0,3FF,0
$8,0,3FF
$3FF,8,0
$C064000000000001,405B7FFFFFFFFFFD,4033000000000001
4 16 ->
5 17 473
5 18 1
5 19 [2][2]
$C033000000000001,0
$0,4024
4 20 ->
5 17 65
5 18 -1
5 19 [2][2]
$C033000000000001,0
$0,4024
4 20 NULL
4 21 475
4 22 -1
4 23 [2][3]
$C064000000000001,405B7FFFFFFFFFFD,0
$C062C00000000001,405B7FFFFFFFFFFE,4033000000000001
3 3 ->
4 4 34
4 5 475
4 6 4
4 7 0
4 8 [2][2]
$C031800000000001,4072C
$3FF8,4077C
4 30 ->
5 31 [4][3]
$0,8,3FF
$0,3FF,0
$BFF,0,0
$C064000000000001,C067C00000000002,3FF8
4 16 ->
5 17 477
5 18 1
5 19 [2][2]
$C031800000000001,4072C
$3FF8,4077C
4 20 NULL
4 21 479
4 22 -1
4 23 [2][3]
$C064000000000001,405B7FFFFFFFFFFD,0
$C064000000000001,4067BFFFFFFFFFFE,4033000000000001
3 3 ->
4 4 34
4 5 479
4 6 4
4 7 0
4 8 [2][2]
$C031800000000001,0
$3FF8,4074
4 30 ->
5 31 [4][3]
$0,3FF,0
$8,0,BFF
$BFF,0,0
$C064000000000001,4067BFFFFFFFFFFE,3FF8
4 16 ->
5 17 481
5 18 1
5 19 [2][2]
$C031800000000001,0
$3FF8,4074
4 20 NULL
4 21 483
4 22 -1
4 23 [2][3]
$C064000000000001,4067BFFFFFFFFFFE,0
$4063FFFFFFFFFFFF,4067BFFFFFFFFFFE,4033000000000001
3 3 ->
4 4 34
4 5 483
4 6 4
4 7 0
4 8 [2][2]
$BFF8,0
$4031800000000001,4077C
4 30 ->
5 31 [4][3]
$0,0,BFF
$0,3FF,0
$3FF,8,0
$4063FFFFFFFFFFFF,C067C00000000002,3FF8
4 16 ->
5 17 485
5 18 1
5 19 [2][2]
$BFF8,0
$4031800000000001,4077C
4 20 NULL
4 21 487
4 22 -1
4 23 [2][3]
$4063FFFFFFFFFFFF,C067C00000000002,0
$4063FFFFFFFFFFFF,4067BFFFFFFFFFFE,4033000000000001
3 3 ->
4 4 34
4 5 487
4 6 4
4 7 0
4 8 [2][2]
$BFF8,0
$4031800000000001,4074
4 30 ->
5 31 [4][3]
$0,3FF,0
$8,0,3FF
$3FF,8,0
$C064000000000001,C067C00000000002,3FF8
4 16 ->
5 17 489
5 18 1
5 19 [2][2]
$BFF8,0
$4031800000000001,4074
4 20 NULL
4 21 491
4 22 -1
4 23 [2][3]
$C064000000000001,C067C00000000002,0
$4063FFFFFFFFFFFF,C067C,4033000000000001
3 3 ->
4 4 34
4 5 491
4 6 4
4 7 0
4 8 [2][2]
$C031800000000001,3D2
$3FF8,4054
4 30 ->
5 31 [4][3]
$0,8,3FF
$0,3FF,0
$BFF,0,0
$C064000000000001,C067C00000000002,3FF8
4 16 ->
5 17 493
5 18 1
5 19 [2][2]
$C031800000000001,3D2
$3FF8,4054
4 20 NULL
4 21 495
4 22 -1
4 23 [2][3]
$C064000000000001,C067C00000000001,0
$C064000000000001,C05B800000000004,4033000000000001
3 3 ->
4 4 34
4 5 495
4 6 4
4 7 0
4 8 [2][2]
$0,C033000000000001
$4024,0
4 30 ->
5 31 [4][3]
$3FF,8,3CD8FFFFFFFFFFF9
$3CD8FFFFFFFFFFF9,0,BFF
$0,3FF,0
$C064000000000001,C05B800000000004,4033000000000001
4 16 ->
5 17 497
5 18 1
5 19 [2][2]
$0,C033000000000001
$4024,0
4 20 ->
5 17 499
5 18 -1
5 19 [2][2]
$0,C033000000000001
$4024,0
4 20 NULL
4 21 501
4 22 -1
4 23 [2][3]
$C064000000000001,C05B800000000004,0
$C062C00000000001,C05B800000000003,4033000000000001
3 3 ->
4 4 34
4 5 501
4 6 4
4 7 0
4 8 [2][2]
$0,C033FFFFFFFFFFFC
$4033000000000001,0
4 30 ->
5 31 [4][3]
$8,0,3FF
$0,3FF,0
$BFF,0,8
$C062C00000000001,C056800000000004,4033000000000001
4 16 ->
5 17 503
5 18 1
5 19 [2][2]
$0,C033FFFFFFFFFFFC
$4033000000000001,0
4 20 NULL
4 21 505
4 22 -1
4 23 [2][3]
$C062C00000000001,C05B800000000003,0
$C062C00000000001,C056800000000004,4033000000000001
3 3 ->
4 4 34
4 5 505
4 6 4
4 7 0
4 8 [2][2]
$C033000000000001,0
$0,4024
4 30 ->
5 31 [4][3]
$0,3FF,0
$8,0,3FF
$3FF,8,0
$C064000000000001,C056800000000004,4033000000000001
4 16 ->
5 17 507
5 18 1
5 19 [2][2]
$C033000000000001,0
$0,4024
4 20 ->
5 17 57
5 18 -1
5 19 [2][2]
$C033000000000001,0
$0,4024
4 20 NULL
4 21 509
4 22 -1
4 23 [2][3]
$C064000000000001,C056800000000004,0
$C062C00000000001,C056800000000004,4033000000000001
3 3 ->
4 4 34
4 5 509
4 6 4
4 7 0
4 8 [2][2]
$C031800000000001,4059
$3FF8,40718
4 30 ->
5 31 [4][3]
$0,8,3FF
$0,3FF,0
$BFF,0,0
$C064000000000001,C067C00000000002,3FF8
4 16 ->
5 17 511
5 18 1
5 19 [2][2]
$C031800000000001,4059
$3FF8,40718
4 20 NULL
4 21 513
4 22 -1
4 23 [2][3]
$C064000000000001,C056800000000004,0
$C064000000000001,40567FFFFFFFFFFE,4033000000000001
3 3 ->
4 4 36
4 5 513
4 6 4
4 7 0
4 8 [2][2]
$400921FB54442D18,4000DB51293E7832
$401921FB54442D18,4014
4 24 ->
5 25 [4][3]
$3FEFFFFFFFFFFFFF,8,8
$0,3FEFFFFFFFFFFFFF,8
$0,0,3FF
$405DFFFFFFFFFFFE,0,C014
5 26 402C000000000007
4 16 ->
5 17 515
5 18 1
5 19 [2][2]
$400921FB54442D18,4000DB51293E7832
$401921FB54442D18,4014
4 20 NULL
4 21 517
4 22 1
4 23 [2][3]
$405A7FFFFFFFFFFD,C02C000000000007,C00724AED6C187CE
$4060BFFFFFFFFFFF,3CDEE2C2D963A114,0
3 3 ->
4 4 34
4 5 517
4 6 4
4 7 0
4 8 [2][2]
$C063FFFFFFFFFFFF,C067C00000000002
$4064000000000001,4067BFFFFFFFFFFE
4 30 ->
5 31 [4][3]
$BFF,0,0
$0,3FF,0
$8,0,BFF
$0,0,0
4 16 ->
5 17 519
5 18 1
5 19 [2][2]
$C063FFFFFFFFFFFF,C067C00000000002
$4064000000000001,4067BFFFFFFFFFFE
4 20 ->
5 17 521
5 18 -1
5 19 [2][2]
$C063FFFFFFFFFFFF,C067C00000000002
$4064000000000001,4067BFFFFFFFFFFE
4 20 ->
5 17 523
5 18 -1
5 19 [2][2]
$C063FFFFFFFFFFFF,C067C00000000002
$4064000000000001,4067BFFFFFFFFFFE
4 20 ->
5 17 525
5 18 -1
5 19 [2][2]
$C063FFFFFFFFFFFF,C067C00000000002
$4064000000000001,4067BFFFFFFFFFFE
4 20 ->
5 17 527
5 18 -1
5 19 [2][2]
$C063FFFFFFFFFFFF,C067C00000000002
$4064000000000001,4067BFFFFFFFFFFE
4 20 NULL
4 21 529
4 22 1
4 23 [2][3]
$C064000000000001,C067C00000000002,0
$4063FFFFFFFFFFFF,4067BFFFFFFFFFFE,0
3 3 ->
4 4 36
4 5 529
4 6 4
4 7 0
4 8 [2][2]
$0,4021
$400921FB54442D18,4024
4 24 ->
5 25 [4][3]
$BFF,0,8
$0,3FF,8
$0,8,BFF
$BD1F4,405822B17DD7484A,4024
5 26 402E
4 16 ->
5 17 531
5 18 1
5 19 [2][2]
$0,4021
$400921FB54442D18,4024
4 20 NULL
4 21 0
4 22 -1
4 23 [2][3]
$C02E00000000000F,405822B17DD7484A,0
$402DFFFFFFFFFFF,405BE2B17DD7484A,3FF7FFFFFFFFFFFE
@crv_array 32 0
2 32 [568]
3 32 ->
@crv_id 33 1
4 33 34
@feat_id 34 1
4 34 4
@type 35 1
4 35 19
@crv_pnt_dir 36 1
4 36 [2]
$1,-1
@crv_pnt_arr 37 2
4 37 [169][4]
$0,0,C022000000000004,3CD3DAEAF976E78D
$3CEA30B573B52876,3F8347B7E6529765,C021FF2AEE631A76,BFC5E4F28A5CE069
$3CD034D59689378,3F931A1E9F59617C,C021FCABCD40AB98,BFD5E3EF5FBA695C
$3CCC8A0FEC1268,3F9C64758D843CF2,C021F882D7B3A662,BFE069AF9E7C8592
$3CB3BBB94943,3FA2C23D6C9144F4,C021F2B0703837A,BFE5DFE2FD1635CF
$0,3FA75289A2DC0F63,C021EB0E5FEC734C,BFEB6D6D77D5C517
$3CD6C902AE9C,3FABCE76E8646BDE,C021E1B48B88E3F4,BFF07C2B65DCDF2A
$3CBDE8EC201058BD,3FB01B610943DCA3,C021D6A3D88D48E4,BFF3400B7836260A
$3CE28E8B42FDFF22,3FB2460FDA9301AB,C021C9DD568C8D6C,BFF602131595B41
$0,3FB4679E4C7CC8C8,C021BB623F12BF94,BFF8C1FE8DE607D6
$3CB1A8CFB8,3FB6805F15152773,C021AB33F58700C6,BFFB7F8A64DA653C
$3CD4AE61A8,3FB890A16FDA2CF1,C021995407097322,BFFE3A7358672114
$3CF6C23E77FE8AB,3FBA98B14E16095A,C02185C42A4D26D2,C000793B339A2BFC
$3D0BC08499E72FFF,3FBC98D7842F1BB1,C02170863F6E0B1C,C001D3A86B853859
$3CCB6375F312D98,3FBE9159F41FFE5C,C021599C4FC2E6FE,C0032C601D9BE638
$3CC305FFC92CEA8,3FC02ACB36817878,C02143561108D586,C0046429CFF52225
$0,3FC109F5451D4DF7,C0212BB1AA5D74BE,C0059A55E6B9AF72
$3CD2761A3A502,3FC1E6428A3995DF,C02112B0FB4D1B32,C006CECBCE82AA29
$3CC58228E00AC8,3FC2BFC99830CBB9,C020F855FEFC8B18,C008017316A11C2F
$3CCA15A2A4F558,3FC396A039273EE1,C020DCA2CC00C3A,C0093233730DB919
$3CCC2829FFE52,3FC46ADB784A0A5C,C020BF999434A5AC,C00A60F4BE55B2A4
$3CD7BE9AB091B,3FC53C8FAA900CDD,C020A13CA48C6F7C,C00B8D9EFB847E93
$3CD9910A3E8B2,3FC61C5D4CEC11A3,C0207EF41C5CCA6A,C00CCFFD91F75E3E
$3CD062161C1AC,3FC6F966933F2133,C0205B250CA8ED82,C00E0FB20AEBB373
$3CC01E7CE7CE,3FC7D3C294CA3E5,C02035D2C530B588,C00F4C9ED595FC6C
$3C58EE308D,3FC8AB879BDC212B,C0200F00B9831CDC,C0104353517DA281
$3CBDFDC8F818,3FC984A606A787ED,C01FCBE6CE22BAAC,C010E1A66298FDC9
$3CD26D50DE6E,3FCA5B416739C22E,C01F76BFC7B05C3,C0117E5B217980BC
$3CCD4A519208,3FCB2F6EF2A47BB4,C01F1E948994780C,C012196288161C4C
$3CCBF15FFF48,3FCC014328CCF094,C01EC36D87BCEF2C,C012B2ADB98F2991
$3CE6756C4CA90D5A,3FCCD0D1DD008645,C01E65537F50B46,C0134A2E039B30B9
$3CC305316EA,3FCD9E2E3E15CCB7,C01E044F75D951D8,C013DFD4DFEF9AE1
$3CCC3A5785,3FCE696ADE212FE8,C01DA06AB8657E64,C0147393F5A52BE
$3CDFB472A54A9D28,3FCF3299B9C422B,C01D39AEDAA4D6F8,C015055D1A98229B
$3CD69FD2BE778F22,3FCFF9CC3F1D0F12,C01CD025B5FCD2EC,C015952254C3DD39
$3CD54764A7C,3FD05F89AA2EF634,C01C63D9689709AC,C01622D5DB99E04E
$3CD876128FBDEE25,3FD0B867493E4108,C01BFF08941C0074,C016A1D0843D8023
$3CCE0DBE128,3FD110869855E0F3,C01B97FFE28EEB54,C0171F001D99DB12
$3CEC979038F39DD4,3FD167ED6AFB7921,C01B2EC77DD576F8,C0179A5ABC7705F6
$3CED00C4FB179C06,3FD1BEA16DE86C52,C01AC367BC2E072,C01813D69AC5A567
$3CE05F009B708A72,3FD214A828A68F84,C01A55E91F869CB8,C0188B6A18652C48
$3CB4C94084,3FD26A06FF1B35C9,C019E65454D0457,C019010BBBE71955
$3CE0FA1D8A4CCCD2,3FD2BEC333018867,C01974B2334F2348,C01974B2334F234C
$3CE33533FECB16A6,3FD3199DAD58BFA7,C018F7AA8146D39,C019EF5F3F0CF418
$3CE5872E6CF27482,3FD373C69F803909,C0187853B8F428F4,C01A67A64C3B722B
$3CE5ABC0213CF42D,3FD3CD442F226757,C017F6B9A100DBD,C01ADD7C3B5DAE89
$3CD23EAEE87F956E,3FD4261C5AE473E5,C01772E835A96EB8,C01B50D626C5F363
$3CD4CF344E,3FD47FEE2C729BE9,C016EA76F25F36D4,C01BC3B07CD75677
$3CD319008E,3FD4D9209F5D078E,C0165FD3427953E8,C01C33E166EDB741
$3CDBEA1A20ADB601,3FD531B995CE492E,C015D30A70980C2,C01CA15E2387D8B6
$3CE4A0DC9F561A22,3FD589BECF23DFD2,C0154429FC01023,C01D0C1C33809AC1
$3CD6AC752433B01E,3FD5E135E98C9A8,C014B33F9753F2C8,C01D74115B1098A7
$3CD6F9020659E76A,3FD63824639662B7,C0142059273A855,C01DD933A2C95272
$3CC05F8EA38,3FD68E8F9DAC6258,C0138B84C113510C,C01E3B795889C887
$3CC358C15F8,3FD6E47CDB866D42,C012F4D0A9983628,C01E9AD9106C72B5
$3CE2C007A5B9E254,3FD739F1458A8874,C0125C4B53802D48,C01EF749A5AE7B36
$3CDF6D49BA1A3FE4,3FD78EF1EA215DF5,C011C2035E1CADC4,C01F50C23B90280A
$3CDF95CC77BED9FF,3FD7DBD807A7D7CE,C01134475BAB6368,C01F9F7DDB92803F
$3CD9C7CF7AC16CD4,3FD828663A220DB1,C010A52E62B40F9,C01FEBB80E0F528A
$3CCC62E0613,3FD874A01B5901B9,C01014C3C9BE6304,C0201AB5646E74FB
$3CE27BA67B5EBC2E,3FD8C08936843E56,C00F0626042498E8,C0203E481A8F4348
$3CDDFDB8546CE8B8,3FD90C2508FC95F2,C00DE04F2D9FC048,C020609157DD6738
$3CBA553B797,3FD9577702E9B0B7,C00CB81A580A674,C020818E64E71278
$3CCA1FC62CB8,3FD9A28287EAB3AD,C00B8D9EFB847E98,C020A13CA48C6F7A
$3CCE547F0FC6,3FD9F34A833474FD,C00A48B4177331D8,C020C1FB79958368
$3CBC2732647C,3FDA43C851342419,C009015AF1F66988,C020E12D943E3F44
$3CCB47B735B7,3FDA94000BBF987B,C007B7B1D0CC9,C020FED011FD1F7
$3CC496FA929D8,3FDAE3F5BF15F525,C0066BD73072DA2,C0211AE0353D2FF1
$3CD11257FCA3C,3FDB351FEA7B54FB,C00517D2C0D8E0D,C02135D2E4244BEC
$3CC5C7388394C,3FDB860DF31DCE1A,C003C1C8A16A153,C0214F1F2EEFB33D
$3CC2B608F3D1C,3FDBD6C3F8BD6B7F,C00269D99CD3252,C02166C2A8BBCBDE
$3CC8F22688F68,3FDC2746100B7071,C0011026AC3D864,C0217CBB0D5F3FF9
$3CCAA5200ADD3,3FDC77984382C2BF,BFFF69A1E84C636,C021910641A29CCF
$3CC67D52088BB8,3FDCC7BE943C06BE,BFFCAFF38260742,C021A3A2537404B7
$3CD6D0C68BB4C4,3FDD17BCFABDCB99,BFF9F38509E70E8,C021B48D7A16EF3A
$3CBE64D7C83368,3FDD679767C92314,BFF73499A5900D2,C021C3C6164FF2C6
$3CCDFCBB4A9F34,3FDDB751C522FD63,BFF47374B91B41,C021D14AB28C93B4
$3CD12F66633D99,3FDE06EFF65AA077,BFF1B059DEE27DA,C021DD1A030714E
$3CD2B57AA2AFC9,3FDE4F3C092780C5,BFEE5819855CAE,C021E65A0D48988F
$3CC8ED202682F3,3FDE9776EA593446,BFE94D17D01CC64,C021EE2F050EE51
$3CCAB0FF198713,3FDEDFA37BB3A0F2,BFE44014E840B84,C021F4984B7E0F37
$3CCFADDF372AB7,3FDF27C49CB4484A,BFDE62EE815AE78,C021F9955E8B2922
$3CD343175F3CA86,3FDF6FDD2B07AD48,BFD4434AD9A6BA,C021FD25D9068FEA
$3CCA0BA9B8CEF0C,3FDFB7F002FE1C91,BFC444186236C8,C021FF4972A3F014
$3CC4AA60DF38E7C,3FDFFFFFFFFFFFFE,8,C022000000000004
$3CC52F97428BE54,3FE026ED403DA58F,3FC5E4F28A5CE1,C021FF2AEE631A76
$3CD47502A8C150C,3FE04DDC4D58D43D,3FD5E3EF5FBA698,C021FCABCD40AB9A
$3CD7D66D4A24708,3FE074CEF4845A6,3FE069AF9E7C85C,C021F882D7B3A663
$3CD23E21CE4AFB4,3FE09BC7039DB24B,3FE5DFE2FD1636,C021F2B0703837A3
$3CC3E1332A3B1,3FE0C37BE1174D1E,3FEB6D6D77D5C54,C021EB0E5FEC734D
$3CD0EEEE8D8004,3FE0EB3A2322C664,3FF07C2B65DCDF2,C021E1B48B88E3F5
$3CD1B34AF59E0C,3FE11303B58FBB7F,3FF3400B7836262,C021D6A3D88D48E6
$3CD0675F8CA706,3FE13ADA865C068,3FF602131595B44,C021C9DD568C8D6D
$3CC1B8953BA4FC,3FE162C086142222,3FF8C1FE8DE607E,C021BB623F12BF97
$3CCE715C5A03C,3FE18AB7A8349B33,3FFB7F8A64DA652,C021AB33F58700C9
$3CCDA50EE712F,3FE1B2C1E38CB7E4,3FFE3A73586721,C021995407097323
$3CD658897A3,3FE1DAE132A27F89,4000793B339A2C1,C02185C42A4D26D3
$3CD23AC515ECB,3FE2031794184CE4,4001D3A86B85386,C02170863F6E0B1D
$3CD441F470D6E,3FE22B670B141782,40032C601D9BE63,C021599C4FC2E6FF
$3CC6B3B683BD4,3FE25023D9E55B6,40046429CFF5223,C02143561108D586
$3CD06F55D2448,3FE274F89C1044C1,40059A55E6B9AF8,C0212BB1AA5D74BE
$3CD61A713D238,3FE299E6E00DC375,4006CECBCE82AA4,C02112B0FB4D1B33
$3CD53FF303048,3FE2BEF03886585D,4008017316A11C5,C020F855FEFC8B19
$3CD2579AED8A,3FE2E4163C98DC42,40093233730DB92,C020DCA2CC00C3A
$3CC7DB7D3FAC,3FE3095A8822DBFB,400A60F4BE55B2B,C020BF999434A5AE
$3CA7AF79D86,3FE32EBEBC0AA62A,400B8D9EFB847EA,C020A13CA48C6F7B
$3CE5C092547F79E3,3FE35749E47A2951,400CCFFD91F75E5,C0207EF41C5CCA6B
$3CD5B37A2C6B1EC,3FE37FFE5386F569,400E0FB20AEBB38,C0205B250CA8ED83
$3CD36FC73D28,3FE3A8DE2D265FE1,400F4C9ED595FC8,C02035D2C530B589
$3CD597D5C62F40E3,3FE3D1EB9DE98997,40104353517DA28,C0200F00B9831CDD
$3CD0DEC26061A91A,3FE3FBE943775DB7,4010E1A66298FDC8,C01FCBE6CE22BAB1
$3CE0464CA92BB696,3FE4261AD62F409C,40117E5B217980B8,C01F76BFC7B05C35
$3CD64F8171A,3FE45082C0438659,4012196288161C48,C01F1E9489947812
$0,3FE47B23775FB48D,4012B2ADB98F299,C01EC36D87BCEF3
$3CA9D10C742AA569,3FE4A5FF7D445F43,40134A2E039B30C,C01E65537F50B45D
$3CC17CB23C,3FE4D1196068AA5,4013DFD4DFEF9AE,C01E044F75D951E
$3CE84E9175E10956,3FE4FC73BCA1C9EF,40147393F5A52BE,C01DA06AB8657E69
$3CD88B774A8,3FE528113BD0E1C8,4015055D1A9822A8,C01D39AEDAA4D6F2
$3CDF76A2F08441B4,3FE553F49697A77F,4015952254C3DD3,C01CD025B5FCD2F5
$3CE7BF506E36A9AE,3FE580209514334A,401622D5DB99E058,C01C63D9689709AC
$3CD7297F2CBABD44,3FE5A88A010DEB39,4016A1D0843D803,C01BFF08941C006A
$3CE57262EE76F8A1,3FE5D133FE91358E,40171F001D99DB2,C01B97FFE28EEB4E
$3CEB793E7004670D,3FE5FA20C9338964,40179A5ABC7706,C01B2EC77DD576F5
$3CC3432DA5ACCCEC,3FE62352A93A697,401813D69AC5A57,C01AC367BC2E071A
$3CB06056F95C5D1,3FE64CCBF42956FA,40188B6A18652C5,C01A55E91F869CB4
$3CE0AA16778,3FE6768F0D557731,4019010BBBE71958,C019E65454D04575
$3CE37463EEB3333D,3FE6A09E667F3BCE,401974B2334F235,C01974B2334F234E
$3CED2922154E291C,3FE6CE678F04F017,4019EF5F3F0CF42,C018F7AA8146D391
$3CBB6DD63472CA16,3FE6FC8FDF88EFE,401A67A64C3B7228,C0187853B8F428F5
$3CC49908B4,3FE72B1AAB11A254,401ADD7C3B5DAE9,C017F6B9A100DBD3
$3CD8FE082AFF957,3FE75A0B5C13D021,401B50D626C5F368,C01772E835A96EBC
$3CE48E8479DC2CCE,3FE78A42DBE61D09,401BC3B07CD75678,C016EA76F25F36E
$3CDCF46117,3FE7BAEB72B69CED,401C33E166EDB748,C0165FD3427953ED
$0,3FE7EC090DB78374,401CA15E2387D8B8,C015D30A70980C25
$3CE2962EFE75975E,3FE81D9FB8688F83,401D0C1C33809AC8,C0154429FC010232
$3CE2F24FDFF2C156,3FE84FB39E0BD57F,401D74115B1098A8,C014B33F9753F2CA
$3CE01C1CA94802D2,3FE882490B2DB474,401DD933A2C9527,C0142059273A855D
$3CE6868A3BED9427,3FE8B5646F41326A,401E3B795889C89,C0138B84C1135106
$3CE203C0359EF5C6,3FE8E90A5E5213EF,401E9AD9106C72B8,C012F4D0A998362D
$3CE673A00C6B1EF6,3FE91D3F92CE1B59,401EF749A5AE7B3,C0125C4B53802D5B
$3CCE19240F84,3FE95208EF66F6C4,401F50C23B902808,C011C2035E1CADC5
$0,3FE9828A9F2E66C5,401F9F7DDB928048,C01134475BAB6362
$3CD0E34C757F,3FE9B38ED7AAF4AA,401FEBB80E0F529,C010A52E62B40F89
$3CDD13CD97318,3FE9E519A3A8A173,40201AB5646E75,C01014C3C9BE6301
$3CD5ECB1645B,3FEA172F2F0C308A,40203E481A8F435,C00F0626042498DE
$3CD3F723B39C,3FEA49D3C856F10B,4020609157DD673C,C00DE04F2D9FC049
$0,3FEA7D0BE23ED016,4020818E64E71278,C00CB81A580A675E
$3CE6A0B587B3E,3FEAB0DC155BFCC9,4020A13CA48C6F7C,C00B8D9EFB847EA2
$3C9A24D253058,3FEAE98690980B3B,4020C1FB79958368,C00A48B4177331DF
$3CDFC8C6C2B2FC,3FEB22EE52AB2672,4020E12D943E3F48,C009015AF1F66993
$0,3FEB5D19CB3C781B,4020FED011FD1F7,C007B7B1D0CC8FFB
$3CE0A4FD5E9C538,3FEB980FA87A97BD,40211AE0353D2FF4,C0066BD73072DA2C
$3CD45E54245403,3FEBD4EF1330330C,402135D2E4244BEC,C00517D2C0D8E0E3
$0,3FEC12AF1D8CE5A3,40214F1F2EEFB33C,C003C1C8A16A1537
$3CD19228D628D7D,3FEC5157B2659634,402166C2A8BBCBE,C00269D99CD3253
$3CFA4D6C9A,3FEC90F10F441818,40217CBB0D5F3FF8,C0011026AC3D8645
$3CD3A955D,3FECD183C8F34897,4021910641A29CD,BFFF69A1E84C637D
$3CCF1DBAF20279E,3FED1318D056F05,4021A3A2537404B8,BFFCAFF382607443
$3CED562B5C7ACE78,3FED55B9779548F2,4021B48D7A16EF3C,BFF9F38509E70E5F
$3CE1B9E58D4,3FED996F77988D23,4021C3C6164FF2C8,BFF73499A5900D24
$3CD097712B31C9B8,3FEDDE44F5EF8C7B,4021D14AB28C93B8,BFF47374B91B4111
$0,3FEE24448B14E0B7,4021DD1A030714E,BFF1B059DEE27DB4
$3CB2D70EDEF8,3FEE64F30D2F3B57,4021E65A0D48989,BFEE5819855CAD9A
$3CE276DF549EC,3FEEA6A9BC36C6E6,4021EE2F050EE514,BFE94D17D01CC638
$3CD9A5106AA84,3FEEE971A2577ED3,4021F4984B7E0F3C,BFE44014E840B81D
$3CC391F1EAF29,3FEF2D542B88F1C3,4021F9955E8B2924,BFDE62EE815AE72E
$3CB242090CE1B78,3FEF725B2AF433EA,4021FD25D9068FEC,BFD4434AD9A6B95B
$0,3FEFB890E0B565DB,4021FF4972A3F014,BFC444186236C82
$0,3FF,4022000000000008,0
@crv_hdr_geom_ptr[0] 38 1
4 38 32
@crv_hdr_geom_ptr[1] 39 1
4 39 272
@next_crv_hdr_ptr[0] 40 1
4 40 534
@next_crv_hdr_ptr[1] 41 1
4 41 536
@ref_geom[0] 42 1
4 42 0
@ref_geom[1] 43 1
4 43 0
3 32 ->
4 33 33
4 34 4
4 35 19
4 36 [2]
$1,-1
4 37 [169][4]
$0,0,C022000000000004,3CD3DAEAF976E78D
$3CEA30B573B52876,3F8347B7E6529765,C021FF2AEE631A76,BFC5E4F28A5CE069
$3CD034D59689378,3F931A1E9F59617C,C021FCABCD40AB98,BFD5E3EF5FBA695C
$3CCC8A0FEC1268,3F9C64758D843CF2,C021F882D7B3A662,BFE069AF9E7C8592
$3CB3BBB94943,3FA2C23D6C9144F4,C021F2B0703837A,BFE5DFE2FD1635CF
$0,3FA75289A2DC0F63,C021EB0E5FEC734C,BFEB6D6D77D5C517
$3CD6C902AE9C,3FABCE76E8646BDE,C021E1B48B88E3F4,BFF07C2B65DCDF2A
$3CBDE8EC201058BD,3FB01B610943DCA3,C021D6A3D88D48E4,BFF3400B7836260A
$3CE28E8B42FDFF22,3FB2460FDA9301AB,C021C9DD568C8D6C,BFF602131595B41
$0,3FB4679E4C7CC8C8,C021BB623F12BF94,BFF8C1FE8DE607D6
$3CB1A8CFB8,3FB6805F15152773,C021AB33F58700C6,BFFB7F8A64DA653C
$3CD4AE61A8,3FB890A16FDA2CF1,C021995407097322,BFFE3A7358672114
$3CF6C23E77FE8AB,3FBA98B14E16095A,C02185C42A4D26D2,C000793B339A2BFC
$3D0BC08499E72FFF,3FBC98D7842F1BB1,C02170863F6E0B1C,C001D3A86B853859
$3CCB6375F312D98,3FBE9159F41FFE5C,C021599C4FC2E6FE,C0032C601D9BE638
$3CC305FFC92CEA8,3FC02ACB36817878,C02143561108D586,C0046429CFF52225
$0,3FC109F5451D4DF7,C0212BB1AA5D74BE,C0059A55E6B9AF72
$3CD2761A3A502,3FC1E6428A3995DF,C02112B0FB4D1B32,C006CECBCE82AA29
$3CC58228E00AC8,3FC2BFC99830CBB9,C020F855FEFC8B18,C008017316A11C2F
$3CCA15A2A4F558,3FC396A039273EE1,C020DCA2CC00C3A,C0093233730DB919
$3CCC2829FFE52,3FC46ADB784A0A5C,C020BF999434A5AC,C00A60F4BE55B2A4
$3CD7BE9AB091B,3FC53C8FAA900CDD,C020A13CA48C6F7C,C00B8D9EFB847E93
$3CD9910A3E8B2,3FC61C5D4CEC11A3,C0207EF41C5CCA6A,C00CCFFD91F75E3E
$3CD062161C1AC,3FC6F966933F2133,C0205B250CA8ED82,C00E0FB20AEBB373
$3CC01E7CE7CE,3FC7D3C294CA3E5,C02035D2C530B588,C00F4C9ED595FC6C
$3C58EE308D,3FC8AB879BDC212B,C0200F00B9831CDC,C0104353517DA281
$3CBDFDC8F818,3FC984A606A787ED,C01FCBE6CE22BAAC,C010E1A66298FDC9
$3CD26D50DE6E,3FCA5B416739C22E,C01F76BFC7B05C3,C0117E5B217980BC
$3CCD4A519208,3FCB2F6EF2A47BB4,C01F1E948994780C,C012196288161C4C
$3CCBF15FFF48,3FCC014328CCF094,C01EC36D87BCEF2C,C012B2ADB98F2991
$3CE6756C4CA90D5A,3FCCD0D1DD008645,C01E65537F50B46,C0134A2E039B30B9
$3CC305316EA,3FCD9E2E3E15CCB7,C01E044F75D951D8,C013DFD4DFEF9AE1
$3CCC3A5785,3FCE696ADE212FE8,C01DA06AB8657E64,C0147393F5A52BE
$3CDFB472A54A9D28,3FCF3299B9C422B,C01D39AEDAA4D6F8,C015055D1A98229B
$3CD69FD2BE778F22,3FCFF9CC3F1D0F12,C01CD025B5FCD2EC,C015952254C3DD39
$3CD54764A7C,3FD05F89AA2EF634,C01C63D9689709AC,C01622D5DB99E04E
$3CD876128FBDEE25,3FD0B867493E4108,C01BFF08941C0074,C016A1D0843D8023
$3CCE0DBE128,3FD110869855E0F3,C01B97FFE28EEB54,C0171F001D99DB12
$3CEC979038F39DD4,3FD167ED6AFB7921,C01B2EC77DD576F8,C0179A5ABC7705F6
$3CED00C4FB179C06,3FD1BEA16DE86C52,C01AC367BC2E072,C01813D69AC5A567
$3CE05F009B708A72,3FD214A828A68F84,C01A55E91F869CB8,C0188B6A18652C48
$3CB4C94084,3FD26A06FF1B35C9,C019E65454D0457,C019010BBBE71955
$3CE0FA1D8A4CCCD2,3FD2BEC333018867,C01974B2334F2348,C01974B2334F234C
$3CE33533FECB16A6,3FD3199DAD58BFA7,C018F7AA8146D39,C019EF5F3F0CF418
$3CE5872E6CF27482,3FD373C69F803909,C0187853B8F428F4,C01A67A64C3B722B
$3CE5ABC0213CF42D,3FD3CD442F226757,C017F6B9A100DBD,C01ADD7C3B5DAE89
$3CD23EAEE87F956E,3FD4261C5AE473E5,C01772E835A96EB8,C01B50D626C5F363
$3CD4CF344E,3FD47FEE2C729BE9,C016EA76F25F36D4,C01BC3B07CD75677
$3CD319008E,3FD4D9209F5D078E,C0165FD3427953E8,C01C33E166EDB741
$3CDBEA1A20ADB601,3FD531B995CE492E,C015D30A70980C2,C01CA15E2387D8B6
$3CE4A0DC9F561A22,3FD589BECF23DFD2,C0154429FC01023,C01D0C1C33809AC1
$3CD6AC752433B01E,3FD5E135E98C9A8,C014B33F9753F2C8,C01D74115B1098A7
$3CD6F9020659E76A,3FD63824639662B7,C0142059273A855,C01DD933A2C95272
$3CC05F8EA38,3FD68E8F9DAC6258,C0138B84C113510C,C01E3B795889C887
$3CC358C15F8,3FD6E47CDB866D42,C012F4D0A9983628,C01E9AD9106C72B5
$3CE2C007A5B9E254,3FD739F1458A8874,C0125C4B53802D48,C01EF749A5AE7B36
$3CDF6D49BA1A3FE4,3FD78EF1EA215DF5,C011C2035E1CADC4,C01F50C23B90280A
$3CDF95CC77BED9FF,3FD7DBD807A7D7CE,C01134475BAB6368,C01F9F7DDB92803F
$3CD9C7CF7AC16CD4,3FD828663A220DB1,C010A52E62B40F9,C01FEBB80E0F528A
$3CCC62E0613,3FD874A01B5901B9,C01014C3C9BE6304,C0201AB5646E74FB
$3CE27BA67B5EBC2E,3FD8C08936843E56,C00F0626042498E8,C0203E481A8F4348
$3CDDFDB8546CE8B8,3FD90C2508FC95F2,C00DE04F2D9FC048,C020609157DD6738
$3CBA553B797,3FD9577702E9B0B7,C00CB81A580A674,C020818E64E71278
$3CCA1FC62CB8,3FD9A28287EAB3AD,C00B8D9EFB847E98,C020A13CA48C6F7A
$3CCE547F0FC6,3FD9F34A833474FD,C00A48B4177331D8,C020C1FB79958368
$3CBC2732647C,3FDA43C851342419,C009015AF1F66988,C020E12D943E3F44
$3CCB47B735B7,3FDA94000BBF987B,C007B7B1D0CC9,C020FED011FD1F7
$3CC496FA929D8,3FDAE3F5BF15F525,C0066BD73072DA2,C0211AE0353D2FF1
$3CD11257FCA3C,3FDB351FEA7B54FB,C00517D2C0D8E0D,C02135D2E4244BEC
$3CC5C7388394C,3FDB860DF31DCE1A,C003C1C8A16A153,C0214F1F2EEFB33D
$3CC2B608F3D1C,3FDBD6C3F8BD6B7F,C00269D99CD3252,C02166C2A8BBCBDE
$3CC8F22688F68,3FDC2746100B7071,C0011026AC3D864,C0217CBB0D5F3FF9
$3CCAA5200ADD3,3FDC77984382C2BF,BFFF69A1E84C636,C021910641A29CCF
$3CC67D52088BB8,3FDCC7BE943C06BE,BFFCAFF38260742,C021A3A2537404B7
$3CD6D0C68BB4C4,3FDD17BCFABDCB99,BFF9F38509E70E8,C021B48D7A16EF3A
$3CBE64D7C83368,3FDD679767C92314,BFF73499A5900D2,C021C3C6164FF2C6
$3CCDFCBB4A9F34,3FDDB751C522FD63,BFF47374B91B41,C021D14AB28C93B4
$3CD12F66633D99,3FDE06EFF65AA077,BFF1B059DEE27DA,C021DD1A030714E
$3CD2B57AA2AFC9,3FDE4F3C092780C5,BFEE5819855CAE,C021E65A0D48988F
$3CC8ED202682F3,3FDE9776EA593446,BFE94D17D01CC64,C021EE2F050EE51
$3CCAB0FF198713,3FDEDFA37BB3A0F2,BFE44014E840B84,C021F4984B7E0F37
$3CCFADDF372AB7,3FDF27C49CB4484A,BFDE62EE815AE78,C021F9955E8B2922
$3CD343175F3CA86,3FDF6FDD2B07AD48,BFD4434AD9A6BA,C021FD25D9068FEA
$3CCA0BA9B8CEF0C,3FDFB7F002FE1C91,BFC444186236C8,C021FF4972A3F014
$3CC4AA60DF38E7C,3FDFFFFFFFFFFFFE,8,C022000000000004
$3CC52F97428BE54,3FE026ED403DA58F,3FC5E4F28A5CE1,C021FF2AEE631A76
$3CD47502A8C150C,3FE04DDC4D58D43D,3FD5E3EF5FBA698,C021FCABCD40AB9A
$3CD7D66D4A24708,3FE074CEF4845A6,3FE069AF9E7C85C,C021F882D7B3A663
$3CD23E21CE4AFB4,3FE09BC7039DB24B,3FE5DFE2FD1636,C021F2B0703837A3
$3CC3E1332A3B1,3FE0C37BE1174D1E,3FEB6D6D77D5C54,C021EB0E5FEC734D
$3CD0EEEE8D8004,3FE0EB3A2322C664,3FF07C2B65DCDF2,C021E1B48B88E3F5
$3CD1B34AF59E0C,3FE11303B58FBB7F,3FF3400B7836262,C021D6A3D88D48E6
$3CD0675F8CA706,3FE13ADA865C068,3FF602131595B44,C021C9DD568C8D6D
$3CC1B8953BA4FC,3FE162C086142222,3FF8C1FE8DE607E,C021BB623F12BF97
$3CCE715C5A03C,3FE18AB7A8349B33,3FFB7F8A64DA652,C021AB33F58700C9
$3CCDA50EE712F,3FE1B2C1E38CB7E4,3FFE3A73586721,C021995407097323
$3CD658897A3,3FE1DAE132A27F89,4000793B339A2C1,C02185C42A4D26D3
$3CD23AC515ECB,3FE2031794184CE4,4001D3A86B85386,C02170863F6E0B1D
$3CD441F470D6E,3FE22B670B141782,40032C601D9BE63,C021599C4FC2E6FF
$3CC6B3B683BD4,3FE25023D9E55B6,40046429CFF5223,C02143561108D586
$3CD06F55D2448,3FE274F89C1044C1,40059A55E6B9AF8,C0212BB1AA5D74BE
$3CD61A713D238,3FE299E6E00DC375,4006CECBCE82AA4,C02112B0FB4D1B33
$3CD53FF303048,3FE2BEF03886585D,4008017316A11C5,C020F855FEFC8B19
$3CD2579AED8A,3FE2E4163C98DC42,40093233730DB92,C020DCA2CC00C3A
$3CC7DB7D3FAC,3FE3095A8822DBFB,400A60F4BE55B2B,C020BF999434A5AE
$3CA7AF79D86,3FE32EBEBC0AA62A,400B8D9EFB847EA,C020A13CA48C6F7B
$3CE5C092547F79E3,3FE35749E47A2951,400CCFFD91F75E5,C0207EF41C5CCA6B
$3CD5B37A2C6B1EC,3FE37FFE5386F569,400E0FB20AEBB38,C0205B250CA8ED83
$3CD36FC73D28,3FE3A8DE2D265FE1,400F4C9ED595FC8,C02035D2C530B589
$3CD597D5C62F40E3,3FE3D1EB9DE98997,40104353517DA28,C0200F00B9831CDD
$3CD0DEC26061A91A,3FE3FBE943775DB7,4010E1A66298FDC8,C01FCBE6CE22BAB1
$3CE0464CA92BB696,3FE4261AD62F409C,40117E5B217980B8,C01F76BFC7B05C35
$3CD64F8171A,3FE45082C0438659,4012196288161C48,C01F1E9489947812
$0,3FE47B23775FB48D,4012B2ADB98F299,C01EC36D87BCEF3
$3CA9D10C742AA569,3FE4A5FF7D445F43,40134A2E039B30C,C01E65537F50B45D
$3CC17CB23C,3FE4D1196068AA5,4013DFD4DFEF9AE,C01E044F75D951E
$3CE84E9175E10956,3FE4FC73BCA1C9EF,40147393F5A52BE,C01DA06AB8657E69
$3CD88B774A8,3FE528113BD0E1C8,4015055D1A9822A8,C01D39AEDAA4D6F2
$3CDF76A2F08441B4,3FE553F49697A77F,4015952254C3DD3,C01CD025B5FCD2F5
$3CE7BF506E36A9AE,3FE580209514334A,401622D5DB99E058,C01C63D9689709AC
$3CD7297F2CBABD44,3FE5A88A010DEB39,4016A1D0843D803,C01BFF08941C006A
$3CE57262EE76F8A1,3FE5D133FE91358E,40171F001D99DB2,C01B97FFE28EEB4E
$3CEB793E7004670D,3FE5FA20C9338964,40179A5ABC7706,C01B2EC77DD576F5
$3CC3432DA5ACCCEC,3FE62352A93A697,401813D69AC5A57,C01AC367BC2E071A
$3CB06056F95C5D1,3FE64CCBF42956FA,40188B6A18652C5,C01A55E91F869CB4
$3CE0AA16778,3FE6768F0D557731,4019010BBBE71958,C019E65454D04575
$3CE37463EEB3333D,3FE6A09E667F3BCE,401974B2334F235,C01974B2334F234E
$3CED2922154E291C,3FE6CE678F04F017,4019EF5F3F0CF42,C018F7AA8146D391
$3CBB6DD63472CA16,3FE6FC8FDF88EFE,401A67A64C3B7228,C0187853B8F428F5
$3CC49908B4,3FE72B1AAB11A254,401ADD7C3B5DAE9,C017F6B9A100DBD3
$3CD8FE082AFF957,3FE75A0B5C13D021,401B50D626C5F368,C01772E835A96EBC
$3CE48E8479DC2CCE,3FE78A42DBE61D09,401BC3B07CD75678,C016EA76F25F36E
$3CDCF46117,3FE7BAEB72B69CED,401C33E166EDB748,C0165FD3427953ED
$0,3FE7EC090DB78374,401CA15E2387D8B8,C015D30A70980C25
$3CE2962EFE75975E,3FE81D9FB8688F83,401D0C1C33809AC8,C0154429FC010232
$3CE2F24FDFF2C156,3FE84FB39E0BD57F,401D74115B1098A8,C014B33F9753F2CA
$3CE01C1CA94802D2,3FE882490B2DB474,401DD933A2C9527,C0142059273A855D
$3CE6868A3BED9427,3FE8B5646F41326A,401E3B795889C89,C0138B84C1135106
$3CE203C0359EF5C6,3FE8E90A5E5213EF,401E9AD9106C72B8,C012F4D0A998362D
$3CE673A00C6B1EF6,3FE91D3F92CE1B59,401EF749A5AE7B3,C0125C4B53802D5B
$3CCE19240F84,3FE95208EF66F6C4,401F50C23B902808,C011C2035E1CADC5
$0,3FE9828A9F2E66C5,401F9F7DDB928048,C01134475BAB6362
$3CD0E34C757F,3FE9B38ED7AAF4AA,401FEBB80E0F529,C010A52E62B40F89
$3CDD13CD97318,3FE9E519A3A8A173,40201AB5646E75,C01014C3C9BE6301
$3CD5ECB1645B,3FEA172F2F0C308A,40203E481A8F435,C00F0626042498DE
$3CD3F723B39C,3FEA49D3C856F10B,4020609157DD673C,C00DE04F2D9FC049
$0,3FEA7D0BE23ED016,4020818E64E71278,C00CB81A580A675E
$3CE6A0B587B3E,3FEAB0DC155BFCC9,4020A13CA48C6F7C,C00B8D9EFB847EA2
$3C9A24D253058,3FEAE98690980B3B,4020C1FB79958368,C00A48B4177331DF
$3CDFC8C6C2B2FC,3FEB22EE52AB2672,4020E12D943E3F48,C009015AF1F66993
$0,3FEB5D19CB3C781B,4020FED011FD1F7,C007B7B1D0CC8FFB
$3CE0A4FD5E9C538,3FEB980FA87A97BD,40211AE0353D2FF4,C0066BD73072DA2C
$3CD45E54245403,3FEBD4EF1330330C,402135D2E4244BEC,C00517D2C0D8E0E3
$0,3FEC12AF1D8CE5A3,40214F1F2EEFB33C,C003C1C8A16A1537
$3CD19228D628D7D,3FEC5157B2659634,402166C2A8BBCBE,C00269D99CD3253
$3CFA4D6C9A,3FEC90F10F441818,40217CBB0D5F3FF8,C0011026AC3D8645
$3CD3A955D,3FECD183C8F34897,4021910641A29CD,BFFF69A1E84C637D
$3CCF1DBAF20279E,3FED1318D056F05,4021A3A2537404B8,BFFCAFF382607443
$3CED562B5C7ACE78,3FED55B9779548F2,4021B48D7A16EF3C,BFF9F38509E70E5F
$3CE1B9E58D4,3FED996F77988D23,4021C3C6164FF2C8,BFF73499A5900D24
$3CD097712B31C9B8,3FEDDE44F5EF8C7B,4021D14AB28C93B8,BFF47374B91B4111
$0,3FEE24448B14E0B7,4021DD1A030714E,BFF1B059DEE27DB4
$3CB2D70EDEF8,3FEE64F30D2F3B57,4021E65A0D48989,BFEE5819855CAD9A
$3CE276DF549EC,3FEEA6A9BC36C6E6,4021EE2F050EE514,BFE94D17D01CC638
$3CD9A5106AA84,3FEEE971A2577ED3,4021F4984B7E0F3C,BFE44014E840B81D
$3CC391F1EAF29,3FEF2D542B88F1C3,4021F9955E8B2924,BFDE62EE815AE72E
$3CB242090CE1B78,3FEF725B2AF433EA,4021FD25D9068FEC,BFD4434AD9A6B95B
$0,3FEFB890E0B565DB,4021FF4972A3F014,BFC444186236C82
$0,3FF,4022000000000008,0
4 38 31
4 39 271
4 40 533
4 41 535
4 42 0
4 43 0
3 32 ->
4 33 308
4 34 4
4 35 0
4 36 [2]
$1,-1
4 37 [30][4]
$3FF,0,3FF,3FF
$3FEED887E67507FD,0,3FEED887E67507FD,3FF
$3FEDA7BB9E5F1E5F,0,3FEDA7BB9E5F1E5F,3FF
$3FEC7CBA27805912,0,3FEC7CBA27805912,3FF
$3FEB56EBFD152B64,0,3FEB56EBFD152B65,3FF
$3FEA35C2B0345656,0,3FEA35C2B0345653,3FF
$3FE918B7BD7BBF36,0,3FE918B7BD7BBF34,3FF
$3FE7FF4B80999BF4,0,3FE7FF4B80999BF7,3FF
$3FE6E904410668E2,0,3FE6E904410668E3,3FF
$3FE5D56D53E7A6F7,0,3FE5D56D53E7A6FC,3FF
$3FE4C4164F98A90A,0,3FE4C4164F98A90C,3FF
$3FE3B4924DC2D91,0,3FE3B4924DC2D91,3FF
$3FE2A6773945EA94,0,3FE2A6773945EA8B,3FF
$3FE1995D257588EC,0,3FE1995D257588EE,3FF
$3FE08CDDAC67AEFE,0,3FE08CDDAC67AEFB,3FF
$3FDF0126A46D9E19,0,3FDF0126A46D9E18,3FF
$3FDCE831D66D5517,3BB3169862206EAC,3FDCE831D66D551C,3FF
$3FDACE12065629F3,3B607164C919309D,3FDACE12065629F3,3FF
$3FD8B1FA872AE327,0,3FD8B1FA872AE327,3FF
$3FD6931BAE516222,0,3FD6931BAE516222,3FF
$3FD470A190C78421,0,3FD470A190C78421,3FF
$3FD249B2B26E922A,0,3FD249B2B26E922A,3FF
$3FD01D6EA2E838B7,0,3FD01D6EA2E838B7,3FF
$3FCBD5D9062C7372,3BD1D8F9B6994A1D,3FCBD5D9062C7372,3FF
$3FC76272DB8AF706,0,3FC76272DB8AF706,3FF
$3FC2DEAD7AC1E8A3,0,3FC2DEAD7AC1E8A3,3FF
$3FBC90E09ECBC234,0,3FBC90E09ECBC234,3FF
$3FB33B069ECD9EF9,0,3FB33B069ECD9EF9,3FF
$3FA36E2960F23F4D,0,3FA36E2960F23F4D,3FF
$0,0,0,3FF
4 38 32
4 39 306
4 40 34
4 41 74
4 42 0
4 43 0
3 32 ->
4 33 307
4 34 4
4 35 0
4 36 [2]
$1,-1
4 37 [30][4]
$3FF,0,3FF,3FF
$3FEED887E67507FD,0,3FEED887E67507FD,3FF
$3FEDA7BB9E5F1E5F,0,3FEDA7BB9E5F1E5F,3FF
$3FEC7CBA27805912,0,3FEC7CBA27805912,3FF
$3FEB56EBFD152B64,0,3FEB56EBFD152B65,3FF
$3FEA35C2B0345656,0,3FEA35C2B0345653,3FF
$3FE918B7BD7BBF36,0,3FE918B7BD7BBF34,3FF
$3FE7FF4B80999BF4,0,3FE7FF4B80999BF7,3FF
$3FE6E904410668E2,0,3FE6E904410668E3,3FF
$3FE5D56D53E7A6F7,0,3FE5D56D53E7A6FC,3FF
$3FE4C4164F98A90A,0,3FE4C4164F98A90C,3FF
$3FE3B4924DC2D91,0,3FE3B4924DC2D91,3FF
$3FE2A6773945EA94,0,3FE2A6773945EA8B,3FF
$3FE1995D257588EC,0,3FE1995D257588EE,3FF
$3FE08CDDAC67AEFE,0,3FE08CDDAC67AEFB,3FF
$3FDF0126A46D9E19,0,3FDF0126A46D9E18,3FF
$3FDCE831D66D5517,3BB3169862206EAC,3FDCE831D66D551C,3FF
$3FDACE12065629F3,3B607164C919309D,3FDACE12065629F3,3FF
$3FD8B1FA872AE327,0,3FD8B1FA872AE327,3FF
$3FD6931BAE516222,0,3FD6931BAE516222,3FF
$3FD470A190C78421,0,3FD470A190C78421,3FF
$3FD249B2B26E922A,0,3FD249B2B26E922A,3FF
$3FD01D6EA2E838B7,0,3FD01D6EA2E838B7,3FF
$3FCBD5D9062C7372,3BD1D8F9B6994A1D,3FCBD5D9062C7372,3FF
$3FC76272DB8AF706,0,3FC76272DB8AF706,3FF
$3FC2DEAD7AC1E8A3,0,3FC2DEAD7AC1E8A3,3FF
$3FBC90E09ECBC234,0,3FBC90E09ECBC234,3FF
$3FB33B069ECD9EF9,0,3FB33B069ECD9EF9,3FF
$3FA36E2960F23F4D,0,3FA36E2960F23F4D,3FF
$0,0,0,3FF
4 38 31
4 39 305
4 40 33
4 41 73
4 42 0
4 43 0
3 32 ->
4 33 538
4 34 4
4 35 0
4 36 [2]
$1,-1
4 37 [98][4]
$401921FB54442D18,4014000000000004,3FF,0
$40190495432CCA06,4014000000000004,3FEFFFFFFFFFFFFB,3F8CFC100B339B92
$4018E361043F5827,4014000000000004,3FF,3F9E61D3FF72D8ED
$4018C22CC551E648,4014000000000004,3FF,3FA6E5B3A30FBE01
$4018A0F88664746A,4014000000000004,3FF,3FAE611582623E45
$40187FC44777028B,4014000000000004,3FF,3FB2D33F610AAC7
$40185E90088990AD,4014000000000004,3FEFFFFFFFFFFFF6,3FB65C8FC37ADA5A
$40183D5BC99C1ECE,4014000000000004,3FEFFFFFFFFFFFF2,3FB9CDF75AC31F4B
$40181C278AAEACEF,4014000000000004,3FF,3FBD28D78A9AA98
$4017FAF34BC13B11,4014000000000004,3FEFFFFFFFFFFFF2,3FC0373CFAA40DB4
$4017D9BF0CD3C932,4014000000000004,3FF,3FC1D009463B8D35
$4017B88ACDE65754,4014000000000004,3FF,3FC35F60B67521DC
$401797568EF8E575,4014000000000004,3FEFFFFFFFFFFFF7,3FC4E5CA459C3246
$40177622500B7396,4014000000000004,3FF,3FC663C49B7ACF9D
$401754EE111E01B8,4014000000000004,3FEFFFFFFFFFFFF8,3FC7D9C6BC7C5CD4
$401733B9D2308FD9,4014000000000004,3FEFFFFFFFFFFFF8,3FC94840A86ABEA9
$4017128593431DFB,4014000000000004,3FF,3FCAAF9BEA9177FE
$4016F1515455AC1C,4014000000000004,3FF,3FCC103C1CD9FD03
$4016D01D15683A3D,4014000000000004,3FF,3FCD6A7F5F440FFD
$4016AEE8D67AC85E,4014000000000004,3FF,3FCEBEBEC4F2FF4A
$40168DB4978D568,4014000000000004,3FEFFFFFFFFFFFFD,3FD006A75BF2164C
$40166C80589FE4A2,4014000000000004,3FF,3FD0AB3FAA21C973
$40164B4C19B272C3,4014000000000004,3FF,3FD14D4E5E1BB14A
$40162A17DAC500E4,4014000000000004,3FF,3FD1ECF7B271D522
$401608E39BD78F06,4014000000000004,3FF,3FD28A5E2EA8F49B
$4015E7AF5CEA1D27,4014000000000004,3FF,3FD325A2C7EAF44C
$4015C67B1DFCAB48,4014000000000004,3FEFFFFFFFFFFFFA,3FD3BEE4FF3C7DF2
$4015A546DF0F396A,4014000000000004,3FF,3FD45642FD73411
$40158412A021C78B,4014000000000004,3FEFFFFFFFFFFFF8,3FD4EBD9AD23F719
$401562DE613455AC,4014000000000004,3FEFFFFFFFFFFFFD,3FD57FC4D2B9C366
$401541AA2246E3CE,4014000000000004,3FEFFFFFFFFFFFFD,3FD6121F22E3A29B
$40152075E35971F,4014000000000004,3FF,3FD6A3025780495D
$4014FF41A46C0011,4014000000000004,3FEFFFFFFFFFFFFF,3FD73287432CFF01
$4014DE0D657E8E32,4014000000000004,3FEFFFFFFFFFFFFE,3FD7C0C5E3989D62
$4014BCD926911C54,4014000000000004,3FEFFFFFFFFFFFFF,3FD84DD572B8DF3D
$40149BA4E7A3AA75,4014000000000004,3FEFFFFFFFFFFFFE,3FD8D9CC76FD7D19
$40147A70A8B63896,4014000000000004,3FF,3FD964C0D29A3E72
$4014593C69C8C6B8,4014000000000004,3FEFFFFFFFFFFFFC,3FD9EEC7D1FF0DFE
$401438082ADB54D9,4014000000000004,3FEFFFFFFFFFFFFE,3FDA77F6399347AB
$401416D3EBEDE2FA,4014000000000004,3FF,3FDB006052C7D4C1
$4013F59FAD00711C,4014000000000004,3FF,3FDB8819F8923A5C
$4013D46B6E12FF3D,4014000000000004,3FEFFFFFFFFFFFFA,3FDC0F36A3617A02
$4013B3372F258D5E,4014000000000004,3FEFFFFFFFFFFFFD,3FDC95C9749C8877
$40139202F0381B8,4014000000000004,3FF,3FDD1BE541B92745
$401370CEB14AA9A1,4014000000000004,3FF,3FDDA19C9EF91801
$40134F9A725D37C2,4014000000000004,3FEFFFFFFFFFFFFE,3FDE2701E9DAE80C
$40132E66336FC5E4,4014000000000004,3FF,3FDEAC27534AFA76
$40130D31F4825406,4014000000000004,3FF,3FDF311EE9A0F437
$4012EBFDB594E227,4014000000000004,3FEFFFFFFFFFFFFE,3FDFB5FAA2754884
$4012CAC976A77048,4014000000000004,3FEFFFFFFFFFFFFF,3FE01D66322D2A18
$4012A99537B9FE6A,4014000000000004,3FF,3FE05FD308421F3
$40128860F8CC8C8B,4014000000000004,3FF,3FE0A24CC635597A
$4012672CB9DF1AAD,4014000000000004,3FF,3FE0E4DC65B7BFB1
$401245F87AF1A8CE,4014000000000004,3FEFFFFFFFFFFFFC,3FE1278AEC4A91D9
$401224C43C0436EF,4014000000000004,3FF,3FE16A61702844A5
$4012038FFD16C51,4014000000000004,3FF,3FE1AD691D40A335
$4011E25BBE295332,4014000000000004,3FEFFFFFFFFFFFFF,3FE1F0AB3A4E10FE
$4011C1277F3BE153,4014000000000004,3FEFFFFFFFFFFFFF,3FE234312E09F7B6
$40119FF3404E6F75,4014000000000004,3FEFFFFFFFFFFFFF,3FE278048486ABA
$40117EBF0160FD96,4014000000000004,3FEFFFFFFFFFFFFE,3FE2BC2EF4B55C5B
$40115D8AC2738BB8,4014000000000004,3FF,3FE300BA661F0261
$40113C56838619D9,4014000000000004,3FF,3FE345B0F6D7A267
$40111B224498A7FA,4014000000000004,3FEFFFFFFFFFFFFD,3FE38B1D01B3B971
$4010F9EE05AB361C,4014000000000004,3FEFFFFFFFFFFFFF,3FE3D10924C83078
$4010D8B9C6BDC43D,4014000000000004,3FF,3FE41780483DD5EA
$4010B78587D0525E,4014000000000004,3FF,3FE45E8DA58210FA
$4010965148E2E08,4014000000000004,3FEFFFFFFFFFFFFD,3FE4A63CCEDF50BF
$4010751D09F56EA2,4014000000000004,3FF,3FE4EE99B788A1FF
$401053E8CB07FCC3,4014000000000004,3FEFFFFFFFFFFFFF,3FE537B0BC24DE2A
$401032B48C1A8AE4,4014000000000004,3FEFFFFFFFFFFFFD,3FE5818EABE70F3D
$401011804D2D1906,4014000000000004,3FEFFFFFFFFFFFFB,3FE5CC40D242F3E9
$400FE0981C7F4E4F,4014000000000004,3FF,3FE617D5014E0A57
$400F9E2F9EA46A91,4014000000000004,3FF,3FE664599CDF334E
$400F5BC720C986D4,4014000000000004,3FEFFFFFFFFFFFFD,3FE6B1DDA680E2A1
$400F195EA2EEA316,4014000000000004,3FEFFFFFFFFFFFFD,3FE70070CA4BF393
$400ED6F62513BF5A,4014000000000004,3FEFFFFFFFFFFFF4,3FE750236CC3A18A
$400E948DA738DB9C,4014000000000004,3FEFFFFFFFFFFFF,3FE7A106B9CDE0FD
$400E5225295DF7E,4014000000000004,3FEFFFFFFFFFFFFF,3FE7F32CB4E66D1B
$400E0FBCAB831422,4014000000000004,3FEFFFFFFFFFFFFB,3FE846A84AAE63EE
$400DCD542DA83065,4014000000000004,3FF,3FE89B8D63FE49F3
$400D8AEBAFCD4CA8,4014000000000004,3FEFFFFFFFFFFFFC,3FE8F1F0FAA4DCC4
$400D488331F268EA,4014000000000004,3FEFFFFFFFFFFFFC,3FE949E930024E94
$400D061AB417852E,4014000000000004,3FF,3FE9A38D65B57454
$400CC3B2363CA16F,4014000000000004,3FF,3FE9FEF658973D1A
$400C8149B861BDB3,4014000000000004,3FF,3FEA5C3E3E4895A3
$400C3EE13A86D9F6,4014000000000004,3FEFFFFFFFFFFFF9,3FEABB80E59FD1BB
$400BFC78BCABF639,4014000000000004,3FEFFFFFFFFFFFFE,3FEB1CDBDA4D0854
$400BBA103ED1127B,4014000000000004,3FF,3FEB806E8C18BA56
$400B77A7C0F62EBE,4014000000000004,3FEFFFFFFFFFFFFA,3FEBE65A7A2DE60E
$400B353F431B4B01,4014000000000004,3FEFFFFFFFFFFFFF,3FEC4EC362F0A6D1
$400AF2D6C5406744,4014000000000004,3FEFFFFFFFFFFFFF,3FECB9CF78F5174A
$400AB06E47658387,4014000000000004,3FEFFFFFFFFFFFFF,3FED27A79DBFD726
$400A6E05C98A9FCA,4014000000000004,3FF,3FED9877A312E5DC
$400A2B9D4BAFBC0C,4014000000000004,3FF,3FEE0C6E93A72E48
$4009E934CDD4D84F,4014000000000004,3FF,3FEE83BF0455F98A
$4009A6CC4FF9F492,4014000000000004,3FF,3FEEFE9F6EDE9383
$40096463D21F10D5,4014000000000004,3FEFFFFFFFFFFFFB,3FEF7D4A97A4F986
$400921FB54442D18,4014000000000004,3FF,3FF
4 38 328
4 39 32
4 40 330
4 41 308
4 42 0
4 43 0
3 32 ->
4 33 537
4 34 4
4 35 0
4 36 [2]
$1,-1
4 37 [98][4]
$401921FB54442D18,4014000000000004,3FF,0
$40190495432CCA06,4014000000000004,3FEFFFFFFFFFFFFB,3F8CFC100B339B92
$4018E361043F5827,4014000000000004,3FF,3F9E61D3FF72D8ED
$4018C22CC551E648,4014000000000004,3FF,3FA6E5B3A30FBE01
$4018A0F88664746A,4014000000000004,3FF,3FAE611582623E45
$40187FC44777028B,4014000000000004,3FF,3FB2D33F610AAC7
$40185E90088990AD,4014000000000004,3FEFFFFFFFFFFFF6,3FB65C8FC37ADA5A
$40183D5BC99C1ECE,4014000000000004,3FEFFFFFFFFFFFF2,3FB9CDF75AC31F4B
$40181C278AAEACEF,4014000000000004,3FF,3FBD28D78A9AA98
$4017FAF34BC13B11,4014000000000004,3FEFFFFFFFFFFFF2,3FC0373CFAA40DB4
$4017D9BF0CD3C932,4014000000000004,3FF,3FC1D009463B8D35
$4017B88ACDE65754,4014000000000004,3FF,3FC35F60B67521DC
$401797568EF8E575,4014000000000004,3FEFFFFFFFFFFFF7,3FC4E5CA459C3246
$40177622500B7396,4014000000000004,3FF,3FC663C49B7ACF9D
$401754EE111E01B8,4014000000000004,3FEFFFFFFFFFFFF8,3FC7D9C6BC7C5CD4
$401733B9D2308FD9,4014000000000004,3FEFFFFFFFFFFFF8,3FC94840A86ABEA9
$4017128593431DFB,4014000000000004,3FF,3FCAAF9BEA9177FE
$4016F1515455AC1C,4014000000000004,3FF,3FCC103C1CD9FD03
$4016D01D15683A3D,4014000000000004,3FF,3FCD6A7F5F440FFD
$4016AEE8D67AC85E,4014000000000004,3FF,3FCEBEBEC4F2FF4A
$40168DB4978D568,4014000000000004,3FEFFFFFFFFFFFFD,3FD006A75BF2164C
$40166C80589FE4A2,4014000000000004,3FF,3FD0AB3FAA21C973
$40164B4C19B272C3,4014000000000004,3FF,3FD14D4E5E1BB14A
$40162A17DAC500E4,4014000000000004,3FF,3FD1ECF7B271D522
$401608E39BD78F06,4014000000000004,3FF,3FD28A5E2EA8F49B
$4015E7AF5CEA1D27,4014000000000004,3FF,3FD325A2C7EAF44C
$4015C67B1DFCAB48,4014000000000004,3FEFFFFFFFFFFFFA,3FD3BEE4FF3C7DF2
$4015A546DF0F396A,4014000000000004,3FF,3FD45642FD73411
$40158412A021C78B,4014000000000004,3FEFFFFFFFFFFFF8,3FD4EBD9AD23F719
$401562DE613455AC,4014000000000004,3FEFFFFFFFFFFFFD,3FD57FC4D2B9C366
$401541AA2246E3CE,4014000000000004,3FEFFFFFFFFFFFFD,3FD6121F22E3A29B
$40152075E35971F,4014000000000004,3FF,3FD6A3025780495D
$4014FF41A46C0011,4014000000000004,3FEFFFFFFFFFFFFF,3FD73287432CFF01
$4014DE0D657E8E32,4014000000000004,3FEFFFFFFFFFFFFE,3FD7C0C5E3989D62
$4014BCD926911C54,4014000000000004,3FEFFFFFFFFFFFFF,3FD84DD572B8DF3D
$40149BA4E7A3AA75,4014000000000004,3FEFFFFFFFFFFFFE,3FD8D9CC76FD7D19
$40147A70A8B63896,4014000000000004,3FF,3FD964C0D29A3E72
$4014593C69C8C6B8,4014000000000004,3FEFFFFFFFFFFFFC,3FD9EEC7D1FF0DFE
$401438082ADB54D9,4014000000000004,3FEFFFFFFFFFFFFE,3FDA77F6399347AB
$401416D3EBEDE2FA,4014000000000004,3FF,3FDB006052C7D4C1
$4013F59FAD00711C,4014000000000004,3FF,3FDB8819F8923A5C
$4013D46B6E12FF3D,4014000000000004,3FEFFFFFFFFFFFFA,3FDC0F36A3617A02
$4013B3372F258D5E,4014000000000004,3FEFFFFFFFFFFFFD,3FDC95C9749C8877
$40139202F0381B8,4014000000000004,3FF,3FDD1BE541B92745
$401370CEB14AA9A1,4014000000000004,3FF,3FDDA19C9EF91801
$40134F9A725D37C2,4014000000000004,3FEFFFFFFFFFFFFE,3FDE2701E9DAE80C
$40132E66336FC5E4,4014000000000004,3FF,3FDEAC27534AFA76
$40130D31F4825406,4014000000000004,3FF,3FDF311EE9A0F437
$4012EBFDB594E227,4014000000000004,3FEFFFFFFFFFFFFE,3FDFB5FAA2754884
$4012CAC976A77048,4014000000000004,3FEFFFFFFFFFFFFF,3FE01D66322D2A18
$4012A99537B9FE6A,4014000000000004,3FF,3FE05FD308421F3
$40128860F8CC8C8B,4014000000000004,3FF,3FE0A24CC635597A
$4012672CB9DF1AAD,4014000000000004,3FF,3FE0E4DC65B7BFB1
$401245F87AF1A8CE,4014000000000004,3FEFFFFFFFFFFFFC,3FE1278AEC4A91D9
$401224C43C0436EF,4014000000000004,3FF,3FE16A61702844A5
$4012038FFD16C51,4014000000000004,3FF,3FE1AD691D40A335
$4011E25BBE295332,4014000000000004,3FEFFFFFFFFFFFFF,3FE1F0AB3A4E10FE
$4011C1277F3BE153,4014000000000004,3FEFFFFFFFFFFFFF,3FE234312E09F7B6
$40119FF3404E6F75,4014000000000004,3FEFFFFFFFFFFFFF,3FE278048486ABA
$40117EBF0160FD96,4014000000000004,3FEFFFFFFFFFFFFE,3FE2BC2EF4B55C5B
$40115D8AC2738BB8,4014000000000004,3FF,3FE300BA661F0261
$40113C56838619D9,4014000000000004,3FF,3FE345B0F6D7A267
$40111B224498A7FA,4014000000000004,3FEFFFFFFFFFFFFD,3FE38B1D01B3B971
$4010F9EE05AB361C,4014000000000004,3FEFFFFFFFFFFFFF,3FE3D10924C83078
$4010D8B9C6BDC43D,4014000000000004,3FF,3FE41780483DD5EA
$4010B78587D0525E,4014000000000004,3FF,3FE45E8DA58210FA
$4010965148E2E08,4014000000000004,3FEFFFFFFFFFFFFD,3FE4A63CCEDF50BF
$4010751D09F56EA2,4014000000000004,3FF,3FE4EE99B788A1FF
$401053E8CB07FCC3,4014000000000004,3FEFFFFFFFFFFFFF,3FE537B0BC24DE2A
$401032B48C1A8AE4,4014000000000004,3FEFFFFFFFFFFFFD,3FE5818EABE70F3D
$401011804D2D1906,4014000000000004,3FEFFFFFFFFFFFFB,3FE5CC40D242F3E9
$400FE0981C7F4E4F,4014000000000004,3FF,3FE617D5014E0A57
$400F9E2F9EA46A91,4014000000000004,3FF,3FE664599CDF334E
$400F5BC720C986D4,4014000000000004,3FEFFFFFFFFFFFFD,3FE6B1DDA680E2A1
$400F195EA2EEA316,4014000000000004,3FEFFFFFFFFFFFFD,3FE70070CA4BF393
$400ED6F62513BF5A,4014000000000004,3FEFFFFFFFFFFFF4,3FE750236CC3A18A
$400E948DA738DB9C,4014000000000004,3FEFFFFFFFFFFFF,3FE7A106B9CDE0FD
$400E5225295DF7E,4014000000000004,3FEFFFFFFFFFFFFF,3FE7F32CB4E66D1B
$400E0FBCAB831422,4014000000000004,3FEFFFFFFFFFFFFB,3FE846A84AAE63EE
$400DCD542DA83065,4014000000000004,3FF,3FE89B8D63FE49F3
$400D8AEBAFCD4CA8,4014000000000004,3FEFFFFFFFFFFFFC,3FE8F1F0FAA4DCC4
$400D488331F268EA,4014000000000004,3FEFFFFFFFFFFFFC,3FE949E930024E94
$400D061AB417852E,4014000000000004,3FF,3FE9A38D65B57454
$400CC3B2363CA16F,4014000000000004,3FF,3FE9FEF658973D1A
$400C8149B861BDB3,4014000000000004,3FF,3FEA5C3E3E4895A3
$400C3EE13A86D9F6,4014000000000004,3FEFFFFFFFFFFFF9,3FEABB80E59FD1BB
$400BFC78BCABF639,4014000000000004,3FEFFFFFFFFFFFFE,3FEB1CDBDA4D0854
$400BBA103ED1127B,4014000000000004,3FF,3FEB806E8C18BA56
$400B77A7C0F62EBE,4014000000000004,3FEFFFFFFFFFFFFA,3FEBE65A7A2DE60E
$400B353F431B4B01,4014000000000004,3FEFFFFFFFFFFFFF,3FEC4EC362F0A6D1
$400AF2D6C5406744,4014000000000004,3FEFFFFFFFFFFFFF,3FECB9CF78F5174A
$400AB06E47658387,4014000000000004,3FEFFFFFFFFFFFFF,3FED27A79DBFD726
$400A6E05C98A9FCA,4014000000000004,3FF,3FED9877A312E5DC
$400A2B9D4BAFBC0C,4014000000000004,3FF,3FEE0C6E93A72E48
$4009E934CDD4D84F,4014000000000004,3FF,3FEE83BF0455F98A
$4009A6CC4FF9F492,4014000000000004,3FF,3FEEFE9F6EDE9383
$40096463D21F10D5,4014000000000004,3FEFFFFFFFFFFFFB,3FEF7D4A97A4F986
$400921FB54442D18,4014000000000004,3FF,3FF
4 38 327
4 39 31
4 40 329
4 41 307
4 42 0
4 43 0
3 32 ->
4 33 534
4 34 4
4 35 0
4 36 [2]
$1,-1
4 37 [30][4]
$3FF,0,3FF,3FF
$3FEED887E67507FD,3C11C2BB396C65EB,3FEED887E67507FD,3FF
$3FEDA7BB9E5F1E6,3C32B344E75DB6A7,3FEDA7BB9E5F1E6,3FF
$3FEC7CBA27805914,3C455D832B9FC3EB,3FEC7CBA27805914,3FF
$3FEB56EBFD152B66,3C5321727233199B,3FEB56EBFD152B66,3FF
$3FEA35C2B0345658,3C5DF67C16C1E99E,3FEA35C2B0345658,3FF
$3FE918B7BD7BBF36,3C65975A1B5A8F47,3FE918B7BD7BBF36,3FF
$3FE7FF4B80999BF6,3C6D5E46712BCEC9,3FE7FF4B80999BF6,3FF
$3FE6E904410668EA,3C7325FE40D186F6,3FE6E904410668EA,3FF
$3FE5D56D53E7A701,3C782B23BEF8C3BB,3FE5D56D53E7A701,3FF
$3FE4C4164F98A911,3C7DB96582A657E6,3FE4C4164F98A911,3FF
$3FE3B4924DC2D919,3C81E82D96A6405A,3FE3B4924DC2D919,3FF
$3FE2A6773945EA92,3C85389118B959D1,3FE2A6773945EA92,3FF
$3FE1995D257588F7,3C88C0B6E7143BA1,3FE1995D257588F7,3FF
$3FE08CDDAC67AF02,3C8C87D3FADA2A0E,3FE08CDDAC67AF02,3FF
$3FDF0126A46D9E3,0,3FDF0126A46D9E3,3FF
$3FDCE831D66D552B,3BDB77E0ED2C8F4B,3FDCE831D66D552B,3FF
$3FDACE12065629DE,0,3FDACE12065629DE,3FF
$3FD8B1FA872AE327,3BE3D2C0D97F3EB9,3FD8B1FA872AE327,3FF
$3FD6931BAE516215,0,3FD6931BAE516215,3FF
$3FD470A190C7842D,3BE37EDBC4A375D4,3FD470A190C7842D,3FF
$3FD249B2B26E922F,3BEBBCFAF54DF9A7,3FD249B2B26E922F,3FF
$3FD01D6EA2E838A3,3BEC51885B563B8D,3FD01D6EA2E838A3,3FF
$3FCBD5D9062C736F,3BC662E53866B8EA,3FCBD5D9062C736F,3FF
$3FC76272DB8AF702,3BE02F8A0A80A215,3FC76272DB8AF702,3FF
$3FC2DEAD7AC1E8B,3BA6542A0AA97486,3FC2DEAD7AC1E8B,3FF
$3FBC90E09ECBC254,3BBB6FDEAEF98541,3FBC90E09ECBC254,3FF
$3FB33B069ECD9EBC,3B82F905E1262887,3FB33B069ECD9EBC,3FF
$3FA36E2960F23F0D,3B23D869B54212BB,3FA36E2960F23F0D,3FF
$0,0,0,3FF
4 38 306
4 39 32
4 40 540
4 41 538
4 42 0
4 43 0
3 32 ->
4 33 533
4 34 4
4 35 0
4 36 [2]
$1,-1
4 37 [30][4]
$3FF,0,3FF,3FF
$3FEED887E67507FD,3C11C2BB396C65EB,3FEED887E67507FD,3FF
$3FEDA7BB9E5F1E6,3C32B344E75DB6A7,3FEDA7BB9E5F1E6,3FF
$3FEC7CBA27805914,3C455D832B9FC3EB,3FEC7CBA27805914,3FF
$3FEB56EBFD152B66,3C5321727233199B,3FEB56EBFD152B66,3FF
$3FEA35C2B0345658,3C5DF67C16C1E99E,3FEA35C2B0345658,3FF
$3FE918B7BD7BBF36,3C65975A1B5A8F47,3FE918B7BD7BBF36,3FF
$3FE7FF4B80999BF6,3C6D5E46712BCEC9,3FE7FF4B80999BF6,3FF
$3FE6E904410668EA,3C7325FE40D186F6,3FE6E904410668EA,3FF
$3FE5D56D53E7A701,3C782B23BEF8C3BB,3FE5D56D53E7A701,3FF
$3FE4C4164F98A911,3C7DB96582A657E6,3FE4C4164F98A911,3FF
$3FE3B4924DC2D919,3C81E82D96A6405A,3FE3B4924DC2D919,3FF
$3FE2A6773945EA92,3C85389118B959D1,3FE2A6773945EA92,3FF
$3FE1995D257588F7,3C88C0B6E7143BA1,3FE1995D257588F7,3FF
$3FE08CDDAC67AF02,3C8C87D3FADA2A0E,3FE08CDDAC67AF02,3FF
$3FDF0126A46D9E3,0,3FDF0126A46D9E3,3FF
$3FDCE831D66D552B,3BDB77E0ED2C8F4B,3FDCE831D66D552B,3FF
$3FDACE12065629DE,0,3FDACE12065629DE,3FF
$3FD8B1FA872AE327,3BE3D2C0D97F3EB9,3FD8B1FA872AE327,3FF
$3FD6931BAE516215,0,3FD6931BAE516215,3FF
$3FD470A190C7842D,3BE37EDBC4A375D4,3FD470A190C7842D,3FF
$3FD249B2B26E922F,3BEBBCFAF54DF9A7,3FD249B2B26E922F,3FF
$3FD01D6EA2E838A3,3BEC51885B563B8D,3FD01D6EA2E838A3,3FF
$3FCBD5D9062C736F,3BC662E53866B8EA,3FCBD5D9062C736F,3FF
$3FC76272DB8AF702,3BE02F8A0A80A215,3FC76272DB8AF702,3FF
$3FC2DEAD7AC1E8B,3BA6542A0AA97486,3FC2DEAD7AC1E8B,3FF
$3FBC90E09ECBC254,3BBB6FDEAEF98541,3FBC90E09ECBC254,3FF
$3FB33B069ECD9EBC,3B82F905E1262887,3FB33B069ECD9EBC,3FF
$3FA36E2960F23F0D,3B23D869B54212BB,3FA36E2960F23F0D,3FF
$0,0,0,3FF
4 38 305
4 39 31
4 40 539
4 41 537
4 42 0
4 43 0
3 32 ->
4 33 38
4 34 4
4 35 0
4 36 [2]
$1,-1
4 37 [102][4]
$402E00000000000F,405822B17DD7484A,401921FB54442D18,4021
$402DFDAC26F852F9,40580B0F6C12E2C2,401908C545110EB3,4021
$402DF3FBDC86038C,4057ED0337A3DF8,4018E8B140EFC806,4021
$402DE2C55A54F098,4057CF047F4D4FDB,4018C89D3CCE8159,4021
$402DCA0CF3524DA8,4057B11ACBF95F49,4018A88938AD3AAD,4021
$402DA9D8DD34369B,4057934DA14A7FEA,40188875348BF4,4021
$402D82312EEA58B1,405775A47BB831B,40186861306AAD53,4021
$402D531FDE95B901,40575826CEAD9674,4018484D2C4966A5,4021
$402D1CB0BF081B23,40573ADC02AA4BF4,4018283928281FF9,4021
$402CDEF17CCBA8D7,40571DCB73660401,401808252406D94D,4021
$402C99F19AB399C2,405700FC6DF752A5,4017E8111FE592A,4021
$402C4DC26DF6B81A,4056E4762EFE290F,4017C7FD1BC44BF3,4021
$402BFA7719D4BCDB,4056C83FE0D2732E,4017A7E917A30547,4021
$402BA0248AC79B7C,4056AC6099B74CFA,401787D51381BE99,4021
$402B3EE17141F24F,405690DF5A134321,401767C10F6077ED,4021
$402AD6C63BFBF19D,405675C30AAE1187,401747AD0B3F314,4021
$402A67ED11D027E,40565B127AF450CA,40172799071DEA93,4021
$4029F271CB29BDFE,405640D45F41825A,4017078502FCA3E6,4021
$40297671EB05C9CE,4056270F4F30E92D,4016E770FEDB5D39,4021
$4028F40C978978DA,40560DC9C3F59B5B,4016C75CFABA168D,4021
$40286B62922EF007,4055F50A16BA3721,4016A748F698CFE,4021
$4027DC962F8AD75C,4055DCD67F08A3E4,40168734F2778933,4021
$402747CB4EACA314,4055C535113A45B6,40166720EE564287,4021
$4026AD27501BC48,4055AE2BBCF107D4,4016470CEA34FBD9,4021
$40260CD10C740647,405597C04B99A052,401626F8E613B52D,4021
$402566F0CAA36FC,405581F85EF76CD1,401606E4E1F26E8,4021
$4024BBB035CC22EF,40556CD96FBA45CA,4015E6D0DDD127D3,4021
$40240B3A52CCBFE7,40555868CC1EA35B,4015C6BCD9AFE127,4021
$402355BB7571EE7B,405544AB96986BFB,4015A6A8D58E9A7B,4021
$40229B613553C56C,405531A6C488C2D2,40158694D16D53CD,4021
$4021DC5A6261DAF9,40551F5F1CFF28A5,40156680CD4C0D2,4021
$402118D6F920DF71,40550DD937863F62,4015466CC92AC673,4021
$40205108169CB5E8,4054FD197AFC7D92,40152658C5097FC7,4021
$401F0A3FD82424AF,4054ED241C791BC7,40150644C0E8391A,4021
$401D6AA364A56CF5,4054DDFD1E3D8337,4014E630BCC6F26C,4021
$401BC3A339CEF07D,4054CFA84EB3816A,4014C61CB8A5ABC,4021
$401A15A999E69A8B,4054C229477881C4,4014A608B4846514,4021
$4018612287B54D67,4054B5836C760A74,401485F4B0631E67,4021
$4016A67BAB64EF2E,4054A9B9EB07B6D3,401465E0AC41D7BA,4021
$4014E62436F49C9A,40549ECFB92EE61E,401445CCA820910D,4021
$4013208CCA49ED4A,405494C794D451BA,401425B8A3FF4A61,4021
$4011562756E64DBE,40548BA40317BAE8,401405A49FDE03B4,4021
$400F0ECE068F14CE,405483674FADDC3E,4013E5909BBCBD07,4021
$400B69801BF57911,40547C138C4CC787,4013C57C979B765A,4021
$4007BD4F60D1BA0F,405475AA9026D522,4013A568937A2FAE,4021
$40040B2802C8A611,4054702DF774466,401385548F58E901,4021
$400053F7AEFDC808,40546B9F230BB88A,401365408B37A254,4021
$3FF9315AACBDE3FB,405467FF38098295,4013452C87165BA7,4021
$3FF1B471E33CE275,4054654F1F8613D4,4013251882F514FA,4021
$3FE4662D13AC0084,4054638F865B6611,401305047ED3CE4E,4021
$3FC5795A3749A3DA,405462C0DCF991DF,4012E4F07AB287A1,4021
$BFD355B26994DFAA,405462E3574A8FF,4012C4DC769140F4,4021
$BFE8B19B47287CEE,405463F6ECA52E9D,4012A4C8726FFA48,4021
$BFF3D914AC38940C,405465FB57CF3EDF,401284B46E4EB39B,4021
$BFFB545F535B8441,405468F0170EF826,401264A06A2D6CEE,4021
$C00164663C53D91F,40546CD46C4B8EC5,4012448C660C2641,4021
$C0051A3E5AA2A741,405471A75D3CF4A,4012247861EADF94,4021
$C008CAC96A23B2A9,40547767B3AAB845,401204645DC998E8,4021
$C00C751A254602C6,40547E13FDB9F28A,4011E45059A8523B,4021
$C0100C226B7C48AB,405485AA8E4A2F23,4011C43C55870B8E,4021
$C011D9AFCAF01017,40548E297D6138DE,4011A4285165C4E2,4021
$C013A2C13F8CC9FF,4054978EA8A5AE6E,401184144D447E35,4021
$C01566E3F83D08B7,4054A1D7B3E840F8,4011640049233788,4021
$C01725A6611F1D56,4054AD0209BB79E8,401143EC4501F0DB,4021
$C018DE98400D07CE,4054B90ADC19E1F2,401123D840E0AA2F,4021
$C01A914AD0CD8DCA,4054C5EF251A5F86,401103C43CBF6382,4021
$C01C3D50E0E7631A,4054D3ABA7B29F5,4010E3B0389E1CD5,4021
$C01DE23EEB0F6688,4054E23CF0875612,4010C39C347CD628,4021
$C01F7FAB322B0EF6,4054F19F56CA276D,4010A388305B8F7B,4021
$C0208A96EDF01FF3,405501CEFD24F9DE,401083742C3A48CE,4021
$C02151308555ECA5,405512C7D2B27CE2,4010636028190222,4021
$C02213707BBC3A75,405524859403A2C,4010434C23F7BB75,4021
$C022D126055771E2,40553703CC31CC51,401023381FD674C8,4021
$C0238A217A5D0FDE,40554A3DD5FD61E9,401003241BB52E1B,4021
$C0243E3462FC4467,40555E2EDCF89161,400FC6202F27CEDF,4021
$C024ED31830A3534,405572D1DEBDE63A,400F85F826E54185,4021
$C02596ECE55EF59A,40558821AC326DC5,400F45D01EA2B42A,4021
$C0263B3BE6E05929,40559E18EAD31677,400F05A8166026D,4021
$C026D9F54137DAA6,4055B4B2160CF6A2,400EC5800E1D9978,4021
$C02772F11530E6CE,4055CBE780A02413,400E855805DB0C1F,4021
$C0280608F4BCF007,4055E3B3560CC378,400E452FFD987EC4,4021
$C0289317EC9AC6E3,4055FC0F9C09F3D6,400E0507F555F16C,4021
$C02919FA8D9ECAB4,405614F6340637E8,400DC4DFED136412,4021
$C0299A8EF5999D3C,40562E60DCB0FCC9,400D84B7E4D0D6B8,4021
$C02A14B4D7DB1D18,40564849338CDB1C,400D448FDC8E495E,4021
$C02A884D854F8377,405662A8B68A2D9D,400D0467D44BBC05,4021
$C02AF53BF4349B7D,40567D78C5A995FC,400CC43FCC092EAB,4021
$C02B5B64C765236A,405698B2A4A606DA,400C8417C3C6A151,4021
$C02BBAAE553882B,4056B44F7CA5E7E9,400C43EFBB8413F9,4021
$C02C1300ADF51AAE,4056D0485DF2E76,400C03C7B341869E,4021
$C02C6445A1D393B3,4056EC9641B80A3C,400BC39FAAFEF944,4021
$C02CAE68C691A37A,405709320BC58B56,400B8377A2BC6BEA,4021
$C02CF1577C92E6C3,405726148C5A17B2,400B434F9A79DE91,4021
$C02D2D00F38E8446,4057433681F0F543,400B032792375138,4021
$C02D61562EC86C1,405760909B149FF9,400AC2FF89F4C3E,4021
$C02D8E4A08D523C8,40577E1B783567EE,400A82D781B23685,4021
$C02DB3D136E72DAF,40579BCFAD839A7,400A42AF796FA92C,4021
$C02DD1E24BA535FA,4057B9A5C4CCBEDA,400A0287712D1BD3,4021
$C02DE875B9885038,4057D7963F5B6F4B,4009C25F68EA8E79,4021
$C02DF785D4C1AC42,4057F59997D954B6,4009823760A8011F,4021
$C02DFF0ED4A748F8,405813A84432CD3E,4009420F586573C5,4021
$C02DFFFFFFFFFFF,405822B17DD7484A,400921FB54442D18,4021
4 38 314
4 39 36
4 40 318
4 41 542
4 42 0
4 43 0
3 32 ->
4 33 37
4 34 4
4 35 0
4 36 [2]
$1,-1
4 37 [102][4]
$402E00000000000F,405822B17DD7484A,401921FB54442D18,4021
$402DFDAC26F852F9,40580B0F6C12E2C2,401908C545110EB3,4021
$402DF3FBDC86038C,4057ED0337A3DF8,4018E8B140EFC806,4021
$402DE2C55A54F098,4057CF047F4D4FDB,4018C89D3CCE8159,4021
$402DCA0CF3524DA8,4057B11ACBF95F49,4018A88938AD3AAD,4021
$402DA9D8DD34369B,4057934DA14A7FEA,40188875348BF4,4021
$402D82312EEA58B1,405775A47BB831B,40186861306AAD53,4021
$402D531FDE95B901,40575826CEAD9674,4018484D2C4966A5,4021
$402D1CB0BF081B23,40573ADC02AA4BF4,4018283928281FF9,4021
$402CDEF17CCBA8D7,40571DCB73660401,401808252406D94D,4021
$402C99F19AB399C2,405700FC6DF752A5,4017E8111FE592A,4021
$402C4DC26DF6B81A,4056E4762EFE290F,4017C7FD1BC44BF3,4021
$402BFA7719D4BCDB,4056C83FE0D2732E,4017A7E917A30547,4021
$402BA0248AC79B7C,4056AC6099B74CFA,401787D51381BE99,4021
$402B3EE17141F24F,405690DF5A134321,401767C10F6077ED,4021
$402AD6C63BFBF19D,405675C30AAE1187,401747AD0B3F314,4021
$402A67ED11D027E,40565B127AF450CA,40172799071DEA93,4021
$4029F271CB29BDFE,405640D45F41825A,4017078502FCA3E6,4021
$40297671EB05C9CE,4056270F4F30E92D,4016E770FEDB5D39,4021
$4028F40C978978DA,40560DC9C3F59B5B,4016C75CFABA168D,4021
$40286B62922EF007,4055F50A16BA3721,4016A748F698CFE,4021
$4027DC962F8AD75C,4055DCD67F08A3E4,40168734F2778933,4021
$402747CB4EACA314,4055C535113A45B6,40166720EE564287,4021
$4026AD27501BC48,4055AE2BBCF107D4,4016470CEA34FBD9,4021
$40260CD10C740647,405597C04B99A052,401626F8E613B52D,4021
$402566F0CAA36FC,405581F85EF76CD1,401606E4E1F26E8,4021
$4024BBB035CC22EF,40556CD96FBA45CA,4015E6D0DDD127D3,4021
$40240B3A52CCBFE7,40555868CC1EA35B,4015C6BCD9AFE127,4021
$402355BB7571EE7B,405544AB96986BFB,4015A6A8D58E9A7B,4021
$40229B613553C56C,405531A6C488C2D2,40158694D16D53CD,4021
$4021DC5A6261DAF9,40551F5F1CFF28A5,40156680CD4C0D2,4021
$402118D6F920DF71,40550DD937863F62,4015466CC92AC673,4021
$40205108169CB5E8,4054FD197AFC7D92,40152658C5097FC7,4021
$401F0A3FD82424AF,4054ED241C791BC7,40150644C0E8391A,4021
$401D6AA364A56CF5,4054DDFD1E3D8337,4014E630BCC6F26C,4021
$401BC3A339CEF07D,4054CFA84EB3816A,4014C61CB8A5ABC,4021
$401A15A999E69A8B,4054C229477881C4,4014A608B4846514,4021
$4018612287B54D67,4054B5836C760A74,401485F4B0631E67,4021
$4016A67BAB64EF2E,4054A9B9EB07B6D3,401465E0AC41D7BA,4021
$4014E62436F49C9A,40549ECFB92EE61E,401445CCA820910D,4021
$4013208CCA49ED4A,405494C794D451BA,401425B8A3FF4A61,4021
$4011562756E64DBE,40548BA40317BAE8,401405A49FDE03B4,4021
$400F0ECE068F14CE,405483674FADDC3E,4013E5909BBCBD07,4021
$400B69801BF57911,40547C138C4CC787,4013C57C979B765A,4021
$4007BD4F60D1BA0F,405475AA9026D522,4013A568937A2FAE,4021
$40040B2802C8A611,4054702DF774466,401385548F58E901,4021
$400053F7AEFDC808,40546B9F230BB88A,401365408B37A254,4021
$3FF9315AACBDE3FB,405467FF38098295,4013452C87165BA7,4021
$3FF1B471E33CE275,4054654F1F8613D4,4013251882F514FA,4021
$3FE4662D13AC0084,4054638F865B6611,401305047ED3CE4E,4021
$3FC5795A3749A3DA,405462C0DCF991DF,4012E4F07AB287A1,4021
$BFD355B26994DFAA,405462E3574A8FF,4012C4DC769140F4,4021
$BFE8B19B47287CEE,405463F6ECA52E9D,4012A4C8726FFA48,4021
$BFF3D914AC38940C,405465FB57CF3EDF,401284B46E4EB39B,4021
$BFFB545F535B8441,405468F0170EF826,401264A06A2D6CEE,4021
$C00164663C53D91F,40546CD46C4B8EC5,4012448C660C2641,4021
$C0051A3E5AA2A741,405471A75D3CF4A,4012247861EADF94,4021
$C008CAC96A23B2A9,40547767B3AAB845,401204645DC998E8,4021
$C00C751A254602C6,40547E13FDB9F28A,4011E45059A8523B,4021
$C0100C226B7C48AB,405485AA8E4A2F23,4011C43C55870B8E,4021
$C011D9AFCAF01017,40548E297D6138DE,4011A4285165C4E2,4021
$C013A2C13F8CC9FF,4054978EA8A5AE6E,401184144D447E35,4021
$C01566E3F83D08B7,4054A1D7B3E840F8,4011640049233788,4021
$C01725A6611F1D56,4054AD0209BB79E8,401143EC4501F0DB,4021
$C018DE98400D07CE,4054B90ADC19E1F2,401123D840E0AA2F,4021
$C01A914AD0CD8DCA,4054C5EF251A5F86,401103C43CBF6382,4021
$C01C3D50E0E7631A,4054D3ABA7B29F5,4010E3B0389E1CD5,4021
$C01DE23EEB0F6688,4054E23CF0875612,4010C39C347CD628,4021
$C01F7FAB322B0EF6,4054F19F56CA276D,4010A388305B8F7B,4021
$C0208A96EDF01FF3,405501CEFD24F9DE,401083742C3A48CE,4021
$C02151308555ECA5,405512C7D2B27CE2,4010636028190222,4021
$C02213707BBC3A75,405524859403A2C,4010434C23F7BB75,4021
$C022D126055771E2,40553703CC31CC51,401023381FD674C8,4021
$C0238A217A5D0FDE,40554A3DD5FD61E9,401003241BB52E1B,4021
$C0243E3462FC4467,40555E2EDCF89161,400FC6202F27CEDF,4021
$C024ED31830A3534,405572D1DEBDE63A,400F85F826E54185,4021
$C02596ECE55EF59A,40558821AC326DC5,400F45D01EA2B42A,4021
$C0263B3BE6E05929,40559E18EAD31677,400F05A8166026D,4021
$C026D9F54137DAA6,4055B4B2160CF6A2,400EC5800E1D9978,4021
$C02772F11530E6CE,4055CBE780A02413,400E855805DB0C1F,4021
$C0280608F4BCF007,4055E3B3560CC378,400E452FFD987EC4,4021
$C0289317EC9AC6E3,4055FC0F9C09F3D6,400E0507F555F16C,4021
$C02919FA8D9ECAB4,405614F6340637E8,400DC4DFED136412,4021
$C0299A8EF5999D3C,40562E60DCB0FCC9,400D84B7E4D0D6B8,4021
$C02A14B4D7DB1D18,40564849338CDB1C,400D448FDC8E495E,4021
$C02A884D854F8377,405662A8B68A2D9D,400D0467D44BBC05,4021
$C02AF53BF4349B7D,40567D78C5A995FC,400CC43FCC092EAB,4021
$C02B5B64C765236A,405698B2A4A606DA,400C8417C3C6A151,4021
$C02BBAAE553882B,4056B44F7CA5E7E9,400C43EFBB8413F9,4021
$C02C1300ADF51AAE,4056D0485DF2E76,400C03C7B341869E,4021
$C02C6445A1D393B3,4056EC9641B80A3C,400BC39FAAFEF944,4021
$C02CAE68C691A37A,405709320BC58B56,400B8377A2BC6BEA,4021
$C02CF1577C92E6C3,405726148C5A17B2,400B434F9A79DE91,4021
$C02D2D00F38E8446,4057433681F0F543,400B032792375138,4021
$C02D61562EC86C1,405760909B149FF9,400AC2FF89F4C3E,4021
$C02D8E4A08D523C8,40577E1B783567EE,400A82D781B23685,4021
$C02DB3D136E72DAF,40579BCFAD839A7,400A42AF796FA92C,4021
$C02DD1E24BA535FA,4057B9A5C4CCBEDA,400A0287712D1BD3,4021
$C02DE875B9885038,4057D7963F5B6F4B,4009C25F68EA8E79,4021
$C02DF785D4C1AC42,4057F59997D954B6,4009823760A8011F,4021
$C02DFF0ED4A748F8,405813A84432CD3E,4009420F586573C5,4021
$C02DFFFFFFFFFFF,405822B17DD7484A,400921FB54442D18,4021
4 38 313
4 39 35
4 40 317
4 41 541
4 42 0
4 43 0
3 32 ->
4 33 532
4 34 4
4 35 0
4 36 [2]
$1,-1
4 37 [2][4]
$400921FB54442D18,4024,400921FB54442D18,4024
$400921FB54442D18,4021,400921FB54442D18,4021
4 38 36
4 39 530
4 40 38
4 41 522
4 42 0
4 43 0
3 32 ->
4 33 531
4 34 4
4 35 0
4 36 [2]
$1,-1
4 37 [2][4]
$400921FB54442D18,4024,400921FB54442D18,4024
$400921FB54442D18,4021,400921FB54442D18,4021
4 38 35
4 39 529
4 40 37
4 41 521
4 42 0
4 43 0
3 32 ->
4 33 544
4 34 4
4 35 0
4 36 [2]
$1,-1
4 37 [102][4]
$401921FB54442D18,4024,402E00000000000F,405822B17DD7484A
$401908C545110EB3,4024,402DFDAC26F852F9,40580B0F6C12E2C2
$4018E8B140EFC806,4024,402DF3FBDC86038C,4057ED0337A3DF8
$4018C89D3CCE8159,4024,402DE2C55A54F098,4057CF047F4D4FDB
$4018A88938AD3AAD,4024,402DCA0CF3524DA8,4057B11ACBF95F49
$40188875348BF4,4024,402DA9D8DD34369B,4057934DA14A7FEA
$40186861306AAD53,4024,402D82312EEA58B1,405775A47BB831B
$4018484D2C4966A5,4024,402D531FDE95B901,40575826CEAD9674
$4018283928281FF9,4024,402D1CB0BF081B23,40573ADC02AA4BF4
$401808252406D94D,4024,402CDEF17CCBA8D7,40571DCB73660401
$4017E8111FE592A,4024,402C99F19AB399C2,405700FC6DF752A5
$4017C7FD1BC44BF3,4024,402C4DC26DF6B81A,4056E4762EFE290F
$4017A7E917A30547,4024,402BFA7719D4BCDB,4056C83FE0D2732E
$401787D51381BE99,4024,402BA0248AC79B7C,4056AC6099B74CFA
$401767C10F6077ED,4024,402B3EE17141F24F,405690DF5A134321
$401747AD0B3F314,4024,402AD6C63BFBF19D,405675C30AAE1187
$40172799071DEA93,4024,402A67ED11D027E,40565B127AF450CA
$4017078502FCA3E6,4024,4029F271CB29BDFE,405640D45F41825A
$4016E770FEDB5D39,4024,40297671EB05C9CE,4056270F4F30E92D
$4016C75CFABA168D,4024,4028F40C978978DA,40560DC9C3F59B5B
$4016A748F698CFE,4024,40286B62922EF007,4055F50A16BA3721
$40168734F2778933,4024,4027DC962F8AD75C,4055DCD67F08A3E4
$40166720EE564287,4024,402747CB4EACA314,4055C535113A45B6
$4016470CEA34FBD9,4024,4026AD27501BC48,4055AE2BBCF107D4
$401626F8E613B52D,4024,40260CD10C740647,405597C04B99A052
$401606E4E1F26E8,4024,402566F0CAA36FC,405581F85EF76CD1
$4015E6D0DDD127D3,4024,4024BBB035CC22EF,40556CD96FBA45CA
$4015C6BCD9AFE127,4024,40240B3A52CCBFE7,40555868CC1EA35B
$4015A6A8D58E9A7B,4024,402355BB7571EE7B,405544AB96986BFB
$40158694D16D53CD,4024,40229B613553C56C,405531A6C488C2D2
$40156680CD4C0D2,4024,4021DC5A6261DAF9,40551F5F1CFF28A5
$4015466CC92AC673,4024,402118D6F920DF71,40550DD937863F62
$40152658C5097FC7,4024,40205108169CB5E8,4054FD197AFC7D92
$40150644C0E8391A,4024,401F0A3FD82424AF,4054ED241C791BC7
$4014E630BCC6F26C,4024,401D6AA364A56CF5,4054DDFD1E3D8337
$4014C61CB8A5ABC,4024,401BC3A339CEF07D,4054CFA84EB3816A
$4014A608B4846514,4024,401A15A999E69A8B,4054C229477881C4
$401485F4B0631E67,4024,4018612287B54D67,4054B5836C760A74
$401465E0AC41D7BA,4024,4016A67BAB64EF2E,4054A9B9EB07B6D3
$401445CCA820910D,4024,4014E62436F49C9A,40549ECFB92EE61E
$401425B8A3FF4A61,4024,4013208CCA49ED4A,405494C794D451BA
$401405A49FDE03B4,4024,4011562756E64DBE,40548BA40317BAE8
$4013E5909BBCBD07,4024,400F0ECE068F14CE,405483674FADDC3E
$4013C57C979B765A,4024,400B69801BF57911,40547C138C4CC787
$4013A568937A2FAE,4024,4007BD4F60D1BA0F,405475AA9026D522
$401385548F58E901,4024,40040B2802C8A611,4054702DF774466
$401365408B37A254,4024,400053F7AEFDC808,40546B9F230BB88A
$4013452C87165BA7,4024,3FF9315AACBDE3FB,405467FF38098295
$4013251882F514FA,4024,3FF1B471E33CE275,4054654F1F8613D4
$401305047ED3CE4E,4024,3FE4662D13AC0084,4054638F865B6611
$4012E4F07AB287A1,4024,3FC5795A3749A3DA,405462C0DCF991DF
$4012C4DC769140F4,4024,BFD355B26994DFAA,405462E3574A8FF
$4012A4C8726FFA48,4024,BFE8B19B47287CEE,405463F6ECA52E9D
$401284B46E4EB39B,4024,BFF3D914AC38940C,405465FB57CF3EDF
$401264A06A2D6CEE,4024,BFFB545F535B8441,405468F0170EF826
$4012448C660C2641,4024,C00164663C53D91F,40546CD46C4B8EC5
$4012247861EADF94,4024,C0051A3E5AA2A741,405471A75D3CF4A
$401204645DC998E8,4024,C008CAC96A23B2A9,40547767B3AAB845
$4011E45059A8523B,4024,C00C751A254602C6,40547E13FDB9F28A
$4011C43C55870B8E,4024,C0100C226B7C48AB,405485AA8E4A2F23
$4011A4285165C4E2,4024,C011D9AFCAF01017,40548E297D6138DE
$401184144D447E35,4024,C013A2C13F8CC9FF,4054978EA8A5AE6E
$4011640049233788,4024,C01566E3F83D08B7,4054A1D7B3E840F8
$401143EC4501F0DB,4024,C01725A6611F1D56,4054AD0209BB79E8
$401123D840E0AA2F,4024,C018DE98400D07CE,4054B90ADC19E1F2
$401103C43CBF6382,4024,C01A914AD0CD8DCA,4054C5EF251A5F86
$4010E3B0389E1CD5,4024,C01C3D50E0E7631A,4054D3ABA7B29F5
$4010C39C347CD628,4024,C01DE23EEB0F6688,4054E23CF0875612
$4010A388305B8F7B,4024,C01F7FAB322B0EF6,4054F19F56CA276D
$401083742C3A48CE,4024,C0208A96EDF01FF3,405501CEFD24F9DE
$4010636028190222,4024,C02151308555ECA5,405512C7D2B27CE2
$4010434C23F7BB75,4024,C02213707BBC3A75,405524859403A2C
$401023381FD674C8,4024,C022D126055771E2,40553703CC31CC51
$401003241BB52E1B,4024,C0238A217A5D0FDE,40554A3DD5FD61E9
$400FC6202F27CEDF,4024,C0243E3462FC4467,40555E2EDCF89161
$400F85F826E54185,4024,C024ED31830A3534,405572D1DEBDE63A
$400F45D01EA2B42A,4024,C02596ECE55EF59A,40558821AC326DC5
$400F05A8166026D,4024,C0263B3BE6E05929,40559E18EAD31677
$400EC5800E1D9978,4024,C026D9F54137DAA6,4055B4B2160CF6A2
$400E855805DB0C1F,4024,C02772F11530E6CE,4055CBE780A02413
$400E452FFD987EC4,4024,C0280608F4BCF007,4055E3B3560CC378
$400E0507F555F16C,4024,C0289317EC9AC6E3,4055FC0F9C09F3D6
$400DC4DFED136412,4024,C02919FA8D9ECAB4,405614F6340637E8
$400D84B7E4D0D6B8,4024,C0299A8EF5999D3C,40562E60DCB0FCC9
$400D448FDC8E495E,4024,C02A14B4D7DB1D18,40564849338CDB1C
$400D0467D44BBC05,4024,C02A884D854F8377,405662A8B68A2D9D
$400CC43FCC092EAB,4024,C02AF53BF4349B7D,40567D78C5A995FC
$400C8417C3C6A151,4024,C02B5B64C765236A,405698B2A4A606DA
$400C43EFBB8413F9,4024,C02BBAAE553882B,4056B44F7CA5E7E9
$400C03C7B341869E,4024,C02C1300ADF51AAE,4056D0485DF2E76
$400BC39FAAFEF944,4024,C02C6445A1D393B3,4056EC9641B80A3C
$400B8377A2BC6BEA,4024,C02CAE68C691A37A,405709320BC58B56
$400B434F9A79DE91,4024,C02CF1577C92E6C3,405726148C5A17B2
$400B032792375138,4024,C02D2D00F38E8446,4057433681F0F543
$400AC2FF89F4C3E,4024,C02D61562EC86C1,405760909B149FF9
$400A82D781B23685,4024,C02D8E4A08D523C8,40577E1B783567EE
$400A42AF796FA92C,4024,C02DB3D136E72DAF,40579BCFAD839A7
$400A0287712D1BD3,4024,C02DD1E24BA535FA,4057B9A5C4CCBEDA
$4009C25F68EA8E79,4024,C02DE875B9885038,4057D7963F5B6F4B
$4009823760A8011F,4024,C02DF785D4C1AC42,4057F59997D954B6
$4009420F586573C5,4024,C02DFF0ED4A748F8,405813A84432CD3E
$400921FB54442D18,4024,C02DFFFFFFFFFFF,405822B17DD7484A
4 38 36
4 39 518
4 40 532
4 41 522
4 42 0
4 43 0
3 32 ->
4 33 543
4 34 4
4 35 0
4 36 [2]
$1,-1
4 37 [102][4]
$401921FB54442D18,4024,402E00000000000F,405822B17DD7484A
$401908C545110EB3,4024,402DFDAC26F852F9,40580B0F6C12E2C2
$4018E8B140EFC806,4024,402DF3FBDC86038C,4057ED0337A3DF8
$4018C89D3CCE8159,4024,402DE2C55A54F098,4057CF047F4D4FDB
$4018A88938AD3AAD,4024,402DCA0CF3524DA8,4057B11ACBF95F49
$40188875348BF4,4024,402DA9D8DD34369B,4057934DA14A7FEA
$40186861306AAD53,4024,402D82312EEA58B1,405775A47BB831B
$4018484D2C4966A5,4024,402D531FDE95B901,40575826CEAD9674
$4018283928281FF9,4024,402D1CB0BF081B23,40573ADC02AA4BF4
$401808252406D94D,4024,402CDEF17CCBA8D7,40571DCB73660401
$4017E8111FE592A,4024,402C99F19AB399C2,405700FC6DF752A5
$4017C7FD1BC44BF3,4024,402C4DC26DF6B81A,4056E4762EFE290F
$4017A7E917A30547,4024,402BFA7719D4BCDB,4056C83FE0D2732E
$401787D51381BE99,4024,402BA0248AC79B7C,4056AC6099B74CFA
$401767C10F6077ED,4024,402B3EE17141F24F,405690DF5A134321
$401747AD0B3F314,4024,402AD6C63BFBF19D,405675C30AAE1187
$40172799071DEA93,4024,402A67ED11D027E,40565B127AF450CA
$4017078502FCA3E6,4024,4029F271CB29BDFE,405640D45F41825A
$4016E770FEDB5D39,4024,40297671EB05C9CE,4056270F4F30E92D
$4016C75CFABA168D,4024,4028F40C978978DA,40560DC9C3F59B5B
$4016A748F698CFE,4024,40286B62922EF007,4055F50A16BA3721
$40168734F2778933,4024,4027DC962F8AD75C,4055DCD67F08A3E4
$40166720EE564287,4024,402747CB4EACA314,4055C535113A45B6
$4016470CEA34FBD9,4024,4026AD27501BC48,4055AE2BBCF107D4
$401626F8E613B52D,4024,40260CD10C740647,405597C04B99A052
$401606E4E1F26E8,4024,402566F0CAA36FC,405581F85EF76CD1
$4015E6D0DDD127D3,4024,4024BBB035CC22EF,40556CD96FBA45CA
$4015C6BCD9AFE127,4024,40240B3A52CCBFE7,40555868CC1EA35B
$4015A6A8D58E9A7B,4024,402355BB7571EE7B,405544AB96986BFB
$40158694D16D53CD,4024,40229B613553C56C,405531A6C488C2D2
$40156680CD4C0D2,4024,4021DC5A6261DAF9,40551F5F1CFF28A5
$4015466CC92AC673,4024,402118D6F920DF71,40550DD937863F62
$40152658C5097FC7,4024,40205108169CB5E8,4054FD197AFC7D92
$40150644C0E8391A,4024,401F0A3FD82424AF,4054ED241C791BC7
$4014E630BCC6F26C,4024,401D6AA364A56CF5,4054DDFD1E3D8337
$4014C61CB8A5ABC,4024,401BC3A339CEF07D,4054CFA84EB3816A
$4014A608B4846514,4024,401A15A999E69A8B,4054C229477881C4
$401485F4B0631E67,4024,4018612287B54D67,4054B5836C760A74
$401465E0AC41D7BA,4024,4016A67BAB64EF2E,4054A9B9EB07B6D3
$401445CCA820910D,4024,4014E62436F49C9A,40549ECFB92EE61E
$401425B8A3FF4A61,4024,4013208CCA49ED4A,405494C794D451BA
$401405A49FDE03B4,4024,4011562756E64DBE,40548BA40317BAE8
$4013E5909BBCBD07,4024,400F0ECE068F14CE,405483674FADDC3E
$4013C57C979B765A,4024,400B69801BF57911,40547C138C4CC787
$4013A568937A2FAE,4024,4007BD4F60D1BA0F,405475AA9026D522
$401385548F58E901,4024,40040B2802C8A611,4054702DF774466
$401365408B37A254,4024,400053F7AEFDC808,40546B9F230BB88A
$4013452C87165BA7,4024,3FF9315AACBDE3FB,405467FF38098295
$4013251882F514FA,4024,3FF1B471E33CE275,4054654F1F8613D4
$401305047ED3CE4E,4024,3FE4662D13AC0084,4054638F865B6611
$4012E4F07AB287A1,4024,3FC5795A3749A3DA,405462C0DCF991DF
$4012C4DC769140F4,4024,BFD355B26994DFAA,405462E3574A8FF
$4012A4C8726FFA48,4024,BFE8B19B47287CEE,405463F6ECA52E9D
$401284B46E4EB39B,4024,BFF3D914AC38940C,405465FB57CF3EDF
$401264A06A2D6CEE,4024,BFFB545F535B8441,405468F0170EF826
$4012448C660C2641,4024,C00164663C53D91F,40546CD46C4B8EC5
$4012247861EADF94,4024,C0051A3E5AA2A741,405471A75D3CF4A
$401204645DC998E8,4024,C008CAC96A23B2A9,40547767B3AAB845
$4011E45059A8523B,4024,C00C751A254602C6,40547E13FDB9F28A
$4011C43C55870B8E,4024,C0100C226B7C48AB,405485AA8E4A2F23
$4011A4285165C4E2,4024,C011D9AFCAF01017,40548E297D6138DE
$401184144D447E35,4024,C013A2C13F8CC9FF,4054978EA8A5AE6E
$4011640049233788,4024,C01566E3F83D08B7,4054A1D7B3E840F8
$401143EC4501F0DB,4024,C01725A6611F1D56,4054AD0209BB79E8
$401123D840E0AA2F,4024,C018DE98400D07CE,4054B90ADC19E1F2
$401103C43CBF6382,4024,C01A914AD0CD8DCA,4054C5EF251A5F86
$4010E3B0389E1CD5,4024,C01C3D50E0E7631A,4054D3ABA7B29F5
$4010C39C347CD628,4024,C01DE23EEB0F6688,4054E23CF0875612
$4010A388305B8F7B,4024,C01F7FAB322B0EF6,4054F19F56CA276D
$401083742C3A48CE,4024,C0208A96EDF01FF3,405501CEFD24F9DE
$4010636028190222,4024,C02151308555ECA5,405512C7D2B27CE2
$4010434C23F7BB75,4024,C02213707BBC3A75,405524859403A2C
$401023381FD674C8,4024,C022D126055771E2,40553703CC31CC51
$401003241BB52E1B,4024,C0238A217A5D0FDE,40554A3DD5FD61E9
$400FC6202F27CEDF,4024,C0243E3462FC4467,40555E2EDCF89161
$400F85F826E54185,4024,C024ED31830A3534,405572D1DEBDE63A
$400F45D01EA2B42A,4024,C02596ECE55EF59A,40558821AC326DC5
$400F05A8166026D,4024,C0263B3BE6E05929,40559E18EAD31677
$400EC5800E1D9978,4024,C026D9F54137DAA6,4055B4B2160CF6A2
$400E855805DB0C1F,4024,C02772F11530E6CE,4055CBE780A02413
$400E452FFD987EC4,4024,C0280608F4BCF007,4055E3B3560CC378
$400E0507F555F16C,4024,C0289317EC9AC6E3,4055FC0F9C09F3D6
$400DC4DFED136412,4024,C02919FA8D9ECAB4,405614F6340637E8
$400D84B7E4D0D6B8,4024,C0299A8EF5999D3C,40562E60DCB0FCC9
$400D448FDC8E495E,4024,C02A14B4D7DB1D18,40564849338CDB1C
$400D0467D44BBC05,4024,C02A884D854F8377,405662A8B68A2D9D
$400CC43FCC092EAB,4024,C02AF53BF4349B7D,40567D78C5A995FC
$400C8417C3C6A151,4024,C02B5B64C765236A,405698B2A4A606DA
$400C43EFBB8413F9,4024,C02BBAAE553882B,4056B44F7CA5E7E9
$400C03C7B341869E,4024,C02C1300ADF51AAE,4056D0485DF2E76
$400BC39FAAFEF944,4024,C02C6445A1D393B3,4056EC9641B80A3C
$400B8377A2BC6BEA,4024,C02CAE68C691A37A,405709320BC58B56
$400B434F9A79DE91,4024,C02CF1577C92E6C3,405726148C5A17B2
$400B032792375138,4024,C02D2D00F38E8446,4057433681F0F543
$400AC2FF89F4C3E,4024,C02D61562EC86C1,405760909B149FF9
$400A82D781B23685,4024,C02D8E4A08D523C8,40577E1B783567EE
$400A42AF796FA92C,4024,C02DB3D136E72DAF,40579BCFAD839A7
$400A0287712D1BD3,4024,C02DD1E24BA535FA,4057B9A5C4CCBEDA
$4009C25F68EA8E79,4024,C02DE875B9885038,4057D7963F5B6F4B
$4009823760A8011F,4024,C02DF785D4C1AC42,4057F59997D954B6
$4009420F586573C5,4024,C02DFF0ED4A748F8,405813A84432CD3E
$400921FB54442D18,4024,C02DFFFFFFFFFFF,405822B17DD7484A
4 38 35
4 39 517
4 40 531
4 41 521
4 42 0
4 43 0
3 32 ->
4 33 542
4 34 4
4 35 0
4 36 [2]
$1,-1
4 37 [2][4]
$0,4024,401921FB54442D18,4024
$0,4021,401921FB54442D18,4021
4 38 530
4 39 36
4 40 318
4 41 544
4 42 0
4 43 0
3 32 ->
4 33 541
4 34 4
4 35 0
4 36 [2]
$1,-1
4 37 [2][4]
$0,4024,401921FB54442D18,4024
$0,4021,401921FB54442D18,4021
4 38 529
4 39 35
4 40 317
4 41 543
4 42 0
4 43 0
3 32 ->
4 33 42
4 34 4
4 35 0
4 36 [2]
$1,-1
4 37 [50][4]
$400921FB54442D18,4000DB51293E7832,4012D97C7F3321D2,40202A725CDE2CA6
$4008E361043F5827,4000DB51293E7832,4012BA2F5730B75A,40202A725CDE2CB
$4008A0F88664746A,4000DB51293E7832,401298FB1843457B,40202A725CDE2CB2
$40085E90088990AD,4000DB51293E7832,401277C6D955D39C,40202A725CDE2CB2
$40081C278AAEACF,4000DB51293E7832,401256929A6861BE,40202A725CDE2CB4
$4007D9BF0CD3C933,4000DB51293E7832,4012355E5B7AEFDF,40202A725CDE2CB5
$400797568EF8E576,4000DB51293E7832,4012142A1C8D7E01,40202A725CDE2CB4
$400754EE111E01B8,4000DB51293E7832,4011F2F5DDA00C22,40202A725CDE2CB
$4007128593431DFB,4000DB51293E7832,4011D1C19EB29A43,40202A725CDE2CAF
$4006D01D15683A3E,4000DB51293E7832,4011B08D5FC52865,40202A725CDE2CAF
$40068DB4978D5681,4000DB51293E7832,40118F5920D7B686,40202A725CDE2CAF
$40064B4C19B272C4,4000DB51293E7832,40116E24E1EA44A8,40202A725CDE2CB1
$400608E39BD78F06,4000DB51293E7832,40114CF0A2FCD2C9,40202A725CDE2CAE
$4005C67B1DFCAB49,4000DB51293E7832,40112BBC640F60EA,40202A725CDE2CAF
$40058412A021C78B,4000DB51293E7832,40110A882521EF0C,40202A725CDE2CAD
$400541AA2246E3CF,4000DB51293E7832,4010E953E6347D2E,40202A725CDE2CAF
$4004FF41A46C0012,4000DB51293E7832,4010C81FA7470B4F,40202A725CDE2CAF
$4004BCD926911C54,4000DB51293E7832,4010A6EB6859997,40202A725CDE2CAB
$40047A70A8B63898,4000DB51293E7832,401085B7296C2792,40202A725CDE2CAF
$400438082ADB54D9,4000DB51293E7832,40106482EA7EB5B2,40202A725CDE2CAA
$4003F59FAD00711D,4000DB51293E7832,4010434EAB9143D4,40202A725CDE2CAE
$4003B3372F258D6,4000DB51293E7832,4010221A6CA3D1F6,40202A725CDE2CAC
$400370CEB14AA9A2,4000DB51293E7832,401000E62DB66017,40202A725CDE2CAB
$40032E66336FC5E5,4000DB51293E7832,400FBF63DD91DC7,40202A725CDE2CA9
$4002EBFDB594E228,4000DB51293E7832,400F7CFB5FB6F8B3,40202A725CDE2CAB
$4002A99537B9FE6A,4000DB51293E7832,400F3A92E1DC14F6,40202A725CDE2CAB
$4002672CB9DF1AAD,4000DB51293E7832,400EF82A64013139,40202A725CDE2CAB
$400224C43C0436F1,4000DB51293E7832,400EB5C1E6264D7D,40202A725CDE2CAC
$4001E25BBE295333,4000DB51293E7832,400E7359684B69BF,40202A725CDE2CAB
$40019FF3404E6F78,4000DB51293E7832,400E30F0EA708604,40202A725CDE2CAC
$40015D8AC2738BB8,4000DB51293E7832,400DEE886C95A245,40202A725CDE2CAB
$40011B224498A7F9,4000DB51293E7832,400DAC1FEEBABE86,40202A725CDE2CA8
$4000D8B9C6BDC43E,4000DB51293E7832,400D69B770DFDACB,40202A725CDE2CAA
$4000965148E2E081,4000DB51293E7832,400D274EF304F70C,40202A725CDE2CA8
$400053E8CB07FCC5,4000DB51293E7832,400CE4E6752A135,40202A725CDE2CA8
$400011804D2D1907,4000DB51293E7832,400CA27DF74F2F92,40202A725CDE2CA7
$3FFF9E2F9EA46A92,4000DB51293E7832,400C601579744BD4,40202A725CDE2CA7
$3FFF195EA2EEA31D,4000DB51293E7832,400C1DACFB99681A,40202A725CDE2CA7
$3FFE948DA738DB9E,4000DB51293E7832,400BDB447DBE845A,40202A725CDE2CA7
$3FFE0FBCAB831427,4000DB51293E7832,400B98DBFFE3A09F,40202A725CDE2CA7
$3FFD8AEBAFCD4CAA,4000DB51293E7832,400B56738208BCE,40202A725CDE2CA6
$3FFD061AB4178532,4000DB51293E7832,400B140B042DD924,40202A725CDE2CA6
$3FFC8149B861BDB8,4000DB51293E7832,400AD1A28652F567,40202A725CDE2CA6
$3FFBFC78BCABF63D,4000DB51293E7832,400A8F3A087811AA,40202A725CDE2CA6
$3FFB77A7C0F62EC,4000DB51293E7832,400A4CD18A9D2DEC,40202A725CDE2CA5
$3FFAF2D6C5406748,4000DB51293E7832,400A0A690CC24A3,40202A725CDE2CA6
$3FFA6E05C98A9FCC,4000DB51293E7832,4009C8008EE76671,40202A725CDE2CA5
$3FF9E934CDD4D852,4000DB51293E7832,40098598110C82B5,40202A725CDE2CA4
$3FF96463D21F10D7,4000DB51293E7832,4009432F93319EF7,40202A725CDE2CA4
$3FF921FB54442D18,4000DB51293E7832,400921FB54442D18,40202A725CDE2CA4
4 38 40
4 39 450
4 40 546
4 41 548
4 42 0
4 43 0
3 32 ->
4 33 41
4 34 4
4 35 0
4 36 [2]
$1,-1
4 37 [50][4]
$400921FB54442D18,4000DB51293E7832,4012D97C7F3321D2,40202A725CDE2CA6
$4008E361043F5827,4000DB51293E7832,4012BA2F5730B75A,40202A725CDE2CB
$4008A0F88664746A,4000DB51293E7832,401298FB1843457B,40202A725CDE2CB2
$40085E90088990AD,4000DB51293E7832,401277C6D955D39C,40202A725CDE2CB2
$40081C278AAEACF,4000DB51293E7832,401256929A6861BE,40202A725CDE2CB4
$4007D9BF0CD3C933,4000DB51293E7832,4012355E5B7AEFDF,40202A725CDE2CB5
$400797568EF8E576,4000DB51293E7832,4012142A1C8D7E01,40202A725CDE2CB4
$400754EE111E01B8,4000DB51293E7832,4011F2F5DDA00C22,40202A725CDE2CB
$4007128593431DFB,4000DB51293E7832,4011D1C19EB29A43,40202A725CDE2CAF
$4006D01D15683A3E,4000DB51293E7832,4011B08D5FC52865,40202A725CDE2CAF
$40068DB4978D5681,4000DB51293E7832,40118F5920D7B686,40202A725CDE2CAF
$40064B4C19B272C4,4000DB51293E7832,40116E24E1EA44A8,40202A725CDE2CB1
$400608E39BD78F06,4000DB51293E7832,40114CF0A2FCD2C9,40202A725CDE2CAE
$4005C67B1DFCAB49,4000DB51293E7832,40112BBC640F60EA,40202A725CDE2CAF
$40058412A021C78B,4000DB51293E7832,40110A882521EF0C,40202A725CDE2CAD
$400541AA2246E3CF,4000DB51293E7832,4010E953E6347D2E,40202A725CDE2CAF
$4004FF41A46C0012,4000DB51293E7832,4010C81FA7470B4F,40202A725CDE2CAF
$4004BCD926911C54,4000DB51293E7832,4010A6EB6859997,40202A725CDE2CAB
$40047A70A8B63898,4000DB51293E7832,401085B7296C2792,40202A725CDE2CAF
$400438082ADB54D9,4000DB51293E7832,40106482EA7EB5B2,40202A725CDE2CAA
$4003F59FAD00711D,4000DB51293E7832,4010434EAB9143D4,40202A725CDE2CAE
$4003B3372F258D6,4000DB51293E7832,4010221A6CA3D1F6,40202A725CDE2CAC
$400370CEB14AA9A2,4000DB51293E7832,401000E62DB66017,40202A725CDE2CAB
$40032E66336FC5E5,4000DB51293E7832,400FBF63DD91DC7,40202A725CDE2CA9
$4002EBFDB594E228,4000DB51293E7832,400F7CFB5FB6F8B3,40202A725CDE2CAB
$4002A99537B9FE6A,4000DB51293E7832,400F3A92E1DC14F6,40202A725CDE2CAB
$4002672CB9DF1AAD,4000DB51293E7832,400EF82A64013139,40202A725CDE2CAB
$400224C43C0436F1,4000DB51293E7832,400EB5C1E6264D7D,40202A725CDE2CAC
$4001E25BBE295333,4000DB51293E7832,400E7359684B69BF,40202A725CDE2CAB
$40019FF3404E6F78,4000DB51293E7832,400E30F0EA708604,40202A725CDE2CAC
$40015D8AC2738BB8,4000DB51293E7832,400DEE886C95A245,40202A725CDE2CAB
$40011B224498A7F9,4000DB51293E7832,400DAC1FEEBABE86,40202A725CDE2CA8
$4000D8B9C6BDC43E,4000DB51293E7832,400D69B770DFDACB,40202A725CDE2CAA
$4000965148E2E081,4000DB51293E7832,400D274EF304F70C,40202A725CDE2CA8
$400053E8CB07FCC5,4000DB51293E7832,400CE4E6752A135,40202A725CDE2CA8
$400011804D2D1907,4000DB51293E7832,400CA27DF74F2F92,40202A725CDE2CA7
$3FFF9E2F9EA46A92,4000DB51293E7832,400C601579744BD4,40202A725CDE2CA7
$3FFF195EA2EEA31D,4000DB51293E7832,400C1DACFB99681A,40202A725CDE2CA7
$3FFE948DA738DB9E,4000DB51293E7832,400BDB447DBE845A,40202A725CDE2CA7
$3FFE0FBCAB831427,4000DB51293E7832,400B98DBFFE3A09F,40202A725CDE2CA7
$3FFD8AEBAFCD4CAA,4000DB51293E7832,400B56738208BCE,40202A725CDE2CA6
$3FFD061AB4178532,4000DB51293E7832,400B140B042DD924,40202A725CDE2CA6
$3FFC8149B861BDB8,4000DB51293E7832,400AD1A28652F567,40202A725CDE2CA6
$3FFBFC78BCABF63D,4000DB51293E7832,400A8F3A087811AA,40202A725CDE2CA6
$3FFB77A7C0F62EC,4000DB51293E7832,400A4CD18A9D2DEC,40202A725CDE2CA5
$3FFAF2D6C5406748,4000DB51293E7832,400A0A690CC24A3,40202A725CDE2CA6
$3FFA6E05C98A9FCC,4000DB51293E7832,4009C8008EE76671,40202A725CDE2CA5
$3FF9E934CDD4D852,4000DB51293E7832,40098598110C82B5,40202A725CDE2CA4
$3FF96463D21F10D7,4000DB51293E7832,4009432F93319EF7,40202A725CDE2CA4
$3FF921FB54442D18,4000DB51293E7832,400921FB54442D18,40202A725CDE2CA4
4 38 39
4 39 449
4 40 545
4 41 547
4 42 0
4 43 0
3 32 ->
4 33 516
4 34 4
4 35 0
4 36 [2]
$1,-1
4 37 [2][4]
$400921FB54442D18,4014,400921FB54442D18,4014
$400921FB54442D18,4000DB51293E7832,400921FB54442D18,4000DB51293E7832
4 38 40
4 39 514
4 40 42
4 41 550
4 42 0
4 43 0
3 32 ->
4 33 515
4 34 4
4 35 0
4 36 [2]
$1,-1
4 37 [2][4]
$400921FB54442D18,4014,400921FB54442D18,4014
$400921FB54442D18,4000DB51293E7832,400921FB54442D18,4000DB51293E7832
4 38 39
4 39 513
4 40 41
4 41 549
4 42 0
4 43 0
3 32 ->
4 33 524
4 34 4
4 35 0
4 36 [2]
$1,-1
4 37 [98][4]
$C05A7FFFFFFFFFFD,3CDEE2C2D963A114,400921FB54442D18,4014
$C05A805E86465559,3FD9B8675FAFC47,4008E72F321566F4,4014
$C05A81AC84DD28BE,3FEB5F251950F59,4008A4C6B43A8336,4014
$C05A83EB37576B9A,3FF4ED5C4A09E537,4008625E365F9F79,4014
$C05A871A0307F448,3FFC2584205DD5F1,40081FF5B884BBBC,4014
$C05A8B380CA297A7,4001AB0C52032D7E,4007DD8D3AA9D7FF,4014
$C05A904438772EE5,40053E9539AD51A6,40079B24BCCEF442,4014
$C05A963D2ABDF1E3,4008CC665DFD9DDF,400758BC3EF41084,4014
$C05A9D2147F51192,400C538ADFBAF733,40071653C1192CC7,4014
$C05AA4EEB54F792D,400FD30FAB8AC867,4006D3EB433E490B,4014
$C05AADA35934987A,4011A501DDAE91E2,40069182C563654D,4014
$C05AB73CDBD11498,40135BBC2BA5C1E3,40064F1A4788819,4014
$C05AC1B8A7B83891,40150D40AAEC5A88,40060CB1C9AD9DD3,4014
$C05ACD13EA95FA1E,4016B91AADC04F77,4005CA494BD2BA16,4014
$C05AD94B95F162B7,40185ED70CC3675F,400587E0CDF7D658,4014
$C05AE65C5FFF28A7,4019FE0445F96F79,40054578501CF29C,4014
$C05AF442C4843F73,401B96329B550557,4005030FD2420EDE,4014
$C05B02FB05C8228A,401D26F430CABE3,4004C0A754672B22,4014
$C05B12812D969924,401EAFDD29E29347,40047E3ED68C4764,4014
$C05B22D10E50ADD3,40201841E35FCF3,40043BD658B163A6,4014
$C05B33E6440C9062,4020D440404B2AFB,4003F96DDAD67FEA,4014
$C05B45BC35C4147C,40218BB712C4D009,4003B7055CFB9C2C,4014
$C05B584E16917BB7,40223E74F9F39E0E,4003749CDF20B87,4014
$C05B6B96E6FA35C1,4022EC49DA5E177,400332346145D4B1,4014
$C05B7F9176473D9C,40239506EADD04CA,4002EFCBE36AF0F4,4014
$C05B943863EAB74F,4024387EC13309C,4002AD6365900D38,4014
$C05BA98620F26DC,4024D6855E45C794,40026AFAE7B5297A,4014
$C05BBF74F186CCF9,40256EF039F54349,4002289269DA45BE,4014
$C05BD5FEEE75F1DA,402601964E8E5F6B,4001E629EBFF61FE,4014
$C05BED1E06CA64C7,40268E5023D554CF,4001A3C16E247E41,4014
$C05C04CC016D11FA,402714F7D9A53185,40016158F0499A86,4014
$C05C1D027ED20EDF,4027956932218218,40011EF0726EB6C7,4014
$C05C35BAFAAFB91F,40280F819B7766AC,4000DC87F493D30C,4014
$C05C4EEECDBFB934,40288320392B7404,40009A1F76B8EF4D,4014
$C05C68972F896F9,4028F025ECF1DF2D,400057B6F8DE0B91,4014
$C05C82AD3835511E,402956755F0E92A5,4000154E7B0327D1,4014
$C05C9D29E268B524,4029B5F3063AEBBF,3FFFA5CBFA508829,4014
$C05CB8060D2994A9,402A0E852F0F0038,3FFF20FAFE9AC0B,4014
$C05CD33A7DC9B8FB,402A601402EC6D53,3FFE9C2A02E4F93B,4014
$C05CEEBFE1D8D54F,402AAA898E68D3DD,3FFE1759072F31C,4014
$C05D0A8ED11D0544,402AEDD1C736470F,3FFD92880B796A41,4014
$C05D269FCF91289C,402B29DA9188173D,3FFD0DB70FC3A2CB,4014
$C05D42EB4F6892CE,402B5E93C4F284AB,3FFC88E6140DDB4E,4014
$C05D5F69B317838A,402B8BEF30C40AC5,3FFC0415185813D3,4014
$C05D7C134F5FDC41,402BB1E09FD718,3FFB7F441CA24C57,4014
$C05D98E06D61855A,402BD05DDBDB2B59,3FFAFA7320EC84DF,4014
$C05DB5C94CADF4EB,402BE75EB01474FB,3FFA75A22536BD66,4014
$C05DD2C6255E47E8,402BF6DCEB913CBE,3FF9F0D12980F5E9,4014
$C05DEFCF2A2B5DFC,402BFED462D4763F,3FF96C002DCB2E7,4014
$C05E0CDC8A8767D4,402BFF42F0F50FD1,3FF8E72F321566F8,4014
$C05E29E674B8571F,402BF8287831AEEC,3FF8625E365F9F79,4014
$C05E46E517F29F58,402BE986E1F8B256,3FF7DD8D3AA9D7FF,4014
$C05E63D0A673B66D,402BD3621E6477E5,3FF758BC3EF41082,4014
$C05E80A1579BC435,402BB5C0232C0942,3FF6D3EB433E490C,4014
$C05E9D4F6A05F01B,402B90A8EA0878C,3FF64F1A47888195,4014
$C05EB9D3259EBC94,402B64266E8F5CCF,3FF5CA494BD2BA19,4014
$C05ED624DDB7E091,402B3044AB82FDD3,3FF54578501CF29C,4014
$C05EF23CF3190FCF,402AF5119798EFB1,3FF4C0A754672B24,4014
$C05F0E13D60D23B4,402AB29D21B7F509,3FF43BD658B163A6,4014
$C05F29A2086B174D,402A68F92CAE2F26,3FF3B7055CFB9C3,4014
$C05F44E01F9A4A5A,402A18398A60C228,3FF332346145D4AF,4014
$C05F5FC6C6918044,4029C073F67638F1,3FF2AD6365900D39,4014
$C05F7A4EBFD011AF,402961C0107D1891,3FF2289269DA45BE,4014
$C05F9470E750C876,4028FC3755903603,3FF1A3C16E247E3D,4014
$C05FAE263475DFF1,40288FF5197A848A,3FF11EF0726EB6C8,4014
$C05FC767BBEDA51D,40281D167F5C3518,3FF09A1F76B8EF53,4014
$C05FE02EB18F3418,4027A3BA71D321B8,3FF0154E7B0327D4,4014
$C05FF8746A2ED2B7,402724019AA8A139,3FEF20FAFE9AC0B4,4014
$C06008192EB4B519,40269E0E5A070069,3FEE1759072F31BF,4014
$C06013B113B3520E,40261204BD38FEA1,3FED0DB70FC3A2CE,4014
$C0601EFEC54898D3,4025800A74F5CB16,3FEC0415185813C8,4014
$C06029FF38A26342,4024E846CB3C1F7A,3FEAFA7320EC84E2,4014
$C06034AF77B8A9F9,40244AE298BF32F2,3FE9F0D12980F5ED,4014
$C0603F0CA2198963,4023A80839E85DD5,3FE8E72F321566F9,4014
$C0604913EDAF777,4022FFE3837063C2,3FE7DD8D3AA9D7FE,4014
$C06052C2A78174A7,402252A1B69375A4,3FE6D3EB433E490C,4014
$C0605C16346D04CB,4021A07174E3185C,3FE5CA494BD2BA1C,4014
$C060650C11D9BD0C,4020E982B3B9374B,3FE4C0A754672B2,4014
$C0606DA1D666376E,40202E06AF4FC3A7,3FE3B7055CFB9C3,4014
$C06075D5328E3CE4,401EDC5FBB00B348,3FE2AD6365900D34,4014
$C0607DA3F149F94E,401D5463C05EF987,3FE1A3C16E247E43,4014
$C060850BF8A60EA1,401BC482EECE25D8,3FE09A1F76B8EF4A,4014
$C0608C0B4A545E2D,401A2D28E647B77A,3FDF20FAFE9AC0B6,4014
$C06092A00435611D,40188EC349B36CD3,3FDD0DB70FC3A2CF,4014
$C06098C860D9EB34,4016E9C1A16537E1,3FDAFA7320EC84D5,4014
$C0609E82B7FD34D,40153E953D188CB5,3FD8E72F321566EB,4014
$C060A3CD7EF70B7,40138DB115711E0B,3FD6D3EB433E4906,4014
$C060A8A7492609ED,4011D789AD093D75,3FD4C0A754672B2,4014
$C060AD0EC851BBD9,40101C94F1163311,3FD2AD6365900D39,4014
$C060B102CD04919A,400CBA943355FAC5,3FD09A1F76B8EF4B,4014
$C060B48246DD8D04,4009344313440878,3FCD0DB70FC3A2D6,4014
$C060B78C44D9908A,4005A7295C6CC2FC,3FC8E72F321566F8,4014
$C060BA1FF5943D29,4002143BBCAAF05B,3FC4C0A754672B25,4014
$C060BC3CA7804DBD,3FFCF8E0E6C69679,3FC09A1F76B8EF4D,4014
$C060BDE1C917607B,3FF5C17E1E7BA5D3,3FB8E72F321566E8,4014
$C060BF0EE90121BC,3FED0880AE137D48,3FB09A1F76B8EF52,4014
$C060BFC3B631CD99,3FDD0C6969DF3FD6,3FA09A1F76B8EF48,4014
$C060BFFFFFFFFFFF,0,0,4014
4 38 518
4 39 40
4 40 550
4 41 516
4 42 0
4 43 0
3 32 ->
4 33 523
4 34 4
4 35 0
4 36 [2]
$1,-1
4 37 [98][4]
$C05A7FFFFFFFFFFD,3CDEE2C2D963A114,400921FB54442D18,4014
$C05A805E86465559,3FD9B8675FAFC47,4008E72F321566F4,4014
$C05A81AC84DD28BE,3FEB5F251950F59,4008A4C6B43A8336,4014
$C05A83EB37576B9A,3FF4ED5C4A09E537,4008625E365F9F79,4014
$C05A871A0307F448,3FFC2584205DD5F1,40081FF5B884BBBC,4014
$C05A8B380CA297A7,4001AB0C52032D7E,4007DD8D3AA9D7FF,4014
$C05A904438772EE5,40053E9539AD51A6,40079B24BCCEF442,4014
$C05A963D2ABDF1E3,4008CC665DFD9DDF,400758BC3EF41084,4014
$C05A9D2147F51192,400C538ADFBAF733,40071653C1192CC7,4014
$C05AA4EEB54F792D,400FD30FAB8AC867,4006D3EB433E490B,4014
$C05AADA35934987A,4011A501DDAE91E2,40069182C563654D,4014
$C05AB73CDBD11498,40135BBC2BA5C1E3,40064F1A4788819,4014
$C05AC1B8A7B83891,40150D40AAEC5A88,40060CB1C9AD9DD3,4014
$C05ACD13EA95FA1E,4016B91AADC04F77,4005CA494BD2BA16,4014
$C05AD94B95F162B7,40185ED70CC3675F,400587E0CDF7D658,4014
$C05AE65C5FFF28A7,4019FE0445F96F79,40054578501CF29C,4014
$C05AF442C4843F73,401B96329B550557,4005030FD2420EDE,4014
$C05B02FB05C8228A,401D26F430CABE3,4004C0A754672B22,4014
$C05B12812D969924,401EAFDD29E29347,40047E3ED68C4764,4014
$C05B22D10E50ADD3,40201841E35FCF3,40043BD658B163A6,4014
$C05B33E6440C9062,4020D440404B2AFB,4003F96DDAD67FEA,4014
$C05B45BC35C4147C,40218BB712C4D009,4003B7055CFB9C2C,4014
$C05B584E16917BB7,40223E74F9F39E0E,4003749CDF20B87,4014
$C05B6B96E6FA35C1,4022EC49DA5E177,400332346145D4B1,4014
$C05B7F9176473D9C,40239506EADD04CA,4002EFCBE36AF0F4,4014
$C05B943863EAB74F,4024387EC13309C,4002AD6365900D38,4014
$C05BA98620F26DC,4024D6855E45C794,40026AFAE7B5297A,4014
$C05BBF74F186CCF9,40256EF039F54349,4002289269DA45BE,4014
$C05BD5FEEE75F1DA,402601964E8E5F6B,4001E629EBFF61FE,4014
$C05BED1E06CA64C7,40268E5023D554CF,4001A3C16E247E41,4014
$C05C04CC016D11FA,402714F7D9A53185,40016158F0499A86,4014
$C05C1D027ED20EDF,4027956932218218,40011EF0726EB6C7,4014
$C05C35BAFAAFB91F,40280F819B7766AC,4000DC87F493D30C,4014
$C05C4EEECDBFB934,40288320392B7404,40009A1F76B8EF4D,4014
$C05C68972F896F9,4028F025ECF1DF2D,400057B6F8DE0B91,4014
$C05C82AD3835511E,402956755F0E92A5,4000154E7B0327D1,4014
$C05C9D29E268B524,4029B5F3063AEBBF,3FFFA5CBFA508829,4014
$C05CB8060D2994A9,402A0E852F0F0038,3FFF20FAFE9AC0B,4014
$C05CD33A7DC9B8FB,402A601402EC6D53,3FFE9C2A02E4F93B,4014
$C05CEEBFE1D8D54F,402AAA898E68D3DD,3FFE1759072F31C,4014
$C05D0A8ED11D0544,402AEDD1C736470F,3FFD92880B796A41,4014
$C05D269FCF91289C,402B29DA9188173D,3FFD0DB70FC3A2CB,4014
$C05D42EB4F6892CE,402B5E93C4F284AB,3FFC88E6140DDB4E,4014
$C05D5F69B317838A,402B8BEF30C40AC5,3FFC0415185813D3,4014
$C05D7C134F5FDC41,402BB1E09FD718,3FFB7F441CA24C57,4014
$C05D98E06D61855A,402BD05DDBDB2B59,3FFAFA7320EC84DF,4014
$C05DB5C94CADF4EB,402BE75EB01474FB,3FFA75A22536BD66,4014
$C05DD2C6255E47E8,402BF6DCEB913CBE,3FF9F0D12980F5E9,4014
$C05DEFCF2A2B5DFC,402BFED462D4763F,3FF96C002DCB2E7,4014
$C05E0CDC8A8767D4,402BFF42F0F50FD1,3FF8E72F321566F8,4014
$C05E29E674B8571F,402BF8287831AEEC,3FF8625E365F9F79,4014
$C05E46E517F29F58,402BE986E1F8B256,3FF7DD8D3AA9D7FF,4014
$C05E63D0A673B66D,402BD3621E6477E5,3FF758BC3EF41082,4014
$C05E80A1579BC435,402BB5C0232C0942,3FF6D3EB433E490C,4014
$C05E9D4F6A05F01B,402B90A8EA0878C,3FF64F1A47888195,4014
$C05EB9D3259EBC94,402B64266E8F5CCF,3FF5CA494BD2BA19,4014
$C05ED624DDB7E091,402B3044AB82FDD3,3FF54578501CF29C,4014
$C05EF23CF3190FCF,402AF5119798EFB1,3FF4C0A754672B24,4014
$C05F0E13D60D23B4,402AB29D21B7F509,3FF43BD658B163A6,4014
$C05F29A2086B174D,402A68F92CAE2F26,3FF3B7055CFB9C3,4014
$C05F44E01F9A4A5A,402A18398A60C228,3FF332346145D4AF,4014
$C05F5FC6C6918044,4029C073F67638F1,3FF2AD6365900D39,4014
$C05F7A4EBFD011AF,402961C0107D1891,3FF2289269DA45BE,4014
$C05F9470E750C876,4028FC3755903603,3FF1A3C16E247E3D,4014
$C05FAE263475DFF1,40288FF5197A848A,3FF11EF0726EB6C8,4014
$C05FC767BBEDA51D,40281D167F5C3518,3FF09A1F76B8EF53,4014
$C05FE02EB18F3418,4027A3BA71D321B8,3FF0154E7B0327D4,4014
$C05FF8746A2ED2B7,402724019AA8A139,3FEF20FAFE9AC0B4,4014
$C06008192EB4B519,40269E0E5A070069,3FEE1759072F31BF,4014
$C06013B113B3520E,40261204BD38FEA1,3FED0DB70FC3A2CE,4014
$C0601EFEC54898D3,4025800A74F5CB16,3FEC0415185813C8,4014
$C06029FF38A26342,4024E846CB3C1F7A,3FEAFA7320EC84E2,4014
$C06034AF77B8A9F9,40244AE298BF32F2,3FE9F0D12980F5ED,4014
$C0603F0CA2198963,4023A80839E85DD5,3FE8E72F321566F9,4014
$C0604913EDAF777,4022FFE3837063C2,3FE7DD8D3AA9D7FE,4014
$C06052C2A78174A7,402252A1B69375A4,3FE6D3EB433E490C,4014
$C0605C16346D04CB,4021A07174E3185C,3FE5CA494BD2BA1C,4014
$C060650C11D9BD0C,4020E982B3B9374B,3FE4C0A754672B2,4014
$C0606DA1D666376E,40202E06AF4FC3A7,3FE3B7055CFB9C3,4014
$C06075D5328E3CE4,401EDC5FBB00B348,3FE2AD6365900D34,4014
$C0607DA3F149F94E,401D5463C05EF987,3FE1A3C16E247E43,4014
$C060850BF8A60EA1,401BC482EECE25D8,3FE09A1F76B8EF4A,4014
$C0608C0B4A545E2D,401A2D28E647B77A,3FDF20FAFE9AC0B6,4014
$C06092A00435611D,40188EC349B36CD3,3FDD0DB70FC3A2CF,4014
$C06098C860D9EB34,4016E9C1A16537E1,3FDAFA7320EC84D5,4014
$C0609E82B7FD34D,40153E953D188CB5,3FD8E72F321566EB,4014
$C060A3CD7EF70B7,40138DB115711E0B,3FD6D3EB433E4906,4014
$C060A8A7492609ED,4011D789AD093D75,3FD4C0A754672B2,4014
$C060AD0EC851BBD9,40101C94F1163311,3FD2AD6365900D39,4014
$C060B102CD04919A,400CBA943355FAC5,3FD09A1F76B8EF4B,4014
$C060B48246DD8D04,4009344313440878,3FCD0DB70FC3A2D6,4014
$C060B78C44D9908A,4005A7295C6CC2FC,3FC8E72F321566F8,4014
$C060BA1FF5943D29,4002143BBCAAF05B,3FC4C0A754672B25,4014
$C060BC3CA7804DBD,3FFCF8E0E6C69679,3FC09A1F76B8EF4D,4014
$C060BDE1C917607B,3FF5C17E1E7BA5D3,3FB8E72F321566E8,4014
$C060BF0EE90121BC,3FED0880AE137D48,3FB09A1F76B8EF52,4014
$C060BFC3B631CD99,3FDD0C6969DF3FD6,3FA09A1F76B8EF48,4014
$C060BFFFFFFFFFFF,0,0,4014
4 38 517
4 39 39
4 40 549
4 41 515
4 42 0
4 43 0
3 32 ->
4 33 552
4 34 4
4 35 0
4 36 [2]
$1,-1
4 37 [2][4]
$401921FB54442D18,4014,0,4014
$401921FB54442D18,4000DB51293E7832,0,4000DB51293E7832
4 38 514
4 39 40
4 40 554
4 41 524
4 42 0
4 43 0
3 32 ->
4 33 551
4 34 4
4 35 0
4 36 [2]
$1,-1
4 37 [2][4]
$401921FB54442D18,4014,0,4014
$401921FB54442D18,4000DB51293E7832,0,4000DB51293E7832
4 38 513
4 39 39
4 40 553
4 41 523
4 42 0
4 43 0
3 32 ->
4 33 546
4 34 4
4 35 0
4 36 [2]
$1,-1
4 37 [50][4]
$3FF921FB54442D18,4000DB51293E7832,400921FB54442D18,40202A725CDE2CA4
$3FF8A4C6B43A8334,4000DB51293E7832,4008E361043F5826,40202A725CDE2CB
$3FF81FF5B884BBBB,4000DB51293E7832,4008A0F88664746A,40202A725CDE2CB
$3FF79B24BCCEF443,4000DB51293E7832,40085E90088990AE,40202A725CDE2CAF
$3FF71653C1192CC7,4000DB51293E7832,40081C278AAEACF,40202A725CDE2CB
$3FF69182C563654F,4000DB51293E7832,4007D9BF0CD3C932,40202A725CDE2CAF
$3FF60CB1C9AD9DD6,4000DB51293E7832,400797568EF8E576,40202A725CDE2CAF
$3FF587E0CDF7D65D,4000DB51293E7832,400754EE111E01B9,40202A725CDE2CAF
$3FF5030FD2420EDD,4000DB51293E7832,4007128593431DFA,40202A725CDE2CB
$3FF47E3ED68C4767,4000DB51293E7832,4006D01D15683A3F,40202A725CDE2CAE
$3FF3F96DDAD67FE8,4000DB51293E7832,40068DB4978D568,40202A725CDE2CAF
$3FF3749CDF20B86C,4000DB51293E7832,40064B4C19B272C2,40202A725CDE2CAF
$3FF2EFCBE36AF0F2,4000DB51293E7832,400608E39BD78F04,40202A725CDE2CAF
$3FF26AFAE7B52977,4000DB51293E7832,4005C67B1DFCAB47,40202A725CDE2CAF
$3FF1E629EBFF61F9,4000DB51293E7832,40058412A021C788,40202A725CDE2CAF
$3FF16158F0499A84,4000DB51293E7832,400541AA2246E3CE,40202A725CDE2CAE
$3FF0DC87F493D311,4000DB51293E7832,4004FF41A46C0014,40202A725CDE2CAB
$3FF057B6F8DE0B93,4000DB51293E7832,4004BCD926911C55,40202A725CDE2CAC
$3FEFA5CBFA508823,4000DB51293E7832,40047A70A8B63895,40202A725CDE2CAE
$3FEE9C2A02E4F93B,4000DB51293E7832,400438082ADB54D9,40202A725CDE2CAD
$3FED92880B796A3D,4000DB51293E7832,4003F59FAD00711A,40202A725CDE2CAF
$3FEC88E6140DDB41,4000DB51293E7832,4003B3372F258D5B,40202A725CDE2CB1
$3FEB7F441CA24C58,4000DB51293E7832,400370CEB14AA9A1,40202A725CDE2CAE
$3FEA75A22536BD6B,4000DB51293E7832,40032E66336FC5E5,40202A725CDE2CAB
$3FE96C002DCB2E79,4000DB51293E7832,4002EBFDB594E22B,40202A725CDE2CA7
$3FE8625E365F9F75,4000DB51293E7832,4002A99537B9FE6A,40202A725CDE2CAB
$3FE758BC3EF41081,4000DB51293E7832,4002672CB9DF1AAB,40202A725CDE2CAF
$3FE64F1A47888199,4000DB51293E7832,400224C43C0436F,40202A725CDE2CAA
$3FE54578501CF29D,4000DB51293E7832,4001E25BBE295332,40202A725CDE2CAC
$3FE43BD658B163A5,4000DB51293E7832,40019FF3404E6F76,40202A725CDE2CA8
$3FE332346145D4B9,4000DB51293E7832,40015D8AC2738BB9,40202A725CDE2CAA
$3FE2289269DA45BF,4000DB51293E7832,40011B224498A7FA,40202A725CDE2CAB
$3FE11EF0726EB6C1,4000DB51293E7832,4000D8B9C6BDC43D,40202A725CDE2CAA
$3FE0154E7B0327CF,4000DB51293E7832,4000965148E2E08,40202A725CDE2CA9
$3FDE1759072F31AB,4000DB51293E7832,400053E8CB07FCC1,40202A725CDE2CAF
$3FDC0415185813C9,4000DB51293E7832,400011804D2D1906,40202A725CDE2CA9
$3FD9F0D12980F5EF,4000DB51293E7832,3FFF9E2F9EA46A93,40202A725CDE2CA4
$3FD7DD8D3AA9D801,4000DB51293E7832,3FFF195EA2EEA318,40202A725CDE2CA6
$3FD5CA494BD2BA19,4000DB51293E7832,3FFE948DA738DB9E,40202A725CDE2CA5
$3FD3B7055CFB9C33,4000DB51293E7832,3FFE0FBCAB831424,40202A725CDE2CA3
$3FD1A3C16E247E46,4000DB51293E7832,3FFD8AEBAFCD4CA9,40202A725CDE2CA4
$3FCF20FAFE9AC0B3,4000DB51293E7832,3FFD061AB417852F,40202A725CDE2CA5
$3FCAFA7320EC84D6,4000DB51293E7832,3FFC8149B861BDB3,40202A725CDE2CA8
$3FC6D3EB433E4914,4000DB51293E7832,3FFBFC78BCABF63A,40202A725CDE2CA2
$3FC2AD6365900D3C,4000DB51293E7832,3FFB77A7C0F62EBF,40202A725CDE2CA3
$3FBD0DB70FC3A2C2,4000DB51293E7832,3FFAF2D6C5406744,40202A725CDE2CA7
$3FB4C0A754672B19,4000DB51293E7832,3FFA6E05C98A9FCA,40202A725CDE2CA8
$3FA8E72F321566FE,4000DB51293E7832,3FF9E934CDD4D85,40202A725CDE2C9D
$3F909A1F76B8EF45,4000DB51293E7832,3FF96463D21F10D5,40202A725CDE2CAD
$0,4000DB51293E7832,3FF921FB54442D18,40202A725CDE2CA1
4 38 40
4 39 52
4 40 552
4 41 452
4 42 0
4 43 0
3 32 ->
4 33 545
4 34 4
4 35 0
4 36 [2]
$1,-1
4 37 [50][4]
$3FF921FB54442D18,4000DB51293E7832,400921FB54442D18,40202A725CDE2CA4
$3FF8A4C6B43A8334,4000DB51293E7832,4008E361043F5826,40202A725CDE2CB
$3FF81FF5B884BBBB,4000DB51293E7832,4008A0F88664746A,40202A725CDE2CB
$3FF79B24BCCEF443,4000DB51293E7832,40085E90088990AE,40202A725CDE2CAF
$3FF71653C1192CC7,4000DB51293E7832,40081C278AAEACF,40202A725CDE2CB
$3FF69182C563654F,4000DB51293E7832,4007D9BF0CD3C932,40202A725CDE2CAF
$3FF60CB1C9AD9DD6,4000DB51293E7832,400797568EF8E576,40202A725CDE2CAF
$3FF587E0CDF7D65D,4000DB51293E7832,400754EE111E01B9,40202A725CDE2CAF
$3FF5030FD2420EDD,4000DB51293E7832,4007128593431DFA,40202A725CDE2CB
$3FF47E3ED68C4767,4000DB51293E7832,4006D01D15683A3F,40202A725CDE2CAE
$3FF3F96DDAD67FE8,4000DB51293E7832,40068DB4978D568,40202A725CDE2CAF
$3FF3749CDF20B86C,4000DB51293E7832,40064B4C19B272C2,40202A725CDE2CAF
$3FF2EFCBE36AF0F2,4000DB51293E7832,400608E39BD78F04,40202A725CDE2CAF
$3FF26AFAE7B52977,4000DB51293E7832,4005C67B1DFCAB47,40202A725CDE2CAF
$3FF1E629EBFF61F9,4000DB51293E7832,40058412A021C788,40202A725CDE2CAF
$3FF16158F0499A84,4000DB51293E7832,400541AA2246E3CE,40202A725CDE2CAE
$3FF0DC87F493D311,4000DB51293E7832,4004FF41A46C0014,40202A725CDE2CAB
$3FF057B6F8DE0B93,4000DB51293E7832,4004BCD926911C55,40202A725CDE2CAC
$3FEFA5CBFA508823,4000DB51293E7832,40047A70A8B63895,40202A725CDE2CAE
$3FEE9C2A02E4F93B,4000DB51293E7832,400438082ADB54D9,40202A725CDE2CAD
$3FED92880B796A3D,4000DB51293E7832,4003F59FAD00711A,40202A725CDE2CAF
$3FEC88E6140DDB41,4000DB51293E7832,4003B3372F258D5B,40202A725CDE2CB1
$3FEB7F441CA24C58,4000DB51293E7832,400370CEB14AA9A1,40202A725CDE2CAE
$3FEA75A22536BD6B,4000DB51293E7832,40032E66336FC5E5,40202A725CDE2CAB
$3FE96C002DCB2E79,4000DB51293E7832,4002EBFDB594E22B,40202A725CDE2CA7
$3FE8625E365F9F75,4000DB51293E7832,4002A99537B9FE6A,40202A725CDE2CAB
$3FE758BC3EF41081,4000DB51293E7832,4002672CB9DF1AAB,40202A725CDE2CAF
$3FE64F1A47888199,4000DB51293E7832,400224C43C0436F,40202A725CDE2CAA
$3FE54578501CF29D,4000DB51293E7832,4001E25BBE295332,40202A725CDE2CAC
$3FE43BD658B163A5,4000DB51293E7832,40019FF3404E6F76,40202A725CDE2CA8
$3FE332346145D4B9,4000DB51293E7832,40015D8AC2738BB9,40202A725CDE2CAA
$3FE2289269DA45BF,4000DB51293E7832,40011B224498A7FA,40202A725CDE2CAB
$3FE11EF0726EB6C1,4000DB51293E7832,4000D8B9C6BDC43D,40202A725CDE2CAA
$3FE0154E7B0327CF,4000DB51293E7832,4000965148E2E08,40202A725CDE2CA9
$3FDE1759072F31AB,4000DB51293E7832,400053E8CB07FCC1,40202A725CDE2CAF
$3FDC0415185813C9,4000DB51293E7832,400011804D2D1906,40202A725CDE2CA9
$3FD9F0D12980F5EF,4000DB51293E7832,3FFF9E2F9EA46A93,40202A725CDE2CA4
$3FD7DD8D3AA9D801,4000DB51293E7832,3FFF195EA2EEA318,40202A725CDE2CA6
$3FD5CA494BD2BA19,4000DB51293E7832,3FFE948DA738DB9E,40202A725CDE2CA5
$3FD3B7055CFB9C33,4000DB51293E7832,3FFE0FBCAB831424,40202A725CDE2CA3
$3FD1A3C16E247E46,4000DB51293E7832,3FFD8AEBAFCD4CA9,40202A725CDE2CA4
$3FCF20FAFE9AC0B3,4000DB51293E7832,3FFD061AB417852F,40202A725CDE2CA5
$3FCAFA7320EC84D6,4000DB51293E7832,3FFC8149B861BDB3,40202A725CDE2CA8
$3FC6D3EB433E4914,4000DB51293E7832,3FFBFC78BCABF63A,40202A725CDE2CA2
$3FC2AD6365900D3C,4000DB51293E7832,3FFB77A7C0F62EBF,40202A725CDE2CA3
$3FBD0DB70FC3A2C2,4000DB51293E7832,3FFAF2D6C5406744,40202A725CDE2CA7
$3FB4C0A754672B19,4000DB51293E7832,3FFA6E05C98A9FCA,40202A725CDE2CA8
$3FA8E72F321566FE,4000DB51293E7832,3FF9E934CDD4D85,40202A725CDE2C9D
$3F909A1F76B8EF45,4000DB51293E7832,3FF96463D21F10D5,40202A725CDE2CAD
$0,4000DB51293E7832,3FF921FB54442D18,40202A725CDE2CA1
4 38 39
4 39 51
4 40 551
4 41 451
4 42 0
4 43 0
3 32 ->
4 33 46
4 34 4
4 35 0
4 36 [2]
$1,-1
4 37 [45][4]
$400921FB54442D18,0,402E000000000002,3CE08BC3CFE31646
$4008F41897F482BE,0,402DFE128B83AD2C,3FD581D256CEF7E
$4008B3F08FB1F564,0,402DF4EA9375FBEC,3FE9C758E0E970B7
$400873C8876F680B,0,402DE43C27B24CA2,3FF463A76836969E
$400833A07F2CDAB1,0,402DCC0B78F651A,3FFBDE832F1E482E
$4007F37876EA4D58,0,402DAC5E9AE04C36,4001A92F605850E6
$4007B3506EA7BFFE,0,402D853D82684632,40055EAD6D53CA1C
$40077328666532A4,0,402D56B203E060C6,40090ECD3AAB257A
$400733005E22A54B,0,402D20C7D07CB938,400CB8A19DBEFA82
$4006F2D855E017F1,0,402CE38C7363826,40102D9F805D4772
$4006B2B04D9D8A98,0,402C9F0F4E460FA6,4011FADDCEE0E9BB
$40067288455AFD3E,0,402C53619583AC56,4013C397DCD56A2C
$400632603D186FE5,0,402C00964BD737D2,4015875AEF19EDBF
$4005F23834D5E28B,0,402BA6C23D909C86,401745B589D3D33A
$4005B2102C935531,0,402B45FBFB5B54B2,4018FE378CF09A22
$400571E82450C7D8,0,402ADE5BD4934D08,401AB07250506CA8
$400531C01C0E3A7E,0,402A6FFBD12991B,401C5BF8BF92391F
$4004F19813CBAD25,0,4029FAF7AB1A4E66,401E005F757A5F7A
$4004B1700B891FCB,0,40297F6CC775C616,401F9D3CD6ED10A9
$4004714803469272,0,4028FD7A2EFE0204,4020991496BACC81
$4004311FFB040519,0,40287540865B135E,40215F5F60A9F5D
$4003F0F7F2C177BF,0,4027E6E205E7DC52,4022214CF984F1B5
$4003B0CFEA7EEA65,0,402752827119704E,4022DEACAA30E73A
$400370A7E23C5D0C,0,4026B8470D8333F8,4023974EE073FD45
$4003307FD9F9CFB2,0,402618569979FEBE,40244B053AE88E6C
$4002F057D1B74259,0,402572D9425897FC,4024F9A294A3C9DF
$4002B02FC974B4FF,0,4024C7F89A6801B4,4025A2FB108CD43C
$40027007C13227A6,0,402417DF8E6E19D4,402646E424618EE5
$40022FDFB8EF9A4C,0,402362BA5AE5318E,4026E534A366415F
$4001EFB7B0AD0CF3,0,4022A8B680DF504,40277DC4C8BD757D
$4001AF8FA86A7F9A,0,4021EA02BA97EC7A,4028106E41656D3
$40016F67A027F24,0,402126CEEFB6FA4A,40289D0C35D8AF7C
$40012F3F97E564E6,0,40205F4C2948418C,4029237B534F419C
$4000EF178FA2D78D,0,401F27590AD40464,4029A399D49E3903
$4000AEEF87604A33,0,401D8846556BFD4C,402A1D478AB36BC
$40006EC77F1DBCDA,0,401BE1C876D02BB4,402A9065E4AB1DA
$40002E9F76DB2F8,0,401A3449908B4EA4,402AFCD7F77DA22C
$3FFFDCEEDD31444D,0,40188035869216D8,402B6282854305D7
$3FFF5C9ECCAC299A,0,4016C5F9E428F204,402BC14C040AEB08
$3FFEDC4EBC270EE8,0,40150605C05F7FF4,402C191CA446E312
$3FFE5BFEABA1F435,0,401340C9A2289AF4,402C69DE56C5A67D
$3FFDDBAE9B1CD981,0,401176B76415F624,402CB37CD23DABF5
$3FFD5B5E8A97BECE,0,400F50842F7CD728,402CF5E59865B991
$3FFCDB0E7A12A41B,0,400BABBBD1AC5298,402D3107FA9A28B3
$3FFC5ABE698D8969,0,400800000000004,402D64D51E0DB1C3
4 38 44
4 39 416
4 40 556
4 41 558
4 42 0
4 43 0
3 32 ->
4 33 45
4 34 4
4 35 0
4 36 [2]
$1,-1
4 37 [45][4]
$400921FB54442D18,0,402E000000000002,3CE08BC3CFE31646
$4008F41897F482BE,0,402DFE128B83AD2C,3FD581D256CEF7E
$4008B3F08FB1F564,0,402DF4EA9375FBEC,3FE9C758E0E970B7
$400873C8876F680B,0,402DE43C27B24CA2,3FF463A76836969E
$400833A07F2CDAB1,0,402DCC0B78F651A,3FFBDE832F1E482E
$4007F37876EA4D58,0,402DAC5E9AE04C36,4001A92F605850E6
$4007B3506EA7BFFE,0,402D853D82684632,40055EAD6D53CA1C
$40077328666532A4,0,402D56B203E060C6,40090ECD3AAB257A
$400733005E22A54B,0,402D20C7D07CB938,400CB8A19DBEFA82
$4006F2D855E017F1,0,402CE38C7363826,40102D9F805D4772
$4006B2B04D9D8A98,0,402C9F0F4E460FA6,4011FADDCEE0E9BB
$40067288455AFD3E,0,402C53619583AC56,4013C397DCD56A2C
$400632603D186FE5,0,402C00964BD737D2,4015875AEF19EDBF
$4005F23834D5E28B,0,402BA6C23D909C86,401745B589D3D33A
$4005B2102C935531,0,402B45FBFB5B54B2,4018FE378CF09A22
$400571E82450C7D8,0,402ADE5BD4934D08,401AB07250506CA8
$400531C01C0E3A7E,0,402A6FFBD12991B,401C5BF8BF92391F
$4004F19813CBAD25,0,4029FAF7AB1A4E66,401E005F757A5F7A
$4004B1700B891FCB,0,40297F6CC775C616,401F9D3CD6ED10A9
$4004714803469272,0,4028FD7A2EFE0204,4020991496BACC81
$4004311FFB040519,0,40287540865B135E,40215F5F60A9F5D
$4003F0F7F2C177BF,0,4027E6E205E7DC52,4022214CF984F1B5
$4003B0CFEA7EEA65,0,402752827119704E,4022DEACAA30E73A
$400370A7E23C5D0C,0,4026B8470D8333F8,4023974EE073FD45
$4003307FD9F9CFB2,0,402618569979FEBE,40244B053AE88E6C
$4002F057D1B74259,0,402572D9425897FC,4024F9A294A3C9DF
$4002B02FC974B4FF,0,4024C7F89A6801B4,4025A2FB108CD43C
$40027007C13227A6,0,402417DF8E6E19D4,402646E424618EE5
$40022FDFB8EF9A4C,0,402362BA5AE5318E,4026E534A366415F
$4001EFB7B0AD0CF3,0,4022A8B680DF504,40277DC4C8BD757D
$4001AF8FA86A7F9A,0,4021EA02BA97EC7A,4028106E41656D3
$40016F67A027F24,0,402126CEEFB6FA4A,40289D0C35D8AF7C
$40012F3F97E564E6,0,40205F4C2948418C,4029237B534F419C
$4000EF178FA2D78D,0,401F27590AD40464,4029A399D49E3903
$4000AEEF87604A33,0,401D8846556BFD4C,402A1D478AB36BC
$40006EC77F1DBCDA,0,401BE1C876D02BB4,402A9065E4AB1DA
$40002E9F76DB2F8,0,401A3449908B4EA4,402AFCD7F77DA22C
$3FFFDCEEDD31444D,0,40188035869216D8,402B6282854305D7
$3FFF5C9ECCAC299A,0,4016C5F9E428F204,402BC14C040AEB08
$3FFEDC4EBC270EE8,0,40150605C05F7FF4,402C191CA446E312
$3FFE5BFEABA1F435,0,401340C9A2289AF4,402C69DE56C5A67D
$3FFDDBAE9B1CD981,0,401176B76415F624,402CB37CD23DABF5
$3FFD5B5E8A97BECE,0,400F50842F7CD728,402CF5E59865B991
$3FFCDB0E7A12A41B,0,400BABBBD1AC5298,402D3107FA9A28B3
$3FFC5ABE698D8969,0,400800000000004,402D64D51E0DB1C3
4 38 43
4 39 415
4 40 555
4 41 557
4 42 0
4 43 0
3 32 ->
4 33 460
4 34 4
4 35 0
4 36 [2]
$1,-1
4 37 [2][4]
$400921FB54442D18,4028,400921FB54442D18,4028
$400921FB54442D18,0,400921FB54442D18,0
4 38 44
4 39 458
4 40 46
4 41 560
4 42 0
4 43 0
3 32 ->
4 33 459
4 34 4
4 35 0
4 36 [2]
$1,-1
4 37 [2][4]
$400921FB54442D18,4028,400921FB54442D18,4028
$400921FB54442D18,0,400921FB54442D18,0
4 38 43
4 39 457
4 40 45
4 41 559
4 42 0
4 43 0
3 32 ->
4 33 526
4 34 4
4 35 0
4 36 [2]
$1,-1
4 37 [102][4]
$C033FFFFFFFFFFFB,3CE08BC3CFE31646,400921FB54442D18,4028
$C0340129EC83D686,3FD7A211C465879,4008EF8F35DDF05,4028
$C034060211BCFE3D,3FEAD72319B464BA,4008AF672D9B62F6,4028
$C0340E9D52D587B6,3FF4EB3FA27E1B98,40086F3F2558D59D,4028
$C0341AF98656D92E,3FFC65AC777A402,40082F171D164843,4028
$C0342B139165E4B4,4001EC7B91990BEC,4007EEEF14D3BAEA,4028
$C0343EE7688AD3AB,4005A1A043E2D333,4007AEC70C912D9,4028
$C034567010B52382,40095155E5363A9B,40076E9F044EA037,4028
$C03471A7A07BF271,400CFAAF659F8AB4,40072E76FC0C12DD,4028
$C0349087419A2B96,40104E60A714448D,4006EE4EF3C98584,4028
$C034B30732A63321,40121B50FDFF5A3A,4006AE26EB86F82A,4028
$C034D91EC904A3F6,4013E3B4ED91F3A,40066DFEE3446AD,4028
$C03502C47315A195,4015A719D04D51BB,40062DD6DB01DD76,4028
$C0352FEDBA9C3245,4017650E41FFB4EE,4005EDAED2BF501D,4028
$C035608F475F06DA,40191D223C40527E,4005AD86CA7CC2C4,4028
$C035949CE2020733,401ACEE732936C22,40056D5EC23A356A,4028
$C035CC097717EC13,401C79F02E2F77F4,40052D36B9F7A81,4028
$C03606C71A6B2103,401E1DD1E95C5EEF,4004ED0EB1B51AB7,4028
$C03644C70A7D1B1B,401FBA22EA65F1BD,4004ACE6A9728D5D,4028
$C03685F9B43B4394,4020A73DCF0D6774,40046CBEA1300004,4028
$C036CA4EB6E887FE,40216D3B38E88943,40042C9698ED72AA,4028
$C03711B4E83A9454,40222ED7F675232B,4003EC6E90AAE55,4028
$C0375C1A58A9AE78,4022EBE364E8149A,4003AC46886857F8,4028
$C037A96C57F21DC2,4023A42E073203A6,40036C1E8025CA9E,4028
$C037F99779C5FCDF,4024578991ED3FBB,40032BF677E33D44,4028
$C0384C879AAE4822,402505C8F6FEDBC3,4002EBCE6FA0AFEB,4028
$C038A227E519EE8A,4025AEC070E813F8,4002ABA6675E2291,4028
$C038FA62D699A00F,402652458DC52775,40026B7E5F1B9537,4028
$C0395522454708C5,4026F02F39F6E279,40022B5656D907DD,4028
$C039B24F65561D4C,40278855CA742BBB,4001EB2E4E967A84,4028
$C03A11D2CECF1286,40281A9306C0FD23,4001AB064653ED2A,4028
$C03A7394836F904A,4028A6C232884738,40016ADE3E115FD1,4028
$C03AD77BF4B1A50E,40292CC016D655BB,40012AB635CED277,4028
$C03B3D7009F6F6D5,4029AC6B0AF16411,4000EA8E2D8C451E,4028
$C03BA55726D6A4C5,402A25A2FCCE288E,4000AA662549B7C4,4028
$C03C0F17318C43E2,402A9849791E36FD,40006A3E1D072A6B,4028
$C03C7A959986595F,402B0441B2F6342C,40002A1614C49D11,4028
$C03CE7B75E12ACA7,402B69708B09EEB4,3FFFD3DC19041F7,4028
$C03D56611526C436,402BC7BC967C8BB5,3FFF538C087F04BD,4028
$C03DC676F242D8DC,402C1F0E25431159,3FFED33BF7F9EA07,4028
$C03E37DCCD6D84AF,402C6F4F4817B481,3FFE52EBE774CF56,4028
$C03EAA762A466C92,402CB86BD5FC6B1,3FFDD29BD6EFB4A2,4028
$C03F1E263F2E1D68,402CFA51714B6057,3FFD524BC66A99EF,4028
$C03F92CFFC8150E,402D34EF8C540613,3FFCD1FBB5E57F3C,4028
$C040042B09F2E46,402D68376D839941,3FFC51ABA560648A,4028
$C0403F4D7FD375A,402D941C33180F51,3FFBD15B94DB49D6,4028
$C0407AC085102381,402DB892D65C7E01,3FFB510B84562F22,4028
$C040B6752A9A10E1,402DD5922E6E2DA4,3FFAD0BB73D1147,4028
$C040F25C70E618ED,402DEB12F289A3AF,3FFA506B634BF9BE,4028
$C0412E674BB14FFF,402DF90FBBDF11C1,3FF9D01B52C6DF0A,4028
$C0416A86A5C8B65E,402DFF8506EDB352,3FF94FCB4241C455,4028
$C041A6AB64D329C1,402DFE713465C2CE,3FF8CF7B31BCA9A2,4028
$C041E2C66D1CA1F5,402DF5D48990CD66,3FF84F2B21378EF,4028
$C0421EC8A561C4A2,402DE5B130404B5B,3FF7CEDB10B2743C,4028
$C0425AA2FA9ADC23,402DCE0B36428119,3FF74E8B002D598A,4028
$C042964663C53D93,402DAEE88C5DCC25,3FF6CE3AEFA83ED7,4028
$C042D1A3E5AA2A75,402D885104D29D4E,3FF64DEADF232424,4028
$C0430CAC96A23B2C,402D5A4E51648023,3FF5CD9ACE9E097,4028
$C0434751A254602E,402D24EC00EAADFC,3FF54D4ABE18EEBC,4028
$C04381844D6F8916,402CE8377C68C938,3FF4CCFAAD93D40B,4028
$C043BB35F95E0204,402CA44003B07B5F,3FF44CAA9D0EB957,4028
$C043F45827F19941,402C5916A98CCEDB,3FF3CC5A8C899EA4,4028
$C0442CDC7F07A119,402C06CE4F783A8E,3FF34C0A7C0483EF,4028
$C04464B4CC23E3AC,402BAD7BA0DE7312,3FF2CBBA6B7F693D,4028
$C0449BD30801A0FB,402B4D350DEB32B8,3FF24B6A5AFA4E8B,4028
$C044D2295A19B1BB,402AE612C5E7461C,3FF1CB1A4A7533D7,4028
$C04507AA1C1CEC65,402A782EB12547CB,3FF14ACA39F01923,4028
$C0453C47DD61ECD2,402A03A46A7F91BA,3FF0CA7A296AFE72,4028
$C0456FF5664561E,40298891386906EC,3FF04A2A18E5E3BE,4028
$C045A2A5BB7C07FE,4029071405927366,3FEF93B410C19217,4028
$C045D44C21557B2B,40287F4D59265B41,3FEE9313EFB75CB,4028
$C04604DC1EEF0E9E,4027F15F4E9D2C4F,3FED9273CEAD274E,4028
$C04634498155DC7A,40275D6D8D2BDFC8,3FEC91D3ADA2F1E5,4028
$C04662885E9743F9,4026C39D3ECF330B,3FEB91338C98BC7D,4028
$C0468F8D18BF111B,4026241506F5B743,3FEA90936B8E8719,4028
$C046BB4C60C28D4F,40257EFCF8CB107C,3FE98FF34A8451AD,4028
$C046E5BB3957BD68,4024D47E8D26D429,3FE88F53297A1C4A,4028
$C0470ECEF9B8164C,402424C498218E99,3FE78EB3086FE6E3,4028
$C047367D504DF6AB,40236FFB3E528D3E,3FE68E12E765B17E,4028
$C0475CBC454C39B5,4022B64FE9B921B4,3FE58D72C65B7C19,4028
$C04781823D2F3C03,4021F7F13E54268E,3FE48CD2A55146B,4028
$C047A4C5FB26B1BA,4021350F0E6AA39C,3FE38C328447114D,4028
$C047C67EA367B2AE,40206DDA4E88830D,3FE28B92633CDBE7,4028
$C047E6A3BD666751,401F450A1264B80D,3FE18AF24232A67F,4028
$C048052D35F6C748,401DA684A4A6D2DE,3FE08A5221287117,4028
$C04822136153E0E,401C008C74D1AAC9,3FDF1364003C7761,4028
$C0483D4EFD0D26E,401A538B82DB24DC,3FDD1223BE280C9A,4028
$C04856D931D948DC,40189FED931416FF,3FDB10E37C13A1CD,4028
$C0486EAB954E20AD,4016E62013160608,3FD90FA339FF36FD,4028
$C04884C02B7D46AD,40152691FE460EA,3FD70E62F7EACC2F,4028
$C04899116874E4EE,401361B3C1F3E0DF,3FD50D22B5D66167,4028
$C048AB9A31A468DF,401197F7211BCF48,3FD30BE273C1F69A,4028
$C048BC55DF24B9B2,400F939E2FA61306,3FD10AA231AD8BCD,4028
$C048CB403CE3A113,400BEF5F7CCA60D4,3FCE12C3DF3241FB,4028
$C048D8558BB21B05,4008441C58550A,3FCA10435B096C64,4028
$C048E392823548F3,400492C0B43C0B72,3FC60DC2D6E096CC,4028
$C048ECF44DB9CB6D,4000DC3A0A75BB32,3FC20B4252B7C13,4028
$C048F47892E94D8,3FFA42EE42A25BCD,3FBC11839D1DD733,4028
$C048FA1D6E62141,3FF2C6CF9EF63F98,3FB40C8294CC2BFB,4028
$C048FDE175306B12,3FE68BF2FEF9C9AC,3FA80F0318F50197,4028
$C048FFC3B529D23F,3FCE127348F61724,3F900A0210A35667,4028
$C048FFFFFFFFFFFD,0,0,4028
4 38 518
4 39 44
4 40 560
4 41 460
4 42 0
4 43 0
3 32 ->
4 33 525
4 34 4
4 35 0
4 36 [2]
$1,-1
4 37 [102][4]
$C033FFFFFFFFFFFB,3CE08BC3CFE31646,400921FB54442D18,4028
$C0340129EC83D686,3FD7A211C465879,4008EF8F35DDF05,4028
$C034060211BCFE3D,3FEAD72319B464BA,4008AF672D9B62F6,4028
$C0340E9D52D587B6,3FF4EB3FA27E1B98,40086F3F2558D59D,4028
$C0341AF98656D92E,3FFC65AC777A402,40082F171D164843,4028
$C0342B139165E4B4,4001EC7B91990BEC,4007EEEF14D3BAEA,4028
$C0343EE7688AD3AB,4005A1A043E2D333,4007AEC70C912D9,4028
$C034567010B52382,40095155E5363A9B,40076E9F044EA037,4028
$C03471A7A07BF271,400CFAAF659F8AB4,40072E76FC0C12DD,4028
$C0349087419A2B96,40104E60A714448D,4006EE4EF3C98584,4028
$C034B30732A63321,40121B50FDFF5A3A,4006AE26EB86F82A,4028
$C034D91EC904A3F6,4013E3B4ED91F3A,40066DFEE3446AD,4028
$C03502C47315A195,4015A719D04D51BB,40062DD6DB01DD76,4028
$C0352FEDBA9C3245,4017650E41FFB4EE,4005EDAED2BF501D,4028
$C035608F475F06DA,40191D223C40527E,4005AD86CA7CC2C4,4028
$C035949CE2020733,401ACEE732936C22,40056D5EC23A356A,4028
$C035CC097717EC13,401C79F02E2F77F4,40052D36B9F7A81,4028
$C03606C71A6B2103,401E1DD1E95C5EEF,4004ED0EB1B51AB7,4028
$C03644C70A7D1B1B,401FBA22EA65F1BD,4004ACE6A9728D5D,4028
$C03685F9B43B4394,4020A73DCF0D6774,40046CBEA1300004,4028
$C036CA4EB6E887FE,40216D3B38E88943,40042C9698ED72AA,4028
$C03711B4E83A9454,40222ED7F675232B,4003EC6E90AAE55,4028
$C0375C1A58A9AE78,4022EBE364E8149A,4003AC46886857F8,4028
$C037A96C57F21DC2,4023A42E073203A6,40036C1E8025CA9E,4028
$C037F99779C5FCDF,4024578991ED3FBB,40032BF677E33D44,4028
$C0384C879AAE4822,402505C8F6FEDBC3,4002EBCE6FA0AFEB,4028
$C038A227E519EE8A,4025AEC070E813F8,4002ABA6675E2291,4028
$C038FA62D699A00F,402652458DC52775,40026B7E5F1B9537,4028
$C0395522454708C5,4026F02F39F6E279,40022B5656D907DD,4028
$C039B24F65561D4C,40278855CA742BBB,4001EB2E4E967A84,4028
$C03A11D2CECF1286,40281A9306C0FD23,4001AB064653ED2A,4028
$C03A7394836F904A,4028A6C232884738,40016ADE3E115FD1,4028
$C03AD77BF4B1A50E,40292CC016D655BB,40012AB635CED277,4028
$C03B3D7009F6F6D5,4029AC6B0AF16411,4000EA8E2D8C451E,4028
$C03BA55726D6A4C5,402A25A2FCCE288E,4000AA662549B7C4,4028
$C03C0F17318C43E2,402A9849791E36FD,40006A3E1D072A6B,4028
$C03C7A959986595F,402B0441B2F6342C,40002A1614C49D11,4028
$C03CE7B75E12ACA7,402B69708B09EEB4,3FFFD3DC19041F7,4028
$C03D56611526C436,402BC7BC967C8BB5,3FFF538C087F04BD,4028
$C03DC676F242D8DC,402C1F0E25431159,3FFED33BF7F9EA07,4028
$C03E37DCCD6D84AF,402C6F4F4817B481,3FFE52EBE774CF56,4028
$C03EAA762A466C92,402CB86BD5FC6B1,3FFDD29BD6EFB4A2,4028
$C03F1E263F2E1D68,402CFA51714B6057,3FFD524BC66A99EF,4028
$C03F92CFFC8150E,402D34EF8C540613,3FFCD1FBB5E57F3C,4028
$C040042B09F2E46,402D68376D839941,3FFC51ABA560648A,4028
$C0403F4D7FD375A,402D941C33180F51,3FFBD15B94DB49D6,4028
$C0407AC085102381,402DB892D65C7E01,3FFB510B84562F22,4028
$C040B6752A9A10E1,402DD5922E6E2DA4,3FFAD0BB73D1147,4028
$C040F25C70E618ED,402DEB12F289A3AF,3FFA506B634BF9BE,4028
$C0412E674BB14FFF,402DF90FBBDF11C1,3FF9D01B52C6DF0A,4028
$C0416A86A5C8B65E,402DFF8506EDB352,3FF94FCB4241C455,4028
$C041A6AB64D329C1,402DFE713465C2CE,3FF8CF7B31BCA9A2,4028
$C041E2C66D1CA1F5,402DF5D48990CD66,3FF84F2B21378EF,4028
$C0421EC8A561C4A2,402DE5B130404B5B,3FF7CEDB10B2743C,4028
$C0425AA2FA9ADC23,402DCE0B36428119,3FF74E8B002D598A,4028
$C042964663C53D93,402DAEE88C5DCC25,3FF6CE3AEFA83ED7,4028
$C042D1A3E5AA2A75,402D885104D29D4E,3FF64DEADF232424,4028
$C0430CAC96A23B2C,402D5A4E51648023,3FF5CD9ACE9E097,4028
$C0434751A254602E,402D24EC00EAADFC,3FF54D4ABE18EEBC,4028
$C04381844D6F8916,402CE8377C68C938,3FF4CCFAAD93D40B,4028
$C043BB35F95E0204,402CA44003B07B5F,3FF44CAA9D0EB957,4028
$C043F45827F19941,402C5916A98CCEDB,3FF3CC5A8C899EA4,4028
$C0442CDC7F07A119,402C06CE4F783A8E,3FF34C0A7C0483EF,4028
$C04464B4CC23E3AC,402BAD7BA0DE7312,3FF2CBBA6B7F693D,4028
$C0449BD30801A0FB,402B4D350DEB32B8,3FF24B6A5AFA4E8B,4028
$C044D2295A19B1BB,402AE612C5E7461C,3FF1CB1A4A7533D7,4028
$C04507AA1C1CEC65,402A782EB12547CB,3FF14ACA39F01923,4028
$C0453C47DD61ECD2,402A03A46A7F91BA,3FF0CA7A296AFE72,4028
$C0456FF5664561E,40298891386906EC,3FF04A2A18E5E3BE,4028
$C045A2A5BB7C07FE,4029071405927366,3FEF93B410C19217,4028
$C045D44C21557B2B,40287F4D59265B41,3FEE9313EFB75CB,4028
$C04604DC1EEF0E9E,4027F15F4E9D2C4F,3FED9273CEAD274E,4028
$C04634498155DC7A,40275D6D8D2BDFC8,3FEC91D3ADA2F1E5,4028
$C04662885E9743F9,4026C39D3ECF330B,3FEB91338C98BC7D,4028
$C0468F8D18BF111B,4026241506F5B743,3FEA90936B8E8719,4028
$C046BB4C60C28D4F,40257EFCF8CB107C,3FE98FF34A8451AD,4028
$C046E5BB3957BD68,4024D47E8D26D429,3FE88F53297A1C4A,4028
$C0470ECEF9B8164C,402424C498218E99,3FE78EB3086FE6E3,4028
$C047367D504DF6AB,40236FFB3E528D3E,3FE68E12E765B17E,4028
$C0475CBC454C39B5,4022B64FE9B921B4,3FE58D72C65B7C19,4028
$C04781823D2F3C03,4021F7F13E54268E,3FE48CD2A55146B,4028
$C047A4C5FB26B1BA,4021350F0E6AA39C,3FE38C328447114D,4028
$C047C67EA367B2AE,40206DDA4E88830D,3FE28B92633CDBE7,4028
$C047E6A3BD666751,401F450A1264B80D,3FE18AF24232A67F,4028
$C048052D35F6C748,401DA684A4A6D2DE,3FE08A5221287117,4028
$C04822136153E0E,401C008C74D1AAC9,3FDF1364003C7761,4028
$C0483D4EFD0D26E,401A538B82DB24DC,3FDD1223BE280C9A,4028
$C04856D931D948DC,40189FED931416FF,3FDB10E37C13A1CD,4028
$C0486EAB954E20AD,4016E62013160608,3FD90FA339FF36FD,4028
$C04884C02B7D46AD,40152691FE460EA,3FD70E62F7EACC2F,4028
$C04899116874E4EE,401361B3C1F3E0DF,3FD50D22B5D66167,4028
$C048AB9A31A468DF,401197F7211BCF48,3FD30BE273C1F69A,4028
$C048BC55DF24B9B2,400F939E2FA61306,3FD10AA231AD8BCD,4028
$C048CB403CE3A113,400BEF5F7CCA60D4,3FCE12C3DF3241FB,4028
$C048D8558BB21B05,4008441C58550A,3FCA10435B096C64,4028
$C048E392823548F3,400492C0B43C0B72,3FC60DC2D6E096CC,4028
$C048ECF44DB9CB6D,4000DC3A0A75BB32,3FC20B4252B7C13,4028
$C048F47892E94D8,3FFA42EE42A25BCD,3FBC11839D1DD733,4028
$C048FA1D6E62141,3FF2C6CF9EF63F98,3FB40C8294CC2BFB,4028
$C048FDE175306B12,3FE68BF2FEF9C9AC,3FA80F0318F50197,4028
$C048FFC3B529D23F,3FCE127348F61724,3F900A0210A35667,4028
$C048FFFFFFFFFFFD,0,0,4028
4 38 517
4 39 43
4 40 559
4 41 459
4 42 0
4 43 0
3 32 ->
4 33 562
4 34 4
4 35 0
4 36 [2]
$1,-1
4 37 [2][4]
$401921FB54442D18,4028,0,4028
$401921FB54442D18,0,0,0
4 38 458
4 39 44
4 40 422
4 41 526
4 42 0
4 43 0
3 32 ->
4 33 561
4 34 4
4 35 0
4 36 [2]
$1,-1
4 37 [2][4]
$401921FB54442D18,4028,0,4028
$401921FB54442D18,0,0,0
4 38 457
4 39 43
4 40 421
4 41 525
4 42 0
4 43 0
3 32 ->
4 33 564
4 34 4
4 35 0
4 36 [2]
$1,-1
4 37 [45][4]
$3FF5E9383EFAD0CF,0,C00800000000001,402D64D51E0DB1C4
$3FF58D72C65B7C16,0,C00AA0C7D7A6EB,402D4088514C573F
$3FF50D22B5D66162,0,C00E47A2E95A19C,402D077B1C2B8CD1
$3FF48CD2A55146AF,0,C010F3715FE513E8,402CC723184C4B2B
$3FF40C8294CC2BFC,0,C012BECF36C3B468,402C7F906F7EDC14
$3FF38C328447114C,0,C01485779465CA28,402C30D51C768931
$3FF30BE273C1F696,0,C01646F842B9A2C8,402BDB04E6456628
$3FF28B92633CDBE4,0,C01802E0572FAB8,402B7E355B64755
$3FF20B4252B7C12F,0,C019B8C04F17D908,402B1A7DCC49667
$3FF18AF24232A67E,0,C01B682A2BA4A808,402AAFF7458B4BC6
$3FF10AA231AD8BC9,0,C01D10B18D8CAE4,402A3EBC8997BE05
$3FF08A5221287119,0,C01EB1EBD043C9F,4029C6EA09FA03D1
$3FF00A0210A35665,0,C02025B812628D38,4029489DE035ED27
$3FEF1364003C7762,0,C020EE6BD5F382D4,4028C3F7C6382E0C
$3FEE12C3DF3241FF,0,C021B2DEC8195748,402839190E5E1EDF
$3FED1223BE280C99,0,C02272DF8F9C2F24,4027A8249B16E2B3
$3FEC11839D1DD731,0,C0232E3DF12D4164,4027113ED6200E17
$3FEB10E37C13A1CB,0,C023E4CADB848498,4026748DA76001BE
$3FEA10435B096C63,0,C024965873337E98,4025D2386B604554
$3FE90FA339FF36FB,0,C02542BA1E2A3E5C,40252A67E96A46C7
$3FE80F0318F50198,0,C025E9C48EEB9B54,40247D464948F9F3
$3FE70E62F7EACC32,0,C0268B4DCF6DE9B,4023CAFF08B1EB5B
$3FE60DC2D6E096CC,0,C027272D4BA567EC,402313BEF0586EFF
$3FE50D22B5D66166,0,C027BD3BDBB5C,402257B408ADA9D3
$3FE40C8294CC2BFD,0,C0284D53CDC80C94,4021970D8E504955
$3FE30BE273C1F69A,0,C028D750EF82E9A,4020D1FBE62ED0DC
$3FE20B4252B7C13,0,C0295B1097222FB,402008B0915F77BA
$3FE10AA231AD8BCB,0,C029D871AC2C10DC,401E76BC41614BEE
$3FE00A0210A35666,0,C02A4F54AFC167D8,401CD4704FEA5EA5
$3FDE12C3DF3241FE,0,C02ABF9BC48721F4,401B2AE6621EFAE
$3FDC11839D1DD732,0,C02B292AB626C7C,40197A895D7DD4B3
$3FDA10435B096C66,0,C02B8BE700644198,4017C3C5DE65382C
$3FD80F0318F50198,0,C02BE7B7D5C710AC,4016070A1CCA8182
$3FD60DC2D6E096C9,0,C02C3C8625D54FDC,401444C5D08A30B3
$3FD40C8294CC2BFC,0,C02C8A3CA2DEEC1C,40127D6A15578D4A
$3FD20B4252B7C133,0,C02CD0C7C7579F78,4010B1694E52E6C
$3FD00A0210A35664,0,C02D1015DABE56D8,400DC26E129B29CA
$3FCC11839D1DD73,0,C02D4816F610C6D8,400A1A8FC385E017
$3FC80F0318F50193,0,C02D78BD07CA11D,40066C22C71B1756
$3FC40C8294CC2BFC,0,C02DA1FBD76B7DC8,4002B813DAC01E66
$3FC00A0210A35665,0,C02DC3C9088E5768,3FFDFEA24C245FCA
$3FB80F0318F50195,0,C02DDE1C1D7E3C34,3FF68593FE2670F3
$3FB00A0210A35665,0,C02DF0EE795B24E,3FEE0DBAB82A9B5D
$3FA00A0210A35663,0,C02DFC3B61C2A68C,3FDE1181894AFE83
$0,0,C02DFFFFFFFFFFFC,0
4 38 44
4 39 420
4 40 562
4 41 566
4 42 0
4 43 0
3 32 ->
4 33 563
4 34 4
4 35 0
4 36 [2]
$1,-1
4 37 [45][4]
$3FF5E9383EFAD0CF,0,C00800000000001,402D64D51E0DB1C4
$3FF58D72C65B7C16,0,C00AA0C7D7A6EB,402D4088514C573F
$3FF50D22B5D66162,0,C00E47A2E95A19C,402D077B1C2B8CD1
$3FF48CD2A55146AF,0,C010F3715FE513E8,402CC723184C4B2B
$3FF40C8294CC2BFC,0,C012BECF36C3B468,402C7F906F7EDC14
$3FF38C328447114C,0,C01485779465CA28,402C30D51C768931
$3FF30BE273C1F696,0,C01646F842B9A2C8,402BDB04E6456628
$3FF28B92633CDBE4,0,C01802E0572FAB8,402B7E355B64755
$3FF20B4252B7C12F,0,C019B8C04F17D908,402B1A7DCC49667
$3FF18AF24232A67E,0,C01B682A2BA4A808,402AAFF7458B4BC6
$3FF10AA231AD8BC9,0,C01D10B18D8CAE4,402A3EBC8997BE05
$3FF08A5221287119,0,C01EB1EBD043C9F,4029C6EA09FA03D1
$3FF00A0210A35665,0,C02025B812628D38,4029489DE035ED27
$3FEF1364003C7762,0,C020EE6BD5F382D4,4028C3F7C6382E0C
$3FEE12C3DF3241FF,0,C021B2DEC8195748,402839190E5E1EDF
$3FED1223BE280C99,0,C02272DF8F9C2F24,4027A8249B16E2B3
$3FEC11839D1DD731,0,C0232E3DF12D4164,4027113ED6200E17
$3FEB10E37C13A1CB,0,C023E4CADB848498,4026748DA76001BE
$3FEA10435B096C63,0,C024965873337E98,4025D2386B604554
$3FE90FA339FF36FB,0,C02542BA1E2A3E5C,40252A67E96A46C7
$3FE80F0318F50198,0,C025E9C48EEB9B54,40247D464948F9F3
$3FE70E62F7EACC32,0,C0268B4DCF6DE9B,4023CAFF08B1EB5B
$3FE60DC2D6E096CC,0,C027272D4BA567EC,402313BEF0586EFF
$3FE50D22B5D66166,0,C027BD3BDBB5C,402257B408ADA9D3
$3FE40C8294CC2BFD,0,C0284D53CDC80C94,4021970D8E504955
$3FE30BE273C1F69A,0,C028D750EF82E9A,4020D1FBE62ED0DC
$3FE20B4252B7C13,0,C0295B1097222FB,402008B0915F77BA
$3FE10AA231AD8BCB,0,C029D871AC2C10DC,401E76BC41614BEE
$3FE00A0210A35666,0,C02A4F54AFC167D8,401CD4704FEA5EA5
$3FDE12C3DF3241FE,0,C02ABF9BC48721F4,401B2AE6621EFAE
$3FDC11839D1DD732,0,C02B292AB626C7C,40197A895D7DD4B3
$3FDA10435B096C66,0,C02B8BE700644198,4017C3C5DE65382C
$3FD80F0318F50198,0,C02BE7B7D5C710AC,4016070A1CCA8182
$3FD60DC2D6E096C9,0,C02C3C8625D54FDC,401444C5D08A30B3
$3FD40C8294CC2BFC,0,C02C8A3CA2DEEC1C,40127D6A15578D4A
$3FD20B4252B7C133,0,C02CD0C7C7579F78,4010B1694E52E6C
$3FD00A0210A35664,0,C02D1015DABE56D8,400DC26E129B29CA
$3FCC11839D1DD73,0,C02D4816F610C6D8,400A1A8FC385E017
$3FC80F0318F50193,0,C02D78BD07CA11D,40066C22C71B1756
$3FC40C8294CC2BFC,0,C02DA1FBD76B7DC8,4002B813DAC01E66
$3FC00A0210A35665,0,C02DC3C9088E5768,3FFDFEA24C245FCA
$3FB80F0318F50195,0,C02DDE1C1D7E3C34,3FF68593FE2670F3
$3FB00A0210A35665,0,C02DF0EE795B24E,3FEE0DBAB82A9B5D
$3FA00A0210A35663,0,C02DFC3B61C2A68C,3FDE1181894AFE83
$0,0,C02DFFFFFFFFFFFC,0
4 38 43
4 39 419
4 40 561
4 41 565
4 42 0
4 43 0
3 32 ->
4 33 556
4 34 4
4 35 0
4 36 [2]
$1,-1
4 37 [14][4]
$3FFC5ABE698D8969,0,400800000000004,402D64D51E0DB1C3
$3FFBECF905381135,0,4004D73DB57C1E7,402D8B4A25DE2854
$3FFB6CA8F4B2F681,0,4001210EA5EC558,402DB15AFE5375F8
$3FFAEC58E42DDBCD,0,3FFACD24194D01,402DCFF65BC4EE6E
$3FFA6C08D3A8C11B,0,3FF3516F5D5B7CC,402DE7148DEEE562
$3FF9EBB8C323A667,0,3FE7A1C0A5FEAE8,402DF6AFC626BFF6
$3FF96B68B29E8BB5,0,3FD13565B5177A,402DFEC418D0691
$3FF8EB18A2197102,0,BFC9BA110F16BF,402DFF4F7E5A6D61
$3FF86AC89194564E,0,BFE5761DC61A59C,402DF851D3C07FBA
$3FF7EA78810F3B9D,0,BFF23C2992BEAC6,402DE9CCDA9444E5
$3FF76A28708A20E9,0,BFF9B8AF9AD5B56,402DD3C4388C64D1
$3FF6E9D860050636,0,C000975FC5E1CA8,402DB63D7699FD75
$3FF669884F7FEB83,0,C0044E3CCABE51C,402D913FFF84B24A
$3FF5E9383EFAD0CF,0,C00800000000001,402D64D51E0DB1C4
4 38 44
4 39 424
4 40 564
4 41 426
4 42 0
4 43 0
3 32 ->
4 33 555
4 34 4
4 35 0
4 36 [2]
$1,-1
4 37 [14][4]
$3FFC5ABE698D8969,0,400800000000004,402D64D51E0DB1C3
$3FFBECF905381135,0,4004D73DB57C1E7,402D8B4A25DE2854
$3FFB6CA8F4B2F681,0,4001210EA5EC558,402DB15AFE5375F8
$3FFAEC58E42DDBCD,0,3FFACD24194D01,402DCFF65BC4EE6E
$3FFA6C08D3A8C11B,0,3FF3516F5D5B7CC,402DE7148DEEE562
$3FF9EBB8C323A667,0,3FE7A1C0A5FEAE8,402DF6AFC626BFF6
$3FF96B68B29E8BB5,0,3FD13565B5177A,402DFEC418D0691
$3FF8EB18A2197102,0,BFC9BA110F16BF,402DFF4F7E5A6D61
$3FF86AC89194564E,0,BFE5761DC61A59C,402DF851D3C07FBA
$3FF7EA78810F3B9D,0,BFF23C2992BEAC6,402DE9CCDA9444E5
$3FF76A28708A20E9,0,BFF9B8AF9AD5B56,402DD3C4388C64D1
$3FF6E9D860050636,0,C000975FC5E1CA8,402DB63D7699FD75
$3FF669884F7FEB83,0,C0044E3CCABE51C,402D913FFF84B24A
$3FF5E9383EFAD0CF,0,C00800000000001,402D64D51E0DB1C4
4 38 43
4 39 423
4 40 563
4 41 425
4 42 0
4 43 0
3 32 ->
4 33 50
4 34 4
4 35 0
4 36 [2]
$1,-1
4 37 [102][4]
$400921FB54442D18,0,402E,3CE08BC3CFE31646
$4008EF8F35DDF05,0,402DFDAC26F852EC,3FD7A211C465879
$4008AF672D9B62F6,0,402DF3FBDC86038,3FEAD72319B464BA
$40086F3F2558D59D,0,402DE2C55A54F08C,3FF4EB3FA27E1B98
$40082F171D164843,0,402DCA0CF3524D9C,3FFC65AC777A402
$4007EEEF14D3BAEA,0,402DA9D8DD34369,4001EC7B91990BEC
$4007AEC70C912D9,0,402D82312EEA58A4,4005A1A043E2D333
$40076E9F044EA037,0,402D531FDE95B8F4,40095155E5363A9B
$40072E76FC0C12DD,0,402D1CB0BF081B14,400CFAAF659F8AB4
$4006EE4EF3C98584,0,402CDEF17CCBA8CC,40104E60A714448D
$4006AE26EB86F82A,0,402C99F19AB399B4,40121B50FDFF5A3A
$40066DFEE3446AD,0,402C4DC26DF6B80C,4013E3B4ED91F3A
$40062DD6DB01DD76,0,402BFA7719D4BCD,4015A719D04D51BB
$4005EDAED2BF501D,0,402BA0248AC79B7,4017650E41FFB4EE
$4005AD86CA7CC2C3,0,402B3EE17141F24,40191D223C40527E
$40056D5EC23A356A,0,402AD6C63BFBF19,401ACEE732936C22
$40052D36B9F7A81,0,402A67ED11D027D,401C79F02E2F77F4
$4004ED0EB1B51AB6,0,4029F271CB29BDF,401E1DD1E95C5EEF
$4004ACE6A9728D5D,0,40297671EB05C9C,401FBA22EA65F1BD
$40046CBEA1300004,0,4028F40C978978D,4020A73DCF0D6774
$40042C9698ED72AA,0,40286B62922EEFFC,40216D3B38E88943
$4003EC6E90AAE551,0,4027DC962F8AD75,40222ED7F675232B
$4003AC46886857F8,0,402747CB4EACA308,4022EBE364E8149A
$40036C1E8025CA9E,0,4026AD27501BC474,4023A42E073203A6
$40032BF677E33D44,0,40260CD10C74063C,4024578991ED3FBB
$4002EBCE6FA0AFEB,0,402566F0CAA36FB4,402505C8F6FEDBC3
$4002ABA6675E2291,0,4024BBB035CC22E4,4025AEC070E813F8
$40026B7E5F1B9536,0,40240B3A52CCBFD8,402652458DC52775
$40022B5656D907DD,0,402355BB7571EE6C,4026F02F39F6E279
$4001EB2E4E967A84,0,40229B613553C56,40278855CA742BBB
$4001AB064653ED2B,0,4021DC5A6261DAEC,40281A9306C0FD23
$40016ADE3E115FD1,0,402118D6F920DF64,4028A6C232884738
$40012AB635CED277,0,40205108169CB5DC,40292CC016D655BB
$4000EA8E2D8C451E,0,401F0A3FD8242498,4029AC6B0AF16411
$4000AA662549B7C4,0,401D6AA364A56CE,402A25A2FCCE288E
$40006A3E1D072A6B,0,401BC3A339CEF068,402A9849791E36FD
$40002A1614C49D11,0,401A15A999E69A78,402B0441B2F6342C
$3FFFD3DC19041F6F,0,4018612287B54D5,402B69708B09EEB4
$3FFF538C087F04BC,0,4016A67BAB64EF18,402BC7BC967C8BB5
$3FFED33BF7F9EA07,0,4014E62436F49C8,402C1F0E25431159
$3FFE52EBE774CF56,0,4013208CCA49ED38,402C6F4F4817B481
$3FFDD29BD6EFB4A2,0,4011562756E64DA8,402CB86BD5FC6B1
$3FFD524BC66A99EE,0,400F0ECE068F14A,402CFA51714B6057
$3FFCD1FBB5E57F3D,0,400B69801BF578E,402D34EF8C540613
$3FFC51ABA560648A,0,4007BD4F60D1B9E,402D68376D839941
$3FFBD15B94DB49D6,0,40040B2802C8A5E,402D941C33180F51
$3FFB510B84562F22,0,400053F7AEFDC7D,402DB892D65C7E01
$3FFAD0BB73D1147,0,3FF9315AACBDE3A,402DD5922E6E2DA4
$3FFA506B634BF9BE,0,3FF1B471E33CE22,402DEB12F289A3AF
$3FF9D01B52C6DF0A,0,3FE4662D13ABFFC,402DF90FBBDF11C1
$3FF94FCB4241C455,0,3FC5795A3749A,402DFF8506EDB352
$3FF8CF7B31BCA9A2,0,BFD355B26994E18,402DFE713465C2CE
$3FF84F2B21378EED,0,BFE8B19B47287E,402DF5D48990CD66
$3FF7CEDB10B2743C,0,BFF3D914AC38948,402DE5B130404B5B
$3FF74E8B002D598A,0,BFFB545F535B84A,402DCE0B36428119
$3FF6CE3AEFA83ED7,0,C00164663C53D95,402DAEE88C5DCC25
$3FF64DEADF232424,0,C0051A3E5AA2A77,402D885104D29D4E
$3FF5CD9ACE9E0971,0,C008CAC96A23B2D8,402D5A4E51648023
$3FF54D4ABE18EEBC,0,C00C751A254603,402D24EC00EAADFC
$3FF4CCFAAD93D409,0,C0100C226B7C48C8,402CE8377C68C938
$3FF44CAA9D0EB957,0,C011D9AFCAF01034,402CA44003B07B5F
$3FF3CC5A8C899EA4,0,C013A2C13F8CCA1C,402C5916A98CCEDB
$3FF34C0A7C0483F1,0,C01566E3F83D08D4,402C06CE4F783A8E
$3FF2CBBA6B7F693D,0,C01725A6611F1D74,402BAD7BA0DE7312
$3FF24B6A5AFA4E8B,0,C018DE98400D07E8,402B4D350DEB32B8
$3FF1CB1A4A7533D8,0,C01A914AD0CD8DE8,402AE612C5E7461C
$3FF14ACA39F01924,0,C01C3D50E0E76334,402A782EB12547CB
$3FF0CA7A296AFE72,0,C01DE23EEB0F66A4,402A03A46A7F91BA
$3FF04A2A18E5E3BE,0,C01F7FAB322B0F1,40298891386906EC
$3FEF93B410C19217,0,C0208A96EDF02002,4029071405927366
$3FEE9313EFB75CB,0,C02151308555ECB4,40287F4D59265B41
$3FED9273CEAD274B,0,C02213707BBC3A82,4027F15F4E9D2C4F
$3FEC91D3ADA2F1E5,0,C022D126055771F,40275D6D8D2BDFC8
$3FEB91338C98BC7D,0,C0238A217A5D0FEC,4026C39D3ECF330B
$3FEA90936B8E8716,0,C0243E3462FC4476,4026241506F5B743
$3FE98FF34A8451B,0,C024ED31830A3542,40257EFCF8CB107C
$3FE88F53297A1C4A,0,C02596ECE55EF5A8,4024D47E8D26D429
$3FE78EB3086FE6E3,0,C0263B3BE6E05938,402424C498218E99
$3FE68E12E765B17E,0,C026D9F54137DAB4,40236FFB3E528D3E
$3FE58D72C65B7C19,0,C02772F11530E6DC,4022B64FE9B921B4
$3FE48CD2A55146B1,0,C0280608F4BCF016,4021F7F13E54268E
$3FE38C328447114C,0,C0289317EC9AC6F,4021350F0E6AA39C
$3FE28B92633CDBE5,0,C02919FA8D9ECAC2,40206DDA4E88830D
$3FE18AF24232A67F,0,C0299A8EF5999D4C,401F450A1264B80D
$3FE08A5221287117,0,C02A14B4D7DB1D28,401DA684A4A6D2DE
$3FDF1364003C7764,0,C02A884D854F8386,401C008C74D1AAC9
$3FDD1223BE280C99,0,C02AF53BF4349B8A,401A538B82DB24DC
$3FDB10E37C13A1CB,0,C02B5B64C7652378,40189FED931416FF
$3FD90FA339FF36FF,0,C02BBAAE553882BC,4016E62013160608
$3FD70E62F7EACC3,0,C02C1300ADF51ABC,40152691FE460EA
$3FD50D22B5D66165,0,C02C6445A1D393C,401361B3C1F3E0DF
$3FD30BE273C1F698,0,C02CAE68C691A388,401197F7211BCF48
$3FD10AA231AD8BCC,0,C02CF1577C92E6D,400F939E2FA61306
$3FCE12C3DF3241FD,0,C02D2D00F38E8454,400BEF5F7CCA60D4
$3FCA10435B096C64,0,C02D61562EC86C1C,4008441C58550A
$3FC60DC2D6E096CA,0,C02D8E4A08D523D6,400492C0B43C0B72
$3FC20B4252B7C131,0,C02DB3D136E72DBC,4000DC3A0A75BB32
$3FBC11839D1DD731,0,C02DD1E24BA53608,3FFA42EE42A25BCD
$3FB40C8294CC2BFD,0,C02DE875B9885046,3FF2C6CF9EF63F98
$3FA80F0318F50196,0,C02DF785D4C1AC5,3FE68BF2FEF9C9AC
$3F900A0210A35665,0,C02DFF0ED4A74906,3FCE127348F61724
$0,0,C02DFFFFFFFFFFFE,0
4 38 48
4 39 408
4 40 568
4 41 570
4 42 0
4 43 0
3 32 ->
4 33 49
4 34 4
4 35 0
4 36 [2]
$1,-1
4 37 [102][4]
$400921FB54442D18,0,402E,3CE08BC3CFE31646
$4008EF8F35DDF05,0,402DFDAC26F852EC,3FD7A211C465879
$4008AF672D9B62F6,0,402DF3FBDC86038,3FEAD72319B464BA
$40086F3F2558D59D,0,402DE2C55A54F08C,3FF4EB3FA27E1B98
$40082F171D164843,0,402DCA0CF3524D9C,3FFC65AC777A402
$4007EEEF14D3BAEA,0,402DA9D8DD34369,4001EC7B91990BEC
$4007AEC70C912D9,0,402D82312EEA58A4,4005A1A043E2D333
$40076E9F044EA037,0,402D531FDE95B8F4,40095155E5363A9B
$40072E76FC0C12DD,0,402D1CB0BF081B14,400CFAAF659F8AB4
$4006EE4EF3C98584,0,402CDEF17CCBA8CC,40104E60A714448D
$4006AE26EB86F82A,0,402C99F19AB399B4,40121B50FDFF5A3A
$40066DFEE3446AD,0,402C4DC26DF6B80C,4013E3B4ED91F3A
$40062DD6DB01DD76,0,402BFA7719D4BCD,4015A719D04D51BB
$4005EDAED2BF501D,0,402BA0248AC79B7,4017650E41FFB4EE
$4005AD86CA7CC2C3,0,402B3EE17141F24,40191D223C40527E
$40056D5EC23A356A,0,402AD6C63BFBF19,401ACEE732936C22
$40052D36B9F7A81,0,402A67ED11D027D,401C79F02E2F77F4
$4004ED0EB1B51AB6,0,4029F271CB29BDF,401E1DD1E95C5EEF
$4004ACE6A9728D5D,0,40297671EB05C9C,401FBA22EA65F1BD
$40046CBEA1300004,0,4028F40C978978D,4020A73DCF0D6774
$40042C9698ED72AA,0,40286B62922EEFFC,40216D3B38E88943
$4003EC6E90AAE551,0,4027DC962F8AD75,40222ED7F675232B
$4003AC46886857F8,0,402747CB4EACA308,4022EBE364E8149A
$40036C1E8025CA9E,0,4026AD27501BC474,4023A42E073203A6
$40032BF677E33D44,0,40260CD10C74063C,4024578991ED3FBB
$4002EBCE6FA0AFEB,0,402566F0CAA36FB4,402505C8F6FEDBC3
$4002ABA6675E2291,0,4024BBB035CC22E4,4025AEC070E813F8
$40026B7E5F1B9536,0,40240B3A52CCBFD8,402652458DC52775
$40022B5656D907DD,0,402355BB7571EE6C,4026F02F39F6E279
$4001EB2E4E967A84,0,40229B613553C56,40278855CA742BBB
$4001AB064653ED2B,0,4021DC5A6261DAEC,40281A9306C0FD23
$40016ADE3E115FD1,0,402118D6F920DF64,4028A6C232884738
$40012AB635CED277,0,40205108169CB5DC,40292CC016D655BB
$4000EA8E2D8C451E,0,401F0A3FD8242498,4029AC6B0AF16411
$4000AA662549B7C4,0,401D6AA364A56CE,402A25A2FCCE288E
$40006A3E1D072A6B,0,401BC3A339CEF068,402A9849791E36FD
$40002A1614C49D11,0,401A15A999E69A78,402B0441B2F6342C
$3FFFD3DC19041F6F,0,4018612287B54D5,402B69708B09EEB4
$3FFF538C087F04BC,0,4016A67BAB64EF18,402BC7BC967C8BB5
$3FFED33BF7F9EA07,0,4014E62436F49C8,402C1F0E25431159
$3FFE52EBE774CF56,0,4013208CCA49ED38,402C6F4F4817B481
$3FFDD29BD6EFB4A2,0,4011562756E64DA8,402CB86BD5FC6B1
$3FFD524BC66A99EE,0,400F0ECE068F14A,402CFA51714B6057
$3FFCD1FBB5E57F3D,0,400B69801BF578E,402D34EF8C540613
$3FFC51ABA560648A,0,4007BD4F60D1B9E,402D68376D839941
$3FFBD15B94DB49D6,0,40040B2802C8A5E,402D941C33180F51
$3FFB510B84562F22,0,400053F7AEFDC7D,402DB892D65C7E01
$3FFAD0BB73D1147,0,3FF9315AACBDE3A,402DD5922E6E2DA4
$3FFA506B634BF9BE,0,3FF1B471E33CE22,402DEB12F289A3AF
$3FF9D01B52C6DF0A,0,3FE4662D13ABFFC,402DF90FBBDF11C1
$3FF94FCB4241C455,0,3FC5795A3749A,402DFF8506EDB352
$3FF8CF7B31BCA9A2,0,BFD355B26994E18,402DFE713465C2CE
$3FF84F2B21378EED,0,BFE8B19B47287E,402DF5D48990CD66
$3FF7CEDB10B2743C,0,BFF3D914AC38948,402DE5B130404B5B
$3FF74E8B002D598A,0,BFFB545F535B84A,402DCE0B36428119
$3FF6CE3AEFA83ED7,0,C00164663C53D95,402DAEE88C5DCC25
$3FF64DEADF232424,0,C0051A3E5AA2A77,402D885104D29D4E
$3FF5CD9ACE9E0971,0,C008CAC96A23B2D8,402D5A4E51648023
$3FF54D4ABE18EEBC,0,C00C751A254603,402D24EC00EAADFC
$3FF4CCFAAD93D409,0,C0100C226B7C48C8,402CE8377C68C938
$3FF44CAA9D0EB957,0,C011D9AFCAF01034,402CA44003B07B5F
$3FF3CC5A8C899EA4,0,C013A2C13F8CCA1C,402C5916A98CCEDB
$3FF34C0A7C0483F1,0,C01566E3F83D08D4,402C06CE4F783A8E
$3FF2CBBA6B7F693D,0,C01725A6611F1D74,402BAD7BA0DE7312
$3FF24B6A5AFA4E8B,0,C018DE98400D07E8,402B4D350DEB32B8
$3FF1CB1A4A7533D8,0,C01A914AD0CD8DE8,402AE612C5E7461C
$3FF14ACA39F01924,0,C01C3D50E0E76334,402A782EB12547CB
$3FF0CA7A296AFE72,0,C01DE23EEB0F66A4,402A03A46A7F91BA
$3FF04A2A18E5E3BE,0,C01F7FAB322B0F1,40298891386906EC
$3FEF93B410C19217,0,C0208A96EDF02002,4029071405927366
$3FEE9313EFB75CB,0,C02151308555ECB4,40287F4D59265B41
$3FED9273CEAD274B,0,C02213707BBC3A82,4027F15F4E9D2C4F
$3FEC91D3ADA2F1E5,0,C022D126055771F,40275D6D8D2BDFC8
$3FEB91338C98BC7D,0,C0238A217A5D0FEC,4026C39D3ECF330B
$3FEA90936B8E8716,0,C0243E3462FC4476,4026241506F5B743
$3FE98FF34A8451B,0,C024ED31830A3542,40257EFCF8CB107C
$3FE88F53297A1C4A,0,C02596ECE55EF5A8,4024D47E8D26D429
$3FE78EB3086FE6E3,0,C0263B3BE6E05938,402424C498218E99
$3FE68E12E765B17E,0,C026D9F54137DAB4,40236FFB3E528D3E
$3FE58D72C65B7C19,0,C02772F11530E6DC,4022B64FE9B921B4
$3FE48CD2A55146B1,0,C0280608F4BCF016,4021F7F13E54268E
$3FE38C328447114C,0,C0289317EC9AC6F,4021350F0E6AA39C
$3FE28B92633CDBE5,0,C02919FA8D9ECAC2,40206DDA4E88830D
$3FE18AF24232A67F,0,C0299A8EF5999D4C,401F450A1264B80D
$3FE08A5221287117,0,C02A14B4D7DB1D28,401DA684A4A6D2DE
$3FDF1364003C7764,0,C02A884D854F8386,401C008C74D1AAC9
$3FDD1223BE280C99,0,C02AF53BF4349B8A,401A538B82DB24DC
$3FDB10E37C13A1CB,0,C02B5B64C7652378,40189FED931416FF
$3FD90FA339FF36FF,0,C02BBAAE553882BC,4016E62013160608
$3FD70E62F7EACC3,0,C02C1300ADF51ABC,40152691FE460EA
$3FD50D22B5D66165,0,C02C6445A1D393C,401361B3C1F3E0DF
$3FD30BE273C1F698,0,C02CAE68C691A388,401197F7211BCF48
$3FD10AA231AD8BCC,0,C02CF1577C92E6D,400F939E2FA61306
$3FCE12C3DF3241FD,0,C02D2D00F38E8454,400BEF5F7CCA60D4
$3FCA10435B096C64,0,C02D61562EC86C1C,4008441C58550A
$3FC60DC2D6E096CA,0,C02D8E4A08D523D6,400492C0B43C0B72
$3FC20B4252B7C131,0,C02DB3D136E72DBC,4000DC3A0A75BB32
$3FBC11839D1DD731,0,C02DD1E24BA53608,3FFA42EE42A25BCD
$3FB40C8294CC2BFD,0,C02DE875B9885046,3FF2C6CF9EF63F98
$3FA80F0318F50196,0,C02DF785D4C1AC5,3FE68BF2FEF9C9AC
$3F900A0210A35665,0,C02DFF0ED4A74906,3FCE127348F61724
$0,0,C02DFFFFFFFFFFFE,0
4 38 47
4 39 407
4 40 567
4 41 569
4 42 0
4 43 0
3 32 ->
4 33 456
4 34 4
4 35 0
4 36 [2]
$1,-1
4 37 [2][4]
$400921FB54442D18,4028,400921FB54442D18,4028
$400921FB54442D18,0,400921FB54442D18,0
4 38 48
4 39 454
4 40 50
4 41 572
4 42 0
4 43 0
3 32 ->
4 33 455
4 34 4
4 35 0
4 36 [2]
$1,-1
4 37 [2][4]
$400921FB54442D18,4028,400921FB54442D18,4028
$400921FB54442D18,0,400921FB54442D18,0
4 38 47
4 39 453
4 40 49
4 41 571
4 42 0
4 43 0
3 32 ->
4 33 528
4 34 4
4 35 0
4 36 [2]
$1,-1
4 37 [102][4]
$4049000000000004,3CE08BC3CFE31646,400921FB54442D18,4028
$4048FF6B09BE14BF,3FD7A211C465879,4008EF8F35DDF05,4028
$4048FCFEF72180E4,3FEAD72319B464BA,4008AF672D9B62F6,4028
$4048F8B156953C27,3FF4EB3FA27E1B98,40086F3F2558D59D,4028
$4048F2833CD4936B,3FFC65AC777A402,40082F171D164843,4028
$4048EA76374D0DA8,4001EC7B91990BEC,4007EEEF14D3BAEA,4028
$4048E08C4BBA962D,4005A1A043E2D333,4007AEC70C912D9,4028
$4048D4C7F7A56E41,40095155E5363A9B,40076E9F044EA037,4028
$4048C72C2FC206C9,400CFAAF659F8AB4,40072E76FC0C12DD,4028
$4048B7BC5F32EA37,40104E60A714448D,4006EE4EF3C98584,4028
$4048A67C66ACE671,40121B50FDFF5A3A,4006AE26EB86F82A,4028
$404893709B7DAE07,4013E3B4ED91F3A,40066DFEE3446AD,4028
$40487E9DC6752F38,4015A719D04D51BB,40062DD6DB01DD76,4028
$4048680922B1E6E,4017650E41FFB4EE,4005EDAED2BF501D,4028
$40484FB85C507C94,40191D223C40527E,4005AD86CA7CC2C3,4028
$404835B18EFEFC68,401ACEE732936C22,40056D5EC23A356A,4028
$404819FB447409F8,401C79F02E2F77F4,40052D36B9F7A81,4028
$4047FC9C72CA6F8,401E1DD1E95C5EEF,4004ED0EB1B51AB6,4028
$4047DD9C7AC17274,401FBA22EA65F1BD,4004ACE6A9728D5D,4028
$4047BD0325E25E38,4020A73DCF0D6774,40046CBEA1300004,4028
$40479AD8A48BBC03,40216D3B38E88943,40042C9698ED72AA,4028
$404777258BE2B5D8,40222ED7F675232B,4003EC6E90AAE551,4028
$404751F2D3AB28C6,4022EBE364E8149A,4003AC46886857F8,4028
$40472B49D406F121,4023A42E073203A6,40036C1E8025CA9E,4028
$40470334431D0193,4024578991ED3FBB,40032BF677E33D44,4028
$4046D9BC32A8DBF1,402505C8F6FEDBC3,4002EBCE6FA0AFEB,4028
$4046AEEC0D7308BD,4025AEC070E813F8,4002ABA6675E2291,4028
$404682CE94B32FFA,402652458DC52775,40026B7E5F1B9536,4028
$4046556EDD5C7B9F,4026F02F39F6E279,40022B5656D907DD,4028
$404626D84D54F15C,40278855CA742BBB,4001EB2E4E967A84,4028
$4045F716989876BF,40281A9306C0FD23,4001AB064653ED2B,4028
$4045C635BE4837DD,4028A6C232884738,40016ADE3E115FD1,4028
$4045944205A72D7B,40292CC016D655BB,40012AB635CED277,4028
$40456147FB048497,4029AC6B0AF16411,4000EA8E2D8C451E,4028
$40452D546C94ADA,402A25A2FCCE288E,4000AA662549B7C4,4028
$4044F8746739DE11,402A9849791E36FD,40006A3E1D072A6B,4028
$4044C2B5333CD353,402B0441B2F6342C,40002A1614C49D11,4028
$40448C2450F6A9AE,402B69708B09EEB4,3FFFD3DC19041F6F,4028
$404454CF756C9DE7,402BC7BC967C8BB5,3FFF538C087F04BC,4028
$40441CC486DE9394,402C1F0E25431159,3FFED33BF7F9EA07,4028
$4043E41199493DAB,402C6F4F4817B481,3FFE52EBE774CF56,4028
$4043AAC4EADCC9B9,402CB86BD5FC6B1,3FFDD29BD6EFB4A2,4028
$404370ECE068F14E,402CFA51714B6057,3FFD524BC66A99EE,4028
$4043369801BF5792,402D34EF8C540613,3FFCD1FBB5E57F3D,4028
$4042FBD4F60D1BA2,402D68376D839941,3FFC51ABA560648A,4028
$4042C0B2802C8A62,402D941C33180F51,3FFBD15B94DB49D6,4028
$4042853F7AEFDC81,402DB892D65C7E01,3FFB510B84562F22,4028
$4042498AD565EF21,402DD5922E6E2DA4,3FFAD0BB73D1147,4028
$40420DA38F19E715,402DEB12F289A3AF,3FFA506B634BF9BE,4028
$4041D198B44EB003,402DF90FBBDF11C1,3FF9D01B52C6DF0A,4028
$404195795A3749A4,402DFF8506EDB352,3FF94FCB4241C455,4028
$404159549B2CD641,402DFE713465C2CE,3FF8CF7B31BCA9A2,4028
$40411D3992E35E0C,402DF5D48990CD66,3FF84F2B21378EED,4028
$4040E1375A9E3B6,402DE5B130404B5B,3FF7CEDB10B2743C,4028
$4040A55D056523DF,402DCE0B36428119,3FF74E8B002D598A,4028
$404069B99C3AC26F,402DAEE88C5DCC25,3FF6CE3AEFA83ED7,4028
$40402E5C1A55D58D,402D885104D29D4E,3FF64DEADF232424,4028
$403FE6A6D2BB89AD,402D5A4E51648023,3FF5CD9ACE9E0971,4028
$403F715CBB573FA8,402D24EC00EAADFC,3FF54D4ABE18EEBC,4028
$403EFCF76520EDD6,402CE8377C68C938,3FF4CCFAAD93D409,4028
$403E89940D43FBFB,402CA44003B07B5F,3FF44CAA9D0EB957,4028
$403E174FB01CCD81,402C5916A98CCEDB,3FF3CC5A8C899EA4,4028
$403DA64701F0BDD3,402C06CE4F783A8E,3FF34C0A7C0483F1,4028
$403D369667B838AB,402BAD7BA0DE7312,3FF2CBBA6B7F693D,4028
$403CC859EFFCBE0E,402B4D350DEB32B8,3FF24B6A5AFA4E8B,4028
$403C5BAD4BCC9C8E,402AE612C5E7461C,3FF1CB1A4A7533D8,4028
$403BF0ABC7C6273B,402A782EB12547CB,3FF14ACA39F01924,4028
$403B8770453C265F,402A03A46A7F91BA,3FF0CA7A296AFE72,4028
$403B201533753C44,40298891386906EC,3FF04A2A18E5E3BE,4028
$403ABAB48907F007,4029071405927366,3FEF93B410C19217,4028
$403A5767BD5509AE,40287F4D59265B41,3FEE9313EFB75CB,4028
$4039F647C221E2C7,4027F15F4E9D2C4F,3FED9273CEAD274B,4028
$4039976CFD54471,40275D6D8D2BDFC8,3FEC91D3ADA2F1E5,4028
$40393AEF42D17812,4026C39D3ECF330B,3FEB91338C98BC7D,4028
$4038E0E5CE81DDCD,4026241506F5B743,3FEA90936B8E8716,4028
$403889673E7AE567,40257EFCF8CB107C,3FE98FF34A8451B,4028
$403834898D508534,4024D47E8D26D429,3FE88F53297A1C4A,4028
$4037E2620C8FD36C,402424C498218E99,3FE78EB3086FE6E3,4028
$403793055F6412AE,40236FFB3E528D3E,3FE68E12E765B17E,4028
$4037468775678C9A,4022B64FE9B921B4,3FE58D72C65B7C19,4028
$4036FCFB85A187FD,4021F7F13E54268E,3FE48CD2A55146B1,4028
$4036B67409B29C9,4021350F0E6AA39C,3FE38C328447114C,4028
$40367302B9309AA7,40206DDA4E88830D,3FE28B92633CDBE5,4028
$403632B885333162,401F450A1264B80D,3FE18AF24232A67F,4028
$4035F5A594127174,401DA684A4A6D2DE,3FE08A5221287117,4028
$4035BBD93D583E45,401C008C74D1AAC9,3FDF1364003C7764,4028
$4035856205E5B243,401A538B82DB24DC,3FDD1223BE280C99,4028
$4035524D9C4D6E4C,40189FED931416FF,3FDB10E37C13A1CB,4028
$403522A8D563BEAA,4016E62013160608,3FD90FA339FF36FF,4028
$4034F67FA90572AA,40152691FE460EA,3FD70E62F7EACC3,4028
$4034CDDD2F163628,401361B3C1F3E0DF,3FD50D22B5D66165,4028
$4034A8CB9CB72E44,401197F7211BCF48,3FD30BE273C1F698,4028
$4034875441B68CA,400F939E2FA61306,3FD10AA231AD8BCC,4028
$4034697F8638BDDE,400BEF5F7CCA60D4,3FCE12C3DF3241FD,4028
$40344F54E89BC9FA,4008441C58550A,3FCA10435B096C64,4028
$403438DAFB956E1D,400492C0B43C0B72,3FC60DC2D6E096CA,4028
$40342617648C692A,4000DC3A0A75BB32,3FC20B4252B7C131,4028
$4034170EDA2D6504,3FFA42EE42A25BCD,3FBC11839D1DD731,4028
$40340BC5233BD7E5,3FF2C6CF9EF63F98,3FB40C8294CC2BFD,4028
$4034043D159F29E,3FE68BF2FEF9C9AC,3FA80F0318F50196,4028
$4034007895AC5B85,3FCE127348F61724,3F900A0210A35665,4028
$4034000000000009,0,0,4028
4 38 518
4 39 48
4 40 572
4 41 456
4 42 0
4 43 0
3 32 ->
4 33 527
4 34 4
4 35 0
4 36 [2]
$1,-1
4 37 [102][4]
$4049000000000004,3CE08BC3CFE31646,400921FB54442D18,4028
$4048FF6B09BE14BF,3FD7A211C465879,4008EF8F35DDF05,4028
$4048FCFEF72180E4,3FEAD72319B464BA,4008AF672D9B62F6,4028
$4048F8B156953C27,3FF4EB3FA27E1B98,40086F3F2558D59D,4028
$4048F2833CD4936B,3FFC65AC777A402,40082F171D164843,4028
$4048EA76374D0DA8,4001EC7B91990BEC,4007EEEF14D3BAEA,4028
$4048E08C4BBA962D,4005A1A043E2D333,4007AEC70C912D9,4028
$4048D4C7F7A56E41,40095155E5363A9B,40076E9F044EA037,4028
$4048C72C2FC206C9,400CFAAF659F8AB4,40072E76FC0C12DD,4028
$4048B7BC5F32EA37,40104E60A714448D,4006EE4EF3C98584,4028
$4048A67C66ACE671,40121B50FDFF5A3A,4006AE26EB86F82A,4028
$404893709B7DAE07,4013E3B4ED91F3A,40066DFEE3446AD,4028
$40487E9DC6752F38,4015A719D04D51BB,40062DD6DB01DD76,4028
$4048680922B1E6E,4017650E41FFB4EE,4005EDAED2BF501D,4028
$40484FB85C507C94,40191D223C40527E,4005AD86CA7CC2C3,4028
$404835B18EFEFC68,401ACEE732936C22,40056D5EC23A356A,4028
$404819FB447409F8,401C79F02E2F77F4,40052D36B9F7A81,4028
$4047FC9C72CA6F8,401E1DD1E95C5EEF,4004ED0EB1B51AB6,4028
$4047DD9C7AC17274,401FBA22EA65F1BD,4004ACE6A9728D5D,4028
$4047BD0325E25E38,4020A73DCF0D6774,40046CBEA1300004,4028
$40479AD8A48BBC03,40216D3B38E88943,40042C9698ED72AA,4028
$404777258BE2B5D8,40222ED7F675232B,4003EC6E90AAE551,4028
$404751F2D3AB28C6,4022EBE364E8149A,4003AC46886857F8,4028
$40472B49D406F121,4023A42E073203A6,40036C1E8025CA9E,4028
$40470334431D0193,4024578991ED3FBB,40032BF677E33D44,4028
$4046D9BC32A8DBF1,402505C8F6FEDBC3,4002EBCE6FA0AFEB,4028
$4046AEEC0D7308BD,4025AEC070E813F8,4002ABA6675E2291,4028
$404682CE94B32FFA,402652458DC52775,40026B7E5F1B9536,4028
$4046556EDD5C7B9F,4026F02F39F6E279,40022B5656D907DD,4028
$404626D84D54F15C,40278855CA742BBB,4001EB2E4E967A84,4028
$4045F716989876BF,40281A9306C0FD23,4001AB064653ED2B,4028
$4045C635BE4837DD,4028A6C232884738,40016ADE3E115FD1,4028
$4045944205A72D7B,40292CC016D655BB,40012AB635CED277,4028
$40456147FB048497,4029AC6B0AF16411,4000EA8E2D8C451E,4028
$40452D546C94ADA,402A25A2FCCE288E,4000AA662549B7C4,4028
$4044F8746739DE11,402A9849791E36FD,40006A3E1D072A6B,4028
$4044C2B5333CD353,402B0441B2F6342C,40002A1614C49D11,4028
$40448C2450F6A9AE,402B69708B09EEB4,3FFFD3DC19041F6F,4028
$404454CF756C9DE7,402BC7BC967C8BB5,3FFF538C087F04BC,4028
$40441CC486DE9394,402C1F0E25431159,3FFED33BF7F9EA07,4028
$4043E41199493DAB,402C6F4F4817B481,3FFE52EBE774CF56,4028
$4043AAC4EADCC9B9,402CB86BD5FC6B1,3FFDD29BD6EFB4A2,4028
$404370ECE068F14E,402CFA51714B6057,3FFD524BC66A99EE,4028
$4043369801BF5792,402D34EF8C540613,3FFCD1FBB5E57F3D,4028
$4042FBD4F60D1BA2,402D68376D839941,3FFC51ABA560648A,4028
$4042C0B2802C8A62,402D941C33180F51,3FFBD15B94DB49D6,4028
$4042853F7AEFDC81,402DB892D65C7E01,3FFB510B84562F22,4028
$4042498AD565EF21,402DD5922E6E2DA4,3FFAD0BB73D1147,4028
$40420DA38F19E715,402DEB12F289A3AF,3FFA506B634BF9BE,4028
$4041D198B44EB003,402DF90FBBDF11C1,3FF9D01B52C6DF0A,4028
$404195795A3749A4,402DFF8506EDB352,3FF94FCB4241C455,4028
$404159549B2CD641,402DFE713465C2CE,3FF8CF7B31BCA9A2,4028
$40411D3992E35E0C,402DF5D48990CD66,3FF84F2B21378EED,4028
$4040E1375A9E3B6,402DE5B130404B5B,3FF7CEDB10B2743C,4028
$4040A55D056523DF,402DCE0B36428119,3FF74E8B002D598A,4028
$404069B99C3AC26F,402DAEE88C5DCC25,3FF6CE3AEFA83ED7,4028
$40402E5C1A55D58D,402D885104D29D4E,3FF64DEADF232424,4028
$403FE6A6D2BB89AD,402D5A4E51648023,3FF5CD9ACE9E0971,4028
$403F715CBB573FA8,402D24EC00EAADFC,3FF54D4ABE18EEBC,4028
$403EFCF76520EDD6,402CE8377C68C938,3FF4CCFAAD93D409,4028
$403E89940D43FBFB,402CA44003B07B5F,3FF44CAA9D0EB957,4028
$403E174FB01CCD81,402C5916A98CCEDB,3FF3CC5A8C899EA4,4028
$403DA64701F0BDD3,402C06CE4F783A8E,3FF34C0A7C0483F1,4028
$403D369667B838AB,402BAD7BA0DE7312,3FF2CBBA6B7F693D,4028
$403CC859EFFCBE0E,402B4D350DEB32B8,3FF24B6A5AFA4E8B,4028
$403C5BAD4BCC9C8E,402AE612C5E7461C,3FF1CB1A4A7533D8,4028
$403BF0ABC7C6273B,402A782EB12547CB,3FF14ACA39F01924,4028
$403B8770453C265F,402A03A46A7F91BA,3FF0CA7A296AFE72,4028
$403B201533753C44,40298891386906EC,3FF04A2A18E5E3BE,4028
$403ABAB48907F007,4029071405927366,3FEF93B410C19217,4028
$403A5767BD5509AE,40287F4D59265B41,3FEE9313EFB75CB,4028
$4039F647C221E2C7,4027F15F4E9D2C4F,3FED9273CEAD274B,4028
$4039976CFD54471,40275D6D8D2BDFC8,3FEC91D3ADA2F1E5,4028
$40393AEF42D17812,4026C39D3ECF330B,3FEB91338C98BC7D,4028
$4038E0E5CE81DDCD,4026241506F5B743,3FEA90936B8E8716,4028
$403889673E7AE567,40257EFCF8CB107C,3FE98FF34A8451B,4028
$403834898D508534,4024D47E8D26D429,3FE88F53297A1C4A,4028
$4037E2620C8FD36C,402424C498218E99,3FE78EB3086FE6E3,4028
$403793055F6412AE,40236FFB3E528D3E,3FE68E12E765B17E,4028
$4037468775678C9A,4022B64FE9B921B4,3FE58D72C65B7C19,4028
$4036FCFB85A187FD,4021F7F13E54268E,3FE48CD2A55146B1,4028
$4036B67409B29C9,4021350F0E6AA39C,3FE38C328447114C,4028
$40367302B9309AA7,40206DDA4E88830D,3FE28B92633CDBE5,4028
$403632B885333162,401F450A1264B80D,3FE18AF24232A67F,4028
$4035F5A594127174,401DA684A4A6D2DE,3FE08A5221287117,4028
$4035BBD93D583E45,401C008C74D1AAC9,3FDF1364003C7764,4028
$4035856205E5B243,401A538B82DB24DC,3FDD1223BE280C99,4028
$4035524D9C4D6E4C,40189FED931416FF,3FDB10E37C13A1CB,4028
$403522A8D563BEAA,4016E62013160608,3FD90FA339FF36FF,4028
$4034F67FA90572AA,40152691FE460EA,3FD70E62F7EACC3,4028
$4034CDDD2F163628,401361B3C1F3E0DF,3FD50D22B5D66165,4028
$4034A8CB9CB72E44,401197F7211BCF48,3FD30BE273C1F698,4028
$4034875441B68CA,400F939E2FA61306,3FD10AA231AD8BCC,4028
$4034697F8638BDDE,400BEF5F7CCA60D4,3FCE12C3DF3241FD,4028
$40344F54E89BC9FA,4008441C58550A,3FCA10435B096C64,4028
$403438DAFB956E1D,400492C0B43C0B72,3FC60DC2D6E096CA,4028
$40342617648C692A,4000DC3A0A75BB32,3FC20B4252B7C131,4028
$4034170EDA2D6504,3FFA42EE42A25BCD,3FBC11839D1DD731,4028
$40340BC5233BD7E5,3FF2C6CF9EF63F98,3FB40C8294CC2BFD,4028
$4034043D159F29E,3FE68BF2FEF9C9AC,3FA80F0318F50196,4028
$4034007895AC5B85,3FCE127348F61724,3F900A0210A35665,4028
$4034000000000009,0,0,4028
4 38 517
4 39 47
4 40 571
4 41 455
4 42 0
4 43 0
3 32 ->
4 33 568
4 34 4
4 35 0
4 36 [2]
$1,-1
4 37 [2][4]
$401921FB54442D18,4028,0,4028
$401921FB54442D18,0,0,0
4 38 454
4 39 48
4 40 570
4 41 528
4 42 0
4 43 0
3 32 ->
4 33 567
4 34 4
4 35 0
4 36 [2]
$1,-1
4 37 [2][4]
$401921FB54442D18,4028,0,4028
$401921FB54442D18,0,0,0
4 38 453
4 39 47
4 40 569
4 41 527
4 42 0
4 43 0
3 32 ->
4 33 54
4 34 4
4 35 0
4 36 [2]
$1,-1
4 37 [85][4]
$400921FB54442D18,4017E73C251D1D28,0,4024B369B4875D04
$4008E3C88A810F7F,4017E73C251D1D0C,BFD41D7127FC01,4024B0F818B6D33E
$4008968CB44489E2,4017E73C251D1D0C,BFE6884374F1048,4024A722C47598
$40084950DE080442,4017E73C251D1D0C,BFF17CCD3E721A4,402495C8BCDF84CE
$4007FC1507CB7EA3,4017E73C251D1D0E,BFF7AF1B0C716CC,40247CF0530210F2
$4007AED9318EF909,4017E73C251D1D0C,BFFDD8C9AC418A4,40245CA2924664A1
$4007619D5B52736A,4017E73C251D1D0C,C001FBCD64957DC,402434EB3D26753D
$400714618515EDC9,4017E73C251D1D0E,C00504AA0183A54,402405D8C8E51A61
$4006C725AED9682B,4017E73C251D1D0C,C00805DFDEF1F94,4023CF7C584AAAC6
$400679E9D89CE28D,4017E73C251D1D0C,C00AFE56F7F48F2,402391E9B5680B71
$40062CAE02605CEE,4017E73C251D1D0E,C00DECFA769C9EA,40234D374A627677
$4005DF722C23D751,4017E73C251D1D0E,C010685C8C5FCF,4023017E194A98CE
$4005923655E751B4,4017E73C251D1D0C,C011D442C9B87FA,4022AED9B301FF8
$400544FA7FAACC13,4017E73C251D1D0F,C01339AB7A852C1,402255682D3224B5
$4004F7BEA96E4677,4017E73C251D1D0C,C014981482CF21F,4021F54A1758C3C3
$4004AA82D331C0D9,4017E73C251D1D0C,C015EEFE52D972D,40218EA26EED70E2
$40045D46FCF53B38,4017E73C251D1D12,C0173DEC1590C58,4021219692A4C522
$4004100B26B8B599,4017E73C251D1D14,C0188463DDFCD19,4020AE4E34D5C1C5
$4003C2CF507C2FFB,4017E73C251D1D14,C019C1EED3A2F98,402034F34D065EA6
$400375937A3FAA5C,4017E73C251D1D14,C01AF6195DC9DB,401F6B6411490D08
$40032857A40324C,4017E73C251D1D11,C01C20734D8E15A,401E617175E221D7
$4002DB1BCDC69F23,4017E73C251D1D0E,C01D409006B8F68,401D4C6F984528C3
$40028DDFF78A1981,4017E73C251D1D17,C01E5606A74A2A8,401C2CC34F8C6929
$400240A4214D93E4,4017E73C251D1D18,C01F60722DA6127,401B02D554C9AD4C
$4001F3684B110E47,4017E73C251D1D12,C0202FB8CEAD6A2,4019CF121CE6D462
$4001A62C74D488AA,4017E73C251D1D0E,C020A9541137623,401891E9B12A6EC
$400158F09E98030E,4017E73C251D1D07,C0211CDE9995A78,40174BCF866EC39D
$40010BB4C85B7D6A,4017E73C251D1D1A,C0218A2E582C097,4015FD3A531A1945
$4000BE78F21EF7CF,4017E73C251D1D1,C021F11B81ED38A,4014A6A3E3E78CCA
$4000713D1BE27231,4017E73C251D1D0C,C02251809ED7384,40134888EF90344D
$4000240145A5EC92,4017E73C251D1D1,C022AB3A9797303,4011E368E964B046
$3FFFAD8ADED2CDEC,4017E73C251D1D06,C022FE28C24FAAC,401077C5D2E7B28A
$3FFF13133259C2AB,4017E73C251D1D11,C0234A2CEE7C972,400E0C4818F4BE11
$3FFE789B85E0B77,4017E73C251D1D0E,C0238F2B6FF0BB7,400B1E144A57813
$3FFDDE23D967AC33,4017E73C251D1D0E,C023CD0B28E897F,400826015379B9CE
$3FFD43AC2CEEA0F5,4017E73C251D1D11,C02403B5932F0ED,40052523E5D678E8
$3FFCA934807595BA,4017E73C251D1D0E,C0243316C8507DA,40021C93E627FE16
$3FFC0EBCD3FC8A7E,4017E73C251D1D07,C0245B1D88D94BF,3FFE1AD80D07494
$3FFB744527837F3F,4017E73C251D1D1C,C0247BBB429D4BF,3FF7F192BEE15846
$3FFAD9CD7B0A7403,4017E73C251D1D1,C02494E41605A38,3FF1BF96103EA68E
$3FFA3F55CE9168C7,4017E73C251D1D0C,C024A68EDA6350E,3FE70E46B7983273
$3FF9A4DE22185D8A,4017E73C251D1D14,C024B0B52144B6,3FD529F95956CA19
$3FF90A66759F524D,4017E73C251D1D1A,C024B35338CCF56,BFAE8278883D4AA
$3FF86FEEC9264711,4017E73C251D1D18,C024AE682D0C45D,BFDCC93412614FC2
$3FF7D5771CAD3BD4,4017E73C251D1D14,C024A1F5C858BFA,BFEADBCF37471B0C
$3FF73AFF70343097,4017E73C251D1D14,C0248E0092A782E,BFF3A49EAE7E7368
$3FF6A087C3BB255B,4017E73C251D1D17,C024728FCFE673A,BFF9D42F29DC46FC
$3FF6061017421A1D,4017E73C251D1D0F,C0244FAD7D5725C,BFFFFA5894D66082
$3FF56B986AC90EE2,4017E73C251D1D17,C02425664DEBEF2,C0030A6EF163A498
$3FF4D120BE5003A5,4017E73C251D1D18,C023F3C9A5A8724,C00610C321F36C57
$3FF436A911D6F866,4017E73C251D1D0F,C023BAE99407515,C0090F0EFA2DB27A
$3FF39C31655DED2A,4017E73C251D1D14,C0237ADACD6712F,C00C043B84BA51A1
$3FF301B9B8E4E1EE,4017E73C251D1D17,C02333B4A3809D6,C00EEF351E62C234
$3FF267420C6BD6B4,4017E73C251D1D1E,C022E590FCEA073,C010E775ED34C72C
$3FF1CCCA5FF2CB75,4017E73C251D1D16,C022908C4BA8D3C,C0125129F2C3E249
$3FF13252B379C038,4017E73C251D1D16,C02234C582D70B1,C013B432F3B63001
$3FF097DB0700B4FB,4017E73C251D1D17,C021D25E0B5EF0F,C015100FB14D1402
$3FEFFAC6B50F5378,4017E73C251D1D14,C0216979B7D1767,C016644189409097
$3FEEC5D75C1D3CFB,4017E73C251D1D11,C020FA3EB75BD2A,C017B04CA3D8A72A
$3FED90E8032B2691,4017E73C251D1D1E,C02084D587E101D,C018F3B8210298A1
$3FEC5BF8AA39101D,4017E73C251D1D22,C0200968E73C3AB,C01A2E0E44519C2D
$3FEB27095146F9A5,4017E73C251D1D22,C01F104B87636F6,C01B5EDC9FDB07D9
$3FE9F219F854E323,4017E73C251D1D1C,C01E02765726FB5,C01C85B43DDE5088
$3FE8BD2A9F62CCAC,4017E73C251D1D1F,C01CE9B4784029C,C01DA229C929B761
$3FE7883B4670B62B,4017E73C251D1D1C,C01BC66C1F42E06,C01EB3D5B42CF04
$3FE6534BED7E9FC,4017E73C251D1D22,C01A990755A50AA,C01FBA545EAB87E1
$3FE51E5C948C8944,4017E73C251D1D22,C01961F3D324B5C,C0205AA31D00A85D
$3FE3E96D3B9A72BF,4017E73C251D1D1C,C01821A2D5D7285,C020D227F5F5D148
$3FE2B47DE2A85C43,4017E73C251D1D1C,C016D888F8EF7D1,C021438D37E5618C
$3FE17F8E89B645D9,4017E73C251D1D22,C015871E0A4BC41,C021AEA99B27AE2A
$3FE04A9F30C42F61,4017E73C251D1D25,C0142DDCDED81DB,C022135621C43C57
$3FDE2B5FAFA431C7,4017E73C251D1D24,C012CD4325D7B0B,C022716E25A389EA
$3FDBC180FDC004DC,4017E73C251D1D24,C01165D13B23C12,C022C8CF65E6755C
$3FD957A24BDBD7D2,4017E73C251D1D22,C00FF013F0E3218,C023195A135E6A16
$3FD6EDC399F7AAFA,4017E73C251D1D25,C00D08E50B60184,C02362F0DC21C6D7
$3FD483E4E8137E07,4017E73C251D1D25,C00A1724511D338,C023A578F638473D
$3FD21A06362F5115,4017E73C251D1D25,C0071BE4267D666,C023E0DA295B8D9C
$3FCF604F0896482D,4017E73C251D1D24,C004183A650465C,C02414FED7C8405D
$3FCA8C91A4CDEE5,4017E73C251D1D26,C0010D3FF6310D8,C02441D4061C853D
$3FC5B8D441059475,4017E73C251D1D26,BFFBF820DA74BEC,C02467496240FD07
$3FC0E516DD3D3A86,4017E73C251D1D27,BFF5CB933FA8AE8,C02485514959BBE9
$3FB822B2F2E9C15E,4017E73C251D1D27,BFEF2E2CF888A1,C0249BE0CCBD1492
$3FACF67056B21B3,4017E73C251D1D28,BFE2B9D9A7EF0E,C024AAEFB5EE67A2
$3F934EF58F216689,4017E73C251D1D28,BFC8FAD4DACC98,C024B278899B8468
$0,4017E73C251D1D28,8,C024B369B4875D04
4 38 52
4 39 404
4 40 574
4 41 576
4 42 0
4 43 0
3 32 ->
4 33 53
4 34 4
4 35 0
4 36 [2]
$1,-1
4 37 [85][4]
$400921FB54442D18,4017E73C251D1D28,0,4024B369B4875D04
$4008E3C88A810F7F,4017E73C251D1D0C,BFD41D7127FC01,4024B0F818B6D33E
$4008968CB44489E2,4017E73C251D1D0C,BFE6884374F1048,4024A722C47598
$40084950DE080442,4017E73C251D1D0C,BFF17CCD3E721A4,402495C8BCDF84CE
$4007FC1507CB7EA3,4017E73C251D1D0E,BFF7AF1B0C716CC,40247CF0530210F2
$4007AED9318EF909,4017E73C251D1D0C,BFFDD8C9AC418A4,40245CA2924664A1
$4007619D5B52736A,4017E73C251D1D0C,C001FBCD64957DC,402434EB3D26753D
$400714618515EDC9,4017E73C251D1D0E,C00504AA0183A54,402405D8C8E51A61
$4006C725AED9682B,4017E73C251D1D0C,C00805DFDEF1F94,4023CF7C584AAAC6
$400679E9D89CE28D,4017E73C251D1D0C,C00AFE56F7F48F2,402391E9B5680B71
$40062CAE02605CEE,4017E73C251D1D0E,C00DECFA769C9EA,40234D374A627677
$4005DF722C23D751,4017E73C251D1D0E,C010685C8C5FCF,4023017E194A98CE
$4005923655E751B4,4017E73C251D1D0C,C011D442C9B87FA,4022AED9B301FF8
$400544FA7FAACC13,4017E73C251D1D0F,C01339AB7A852C1,402255682D3224B5
$4004F7BEA96E4677,4017E73C251D1D0C,C014981482CF21F,4021F54A1758C3C3
$4004AA82D331C0D9,4017E73C251D1D0C,C015EEFE52D972D,40218EA26EED70E2
$40045D46FCF53B38,4017E73C251D1D12,C0173DEC1590C58,4021219692A4C522
$4004100B26B8B599,4017E73C251D1D14,C0188463DDFCD19,4020AE4E34D5C1C5
$4003C2CF507C2FFB,4017E73C251D1D14,C019C1EED3A2F98,402034F34D065EA6
$400375937A3FAA5C,4017E73C251D1D14,C01AF6195DC9DB,401F6B6411490D08
$40032857A40324C,4017E73C251D1D11,C01C20734D8E15A,401E617175E221D7
$4002DB1BCDC69F23,4017E73C251D1D0E,C01D409006B8F68,401D4C6F984528C3
$40028DDFF78A1981,4017E73C251D1D17,C01E5606A74A2A8,401C2CC34F8C6929
$400240A4214D93E4,4017E73C251D1D18,C01F60722DA6127,401B02D554C9AD4C
$4001F3684B110E47,4017E73C251D1D12,C0202FB8CEAD6A2,4019CF121CE6D462
$4001A62C74D488AA,4017E73C251D1D0E,C020A9541137623,401891E9B12A6EC
$400158F09E98030E,4017E73C251D1D07,C0211CDE9995A78,40174BCF866EC39D
$40010BB4C85B7D6A,4017E73C251D1D1A,C0218A2E582C097,4015FD3A531A1945
$4000BE78F21EF7CF,4017E73C251D1D1,C021F11B81ED38A,4014A6A3E3E78CCA
$4000713D1BE27231,4017E73C251D1D0C,C02251809ED7384,40134888EF90344D
$4000240145A5EC92,4017E73C251D1D1,C022AB3A9797303,4011E368E964B046
$3FFFAD8ADED2CDEC,4017E73C251D1D06,C022FE28C24FAAC,401077C5D2E7B28A
$3FFF13133259C2AB,4017E73C251D1D11,C0234A2CEE7C972,400E0C4818F4BE11
$3FFE789B85E0B77,4017E73C251D1D0E,C0238F2B6FF0BB7,400B1E144A57813
$3FFDDE23D967AC33,4017E73C251D1D0E,C023CD0B28E897F,400826015379B9CE
$3FFD43AC2CEEA0F5,4017E73C251D1D11,C02403B5932F0ED,40052523E5D678E8
$3FFCA934807595BA,4017E73C251D1D0E,C0243316C8507DA,40021C93E627FE16
$3FFC0EBCD3FC8A7E,4017E73C251D1D07,C0245B1D88D94BF,3FFE1AD80D07494
$3FFB744527837F3F,4017E73C251D1D1C,C0247BBB429D4BF,3FF7F192BEE15846
$3FFAD9CD7B0A7403,4017E73C251D1D1,C02494E41605A38,3FF1BF96103EA68E
$3FFA3F55CE9168C7,4017E73C251D1D0C,C024A68EDA6350E,3FE70E46B7983273
$3FF9A4DE22185D8A,4017E73C251D1D14,C024B0B52144B6,3FD529F95956CA19
$3FF90A66759F524D,4017E73C251D1D1A,C024B35338CCF56,BFAE8278883D4AA
$3FF86FEEC9264711,4017E73C251D1D18,C024AE682D0C45D,BFDCC93412614FC2
$3FF7D5771CAD3BD4,4017E73C251D1D14,C024A1F5C858BFA,BFEADBCF37471B0C
$3FF73AFF70343097,4017E73C251D1D14,C0248E0092A782E,BFF3A49EAE7E7368
$3FF6A087C3BB255B,4017E73C251D1D17,C024728FCFE673A,BFF9D42F29DC46FC
$3FF6061017421A1D,4017E73C251D1D0F,C0244FAD7D5725C,BFFFFA5894D66082
$3FF56B986AC90EE2,4017E73C251D1D17,C02425664DEBEF2,C0030A6EF163A498
$3FF4D120BE5003A5,4017E73C251D1D18,C023F3C9A5A8724,C00610C321F36C57
$3FF436A911D6F866,4017E73C251D1D0F,C023BAE99407515,C0090F0EFA2DB27A
$3FF39C31655DED2A,4017E73C251D1D14,C0237ADACD6712F,C00C043B84BA51A1
$3FF301B9B8E4E1EE,4017E73C251D1D17,C02333B4A3809D6,C00EEF351E62C234
$3FF267420C6BD6B4,4017E73C251D1D1E,C022E590FCEA073,C010E775ED34C72C
$3FF1CCCA5FF2CB75,4017E73C251D1D16,C022908C4BA8D3C,C0125129F2C3E249
$3FF13252B379C038,4017E73C251D1D16,C02234C582D70B1,C013B432F3B63001
$3FF097DB0700B4FB,4017E73C251D1D17,C021D25E0B5EF0F,C015100FB14D1402
$3FEFFAC6B50F5378,4017E73C251D1D14,C0216979B7D1767,C016644189409097
$3FEEC5D75C1D3CFB,4017E73C251D1D11,C020FA3EB75BD2A,C017B04CA3D8A72A
$3FED90E8032B2691,4017E73C251D1D1E,C02084D587E101D,C018F3B8210298A1
$3FEC5BF8AA39101D,4017E73C251D1D22,C0200968E73C3AB,C01A2E0E44519C2D
$3FEB27095146F9A5,4017E73C251D1D22,C01F104B87636F6,C01B5EDC9FDB07D9
$3FE9F219F854E323,4017E73C251D1D1C,C01E02765726FB5,C01C85B43DDE5088
$3FE8BD2A9F62CCAC,4017E73C251D1D1F,C01CE9B4784029C,C01DA229C929B761
$3FE7883B4670B62B,4017E73C251D1D1C,C01BC66C1F42E06,C01EB3D5B42CF04
$3FE6534BED7E9FC,4017E73C251D1D22,C01A990755A50AA,C01FBA545EAB87E1
$3FE51E5C948C8944,4017E73C251D1D22,C01961F3D324B5C,C0205AA31D00A85D
$3FE3E96D3B9A72BF,4017E73C251D1D1C,C01821A2D5D7285,C020D227F5F5D148
$3FE2B47DE2A85C43,4017E73C251D1D1C,C016D888F8EF7D1,C021438D37E5618C
$3FE17F8E89B645D9,4017E73C251D1D22,C015871E0A4BC41,C021AEA99B27AE2A
$3FE04A9F30C42F61,4017E73C251D1D25,C0142DDCDED81DB,C022135621C43C57
$3FDE2B5FAFA431C7,4017E73C251D1D24,C012CD4325D7B0B,C022716E25A389EA
$3FDBC180FDC004DC,4017E73C251D1D24,C01165D13B23C12,C022C8CF65E6755C
$3FD957A24BDBD7D2,4017E73C251D1D22,C00FF013F0E3218,C023195A135E6A16
$3FD6EDC399F7AAFA,4017E73C251D1D25,C00D08E50B60184,C02362F0DC21C6D7
$3FD483E4E8137E07,4017E73C251D1D25,C00A1724511D338,C023A578F638473D
$3FD21A06362F5115,4017E73C251D1D25,C0071BE4267D666,C023E0DA295B8D9C
$3FCF604F0896482D,4017E73C251D1D24,C004183A650465C,C02414FED7C8405D
$3FCA8C91A4CDEE5,4017E73C251D1D26,C0010D3FF6310D8,C02441D4061C853D
$3FC5B8D441059475,4017E73C251D1D26,BFFBF820DA74BEC,C02467496240FD07
$3FC0E516DD3D3A86,4017E73C251D1D27,BFF5CB933FA8AE8,C02485514959BBE9
$3FB822B2F2E9C15E,4017E73C251D1D27,BFEF2E2CF888A1,C0249BE0CCBD1492
$3FACF67056B21B3,4017E73C251D1D28,BFE2B9D9A7EF0E,C024AAEFB5EE67A2
$3F934EF58F216689,4017E73C251D1D28,BFC8FAD4DACC98,C024B278899B8468
$0,4017E73C251D1D28,8,C024B369B4875D04
4 38 51
4 39 403
4 40 573
4 41 575
4 42 0
4 43 0
3 32 ->
4 33 452
4 34 4
4 35 0
4 36 [2]
$1,-1
4 37 [2][4]
$400921FB54442D18,40202A725CDE2CA1,400921FB54442D18,40202A725CDE2CA1
$400921FB54442D18,4017E73C251D1D28,400921FB54442D18,4017E73C251D1D28
4 38 52
4 39 450
4 40 54
4 41 42
4 42 0
4 43 0
3 32 ->
4 33 451
4 34 4
4 35 0
4 36 [2]
$1,-1
4 37 [2][4]
$400921FB54442D18,40202A725CDE2CA1,400921FB54442D18,40202A725CDE2CA1
$400921FB54442D18,4017E73C251D1D28,400921FB54442D18,4017E73C251D1D28
4 38 51
4 39 449
4 40 53
4 41 41
4 42 0
4 43 0
3 32 ->
4 33 554
4 34 4
4 35 0
4 36 [2]
$1,-1
4 37 [50][4]
$401921FB54442D18,4000DB51293E7832,3FF921FB54442D18,40202A725CDE2CA1
$401902AE2C41C29F,4000DB51293E7832,3FF8A4C6B43A8335,40202A725CDE2CB
$4018E179ED5450C1,4000DB51293E7832,3FF81FF5B884BBBB,40202A725CDE2CB2
$4018C045AE66DEE2,4000DB51293E7832,3FF79B24BCCEF441,40202A725CDE2CB2
$40189F116F796D03,4000DB51293E7832,3FF71653C1192CC6,40202A725CDE2CAB
$40187DDD308BFB25,4000DB51293E7832,3FF69182C563654B,40202A725CDE2CAC
$40185CA8F19E8946,4000DB51293E7832,3FF60CB1C9AD9DD1,40202A725CDE2CAB
$40183B74B2B11767,4000DB51293E7832,3FF587E0CDF7D656,40202A725CDE2CAC
$40181A4073C3A589,4000DB51293E7832,3FF5030FD2420EDD,40202A725CDE2CB
$4017F90C34D633AA,4000DB51293E7832,3FF47E3ED68C4762,40202A725CDE2CAF
$4017D7D7F5E8C1CC,4000DB51293E7832,3FF3F96DDAD67FE7,40202A725CDE2CAB
$4017B6A3B6FB4FED,4000DB51293E7832,3FF3749CDF20B86E,40202A725CDE2CB1
$4017956F780DDE0E,4000DB51293E7832,3FF2EFCBE36AF0F3,40202A725CDE2CAF
$4017743B39206C3,4000DB51293E7832,3FF26AFAE7B5297B,40202A725CDE2CB3
$40175306FA32FA52,4000DB51293E7832,3FF1E629EBFF61FF,40202A725CDE2CAE
$401731D2BB458873,4000DB51293E7832,3FF16158F0499A85,40202A725CDE2CAF
$4017109E7C581694,4000DB51293E7832,3FF0DC87F493D30B,40202A725CDE2CAF
$4016EF6A3D6AA4B6,4000DB51293E7832,3FF057B6F8DE0B91,40202A725CDE2CAF
$4016CE35FE7D32D7,4000DB51293E7832,3FEFA5CBFA50882E,40202A725CDE2CAF
$4016AD01BF8FC0F8,4000DB51293E7832,3FEE9C2A02E4F936,40202A725CDE2CAE
$40168BCD80A24F1A,4000DB51293E7832,3FED92880B796A44,40202A725CDE2CAF
$40166A9941B4DD3B,4000DB51293E7832,3FEC88E6140DDB4E,40202A725CDE2CAC
$4016496502C76B5C,4000DB51293E7832,3FEB7F441CA24C58,40202A725CDE2CAB
$40162830C3D9F97E,4000DB51293E7832,3FEA75A22536BD66,40202A725CDE2CAC
$401606FC84EC879F,4000DB51293E7832,3FE96C002DCB2E66,40202A725CDE2CA8
$4015E5C845FF15C1,4000DB51293E7832,3FE8625E365F9F7F,40202A725CDE2CAE
$4015C4940711A3E2,4000DB51293E7832,3FE758BC3EF4107E,40202A725CDE2CA8
$4015A35FC8243203,4000DB51293E7832,3FE64F1A47888194,40202A725CDE2CAC
$4015822B8936C024,4000DB51293E7832,3FE54578501CF29E,40202A725CDE2CAB
$401560F74A494E48,4000DB51293E7832,3FE43BD658B163A9,40202A725CDE2CAA
$40153FC30B5BDC68,4000DB51293E7832,3FE332346145D4B4,40202A725CDE2CAB
$40151E8ECC6E6A88,4000DB51293E7832,3FE2289269DA45BA,40202A725CDE2CA8
$4014FD5A8D80F8AB,4000DB51293E7832,3FE11EF0726EB6C5,40202A725CDE2CA7
$4014DC264E9386CC,4000DB51293E7832,3FE0154E7B0327CB,40202A725CDE2CA6
$4014BAF20FA614ED,4000DB51293E7832,3FDE1759072F31B,40202A725CDE2CA7
$401499BDD0B8A30F,4000DB51293E7832,3FDC0415185813D3,40202A725CDE2CA7
$4014788991CB3132,4000DB51293E7832,3FD9F0D12980F5F6,40202A725CDE2CA8
$4014575552DDBF51,4000DB51293E7832,3FD7DD8D3AA9D7ED,40202A725CDE2CA5
$4014362113F04D72,4000DB51293E7832,3FD5CA494BD2BA04,40202A725CDE2CA5
$401414ECD502DB94,4000DB51293E7832,3FD3B7055CFB9C28,40202A725CDE2CA5
$4013F3B8961569B5,4000DB51293E7832,3FD1A3C16E247E32,40202A725CDE2CA5
$4013D2845727F7D7,4000DB51293E7832,3FCF20FAFE9AC0A8,40202A725CDE2CA5
$4013B150183A85F8,4000DB51293E7832,3FCAFA7320EC84B2,40202A725CDE2CA5
$4013901BD94D141A,4000DB51293E7832,3FC6D3EB433E49,40202A725CDE2CA6
$40136EE79A5FA23B,4000DB51293E7832,3FC2AD6365900D1A,40202A725CDE2CA4
$40134DB35B72305D,4000DB51293E7832,3FBD0DB70FC3A2B6,40202A725CDE2CA6
$40132C7F1C84BE7F,4000DB51293E7832,3FB4C0A754672B38,40202A725CDE2CA5
$40130B4ADD974C9F,4000DB51293E7832,3FA8E72F321566A3,40202A725CDE2CA4
$4012EA169EA9DAC,4000DB51293E7832,3F909A1F76B8EE92,40202A725CDE2CA4
$4012D97C7F3321D2,4000DB51293E7832,0,40202A725CDE2CA4
4 38 514
4 39 52
4 40 548
4 41 546
4 42 0
4 43 0
3 32 ->
4 33 553
4 34 4
4 35 0
4 36 [2]
$1,-1
4 37 [50][4]
$401921FB54442D18,4000DB51293E7832,3FF921FB54442D18,40202A725CDE2CA1
$401902AE2C41C29F,4000DB51293E7832,3FF8A4C6B43A8335,40202A725CDE2CB
$4018E179ED5450C1,4000DB51293E7832,3FF81FF5B884BBBB,40202A725CDE2CB2
$4018C045AE66DEE2,4000DB51293E7832,3FF79B24BCCEF441,40202A725CDE2CB2
$40189F116F796D03,4000DB51293E7832,3FF71653C1192CC6,40202A725CDE2CAB
$40187DDD308BFB25,4000DB51293E7832,3FF69182C563654B,40202A725CDE2CAC
$40185CA8F19E8946,4000DB51293E7832,3FF60CB1C9AD9DD1,40202A725CDE2CAB
$40183B74B2B11767,4000DB51293E7832,3FF587E0CDF7D656,40202A725CDE2CAC
$40181A4073C3A589,4000DB51293E7832,3FF5030FD2420EDD,40202A725CDE2CB
$4017F90C34D633AA,4000DB51293E7832,3FF47E3ED68C4762,40202A725CDE2CAF
$4017D7D7F5E8C1CC,4000DB51293E7832,3FF3F96DDAD67FE7,40202A725CDE2CAB
$4017B6A3B6FB4FED,4000DB51293E7832,3FF3749CDF20B86E,40202A725CDE2CB1
$4017956F780DDE0E,4000DB51293E7832,3FF2EFCBE36AF0F3,40202A725CDE2CAF
$4017743B39206C3,4000DB51293E7832,3FF26AFAE7B5297B,40202A725CDE2CB3
$40175306FA32FA52,4000DB51293E7832,3FF1E629EBFF61FF,40202A725CDE2CAE
$401731D2BB458873,4000DB51293E7832,3FF16158F0499A85,40202A725CDE2CAF
$4017109E7C581694,4000DB51293E7832,3FF0DC87F493D30B,40202A725CDE2CAF
$4016EF6A3D6AA4B6,4000DB51293E7832,3FF057B6F8DE0B91,40202A725CDE2CAF
$4016CE35FE7D32D7,4000DB51293E7832,3FEFA5CBFA50882E,40202A725CDE2CAF
$4016AD01BF8FC0F8,4000DB51293E7832,3FEE9C2A02E4F936,40202A725CDE2CAE
$40168BCD80A24F1A,4000DB51293E7832,3FED92880B796A44,40202A725CDE2CAF
$40166A9941B4DD3B,4000DB51293E7832,3FEC88E6140DDB4E,40202A725CDE2CAC
$4016496502C76B5C,4000DB51293E7832,3FEB7F441CA24C58,40202A725CDE2CAB
$40162830C3D9F97E,4000DB51293E7832,3FEA75A22536BD66,40202A725CDE2CAC
$401606FC84EC879F,4000DB51293E7832,3FE96C002DCB2E66,40202A725CDE2CA8
$4015E5C845FF15C1,4000DB51293E7832,3FE8625E365F9F7F,40202A725CDE2CAE
$4015C4940711A3E2,4000DB51293E7832,3FE758BC3EF4107E,40202A725CDE2CA8
$4015A35FC8243203,4000DB51293E7832,3FE64F1A47888194,40202A725CDE2CAC
$4015822B8936C024,4000DB51293E7832,3FE54578501CF29E,40202A725CDE2CAB
$401560F74A494E48,4000DB51293E7832,3FE43BD658B163A9,40202A725CDE2CAA
$40153FC30B5BDC68,4000DB51293E7832,3FE332346145D4B4,40202A725CDE2CAB
$40151E8ECC6E6A88,4000DB51293E7832,3FE2289269DA45BA,40202A725CDE2CA8
$4014FD5A8D80F8AB,4000DB51293E7832,3FE11EF0726EB6C5,40202A725CDE2CA7
$4014DC264E9386CC,4000DB51293E7832,3FE0154E7B0327CB,40202A725CDE2CA6
$4014BAF20FA614ED,4000DB51293E7832,3FDE1759072F31B,40202A725CDE2CA7
$401499BDD0B8A30F,4000DB51293E7832,3FDC0415185813D3,40202A725CDE2CA7
$4014788991CB3132,4000DB51293E7832,3FD9F0D12980F5F6,40202A725CDE2CA8
$4014575552DDBF51,4000DB51293E7832,3FD7DD8D3AA9D7ED,40202A725CDE2CA5
$4014362113F04D72,4000DB51293E7832,3FD5CA494BD2BA04,40202A725CDE2CA5
$401414ECD502DB94,4000DB51293E7832,3FD3B7055CFB9C28,40202A725CDE2CA5
$4013F3B8961569B5,4000DB51293E7832,3FD1A3C16E247E32,40202A725CDE2CA5
$4013D2845727F7D7,4000DB51293E7832,3FCF20FAFE9AC0A8,40202A725CDE2CA5
$4013B150183A85F8,4000DB51293E7832,3FCAFA7320EC84B2,40202A725CDE2CA5
$4013901BD94D141A,4000DB51293E7832,3FC6D3EB433E49,40202A725CDE2CA6
$40136EE79A5FA23B,4000DB51293E7832,3FC2AD6365900D1A,40202A725CDE2CA4
$40134DB35B72305D,4000DB51293E7832,3FBD0DB70FC3A2B6,40202A725CDE2CA6
$40132C7F1C84BE7F,4000DB51293E7832,3FB4C0A754672B38,40202A725CDE2CA5
$40130B4ADD974C9F,4000DB51293E7832,3FA8E72F321566A3,40202A725CDE2CA4
$4012EA169EA9DAC,4000DB51293E7832,3F909A1F76B8EE92,40202A725CDE2CA4
$4012D97C7F3321D2,4000DB51293E7832,0,40202A725CDE2CA4
4 38 513
4 39 51
4 40 547
4 41 545
4 42 0
4 43 0
3 32 ->
4 33 574
4 34 4
4 35 0
4 36 [2]
$1,-1
4 37 [2][4]
$401921FB54442D18,40202A725CDE2CA,0,40202A725CDE2CA
$401921FB54442D18,4017E73C251D1D28,0,4017E73C251D1D28
4 38 450
4 39 52
4 40 576
4 41 554
4 42 0
4 43 0
3 32 ->
4 33 573
4 34 4
4 35 0
4 36 [2]
$1,-1
4 37 [2][4]
$401921FB54442D18,40202A725CDE2CA,0,40202A725CDE2CA
$401921FB54442D18,4017E73C251D1D28,0,4017E73C251D1D28
4 38 449
4 39 51
4 40 575
4 41 553
4 42 0
4 43 0
3 32 ->
4 33 58
4 34 4
4 35 0
4 36 [2]
$1,-1
4 37 [38][4]
$400921FB54442D18,403CA827999FCEF,C02D23D70A3D70A2,4014
$40098EAD6D511BC7,403CA827999FCEF,C02D2265EA647806,4013935AF6C86D8
$400A3E613D2F1674,403CA827999FCEF,C02D19FB8737D84A,4012E483DC6125A
$400AEE150D0D10FA,403CA827999FCEF,C02D0A1B6DA10174,401237C29531B54
$400B9DC8DCEB0BB,403CA827999FCEF,C02CF2E382A781A7,40118E5C710248E
$400C4D7CACC90645,403CA827999FCEF,C02CD47F7F2C5BDB,4010E9906DC8188
$400CFD307CA700F6,403CA827999FCEF,C02CAF289D94EECB,40104A94DEF5512
$400DACE44C84FB89,403CA827999FCEF,C02C83252E0712FF,400F652A4A35474
$400E5C981C62F63B,403CA827999FCEF,C02C50C812015E2A,400E455EF44DBE
$400F0C4BEC40F0CB,403CA827999FCEF,C02C18702048E04C,400D37E5ACD4614
$400FBBFFBC1EEB6B,403CA827999FCEF,C02BDA8772523FAC,400C3EB9E4A7F7C
$401035D9C5FE7306,403CA827999FCEF,C02B97829C768017,400B5BB0D1585
$40108DB3ADED704C,403CA827999FCEF,C02B4FDFD26BAFB3,400A9075F99726C
$4010E58D95DC6DA1,403CA827999FCEF,C02B0425F99EDD52,4009DE881027268
$40113D677DCB6AF,403CA827999FCEF,C02AB4E3AB2EDB32,40094736233508C
$4011954165BA683E,403CA827999FCEF,C02A62AE27662585,4008CB9D2567DCC
$4011ED1B4DA96591,403CA827999FCEF,C02A0E203CAD93AA,40086CA5D54C91
$401244F5359862E1,403CA827999FCEF,C029B7D924091284,40082B03070F308
$40129CCF1D87603,403CA827999FCEF,C029607B5543590D,4008073053BB1B4
$4012F4A905765D8,403CA827999FCEF,C02908AB54FD3194,40080171307C5F4
$40134C82ED655AD,403CA827999FCEF,C028B10E7EE073CA,400819D06F9879C
$4013A45CD554581E,403CA827999FCEF,C0285A49CE3E1101,400850202C0DB1C
$4013FC36BD43556E,403CA827999FCEF,C0280500A7618E6A,4008A3FA1FFF6C
$40145410A53252C,403CA827999FCEF,C027B1D3A3E2F38A,400914C0654CBD
$4014ABEA8D215009,403CA827999FCEF,C027615F643A8FB8,4009A19E9EE68D8
$401503C475104D5C,403CA827999FCEF,C027143B68D01348,400A498B88B56A4
$40155B9E5CFF4AA9,403CA827999FCEF,C026CAF8F4B0623,400B0B4AEB1DF38
$4015B37844EE47FD,403CA827999FCEF,C0268621FC03597,400BE56FEE774D8
$40160B522CDD454,403CA827999FCEF,C02646382044A04B,400CD65FCA123FC
$4016632C14CC429A,403CA827999FCEF,C0260BB3BC28B43D,400DDC54C9C34D8
$4016BB05FCBB3FE8,403CA827999FCEF,C025D70300F9DB1F,400EF561A43F1DC
$401712DFE4AA3D3A,403CA827999FCEF,C025A8892717C22D,40100FBA8E0033
$40176AB9CC993A98,403CA827999FCEF,C025809DB32087C3,4010AC2EF1F10FE
$4017C293B48837D4,403CA827999FCEF,C0255F8BD123058C,40114EE7600CAEC
$40181A6D9C773522,403CA827999FCEF,C0254591C710B1A8,4011F6B16DE4312
$4018724784663272,403CA827999FCEF,C02532E07F79A625,4012A2512580C4A
$4018CA216C552FC,403CA827999FCEF,C025279B2D6FA0E1,40135083585E76A
$401921FB54442D18,403CA827999FCEF,C02523D70A3D70A6,4014
4 38 56
4 39 506
4 40 578
4 41 580
4 42 0
4 43 0
3 32 ->
4 33 57
4 34 4
4 35 0
4 36 [2]
$1,-1
4 37 [38][4]
$400921FB54442D18,403CA827999FCEF,C02D23D70A3D70A2,4014
$40098EAD6D511BC7,403CA827999FCEF,C02D2265EA647806,4013935AF6C86D8
$400A3E613D2F1674,403CA827999FCEF,C02D19FB8737D84A,4012E483DC6125A
$400AEE150D0D10FA,403CA827999FCEF,C02D0A1B6DA10174,401237C29531B54
$400B9DC8DCEB0BB,403CA827999FCEF,C02CF2E382A781A7,40118E5C710248E
$400C4D7CACC90645,403CA827999FCEF,C02CD47F7F2C5BDB,4010E9906DC8188
$400CFD307CA700F6,403CA827999FCEF,C02CAF289D94EECB,40104A94DEF5512
$400DACE44C84FB89,403CA827999FCEF,C02C83252E0712FF,400F652A4A35474
$400E5C981C62F63B,403CA827999FCEF,C02C50C812015E2A,400E455EF44DBE
$400F0C4BEC40F0CB,403CA827999FCEF,C02C18702048E04C,400D37E5ACD4614
$400FBBFFBC1EEB6B,403CA827999FCEF,C02BDA8772523FAC,400C3EB9E4A7F7C
$401035D9C5FE7306,403CA827999FCEF,C02B97829C768017,400B5BB0D1585
$40108DB3ADED704C,403CA827999FCEF,C02B4FDFD26BAFB3,400A9075F99726C
$4010E58D95DC6DA1,403CA827999FCEF,C02B0425F99EDD52,4009DE881027268
$40113D677DCB6AF,403CA827999FCEF,C02AB4E3AB2EDB32,40094736233508C
$4011954165BA683E,403CA827999FCEF,C02A62AE27662585,4008CB9D2567DCC
$4011ED1B4DA96591,403CA827999FCEF,C02A0E203CAD93AA,40086CA5D54C91
$401244F5359862E1,403CA827999FCEF,C029B7D924091284,40082B03070F308
$40129CCF1D87603,403CA827999FCEF,C029607B5543590D,4008073053BB1B4
$4012F4A905765D8,403CA827999FCEF,C02908AB54FD3194,40080171307C5F4
$40134C82ED655AD,403CA827999FCEF,C028B10E7EE073CA,400819D06F9879C
$4013A45CD554581E,403CA827999FCEF,C0285A49CE3E1101,400850202C0DB1C
$4013FC36BD43556E,403CA827999FCEF,C0280500A7618E6A,4008A3FA1FFF6C
$40145410A53252C,403CA827999FCEF,C027B1D3A3E2F38A,400914C0654CBD
$4014ABEA8D215009,403CA827999FCEF,C027615F643A8FB8,4009A19E9EE68D8
$401503C475104D5C,403CA827999FCEF,C027143B68D01348,400A498B88B56A4
$40155B9E5CFF4AA9,403CA827999FCEF,C026CAF8F4B0623,400B0B4AEB1DF38
$4015B37844EE47FD,403CA827999FCEF,C0268621FC03597,400BE56FEE774D8
$40160B522CDD454,403CA827999FCEF,C02646382044A04B,400CD65FCA123FC
$4016632C14CC429A,403CA827999FCEF,C0260BB3BC28B43D,400DDC54C9C34D8
$4016BB05FCBB3FE8,403CA827999FCEF,C025D70300F9DB1F,400EF561A43F1DC
$401712DFE4AA3D3A,403CA827999FCEF,C025A8892717C22D,40100FBA8E0033
$40176AB9CC993A98,403CA827999FCEF,C025809DB32087C3,4010AC2EF1F10FE
$4017C293B48837D4,403CA827999FCEF,C0255F8BD123058C,40114EE7600CAEC
$40181A6D9C773522,403CA827999FCEF,C0254591C710B1A8,4011F6B16DE4312
$4018724784663272,403CA827999FCEF,C02532E07F79A625,4012A2512580C4A
$4018CA216C552FC,403CA827999FCEF,C025279B2D6FA0E1,40135083585E76A
$401921FB54442D18,403CA827999FCEF,C02523D70A3D70A6,4014
4 38 55
4 39 505
4 40 577
4 41 579
4 42 0
4 43 0
3 32 ->
4 33 442
4 34 4
4 35 0
4 36 [2]
$1,-1
4 37 [2][4]
$400921FB54442D18,403FA827999FCEF4,400921FB54442D18,403FA827999FCEF4
$400921FB54442D18,403CA827999FCEF,400921FB54442D18,403CA827999FCEF
4 38 56
4 39 440
4 40 58
4 41 582
4 42 0
4 43 0
3 32 ->
4 33 441
4 34 4
4 35 0
4 36 [2]
$1,-1
4 37 [2][4]
$400921FB54442D18,403FA827999FCEF4,400921FB54442D18,403FA827999FCEF4
$400921FB54442D18,403CA827999FCEF,400921FB54442D18,403CA827999FCEF
4 38 55
4 39 439
4 40 57
4 41 581
4 42 0
4 43 0
3 32 ->
4 33 402
4 34 4
4 35 0
4 36 [2]
$1,-1
4 37 [38][4]
$400DE50D79435DC,C02D23D70A3D70A2,400921FB54442D18,403FA827999FCEF4
$400D0BC366D438C,C02D2265EA647806,40098EAD6D511BC7,403FA827999FCEF4
$400BAE153205A9,C02D19FB8737D84A,400A3E613D2F1674,403FA827999FCEF4
$400A5492A3A6C84,C02D0A1B6DA10174,400AEE150D0D10FA,403FA827999FCEF4
$400901C65B47EF8,C02CF2E382A781A7,400B9DC8DCEB0BB,403FA827999FCEF4
$4007B82E54D38EC,C02CD47F7F2C5BDB,400C4D7CACC90645,403FA827999FCEF4
$40067A37372E,C02CAF289D94EECB,400CFD307CA700F6,403FA827999FCEF4
$40054A37C378A5,C02C83252E0712FF,400DACE44C84FB89,403FA827999FCEF4
$40042A6C6D911BC,C02C50C812015E2A,400E5C981C62F63B,403FA827999FCEF4
$40031CF32617BF,C02C18702048E04C,400F0C4BEC40F0CB,403FA827999FCEF4
$400223C75DEB558,C02BDA8772523FAC,400FBBFFBC1EEB6B,403FA827999FCEF4
$400140BE4A9BADC,C02B97829C768017,401035D9C5FE7306,403FA827999FCEF4
$4000758372DA848,C02B4FDFD26BAFB3,40108DB3ADED704C,403FA827999FCEF4
$3FFF872B12D5088,C02B0425F99EDD52,4010E58D95DC6DA1,403FA827999FCEF4
$3FFE588738F0CD,C02AB4E3AB2EDB32,40113D677DCB6AF,403FA827999FCEF4
$3FFD61553D5675,C02A62AE27662585,4011954165BA683E,403FA827999FCEF4
$3FFCA3669D1FDD8,C02A0E203CAD93AA,4011ED1B4DA96591,403FA827999FCEF4
$3FFC202100A51C8,C029B7D924091284,401244F5359862E1,403FA827999FCEF4
$3FFBD87B99FCF2,C029607B5543590D,40129CCF1D87603,403FA827999FCEF4
$3FFBCCFD537F7A,C02908AB54FD3194,4012F4A905765D8,403FA827999FCEF4
$3FFBFDBBD1B7AF,C028B10E7EE073CA,40134C82ED655AD,403FA827999FCEF4
$3FFC6A5B4AA21F,C0285A49CE3E1101,4013A45CD554581E,403FA827999FCEF4
$3FFD120F3285938,C0280500A7618E6A,4013FC36BD43556E,403FA827999FCEF4
$3FFDF39BBD20358,C027B1D3A3E2F38A,40145410A53252C,403FA827999FCEF4
$3FFF0D583053D68,C027615F643A8FB8,4014ABEA8D215009,403FA827999FCEF4
$40002E9901F8C8,C027143B68D01348,401503C475104D5C,403FA827999FCEF4
$4000F0586461514,C026CAF8F4B0623,40155B9E5CFF4AA9,403FA827999FCEF4
$4001CA7D67BAAB4,C0268621FC03597,4015B37844EE47FD,403FA827999FCEF4
$4002BB6D43559D8,C02646382044A04B,40160B522CDD454,403FA827999FCEF4
$4003C1624306AB4,C0260BB3BC28B43D,4016632C14CC429A,403FA827999FCEF4
$4004DA6F1D827B8,C025D70300F9DB1F,4016BB05FCBB3FE8,403FA827999FCEF4
$400604829543C3C,C025A8892717C22D,401712DFE4AA3D3A,403FA827999FCEF4
$40073D6B5D257D8,C025809DB32087C3,40176AB9CC993A98,403FA827999FCEF4
$400882DC395CBB4,C0255F8BD123058C,4017C293B48837D4,403FA827999FCEF4
$4009D270550BC,C0254591C710B1A8,40181A6D9C773522,403FA827999FCEF4
$400B29AFC444E7,C02532E07F79A625,4018724784663272,403FA827999FCEF4
$400C86142A004B,C025279B2D6FA0E1,4018CA216C552FC,403FA827999FCEF4
$400DE50D79435DC,C02523D70A3D70A6,401921FB54442D18,403FA827999FCEF4
4 38 398
4 39 56
4 40 582
4 41 442
4 42 0
4 43 0
3 32 ->
4 33 401
4 34 4
4 35 0
4 36 [2]
$1,-1
4 37 [38][4]
$400DE50D79435DC,C02D23D70A3D70A2,400921FB54442D18,403FA827999FCEF4
$400D0BC366D438C,C02D2265EA647806,40098EAD6D511BC7,403FA827999FCEF4
$400BAE153205A9,C02D19FB8737D84A,400A3E613D2F1674,403FA827999FCEF4
$400A5492A3A6C84,C02D0A1B6DA10174,400AEE150D0D10FA,403FA827999FCEF4
$400901C65B47EF8,C02CF2E382A781A7,400B9DC8DCEB0BB,403FA827999FCEF4
$4007B82E54D38EC,C02CD47F7F2C5BDB,400C4D7CACC90645,403FA827999FCEF4
$40067A37372E,C02CAF289D94EECB,400CFD307CA700F6,403FA827999FCEF4
$40054A37C378A5,C02C83252E0712FF,400DACE44C84FB89,403FA827999FCEF4
$40042A6C6D911BC,C02C50C812015E2A,400E5C981C62F63B,403FA827999FCEF4
$40031CF32617BF,C02C18702048E04C,400F0C4BEC40F0CB,403FA827999FCEF4
$400223C75DEB558,C02BDA8772523FAC,400FBBFFBC1EEB6B,403FA827999FCEF4
$400140BE4A9BADC,C02B97829C768017,401035D9C5FE7306,403FA827999FCEF4
$4000758372DA848,C02B4FDFD26BAFB3,40108DB3ADED704C,403FA827999FCEF4
$3FFF872B12D5088,C02B0425F99EDD52,4010E58D95DC6DA1,403FA827999FCEF4
$3FFE588738F0CD,C02AB4E3AB2EDB32,40113D677DCB6AF,403FA827999FCEF4
$3FFD61553D5675,C02A62AE27662585,4011954165BA683E,403FA827999FCEF4
$3FFCA3669D1FDD8,C02A0E203CAD93AA,4011ED1B4DA96591,403FA827999FCEF4
$3FFC202100A51C8,C029B7D924091284,401244F5359862E1,403FA827999FCEF4
$3FFBD87B99FCF2,C029607B5543590D,40129CCF1D87603,403FA827999FCEF4
$3FFBCCFD537F7A,C02908AB54FD3194,4012F4A905765D8,403FA827999FCEF4
$3FFBFDBBD1B7AF,C028B10E7EE073CA,40134C82ED655AD,403FA827999FCEF4
$3FFC6A5B4AA21F,C0285A49CE3E1101,4013A45CD554581E,403FA827999FCEF4
$3FFD120F3285938,C0280500A7618E6A,4013FC36BD43556E,403FA827999FCEF4
$3FFDF39BBD20358,C027B1D3A3E2F38A,40145410A53252C,403FA827999FCEF4
$3FFF0D583053D68,C027615F643A8FB8,4014ABEA8D215009,403FA827999FCEF4
$40002E9901F8C8,C027143B68D01348,401503C475104D5C,403FA827999FCEF4
$4000F0586461514,C026CAF8F4B0623,40155B9E5CFF4AA9,403FA827999FCEF4
$4001CA7D67BAAB4,C0268621FC03597,4015B37844EE47FD,403FA827999FCEF4
$4002BB6D43559D8,C02646382044A04B,40160B522CDD454,403FA827999FCEF4
$4003C1624306AB4,C0260BB3BC28B43D,4016632C14CC429A,403FA827999FCEF4
$4004DA6F1D827B8,C025D70300F9DB1F,4016BB05FCBB3FE8,403FA827999FCEF4
$400604829543C3C,C025A8892717C22D,401712DFE4AA3D3A,403FA827999FCEF4
$40073D6B5D257D8,C025809DB32087C3,40176AB9CC993A98,403FA827999FCEF4
$400882DC395CBB4,C0255F8BD123058C,4017C293B48837D4,403FA827999FCEF4
$4009D270550BC,C0254591C710B1A8,40181A6D9C773522,403FA827999FCEF4
$400B29AFC444E7,C02532E07F79A625,4018724784663272,403FA827999FCEF4
$400C86142A004B,C025279B2D6FA0E1,4018CA216C552FC,403FA827999FCEF4
$400DE50D79435DC,C02523D70A3D70A6,401921FB54442D18,403FA827999FCEF4
4 38 397
4 39 55
4 40 581
4 41 441
4 42 0
4 43 0
3 32 ->
4 33 578
4 34 4
4 35 0
4 36 [2]
$1,-1
4 37 [2][4]
$0,403FA827999FCEF4,401921FB54442D18,403FA827999FCEF4
$0,403CA827999FCEF,401921FB54442D18,403CA827999FCEF
4 38 440
4 39 56
4 40 580
4 41 402
4 42 0
4 43 0
3 32 ->
4 33 577
4 34 4
4 35 0
4 36 [2]
$1,-1
4 37 [2][4]
$0,403FA827999FCEF4,401921FB54442D18,403FA827999FCEF4
$0,403CA827999FCEF,401921FB54442D18,403CA827999FCEF
4 38 439
4 39 55
4 40 579
4 41 401
4 42 0
4 43 0
3 32 ->
4 33 62
4 34 4
4 35 0
4 36 [2]
$1,-1
4 37 [38][4]
$C02523D70A3D70A6,C02,401921FB54442D18,4016A09E667F3BD
$C02525482A166942,C0203652849BC94,4018EBA247BDB5C,4016A09E667F3BD
$C0252DB28D4308FE,C0208DBE11CF6D3,401893C85FCEB86A,4016A09E667F3BD
$C0253D92A6D9DFD4,C020E41EB567256,40183BEE77DFBB27,4016A09E667F3BD
$C02554CA91D35FA1,C02138D1C77EDB9,4017E4148FF0BDCC,4016A09E667F3BD
$C025732E954E856E,C0218B37C91BF3C,40178C3AA801C081,4016A09E667F3BD
$C025988576E5F27D,C021DAB59085577,40173460C012C329,4016A09E667F3BD
$C025C488E673CE49,C02226B56D72AE3,4016DC86D823C5E,4016A09E667F3BD
$C025F6E60279831E,C0226EA842EC908,401684ACF034C886,4016A09E667F3BD
$C0262F3DF43200FD,C022B20694CAE7B,40162CD30845CB3E,4016A09E667F3BD
$C0266D26A228A19C,C022F05186D6021,4015D4F92056CDEE,4016A09E667F3BD
$C026B02B78046132,C0232913CBA9EBF,40157D1F3867D0A3,4016A09E667F3BD
$C026F7CE420F3194,C0235BE2819A365,401525455078D358,4016A09E667F3BD
$C02743881ADC03F6,C023885DFBF6366,4014CD6B6889D603,4016A09E667F3BD
$C02792CA694C0616,C023AE327732BDD,40147591809AD8B4,4016A09E667F3BD
$C027E4FFED14BBC4,C023CD18B6A608D,40141DB798ABDB66,4016A09E667F3BD
$C028398DD7CD4D9E,C023E4D68AACDBC,4013C5DDB0BCDE13,4016A09E667F3BD
$C0288FD4F071CEC4,C023F53F3E3C33E,40136E03C8CDE0C3,4016A09E667F3BD
$C028E732BF37883B,C023FE33EB11393,40131629E0DEE374,4016A09E667F3BD
$C0293F02BF7DAFB4,C023FFA3B3E0E83,4012BE4FF8EFE624,4016A09E667F3BD
$C029969F959A6D7E,C023F98BE419E19,401266761100E8D4,4016A09E667F3BD
$C029ED64463CD047,C023EBF7F4FC939,40120E9C2911EB85,4016A09E667F3BD
$C02A42AD6D1952DE,C023D701780025,4011B6C24122EE36,4016A09E667F3BD
$C02A95DA7097EDBE,C023BACFE6ACD0C,40115EE85933F0E4,4016A09E667F3BD
$C02AE64EB040519,C023979858465CA,4011070E7144F39B,4016A09E667F3BD
$C02B3372ABAACE,C0236D9D1DD2A57,4010AF348955F648,4016A09E667F3BD
$C02B7CB51FCA7F18,C0233D2D4538832,4010575AA166F8FB,4016A09E667F3BD
$C02BC18C187787D8,C02306A404622CA,400FFF0172EFF74E,4016A09E667F3BD
$C02C0175F43640FD,C022CA680D7B701,400F4F4DA311FCC9,4016A09E667F3BD
$C02C3BFA58522D0C,C02288EACD8F2CA,400E9F99D3340213,4016A09E667F3BD
$C02C70AB13810629,C02242A796F0389,400DEFE603560778,4016A09E667F3BD
$C02C9F24ED631F1C,C021F822B8FFE68,400D403233780CD3,4016A09E667F3BD
$C02CC710615A5986,C021A9E88707781,400C907E639A1219,4016A09E667F3BD
$C02CE8224357DBBC,C021588C4FF9A8A,400BE0CA93BC17A,4016A09E667F3BD
$C02D021C4D6A2FA,C02104A7490DE77,400B3116C3DE1D02,4016A09E667F3BD
$C02D14CD95013B22,C020AED76D3F9DB,400A8162F4002264,4016A09E667F3BD
$C02D2012E70B4068,C02057BE53D0C4B,4009D1AF242227C7,4016A09E667F3BD
$C02D23D70A3D70A2,C02,400921FB54442D18,4016A09E667F3BD
4 38 352
4 39 60
4 40 356
4 41 584
4 42 0
4 43 0
3 32 ->
4 33 61
4 34 4
4 35 0
4 36 [2]
$1,-1
4 37 [38][4]
$C02523D70A3D70A6,C02,401921FB54442D18,4016A09E667F3BD
$C02525482A166942,C0203652849BC94,4018EBA247BDB5C,4016A09E667F3BD
$C0252DB28D4308FE,C0208DBE11CF6D3,401893C85FCEB86A,4016A09E667F3BD
$C0253D92A6D9DFD4,C020E41EB567256,40183BEE77DFBB27,4016A09E667F3BD
$C02554CA91D35FA1,C02138D1C77EDB9,4017E4148FF0BDCC,4016A09E667F3BD
$C025732E954E856E,C0218B37C91BF3C,40178C3AA801C081,4016A09E667F3BD
$C025988576E5F27D,C021DAB59085577,40173460C012C329,4016A09E667F3BD
$C025C488E673CE49,C02226B56D72AE3,4016DC86D823C5E,4016A09E667F3BD
$C025F6E60279831E,C0226EA842EC908,401684ACF034C886,4016A09E667F3BD
$C0262F3DF43200FD,C022B20694CAE7B,40162CD30845CB3E,4016A09E667F3BD
$C0266D26A228A19C,C022F05186D6021,4015D4F92056CDEE,4016A09E667F3BD
$C026B02B78046132,C0232913CBA9EBF,40157D1F3867D0A3,4016A09E667F3BD
$C026F7CE420F3194,C0235BE2819A365,401525455078D358,4016A09E667F3BD
$C02743881ADC03F6,C023885DFBF6366,4014CD6B6889D603,4016A09E667F3BD
$C02792CA694C0616,C023AE327732BDD,40147591809AD8B4,4016A09E667F3BD
$C027E4FFED14BBC4,C023CD18B6A608D,40141DB798ABDB66,4016A09E667F3BD
$C028398DD7CD4D9E,C023E4D68AACDBC,4013C5DDB0BCDE13,4016A09E667F3BD
$C0288FD4F071CEC4,C023F53F3E3C33E,40136E03C8CDE0C3,4016A09E667F3BD
$C028E732BF37883B,C023FE33EB11393,40131629E0DEE374,4016A09E667F3BD
$C0293F02BF7DAFB4,C023FFA3B3E0E83,4012BE4FF8EFE624,4016A09E667F3BD
$C029969F959A6D7E,C023F98BE419E19,401266761100E8D4,4016A09E667F3BD
$C029ED64463CD047,C023EBF7F4FC939,40120E9C2911EB85,4016A09E667F3BD
$C02A42AD6D1952DE,C023D701780025,4011B6C24122EE36,4016A09E667F3BD
$C02A95DA7097EDBE,C023BACFE6ACD0C,40115EE85933F0E4,4016A09E667F3BD
$C02AE64EB040519,C023979858465CA,4011070E7144F39B,4016A09E667F3BD
$C02B3372ABAACE,C0236D9D1DD2A57,4010AF348955F648,4016A09E667F3BD
$C02B7CB51FCA7F18,C0233D2D4538832,4010575AA166F8FB,4016A09E667F3BD
$C02BC18C187787D8,C02306A404622CA,400FFF0172EFF74E,4016A09E667F3BD
$C02C0175F43640FD,C022CA680D7B701,400F4F4DA311FCC9,4016A09E667F3BD
$C02C3BFA58522D0C,C02288EACD8F2CA,400E9F99D3340213,4016A09E667F3BD
$C02C70AB13810629,C02242A796F0389,400DEFE603560778,4016A09E667F3BD
$C02C9F24ED631F1C,C021F822B8FFE68,400D403233780CD3,4016A09E667F3BD
$C02CC710615A5986,C021A9E88707781,400C907E639A1219,4016A09E667F3BD
$C02CE8224357DBBC,C021588C4FF9A8A,400BE0CA93BC17A,4016A09E667F3BD
$C02D021C4D6A2FA,C02104A7490DE77,400B3116C3DE1D02,4016A09E667F3BD
$C02D14CD95013B22,C020AED76D3F9DB,400A8162F4002264,4016A09E667F3BD
$C02D2012E70B4068,C02057BE53D0C4B,4009D1AF242227C7,4016A09E667F3BD
$C02D23D70A3D70A2,C02,400921FB54442D18,4016A09E667F3BD
4 38 351
4 39 59
4 40 355
4 41 583
4 42 0
4 43 0
3 32 ->
4 33 438
4 34 4
4 35 0
4 36 [2]
$1,-1
4 37 [2][4]
$400921FB54442D18,4021504F333F9DE8,400921FB54442D18,4021504F333F9DE8
$400921FB54442D18,4016A09E667F3BD,400921FB54442D18,4016A09E667F3BD
4 38 60
4 39 436
4 40 62
4 41 500
4 42 0
4 43 0
3 32 ->
4 33 437
4 34 4
4 35 0
4 36 [2]
$1,-1
4 37 [2][4]
$400921FB54442D18,4021504F333F9DE8,400921FB54442D18,4021504F333F9DE8
$400921FB54442D18,4016A09E667F3BD,400921FB54442D18,4016A09E667F3BD
4 38 59
4 39 435
4 40 61
4 41 499
4 42 0
4 43 0
3 32 ->
4 33 586
4 34 4
4 35 0
4 36 [2]
$1,-1
4 37 [38][4]
$401921FB54442D18,4021504F333F9DE8,4014,C02523D70A3D70A6
$4018EBA247BDB5C,4021504F333F9DE8,4013935AF6C86D8,C02525482A166942
$401893C85FCEB86A,4021504F333F9DE8,4012E483DC6125A,C0252DB28D4308FE
$40183BEE77DFBB27,4021504F333F9DE8,401237C29531B54,C0253D92A6D9DFD4
$4017E4148FF0BDCC,4021504F333F9DE8,40118E5C710248E,C02554CA91D35FA1
$40178C3AA801C081,4021504F333F9DE8,4010E9906DC8188,C025732E954E856E
$40173460C012C329,4021504F333F9DE8,40104A94DEF5512,C025988576E5F27D
$4016DC86D823C5E,4021504F333F9DE8,400F652A4A35474,C025C488E673CE49
$401684ACF034C886,4021504F333F9DE8,400E455EF44DBE,C025F6E60279831E
$40162CD30845CB3E,4021504F333F9DE8,400D37E5ACD4614,C0262F3DF43200FD
$4015D4F92056CDEE,4021504F333F9DE8,400C3EB9E4A7F7C,C0266D26A228A19C
$40157D1F3867D0A3,4021504F333F9DE8,400B5BB0D158504,C026B02B78046132
$401525455078D358,4021504F333F9DE8,400A9075F99726C,C026F7CE420F3194
$4014CD6B6889D603,4021504F333F9DE8,4009DE881027268,C02743881ADC03F6
$40147591809AD8B4,4021504F333F9DE8,40094736233508C,C02792CA694C0616
$40141DB798ABDB66,4021504F333F9DE8,4008CB9D2567DCC,C027E4FFED14BBC4
$4013C5DDB0BCDE13,4021504F333F9DE8,40086CA5D54C91,C028398DD7CD4D9E
$40136E03C8CDE0C3,4021504F333F9DE8,40082B03070F308,C0288FD4F071CEC4
$40131629E0DEE374,4021504F333F9DE8,4008073053BB1B4,C028E732BF37883B
$4012BE4FF8EFE624,4021504F333F9DE8,40080171307C5F4,C0293F02BF7DAFB4
$401266761100E8D4,4021504F333F9DE8,400819D06F9879C,C029969F959A6D7E
$40120E9C2911EB85,4021504F333F9DE8,400850202C0DB1C,C029ED64463CD047
$4011B6C24122EE36,4021504F333F9DE8,4008A3FA1FFF6C,C02A42AD6D1952DE
$40115EE85933F0E4,4021504F333F9DE8,400914C0654CBD,C02A95DA7097EDBE
$4011070E7144F39B,4021504F333F9DE8,4009A19E9EE68D8,C02AE64EB040519
$4010AF348955F648,4021504F333F9DE8,400A498B88B56A4,C02B3372ABAACE
$4010575AA166F8FB,4021504F333F9DE8,400B0B4AEB1DF38,C02B7CB51FCA7F18
$400FFF0172EFF74E,4021504F333F9DE8,400BE56FEE774D8,C02BC18C187787D8
$400F4F4DA311FCC9,4021504F333F9DE8,400CD65FCA123FC,C02C0175F43640FD
$400E9F99D3340213,4021504F333F9DE8,400DDC54C9C34D8,C02C3BFA58522D0C
$400DEFE603560778,4021504F333F9DE8,400EF561A43F1DC,C02C70AB13810629
$400D403233780CD3,4021504F333F9DE8,40100FBA8E0033,C02C9F24ED631F1C
$400C907E639A1219,4021504F333F9DE8,4010AC2EF1F10FE,C02CC710615A5986
$400BE0CA93BC17A,4021504F333F9DE8,40114EE7600CAEC,C02CE8224357DBBC
$400B3116C3DE1D02,4021504F333F9DE8,4011F6B16DE4312,C02D021C4D6A2FA
$400A8162F4002264,4021504F333F9DE8,4012A2512580C4A,C02D14CD95013B22
$4009D1AF242227C7,4021504F333F9DE8,40135083585E76A,C02D2012E70B4068
$400921FB54442D18,4021504F333F9DE8,4014,C02D23D70A3D70A2
4 38 60
4 39 496
4 40 438
4 41 500
4 42 0
4 43 0
3 32 ->
4 33 585
4 34 4
4 35 0
4 36 [2]
$1,-1
4 37 [38][4]
$401921FB54442D18,4021504F333F9DE8,4014,C02523D70A3D70A6
$4018EBA247BDB5C,4021504F333F9DE8,4013935AF6C86D8,C02525482A166942
$401893C85FCEB86A,4021504F333F9DE8,4012E483DC6125A,C0252DB28D4308FE
$40183BEE77DFBB27,4021504F333F9DE8,401237C29531B54,C0253D92A6D9DFD4
$4017E4148FF0BDCC,4021504F333F9DE8,40118E5C710248E,C02554CA91D35FA1
$40178C3AA801C081,4021504F333F9DE8,4010E9906DC8188,C025732E954E856E
$40173460C012C329,4021504F333F9DE8,40104A94DEF5512,C025988576E5F27D
$4016DC86D823C5E,4021504F333F9DE8,400F652A4A35474,C025C488E673CE49
$401684ACF034C886,4021504F333F9DE8,400E455EF44DBE,C025F6E60279831E
$40162CD30845CB3E,4021504F333F9DE8,400D37E5ACD4614,C0262F3DF43200FD
$4015D4F92056CDEE,4021504F333F9DE8,400C3EB9E4A7F7C,C0266D26A228A19C
$40157D1F3867D0A3,4021504F333F9DE8,400B5BB0D158504,C026B02B78046132
$401525455078D358,4021504F333F9DE8,400A9075F99726C,C026F7CE420F3194
$4014CD6B6889D603,4021504F333F9DE8,4009DE881027268,C02743881ADC03F6
$40147591809AD8B4,4021504F333F9DE8,40094736233508C,C02792CA694C0616
$40141DB798ABDB66,4021504F333F9DE8,4008CB9D2567DCC,C027E4FFED14BBC4
$4013C5DDB0BCDE13,4021504F333F9DE8,40086CA5D54C91,C028398DD7CD4D9E
$40136E03C8CDE0C3,4021504F333F9DE8,40082B03070F308,C0288FD4F071CEC4
$40131629E0DEE374,4021504F333F9DE8,4008073053BB1B4,C028E732BF37883B
$4012BE4FF8EFE624,4021504F333F9DE8,40080171307C5F4,C0293F02BF7DAFB4
$401266761100E8D4,4021504F333F9DE8,400819D06F9879C,C029969F959A6D7E
$40120E9C2911EB85,4021504F333F9DE8,400850202C0DB1C,C029ED64463CD047
$4011B6C24122EE36,4021504F333F9DE8,4008A3FA1FFF6C,C02A42AD6D1952DE
$40115EE85933F0E4,4021504F333F9DE8,400914C0654CBD,C02A95DA7097EDBE
$4011070E7144F39B,4021504F333F9DE8,4009A19E9EE68D8,C02AE64EB040519
$4010AF348955F648,4021504F333F9DE8,400A498B88B56A4,C02B3372ABAACE
$4010575AA166F8FB,4021504F333F9DE8,400B0B4AEB1DF38,C02B7CB51FCA7F18
$400FFF0172EFF74E,4021504F333F9DE8,400BE56FEE774D8,C02BC18C187787D8
$400F4F4DA311FCC9,4021504F333F9DE8,400CD65FCA123FC,C02C0175F43640FD
$400E9F99D3340213,4021504F333F9DE8,400DDC54C9C34D8,C02C3BFA58522D0C
$400DEFE603560778,4021504F333F9DE8,400EF561A43F1DC,C02C70AB13810629
$400D403233780CD3,4021504F333F9DE8,40100FBA8E0033,C02C9F24ED631F1C
$400C907E639A1219,4021504F333F9DE8,4010AC2EF1F10FE,C02CC710615A5986
$400BE0CA93BC17A,4021504F333F9DE8,40114EE7600CAEC,C02CE8224357DBBC
$400B3116C3DE1D02,4021504F333F9DE8,4011F6B16DE4312,C02D021C4D6A2FA
$400A8162F4002264,4021504F333F9DE8,4012A2512580C4A,C02D14CD95013B22
$4009D1AF242227C7,4021504F333F9DE8,40135083585E76A,C02D2012E70B4068
$400921FB54442D18,4021504F333F9DE8,4014,C02D23D70A3D70A2
4 38 59
4 39 495
4 40 437
4 41 499
4 42 0
4 43 0
3 32 ->
4 33 584
4 34 4
4 35 0
4 36 [2]
$1,-1
4 37 [2][4]
$0,4021504F333F9DE8,401921FB54442D18,4021504F333F9DE8
$0,4016A09E667F3BD,401921FB54442D18,4016A09E667F3BD
4 38 436
4 39 60
4 40 356
4 41 586
4 42 0
4 43 0
3 32 ->
4 33 583
4 34 4
4 35 0
4 36 [2]
$1,-1
4 37 [2][4]
$0,4021504F333F9DE8,401921FB54442D18,4021504F333F9DE8
$0,4016A09E667F3BD,401921FB54442D18,4016A09E667F3BD
4 38 435
4 39 59
4 40 355
4 41 585
4 42 0
4 43 0
3 32 ->
4 33 66
4 34 4
4 35 0
4 36 [2]
$1,-1
4 37 [38][4]
$400921FB54442D18,406C9504F333F9DF,C02D23D70A3D70A2,4014
$40098EAD6D511BC7,406C9504F333F9DF,C02D2265EA647806,4013935AF6C86D8
$400A3E613D2F1674,406C9504F333F9DF,C02D19FB8737D84A,4012E483DC6125A
$400AEE150D0D10FA,406C9504F333F9DF,C02D0A1B6DA10174,401237C29531B54
$400B9DC8DCEB0BB,406C9504F333F9DF,C02CF2E382A781A7,40118E5C710248E
$400C4D7CACC90645,406C9504F333F9DF,C02CD47F7F2C5BDB,4010E9906DC8188
$400CFD307CA700F6,406C9504F333F9DF,C02CAF289D94EECB,40104A94DEF5512
$400DACE44C84FB89,406C9504F333F9DF,C02C83252E0712FF,400F652A4A35474
$400E5C981C62F63B,406C9504F333F9DF,C02C50C812015E2A,400E455EF44DBE
$400F0C4BEC40F0CB,406C9504F333F9DF,C02C18702048E04C,400D37E5ACD4614
$400FBBFFBC1EEB6B,406C9504F333F9DF,C02BDA8772523FAC,400C3EB9E4A7F7C
$401035D9C5FE7306,406C9504F333F9DF,C02B97829C768017,400B5BB0D1585
$40108DB3ADED704C,406C9504F333F9DF,C02B4FDFD26BAFB3,400A9075F99726C
$4010E58D95DC6DA1,406C9504F333F9DF,C02B0425F99EDD52,4009DE881027268
$40113D677DCB6AF,406C9504F333F9DF,C02AB4E3AB2EDB32,40094736233508C
$4011954165BA683E,406C9504F333F9DF,C02A62AE27662585,4008CB9D2567DCC
$4011ED1B4DA96591,406C9504F333F9DF,C02A0E203CAD93AA,40086CA5D54C91
$401244F5359862E1,406C9504F333F9DF,C029B7D924091284,40082B03070F308
$40129CCF1D87603,406C9504F333F9DF,C029607B5543590D,4008073053BB1B4
$4012F4A905765D8,406C9504F333F9DF,C02908AB54FD3194,40080171307C5F4
$40134C82ED655AD,406C9504F333F9DF,C028B10E7EE073CA,400819D06F9879C
$4013A45CD554581E,406C9504F333F9DF,C0285A49CE3E1101,400850202C0DB1C
$4013FC36BD43556E,406C9504F333F9DF,C0280500A7618E6A,4008A3FA1FFF6C
$40145410A53252C,406C9504F333F9DF,C027B1D3A3E2F38A,400914C0654CBD
$4014ABEA8D215009,406C9504F333F9DF,C027615F643A8FB8,4009A19E9EE68D8
$401503C475104D5C,406C9504F333F9DF,C027143B68D01348,400A498B88B56A4
$40155B9E5CFF4AA9,406C9504F333F9DF,C026CAF8F4B0623,400B0B4AEB1DF38
$4015B37844EE47FD,406C9504F333F9DF,C0268621FC03597,400BE56FEE774D8
$40160B522CDD454,406C9504F333F9DF,C02646382044A04B,400CD65FCA123FC
$4016632C14CC429A,406C9504F333F9DF,C0260BB3BC28B43D,400DDC54C9C34D8
$4016BB05FCBB3FE8,406C9504F333F9DF,C025D70300F9DB1F,400EF561A43F1DC
$401712DFE4AA3D3A,406C9504F333F9DF,C025A8892717C22D,40100FBA8E0033
$40176AB9CC993A98,406C9504F333F9DF,C025809DB32087C3,4010AC2EF1F10FE
$4017C293B48837D4,406C9504F333F9DF,C0255F8BD123058C,40114EE7600CAEC
$40181A6D9C773522,406C9504F333F9DF,C0254591C710B1A8,4011F6B16DE4312
$4018724784663272,406C9504F333F9DF,C02532E07F79A625,4012A2512580C4A
$4018CA216C552FC,406C9504F333F9DF,C025279B2D6FA0E1,40135083585E76A
$401921FB54442D18,406C9504F333F9DF,C02523D70A3D70A6,4014
4 38 64
4 39 472
4 40 588
4 41 590
4 42 0
4 43 0
3 32 ->
4 33 65
4 34 4
4 35 0
4 36 [2]
$1,-1
4 37 [38][4]
$400921FB54442D18,406C9504F333F9DF,C02D23D70A3D70A2,4014
$40098EAD6D511BC7,406C9504F333F9DF,C02D2265EA647806,4013935AF6C86D8
$400A3E613D2F1674,406C9504F333F9DF,C02D19FB8737D84A,4012E483DC6125A
$400AEE150D0D10FA,406C9504F333F9DF,C02D0A1B6DA10174,401237C29531B54
$400B9DC8DCEB0BB,406C9504F333F9DF,C02CF2E382A781A7,40118E5C710248E
$400C4D7CACC90645,406C9504F333F9DF,C02CD47F7F2C5BDB,4010E9906DC8188
$400CFD307CA700F6,406C9504F333F9DF,C02CAF289D94EECB,40104A94DEF5512
$400DACE44C84FB89,406C9504F333F9DF,C02C83252E0712FF,400F652A4A35474
$400E5C981C62F63B,406C9504F333F9DF,C02C50C812015E2A,400E455EF44DBE
$400F0C4BEC40F0CB,406C9504F333F9DF,C02C18702048E04C,400D37E5ACD4614
$400FBBFFBC1EEB6B,406C9504F333F9DF,C02BDA8772523FAC,400C3EB9E4A7F7C
$401035D9C5FE7306,406C9504F333F9DF,C02B97829C768017,400B5BB0D1585
$40108DB3ADED704C,406C9504F333F9DF,C02B4FDFD26BAFB3,400A9075F99726C
$4010E58D95DC6DA1,406C9504F333F9DF,C02B0425F99EDD52,4009DE881027268
$40113D677DCB6AF,406C9504F333F9DF,C02AB4E3AB2EDB32,40094736233508C
$4011954165BA683E,406C9504F333F9DF,C02A62AE27662585,4008CB9D2567DCC
$4011ED1B4DA96591,406C9504F333F9DF,C02A0E203CAD93AA,40086CA5D54C91
$401244F5359862E1,406C9504F333F9DF,C029B7D924091284,40082B03070F308
$40129CCF1D87603,406C9504F333F9DF,C029607B5543590D,4008073053BB1B4
$4012F4A905765D8,406C9504F333F9DF,C02908AB54FD3194,40080171307C5F4
$40134C82ED655AD,406C9504F333F9DF,C028B10E7EE073CA,400819D06F9879C
$4013A45CD554581E,406C9504F333F9DF,C0285A49CE3E1101,400850202C0DB1C
$4013FC36BD43556E,406C9504F333F9DF,C0280500A7618E6A,4008A3FA1FFF6C
$40145410A53252C,406C9504F333F9DF,C027B1D3A3E2F38A,400914C0654CBD
$4014ABEA8D215009,406C9504F333F9DF,C027615F643A8FB8,4009A19E9EE68D8
$401503C475104D5C,406C9504F333F9DF,C027143B68D01348,400A498B88B56A4
$40155B9E5CFF4AA9,406C9504F333F9DF,C026CAF8F4B0623,400B0B4AEB1DF38
$4015B37844EE47FD,406C9504F333F9DF,C0268621FC03597,400BE56FEE774D8
$40160B522CDD454,406C9504F333F9DF,C02646382044A04B,400CD65FCA123FC
$4016632C14CC429A,406C9504F333F9DF,C0260BB3BC28B43D,400DDC54C9C34D8
$4016BB05FCBB3FE8,406C9504F333F9DF,C025D70300F9DB1F,400EF561A43F1DC
$401712DFE4AA3D3A,406C9504F333F9DF,C025A8892717C22D,40100FBA8E0033
$40176AB9CC993A98,406C9504F333F9DF,C025809DB32087C3,4010AC2EF1F10FE
$4017C293B48837D4,406C9504F333F9DF,C0255F8BD123058C,40114EE7600CAEC
$40181A6D9C773522,406C9504F333F9DF,C0254591C710B1A8,4011F6B16DE4312
$4018724784663272,406C9504F333F9DF,C02532E07F79A625,4012A2512580C4A
$4018CA216C552FC,406C9504F333F9DF,C025279B2D6FA0E1,40135083585E76A
$401921FB54442D18,406C9504F333F9DF,C02523D70A3D70A6,4014
4 38 63
4 39 471
4 40 587
4 41 589
4 42 0
4 43 0
3 32 ->
4 33 434
4 34 4
4 35 0
4 36 [2]
$1,-1
4 37 [2][4]
$400921FB54442D18,406CF504F333F9DF,400921FB54442D18,406CF504F333F9DF
$400921FB54442D18,406C9504F333F9DF,400921FB54442D18,406C9504F333F9DF
4 38 64
4 39 432
4 40 66
4 41 592
4 42 0
4 43 0
3 32 ->
4 33 433
4 34 4
4 35 0
4 36 [2]
$1,-1
4 37 [2][4]
$400921FB54442D18,406CF504F333F9DF,400921FB54442D18,406CF504F333F9DF
$400921FB54442D18,406C9504F333F9DF,400921FB54442D18,406C9504F333F9DF
4 38 63
4 39 431
4 40 65
4 41 591
4 42 0
4 43 0
3 32 ->
4 33 382
4 34 4
4 35 0
4 36 [2]
$1,-1
4 37 [38][4]
$402D23D70A3D70A2,400DE50D79435DC,400921FB54442D18,406CF504F333F9DF
$402D2265EA647806,400D0BC366D438C,40098EAD6D511BC7,406CF504F333F9DF
$402D19FB8737D84A,400BAE153205A9,400A3E613D2F1674,406CF504F333F9DF
$402D0A1B6DA10174,400A5492A3A6C84,400AEE150D0D10FA,406CF504F333F9DF
$402CF2E382A781A7,400901C65B47EF8,400B9DC8DCEB0BB,406CF504F333F9DF
$402CD47F7F2C5BDB,4007B82E54D38EC,400C4D7CACC90645,406CF504F333F9DF
$402CAF289D94EECB,40067A37372E,400CFD307CA700F6,406CF504F333F9DF
$402C83252E0712FF,40054A37C378A5,400DACE44C84FB89,406CF504F333F9DF
$402C50C812015E2A,40042A6C6D911BC,400E5C981C62F63B,406CF504F333F9DF
$402C18702048E04C,40031CF32617BF,400F0C4BEC40F0CB,406CF504F333F9DF
$402BDA8772523FAC,400223C75DEB558,400FBBFFBC1EEB6B,406CF504F333F9DF
$402B97829C768017,400140BE4A9BADC,401035D9C5FE7306,406CF504F333F9DF
$402B4FDFD26BAFB3,4000758372DA848,40108DB3ADED704C,406CF504F333F9DF
$402B0425F99EDD52,3FFF872B12D5088,4010E58D95DC6DA1,406CF504F333F9DF
$402AB4E3AB2EDB32,3FFE588738F0CD,40113D677DCB6AF,406CF504F333F9DF
$402A62AE27662585,3FFD61553D5675,4011954165BA683E,406CF504F333F9DF
$402A0E203CAD93AA,3FFCA3669D1FDD8,4011ED1B4DA96591,406CF504F333F9DF
$4029B7D924091284,3FFC202100A51C8,401244F5359862E1,406CF504F333F9DF
$4029607B5543590D,3FFBD87B99FCF2,40129CCF1D87603,406CF504F333F9DF
$402908AB54FD3194,3FFBCCFD537F7A,4012F4A905765D8,406CF504F333F9DF
$4028B10E7EE073CA,3FFBFDBBD1B7AF,40134C82ED655AD,406CF504F333F9DF
$40285A49CE3E1101,3FFC6A5B4AA21F,4013A45CD554581E,406CF504F333F9DF
$40280500A7618E6A,3FFD120F3285938,4013FC36BD43556E,406CF504F333F9DF
$4027B1D3A3E2F38A,3FFDF39BBD20358,40145410A53252C,406CF504F333F9DF
$4027615F643A8FB8,3FFF0D583053D68,4014ABEA8D215009,406CF504F333F9DF
$4027143B68D01348,40002E9901F8C8,401503C475104D5C,406CF504F333F9DF
$4026CAF8F4B0623,4000F0586461514,40155B9E5CFF4AA9,406CF504F333F9DF
$40268621FC03597,4001CA7D67BAAB4,4015B37844EE47FD,406CF504F333F9DF
$402646382044A04B,4002BB6D43559D8,40160B522CDD454,406CF504F333F9DF
$40260BB3BC28B43D,4003C1624306AB4,4016632C14CC429A,406CF504F333F9DF
$4025D70300F9DB1F,4004DA6F1D827B8,4016BB05FCBB3FE8,406CF504F333F9DF
$4025A8892717C22D,400604829543C3C,401712DFE4AA3D3A,406CF504F333F9DF
$4025809DB32087C3,40073D6B5D257D8,40176AB9CC993A98,406CF504F333F9DF
$40255F8BD123058C,400882DC395CBB4,4017C293B48837D4,406CF504F333F9DF
$40254591C710B1A8,4009D270550BC,40181A6D9C773522,406CF504F333F9DF
$402532E07F79A625,400B29AFC444E7,4018724784663272,406CF504F333F9DF
$4025279B2D6FA0E1,400C86142A004B,4018CA216C552FC,406CF504F333F9DF
$402523D70A3D70A6,400DE50D79435DC,401921FB54442D18,406CF504F333F9DF
4 38 378
4 39 64
4 40 592
4 41 434
4 42 0
4 43 0
3 32 ->
4 33 381
4 34 4
4 35 0
4 36 [2]
$1,-1
4 37 [38][4]
$402D23D70A3D70A2,400DE50D79435DC,400921FB54442D18,406CF504F333F9DF
$402D2265EA647806,400D0BC366D438C,40098EAD6D511BC7,406CF504F333F9DF
$402D19FB8737D84A,400BAE153205A9,400A3E613D2F1674,406CF504F333F9DF
$402D0A1B6DA10174,400A5492A3A6C84,400AEE150D0D10FA,406CF504F333F9DF
$402CF2E382A781A7,400901C65B47EF8,400B9DC8DCEB0BB,406CF504F333F9DF
$402CD47F7F2C5BDB,4007B82E54D38EC,400C4D7CACC90645,406CF504F333F9DF
$402CAF289D94EECB,40067A37372E,400CFD307CA700F6,406CF504F333F9DF
$402C83252E0712FF,40054A37C378A5,400DACE44C84FB89,406CF504F333F9DF
$402C50C812015E2A,40042A6C6D911BC,400E5C981C62F63B,406CF504F333F9DF
$402C18702048E04C,40031CF32617BF,400F0C4BEC40F0CB,406CF504F333F9DF
$402BDA8772523FAC,400223C75DEB558,400FBBFFBC1EEB6B,406CF504F333F9DF
$402B97829C768017,400140BE4A9BADC,401035D9C5FE7306,406CF504F333F9DF
$402B4FDFD26BAFB3,4000758372DA848,40108DB3ADED704C,406CF504F333F9DF
$402B0425F99EDD52,3FFF872B12D5088,4010E58D95DC6DA1,406CF504F333F9DF
$402AB4E3AB2EDB32,3FFE588738F0CD,40113D677DCB6AF,406CF504F333F9DF
$402A62AE27662585,3FFD61553D5675,4011954165BA683E,406CF504F333F9DF
$402A0E203CAD93AA,3FFCA3669D1FDD8,4011ED1B4DA96591,406CF504F333F9DF
$4029B7D924091284,3FFC202100A51C8,401244F5359862E1,406CF504F333F9DF
$4029607B5543590D,3FFBD87B99FCF2,40129CCF1D87603,406CF504F333F9DF
$402908AB54FD3194,3FFBCCFD537F7A,4012F4A905765D8,406CF504F333F9DF
$4028B10E7EE073CA,3FFBFDBBD1B7AF,40134C82ED655AD,406CF504F333F9DF
$40285A49CE3E1101,3FFC6A5B4AA21F,4013A45CD554581E,406CF504F333F9DF
$40280500A7618E6A,3FFD120F3285938,4013FC36BD43556E,406CF504F333F9DF
$4027B1D3A3E2F38A,3FFDF39BBD20358,40145410A53252C,406CF504F333F9DF
$4027615F643A8FB8,3FFF0D583053D68,4014ABEA8D215009,406CF504F333F9DF
$4027143B68D01348,40002E9901F8C8,401503C475104D5C,406CF504F333F9DF
$4026CAF8F4B0623,4000F0586461514,40155B9E5CFF4AA9,406CF504F333F9DF
$40268621FC03597,4001CA7D67BAAB4,4015B37844EE47FD,406CF504F333F9DF
$402646382044A04B,4002BB6D43559D8,40160B522CDD454,406CF504F333F9DF
$40260BB3BC28B43D,4003C1624306AB4,4016632C14CC429A,406CF504F333F9DF
$4025D70300F9DB1F,4004DA6F1D827B8,4016BB05FCBB3FE8,406CF504F333F9DF
$4025A8892717C22D,400604829543C3C,401712DFE4AA3D3A,406CF504F333F9DF
$4025809DB32087C3,40073D6B5D257D8,40176AB9CC993A98,406CF504F333F9DF
$40255F8BD123058C,400882DC395CBB4,4017C293B48837D4,406CF504F333F9DF
$40254591C710B1A8,4009D270550BC,40181A6D9C773522,406CF504F333F9DF
$402532E07F79A625,400B29AFC444E7,4018724784663272,406CF504F333F9DF
$4025279B2D6FA0E1,400C86142A004B,4018CA216C552FC,406CF504F333F9DF
$402523D70A3D70A6,400DE50D79435DC,401921FB54442D18,406CF504F333F9DF
4 38 377
4 39 63
4 40 591
4 41 433
4 42 0
4 43 0
3 32 ->
4 33 588
4 34 4
4 35 0
4 36 [2]
$1,-1
4 37 [2][4]
$0,406CF504F333F9DF,401921FB54442D18,406CF504F333F9DF
$0,406C9504F333F9DF,401921FB54442D18,406C9504F333F9DF
4 38 432
4 39 64
4 40 590
4 41 382
4 42 0
4 43 0
3 32 ->
4 33 587
4 34 4
4 35 0
4 36 [2]
$1,-1
4 37 [2][4]
$0,406CF504F333F9DF,401921FB54442D18,406CF504F333F9DF
$0,406C9504F333F9DF,401921FB54442D18,406C9504F333F9DF
4 38 431
4 39 63
4 40 589
4 41 381
4 42 0
4 43 0
3 32 ->
4 33 70
4 34 4
4 35 0
4 36 [2]
$1,-1
4 37 [38][4]
$C02523D70A3D70A6,C02,401921FB54442D18,4069B504F333F9DE
$C02525482A166942,C0203652849BC94,4018EBA247BDB5C,4069B504F333F9DE
$C0252DB28D4308FE,C0208DBE11CF6D3,401893C85FCEB86A,4069B504F333F9DE
$C0253D92A6D9DFD4,C020E41EB567256,40183BEE77DFBB27,4069B504F333F9DE
$C02554CA91D35FA1,C02138D1C77EDB9,4017E4148FF0BDCC,4069B504F333F9DE
$C025732E954E856E,C0218B37C91BF3C,40178C3AA801C081,4069B504F333F9DE
$C025988576E5F27D,C021DAB59085577,40173460C012C329,4069B504F333F9DE
$C025C488E673CE49,C02226B56D72AE3,4016DC86D823C5E,4069B504F333F9DE
$C025F6E60279831E,C0226EA842EC908,401684ACF034C886,4069B504F333F9DE
$C0262F3DF43200FD,C022B20694CAE7B,40162CD30845CB3E,4069B504F333F9DE
$C0266D26A228A19C,C022F05186D6021,4015D4F92056CDEE,4069B504F333F9DE
$C026B02B78046132,C0232913CBA9EBF,40157D1F3867D0A3,4069B504F333F9DE
$C026F7CE420F3194,C0235BE2819A365,401525455078D358,4069B504F333F9DE
$C02743881ADC03F6,C023885DFBF6366,4014CD6B6889D603,4069B504F333F9DE
$C02792CA694C0616,C023AE327732BDD,40147591809AD8B4,4069B504F333F9DE
$C027E4FFED14BBC4,C023CD18B6A608D,40141DB798ABDB66,4069B504F333F9DE
$C028398DD7CD4D9E,C023E4D68AACDBC,4013C5DDB0BCDE13,4069B504F333F9DE
$C0288FD4F071CEC4,C023F53F3E3C33E,40136E03C8CDE0C3,4069B504F333F9DE
$C028E732BF37883B,C023FE33EB11393,40131629E0DEE374,4069B504F333F9DE
$C0293F02BF7DAFB4,C023FFA3B3E0E83,4012BE4FF8EFE624,4069B504F333F9DE
$C029969F959A6D7E,C023F98BE419E19,401266761100E8D4,4069B504F333F9DE
$C029ED64463CD047,C023EBF7F4FC939,40120E9C2911EB85,4069B504F333F9DE
$C02A42AD6D1952DE,C023D701780025,4011B6C24122EE36,4069B504F333F9DE
$C02A95DA7097EDBE,C023BACFE6ACD0C,40115EE85933F0E4,4069B504F333F9DE
$C02AE64EB040519,C023979858465CA,4011070E7144F39B,4069B504F333F9DE
$C02B3372ABAACE,C0236D9D1DD2A57,4010AF348955F648,4069B504F333F9DE
$C02B7CB51FCA7F18,C0233D2D4538832,4010575AA166F8FB,4069B504F333F9DE
$C02BC18C187787D8,C02306A404622CA,400FFF0172EFF74E,4069B504F333F9DE
$C02C0175F43640FD,C022CA680D7B701,400F4F4DA311FCC9,4069B504F333F9DE
$C02C3BFA58522D0C,C02288EACD8F2CA,400E9F99D3340213,4069B504F333F9DE
$C02C70AB13810629,C02242A796F0389,400DEFE603560778,4069B504F333F9DE
$C02C9F24ED631F1C,C021F822B8FFE68,400D403233780CD3,4069B504F333F9DE
$C02CC710615A5986,C021A9E88707781,400C907E639A1219,4069B504F333F9DE
$C02CE8224357DBBC,C021588C4FF9A8A,400BE0CA93BC17A,4069B504F333F9DE
$C02D021C4D6A2FA,C02104A7490DE77,400B3116C3DE1D02,4069B504F333F9DE
$C02D14CD95013B22,C020AED76D3F9DB,400A8162F4002264,4069B504F333F9DE
$C02D2012E70B4068,C02057BE53D0C4B,4009D1AF242227C7,4069B504F333F9DE
$C02D23D70A3D70A2,C02,400921FB54442D18,4069B504F333F9DE
4 38 388
4 39 68
4 40 392
4 41 594
4 42 0
4 43 0
3 32 ->
4 33 69
4 34 4
4 35 0
4 36 [2]
$1,-1
4 37 [38][4]
$C02523D70A3D70A6,C02,401921FB54442D18,4069B504F333F9DE
$C02525482A166942,C0203652849BC94,4018EBA247BDB5C,4069B504F333F9DE
$C0252DB28D4308FE,C0208DBE11CF6D3,401893C85FCEB86A,4069B504F333F9DE
$C0253D92A6D9DFD4,C020E41EB567256,40183BEE77DFBB27,4069B504F333F9DE
$C02554CA91D35FA1,C02138D1C77EDB9,4017E4148FF0BDCC,4069B504F333F9DE
$C025732E954E856E,C0218B37C91BF3C,40178C3AA801C081,4069B504F333F9DE
$C025988576E5F27D,C021DAB59085577,40173460C012C329,4069B504F333F9DE
$C025C488E673CE49,C02226B56D72AE3,4016DC86D823C5E,4069B504F333F9DE
$C025F6E60279831E,C0226EA842EC908,401684ACF034C886,4069B504F333F9DE
$C0262F3DF43200FD,C022B20694CAE7B,40162CD30845CB3E,4069B504F333F9DE
$C0266D26A228A19C,C022F05186D6021,4015D4F92056CDEE,4069B504F333F9DE
$C026B02B78046132,C0232913CBA9EBF,40157D1F3867D0A3,4069B504F333F9DE
$C026F7CE420F3194,C0235BE2819A365,401525455078D358,4069B504F333F9DE
$C02743881ADC03F6,C023885DFBF6366,4014CD6B6889D603,4069B504F333F9DE
$C02792CA694C0616,C023AE327732BDD,40147591809AD8B4,4069B504F333F9DE
$C027E4FFED14BBC4,C023CD18B6A608D,40141DB798ABDB66,4069B504F333F9DE
$C028398DD7CD4D9E,C023E4D68AACDBC,4013C5DDB0BCDE13,4069B504F333F9DE
$C0288FD4F071CEC4,C023F53F3E3C33E,40136E03C8CDE0C3,4069B504F333F9DE
$C028E732BF37883B,C023FE33EB11393,40131629E0DEE374,4069B504F333F9DE
$C0293F02BF7DAFB4,C023FFA3B3E0E83,4012BE4FF8EFE624,4069B504F333F9DE
$C029969F959A6D7E,C023F98BE419E19,401266761100E8D4,4069B504F333F9DE
$C029ED64463CD047,C023EBF7F4FC939,40120E9C2911EB85,4069B504F333F9DE
$C02A42AD6D1952DE,C023D701780025,4011B6C24122EE36,4069B504F333F9DE
$C02A95DA7097EDBE,C023BACFE6ACD0C,40115EE85933F0E4,4069B504F333F9DE
$C02AE64EB040519,C023979858465CA,4011070E7144F39B,4069B504F333F9DE
$C02B3372ABAACE,C0236D9D1DD2A57,4010AF348955F648,4069B504F333F9DE
$C02B7CB51FCA7F18,C0233D2D4538832,4010575AA166F8FB,4069B504F333F9DE
$C02BC18C187787D8,C02306A404622CA,400FFF0172EFF74E,4069B504F333F9DE
$C02C0175F43640FD,C022CA680D7B701,400F4F4DA311FCC9,4069B504F333F9DE
$C02C3BFA58522D0C,C02288EACD8F2CA,400E9F99D3340213,4069B504F333F9DE
$C02C70AB13810629,C02242A796F0389,400DEFE603560778,4069B504F333F9DE
$C02C9F24ED631F1C,C021F822B8FFE68,400D403233780CD3,4069B504F333F9DE
$C02CC710615A5986,C021A9E88707781,400C907E639A1219,4069B504F333F9DE
$C02CE8224357DBBC,C021588C4FF9A8A,400BE0CA93BC17A,4069B504F333F9DE
$C02D021C4D6A2FA,C02104A7490DE77,400B3116C3DE1D02,4069B504F333F9DE
$C02D14CD95013B22,C020AED76D3F9DB,400A8162F4002264,4069B504F333F9DE
$C02D2012E70B4068,C02057BE53D0C4B,4009D1AF242227C7,4069B504F333F9DE
$C02D23D70A3D70A2,C02,400921FB54442D18,4069B504F333F9DE
4 38 387
4 39 67
4 40 391
4 41 593
4 42 0
4 43 0
3 32 ->
4 33 430
4 34 4
4 35 0
4 36 [2]
$1,-1
4 37 [2][4]
$400921FB54442D18,406A1504F333F9DE,400921FB54442D18,406A1504F333F9DE
$400921FB54442D18,4069B504F333F9DE,400921FB54442D18,4069B504F333F9DE
4 38 68
4 39 428
4 40 70
4 41 466
4 42 0
4 43 0
3 32 ->
4 33 429
4 34 4
4 35 0
4 36 [2]
$1,-1
4 37 [2][4]
$400921FB54442D18,406A1504F333F9DE,400921FB54442D18,406A1504F333F9DE
$400921FB54442D18,4069B504F333F9DE,400921FB54442D18,4069B504F333F9DE
4 38 67
4 39 427
4 40 69
4 41 465
4 42 0
4 43 0
3 32 ->
4 33 596
4 34 4
4 35 0
4 36 [2]
$1,-1
4 37 [38][4]
$401921FB54442D18,406A1504F333F9DE,4014,C02523D70A3D70A6
$4018EBA247BDB5C,406A1504F333F9DE,4013935AF6C86D8,C02525482A166942
$401893C85FCEB86A,406A1504F333F9DE,4012E483DC6125A,C0252DB28D4308FE
$40183BEE77DFBB27,406A1504F333F9DE,401237C29531B54,C0253D92A6D9DFD4
$4017E4148FF0BDCC,406A1504F333F9DE,40118E5C710248E,C02554CA91D35FA1
$40178C3AA801C081,406A1504F333F9DE,4010E9906DC8188,C025732E954E856E
$40173460C012C329,406A1504F333F9DE,40104A94DEF5512,C025988576E5F27D
$4016DC86D823C5E,406A1504F333F9DE,400F652A4A35474,C025C488E673CE49
$401684ACF034C886,406A1504F333F9DE,400E455EF44DBE,C025F6E60279831E
$40162CD30845CB3E,406A1504F333F9DE,400D37E5ACD4614,C0262F3DF43200FD
$4015D4F92056CDEE,406A1504F333F9DE,400C3EB9E4A7F7C,C0266D26A228A19C
$40157D1F3867D0A3,406A1504F333F9DE,400B5BB0D158504,C026B02B78046132
$401525455078D358,406A1504F333F9DE,400A9075F99726C,C026F7CE420F3194
$4014CD6B6889D603,406A1504F333F9DE,4009DE881027268,C02743881ADC03F6
$40147591809AD8B4,406A1504F333F9DE,40094736233508C,C02792CA694C0616
$40141DB798ABDB66,406A1504F333F9DE,4008CB9D2567DCC,C027E4FFED14BBC4
$4013C5DDB0BCDE13,406A1504F333F9DE,40086CA5D54C91,C028398DD7CD4D9E
$40136E03C8CDE0C3,406A1504F333F9DE,40082B03070F308,C0288FD4F071CEC4
$40131629E0DEE374,406A1504F333F9DE,4008073053BB1B4,C028E732BF37883B
$4012BE4FF8EFE624,406A1504F333F9DE,40080171307C5F4,C0293F02BF7DAFB4
$401266761100E8D4,406A1504F333F9DE,400819D06F9879C,C029969F959A6D7E
$40120E9C2911EB85,406A1504F333F9DE,400850202C0DB1C,C029ED64463CD047
$4011B6C24122EE36,406A1504F333F9DE,4008A3FA1FFF6C,C02A42AD6D1952DE
$40115EE85933F0E4,406A1504F333F9DE,400914C0654CBD,C02A95DA7097EDBE
$4011070E7144F39B,406A1504F333F9DE,4009A19E9EE68D8,C02AE64EB040519
$4010AF348955F648,406A1504F333F9DE,400A498B88B56A4,C02B3372ABAACE
$4010575AA166F8FB,406A1504F333F9DE,400B0B4AEB1DF38,C02B7CB51FCA7F18
$400FFF0172EFF74E,406A1504F333F9DE,400BE56FEE774D8,C02BC18C187787D8
$400F4F4DA311FCC9,406A1504F333F9DE,400CD65FCA123FC,C02C0175F43640FD
$400E9F99D3340213,406A1504F333F9DE,400DDC54C9C34D8,C02C3BFA58522D0C
$400DEFE603560778,406A1504F333F9DE,400EF561A43F1DC,C02C70AB13810629
$400D403233780CD3,406A1504F333F9DE,40100FBA8E0033,C02C9F24ED631F1C
$400C907E639A1219,406A1504F333F9DE,4010AC2EF1F10FE,C02CC710615A5986
$400BE0CA93BC17A,406A1504F333F9DE,40114EE7600CAEC,C02CE8224357DBBC
$400B3116C3DE1D02,406A1504F333F9DE,4011F6B16DE4312,C02D021C4D6A2FA
$400A8162F4002264,406A1504F333F9DE,4012A2512580C4A,C02D14CD95013B22
$4009D1AF242227C7,406A1504F333F9DE,40135083585E76A,C02D2012E70B4068
$400921FB54442D18,406A1504F333F9DE,4014,C02D23D70A3D70A2
4 38 68
4 39 462
4 40 430
4 41 466
4 42 0
4 43 0
3 32 ->
4 33 595
4 34 4
4 35 0
4 36 [2]
$1,-1
4 37 [38][4]
$401921FB54442D18,406A1504F333F9DE,4014,C02523D70A3D70A6
$4018EBA247BDB5C,406A1504F333F9DE,4013935AF6C86D8,C02525482A166942
$401893C85FCEB86A,406A1504F333F9DE,4012E483DC6125A,C0252DB28D4308FE
$40183BEE77DFBB27,406A1504F333F9DE,401237C29531B54,C0253D92A6D9DFD4
$4017E4148FF0BDCC,406A1504F333F9DE,40118E5C710248E,C02554CA91D35FA1
$40178C3AA801C081,406A1504F333F9DE,4010E9906DC8188,C025732E954E856E
$40173460C012C329,406A1504F333F9DE,40104A94DEF5512,C025988576E5F27D
$4016DC86D823C5E,406A1504F333F9DE,400F652A4A35474,C025C488E673CE49
$401684ACF034C886,406A1504F333F9DE,400E455EF44DBE,C025F6E60279831E
$40162CD30845CB3E,406A1504F333F9DE,400D37E5ACD4614,C0262F3DF43200FD
$4015D4F92056CDEE,406A1504F333F9DE,400C3EB9E4A7F7C,C0266D26A228A19C
$40157D1F3867D0A3,406A1504F333F9DE,400B5BB0D158504,C026B02B78046132
$401525455078D358,406A1504F333F9DE,400A9075F99726C,C026F7CE420F3194
$4014CD6B6889D603,406A1504F333F9DE,4009DE881027268,C02743881ADC03F6
$40147591809AD8B4,406A1504F333F9DE,40094736233508C,C02792CA694C0616
$40141DB798ABDB66,406A1504F333F9DE,4008CB9D2567DCC,C027E4FFED14BBC4
$4013C5DDB0BCDE13,406A1504F333F9DE,40086CA5D54C91,C028398DD7CD4D9E
$40136E03C8CDE0C3,406A1504F333F9DE,40082B03070F308,C0288FD4F071CEC4
$40131629E0DEE374,406A1504F333F9DE,4008073053BB1B4,C028E732BF37883B
$4012BE4FF8EFE624,406A1504F333F9DE,40080171307C5F4,C0293F02BF7DAFB4
$401266761100E8D4,406A1504F333F9DE,400819D06F9879C,C029969F959A6D7E
$40120E9C2911EB85,406A1504F333F9DE,400850202C0DB1C,C029ED64463CD047
$4011B6C24122EE36,406A1504F333F9DE,4008A3FA1FFF6C,C02A42AD6D1952DE
$40115EE85933F0E4,406A1504F333F9DE,400914C0654CBD,C02A95DA7097EDBE
$4011070E7144F39B,406A1504F333F9DE,4009A19E9EE68D8,C02AE64EB040519
$4010AF348955F648,406A1504F333F9DE,400A498B88B56A4,C02B3372ABAACE
$4010575AA166F8FB,406A1504F333F9DE,400B0B4AEB1DF38,C02B7CB51FCA7F18
$400FFF0172EFF74E,406A1504F333F9DE,400BE56FEE774D8,C02BC18C187787D8
$400F4F4DA311FCC9,406A1504F333F9DE,400CD65FCA123FC,C02C0175F43640FD
$400E9F99D3340213,406A1504F333F9DE,400DDC54C9C34D8,C02C3BFA58522D0C
$400DEFE603560778,406A1504F333F9DE,400EF561A43F1DC,C02C70AB13810629
$400D403233780CD3,406A1504F333F9DE,40100FBA8E0033,C02C9F24ED631F1C
$400C907E639A1219,406A1504F333F9DE,4010AC2EF1F10FE,C02CC710615A5986
$400BE0CA93BC17A,406A1504F333F9DE,40114EE7600CAEC,C02CE8224357DBBC
$400B3116C3DE1D02,406A1504F333F9DE,4011F6B16DE4312,C02D021C4D6A2FA
$400A8162F4002264,406A1504F333F9DE,4012A2512580C4A,C02D14CD95013B22
$4009D1AF242227C7,406A1504F333F9DE,40135083585E76A,C02D2012E70B4068
$400921FB54442D18,406A1504F333F9DE,4014,C02D23D70A3D70A2
4 38 67
4 39 461
4 40 429
4 41 465
4 42 0
4 43 0
3 32 ->
4 33 594
4 34 4
4 35 0
4 36 [2]
$1,-1
4 37 [2][4]
$0,406A1504F333F9DE,401921FB54442D18,406A1504F333F9DE
$0,4069B504F333F9DE,401921FB54442D18,4069B504F333F9DE
4 38 428
4 39 68
4 40 392
4 41 596
4 42 0
4 43 0
3 32 ->
4 33 593
4 34 4
4 35 0
4 36 [2]
$1,-1
4 37 [2][4]
$0,406A1504F333F9DE,401921FB54442D18,406A1504F333F9DE
$0,4069B504F333F9DE,401921FB54442D18,4069B504F333F9DE
4 38 427
4 39 67
4 40 391
4 41 595
4 42 0
4 43 0
3 32 ->
4 33 74
4 34 4
4 35 0
4 36 [2]
$1,-1
4 37 [98][4]
$400921FB54442D18,4014000000000004,3FF,0
$4008E72F321566F4,4014000000000004,3FEFFFFFFFFFFFFF,3F8CFC100B339B64
$4008A4C6B43A8336,4014000000000004,3FEFFFFFFFFFFFFB,3F9E61D3FF72D8D5
$4008625E365F9F79,4014000000000004,3FF,3FA6E5B3A30FBDF7
$40081FF5B884BBBC,4014000000000004,3FF,3FAE611582623E3F
$4007DD8D3AA9D7FF,4014000000000004,3FF,3FB2D33F610AAC69
$40079B24BCCEF442,4014000000000004,3FF,3FB65C8FC37ADA56
$400758BC3EF41085,4014000000000004,3FEFFFFFFFFFFFFF,3FB9CDF75AC31F44
$40071653C1192CC7,4014000000000004,3FEFFFFFFFFFFFFF,3FBD28D78A9AA97E
$4006D3EB433E490A,4014000000000004,3FF,3FC0373CFAA40DB
$40069182C563654D,4014000000000004,3FEFFFFFFFFFFFFF,3FC1D009463B8D32
$40064F1A4788819,4014000000000004,3FEFFFFFFFFFFFFD,3FC35F60B67521DA
$40060CB1C9AD9DD3,4014000000000004,3FEFFFFFFFFFFFF4,3FC4E5CA459C3241
$4005CA494BD2BA16,4014000000000004,3FF,3FC663C49B7ACF9F
$400587E0CDF7D659,4014000000000004,3FEFFFFFFFFFFFFD,3FC7D9C6BC7C5CCF
$40054578501CF29C,4014000000000004,3FEFFFFFFFFFFFF3,3FC94840A86ABEA2
$4005030FD2420EDE,4014000000000004,3FEFFFFFFFFFFFFD,3FCAAF9BEA9177FB
$4004C0A754672B21,4014000000000004,3FEFFFFFFFFFFFFC,3FCC103C1CD9FCFD
$40047E3ED68C4763,4014000000000004,3FEFFFFFFFFFFFFB,3FCD6A7F5F440FF4
$40043BD658B163A7,4014000000000004,3FEFFFFFFFFFFFF1,3FCEBEBEC4F2FF4A
$4003F96DDAD67FEA,4014000000000004,3FEFFFFFFFFFFFF1,3FD006A75BF2164B
$4003B7055CFB9C2D,4014000000000004,3FEFFFFFFFFFFFFF,3FD0AB3FAA21C971
$4003749CDF20B86F,4014000000000004,3FEFFFFFFFFFFFF9,3FD14D4E5E1BB14A
$400332346145D4B1,4014000000000004,3FEFFFFFFFFFFFF3,3FD1ECF7B271D521
$4002EFCBE36AF0F4,4014000000000004,3FEFFFFFFFFFFFF8,3FD28A5E2EA8F49B
$4002AD6365900D37,4014000000000004,3FF,3FD325A2C7EAF449
$40026AFAE7B52979,4014000000000004,3FF,3FD3BEE4FF3C7DF1
$4002289269DA45BD,4014000000000004,3FEFFFFFFFFFFFFD,3FD45642FD73410D
$4001E629EBFF62,4014000000000004,3FEFFFFFFFFFFFFF,3FD4EBD9AD23F718
$4001A3C16E247E43,4014000000000004,3FEFFFFFFFFFFFFD,3FD57FC4D2B9C362
$40016158F0499A85,4014000000000004,3FF,3FD6121F22E3A299
$40011EF0726EB6C8,4014000000000004,3FF,3FD6A3025780495E
$4000DC87F493D30B,4014000000000004,3FEFFFFFFFFFFFFD,3FD73287432CFEFA
$40009A1F76B8EF4E,4014000000000004,3FF,3FD7C0C5E3989D5D
$400057B6F8DE0B9,4014000000000004,3FEFFFFFFFFFFFFF,3FD84DD572B8DF3B
$4000154E7B0327D4,4014000000000004,3FEFFFFFFFFFFFFB,3FD8D9CC76FD7D15
$3FFFA5CBFA50882D,4014000000000004,3FF,3FD964C0D29A3E6E
$3FFF20FAFE9AC0B3,4014000000000004,3FF,3FD9EEC7D1FF0DF8
$3FFE9C2A02E4F936,4014000000000004,3FEFFFFFFFFFFFFD,3FDA77F6399347A3
$3FFE1759072F31BD,4014000000000004,3FEFFFFFFFFFFFFB,3FDB006052C7D4BF
$3FFD92880B796A42,4014000000000004,3FF,3FDB8819F8923A5A
$3FFD0DB70FC3A2C7,4014000000000004,3FEFFFFFFFFFFFFD,3FDC0F36A36179FE
$3FFC88E6140DDB4D,4014000000000004,3FF,3FDC95C9749C886F
$3FFC0415185813D2,4014000000000004,3FF,3FDD1BE541B9274A
$3FFB7F441CA24C58,4014000000000004,3FF,3FDDA19C9EF91803
$3FFAFA7320EC84DD,4014000000000004,3FEFFFFFFFFFFFFE,3FDE2701E9DAE805
$3FFA75A22536BD62,4014000000000004,3FF,3FDEAC27534AFA74
$3FF9F0D12980F5EA,4014000000000004,3FEFFFFFFFFFFFFE,3FDF311EE9A0F435
$3FF96C002DCB2E7,4014000000000004,3FEFFFFFFFFFFFFE,3FDFB5FAA275488
$3FF8E72F321566F3,4014000000000004,3FF,3FE01D66322D2A18
$3FF8625E365F9F79,4014000000000004,3FEFFFFFFFFFFFFE,3FE05FD308421F2F
$3FF7DD8D3AA9D801,4014000000000004,3FF,3FE0A24CC6355978
$3FF758BC3EF41086,4014000000000004,3FEFFFFFFFFFFFFF,3FE0E4DC65B7BFAF
$3FF6D3EB433E490C,4014000000000004,3FF,3FE1278AEC4A91D8
$3FF64F1A4788819,4014000000000004,3FEFFFFFFFFFFFFC,3FE16A61702844A3
$3FF5CA494BD2BA14,4014000000000004,3FF,3FE1AD691D40A33
$3FF54578501CF29C,4014000000000004,3FEFFFFFFFFFFFFD,3FE1F0AB3A4E10FB
$3FF4C0A754672B2,4014000000000004,3FF,3FE234312E09F7B6
$3FF43BD658B163A7,4014000000000004,3FEFFFFFFFFFFFFF,3FE278048486AB9F
$3FF3B7055CFB9C2C,4014000000000004,3FF,3FE2BC2EF4B55C5A
$3FF332346145D4B2,4014000000000004,3FF,3FE300BA661F026
$3FF2AD6365900D38,4014000000000004,3FF,3FE345B0F6D7A265
$3FF2289269DA45BE,4014000000000004,3FEFFFFFFFFFFFFF,3FE38B1D01B3B96E
$3FF1A3C16E247E42,4014000000000004,3FF,3FE3D10924C83077
$3FF11EF0726EB6C8,4014000000000004,3FF,3FE41780483DD5E8
$3FF09A1F76B8EF4E,4014000000000004,3FF,3FE45E8DA58210F9
$3FF0154E7B0327D4,4014000000000004,3FF,3FE4A63CCEDF50BE
$3FEF20FAFE9AC0B3,4014000000000004,3FF,3FE4EE99B788A1FE
$3FEE1759072F31BB,4014000000000004,3FEFFFFFFFFFFFF7,3FE537B0BC24DE29
$3FED0DB70FC3A2C8,4014000000000004,3FEFFFFFFFFFFFFD,3FE5818EABE70F3C
$3FEC0415185813D1,4014000000000004,3FEFFFFFFFFFFFF6,3FE5CC40D242F3E7
$3FEAFA7320EC84DE,4014000000000004,3FF,3FE617D5014E0A56
$3FE9F0D12980F5E9,4014000000000004,3FEFFFFFFFFFFFFE,3FE664599CDF334E
$3FE8E72F321566F3,4014000000000004,3FF,3FE6B1DDA680E2A3
$3FE7DD8D3AA9D7FF,4014000000000004,3FF,3FE70070CA4BF39
$3FE6D3EB433E490D,4014000000000004,3FF,3FE750236CC3A189
$3FE5CA494BD2BA17,4014000000000004,3FF,3FE7A106B9CDE0FB
$3FE4C0A754672B21,4014000000000004,3FF,3FE7F32CB4E66D19
$3FE3B7055CFB9C2D,4014000000000004,3FF,3FE846A84AAE63EE
$3FE2AD6365900D36,4014000000000004,3FF,3FE89B8D63FE49F2
$3FE1A3C16E247E44,4014000000000004,3FF,3FE8F1F0FAA4DCC2
$3FE09A1F76B8EF4C,4014000000000004,3FF,3FE949E930024E95
$3FDF20FAFE9AC0B1,4014000000000004,3FF,3FE9A38D65B57454
$3FDD0DB70FC3A2C5,4014000000000004,3FF,3FE9FEF658973D19
$3FDAFA7320EC84DF,4014000000000004,3FF,3FEA5C3E3E4895A1
$3FD8E72F321566F6,4014000000000004,3FEFFFFFFFFFFFF8,3FEABB80E59FD1BA
$3FD6D3EB433E490B,4014000000000004,3FF,3FEB1CDBDA4D0854
$3FD4C0A754672B1F,4014000000000004,3FF,3FEB806E8C18BA55
$3FD2AD6365900D38,4014000000000004,3FF,3FEBE65A7A2DE60C
$3FD09A1F76B8EF4E,4014000000000004,3FF,3FEC4EC362F0A6D
$3FCD0DB70FC3A2C6,4014000000000004,3FF,3FECB9CF78F5174A
$3FC8E72F321566F2,4014000000000004,3FF,3FED27A79DBFD725
$3FC4C0A754672B21,4014000000000004,3FF,3FED9877A312E5DA
$3FC09A1F76B8EF4C,4014000000000004,3FF,3FEE0C6E93A72E47
$3FB8E72F321566F2,4014000000000004,3FF,3FEE83BF0455F989
$3FB09A1F76B8EF4D,4014000000000004,3FEFFFFFFFFFFFFB,3FEEFE9F6EDE9382
$3FA09A1F76B8EF4C,4014000000000004,3FEFFFFFFFFFFFF6,3FEF7D4A97A4F985
$0,4014000000000004,3FF,3FF
4 38 72
4 39 306
4 40 598
4 41 534
4 42 0
4 43 0
3 32 ->
4 33 73
4 34 4
4 35 0
4 36 [2]
$1,-1
4 37 [98][4]
$400921FB54442D18,4014000000000004,3FF,0
$4008E72F321566F4,4014000000000004,3FEFFFFFFFFFFFFF,3F8CFC100B339B64
$4008A4C6B43A8336,4014000000000004,3FEFFFFFFFFFFFFB,3F9E61D3FF72D8D5
$4008625E365F9F79,4014000000000004,3FF,3FA6E5B3A30FBDF7
$40081FF5B884BBBC,4014000000000004,3FF,3FAE611582623E3F
$4007DD8D3AA9D7FF,4014000000000004,3FF,3FB2D33F610AAC69
$40079B24BCCEF442,4014000000000004,3FF,3FB65C8FC37ADA56
$400758BC3EF41085,4014000000000004,3FEFFFFFFFFFFFFF,3FB9CDF75AC31F44
$40071653C1192CC7,4014000000000004,3FEFFFFFFFFFFFFF,3FBD28D78A9AA97E
$4006D3EB433E490A,4014000000000004,3FF,3FC0373CFAA40DB
$40069182C563654D,4014000000000004,3FEFFFFFFFFFFFFF,3FC1D009463B8D32
$40064F1A4788819,4014000000000004,3FEFFFFFFFFFFFFD,3FC35F60B67521DA
$40060CB1C9AD9DD3,4014000000000004,3FEFFFFFFFFFFFF4,3FC4E5CA459C3241
$4005CA494BD2BA16,4014000000000004,3FF,3FC663C49B7ACF9F
$400587E0CDF7D659,4014000000000004,3FEFFFFFFFFFFFFD,3FC7D9C6BC7C5CCF
$40054578501CF29C,4014000000000004,3FEFFFFFFFFFFFF3,3FC94840A86ABEA2
$4005030FD2420EDE,4014000000000004,3FEFFFFFFFFFFFFD,3FCAAF9BEA9177FB
$4004C0A754672B21,4014000000000004,3FEFFFFFFFFFFFFC,3FCC103C1CD9FCFD
$40047E3ED68C4763,4014000000000004,3FEFFFFFFFFFFFFB,3FCD6A7F5F440FF4
$40043BD658B163A7,4014000000000004,3FEFFFFFFFFFFFF1,3FCEBEBEC4F2FF4A
$4003F96DDAD67FEA,4014000000000004,3FEFFFFFFFFFFFF1,3FD006A75BF2164B
$4003B7055CFB9C2D,4014000000000004,3FEFFFFFFFFFFFFF,3FD0AB3FAA21C971
$4003749CDF20B86F,4014000000000004,3FEFFFFFFFFFFFF9,3FD14D4E5E1BB14A
$400332346145D4B1,4014000000000004,3FEFFFFFFFFFFFF3,3FD1ECF7B271D521
$4002EFCBE36AF0F4,4014000000000004,3FEFFFFFFFFFFFF8,3FD28A5E2EA8F49B
$4002AD6365900D37,4014000000000004,3FF,3FD325A2C7EAF449
$40026AFAE7B52979,4014000000000004,3FF,3FD3BEE4FF3C7DF1
$4002289269DA45BD,4014000000000004,3FEFFFFFFFFFFFFD,3FD45642FD73410D
$4001E629EBFF62,4014000000000004,3FEFFFFFFFFFFFFF,3FD4EBD9AD23F718
$4001A3C16E247E43,4014000000000004,3FEFFFFFFFFFFFFD,3FD57FC4D2B9C362
$40016158F0499A85,4014000000000004,3FF,3FD6121F22E3A299
$40011EF0726EB6C8,4014000000000004,3FF,3FD6A3025780495E
$4000DC87F493D30B,4014000000000004,3FEFFFFFFFFFFFFD,3FD73287432CFEFA
$40009A1F76B8EF4E,4014000000000004,3FF,3FD7C0C5E3989D5D
$400057B6F8DE0B9,4014000000000004,3FEFFFFFFFFFFFFF,3FD84DD572B8DF3B
$4000154E7B0327D4,4014000000000004,3FEFFFFFFFFFFFFB,3FD8D9CC76FD7D15
$3FFFA5CBFA50882D,4014000000000004,3FF,3FD964C0D29A3E6E
$3FFF20FAFE9AC0B3,4014000000000004,3FF,3FD9EEC7D1FF0DF8
$3FFE9C2A02E4F936,4014000000000004,3FEFFFFFFFFFFFFD,3FDA77F6399347A3
$3FFE1759072F31BD,4014000000000004,3FEFFFFFFFFFFFFB,3FDB006052C7D4BF
$3FFD92880B796A42,4014000000000004,3FF,3FDB8819F8923A5A
$3FFD0DB70FC3A2C7,4014000000000004,3FEFFFFFFFFFFFFD,3FDC0F36A36179FE
$3FFC88E6140DDB4D,4014000000000004,3FF,3FDC95C9749C886F
$3FFC0415185813D2,4014000000000004,3FF,3FDD1BE541B9274A
$3FFB7F441CA24C58,4014000000000004,3FF,3FDDA19C9EF91803
$3FFAFA7320EC84DD,4014000000000004,3FEFFFFFFFFFFFFE,3FDE2701E9DAE805
$3FFA75A22536BD62,4014000000000004,3FF,3FDEAC27534AFA74
$3FF9F0D12980F5EA,4014000000000004,3FEFFFFFFFFFFFFE,3FDF311EE9A0F435
$3FF96C002DCB2E7,4014000000000004,3FEFFFFFFFFFFFFE,3FDFB5FAA275488
$3FF8E72F321566F3,4014000000000004,3FF,3FE01D66322D2A18
$3FF8625E365F9F79,4014000000000004,3FEFFFFFFFFFFFFE,3FE05FD308421F2F
$3FF7DD8D3AA9D801,4014000000000004,3FF,3FE0A24CC6355978
$3FF758BC3EF41086,4014000000000004,3FEFFFFFFFFFFFFF,3FE0E4DC65B7BFAF
$3FF6D3EB433E490C,4014000000000004,3FF,3FE1278AEC4A91D8
$3FF64F1A4788819,4014000000000004,3FEFFFFFFFFFFFFC,3FE16A61702844A3
$3FF5CA494BD2BA14,4014000000000004,3FF,3FE1AD691D40A33
$3FF54578501CF29C,4014000000000004,3FEFFFFFFFFFFFFD,3FE1F0AB3A4E10FB
$3FF4C0A754672B2,4014000000000004,3FF,3FE234312E09F7B6
$3FF43BD658B163A7,4014000000000004,3FEFFFFFFFFFFFFF,3FE278048486AB9F
$3FF3B7055CFB9C2C,4014000000000004,3FF,3FE2BC2EF4B55C5A
$3FF332346145D4B2,4014000000000004,3FF,3FE300BA661F026
$3FF2AD6365900D38,4014000000000004,3FF,3FE345B0F6D7A265
$3FF2289269DA45BE,4014000000000004,3FEFFFFFFFFFFFFF,3FE38B1D01B3B96E
$3FF1A3C16E247E42,4014000000000004,3FF,3FE3D10924C83077
$3FF11EF0726EB6C8,4014000000000004,3FF,3FE41780483DD5E8
$3FF09A1F76B8EF4E,4014000000000004,3FF,3FE45E8DA58210F9
$3FF0154E7B0327D4,4014000000000004,3FF,3FE4A63CCEDF50BE
$3FEF20FAFE9AC0B3,4014000000000004,3FF,3FE4EE99B788A1FE
$3FEE1759072F31BB,4014000000000004,3FEFFFFFFFFFFFF7,3FE537B0BC24DE29
$3FED0DB70FC3A2C8,4014000000000004,3FEFFFFFFFFFFFFD,3FE5818EABE70F3C
$3FEC0415185813D1,4014000000000004,3FEFFFFFFFFFFFF6,3FE5CC40D242F3E7
$3FEAFA7320EC84DE,4014000000000004,3FF,3FE617D5014E0A56
$3FE9F0D12980F5E9,4014000000000004,3FEFFFFFFFFFFFFE,3FE664599CDF334E
$3FE8E72F321566F3,4014000000000004,3FF,3FE6B1DDA680E2A3
$3FE7DD8D3AA9D7FF,4014000000000004,3FF,3FE70070CA4BF39
$3FE6D3EB433E490D,4014000000000004,3FF,3FE750236CC3A189
$3FE5CA494BD2BA17,4014000000000004,3FF,3FE7A106B9CDE0FB
$3FE4C0A754672B21,4014000000000004,3FF,3FE7F32CB4E66D19
$3FE3B7055CFB9C2D,4014000000000004,3FF,3FE846A84AAE63EE
$3FE2AD6365900D36,4014000000000004,3FF,3FE89B8D63FE49F2
$3FE1A3C16E247E44,4014000000000004,3FF,3FE8F1F0FAA4DCC2
$3FE09A1F76B8EF4C,4014000000000004,3FF,3FE949E930024E95
$3FDF20FAFE9AC0B1,4014000000000004,3FF,3FE9A38D65B57454
$3FDD0DB70FC3A2C5,4014000000000004,3FF,3FE9FEF658973D19
$3FDAFA7320EC84DF,4014000000000004,3FF,3FEA5C3E3E4895A1
$3FD8E72F321566F6,4014000000000004,3FEFFFFFFFFFFFF8,3FEABB80E59FD1BA
$3FD6D3EB433E490B,4014000000000004,3FF,3FEB1CDBDA4D0854
$3FD4C0A754672B1F,4014000000000004,3FF,3FEB806E8C18BA55
$3FD2AD6365900D38,4014000000000004,3FF,3FEBE65A7A2DE60C
$3FD09A1F76B8EF4E,4014000000000004,3FF,3FEC4EC362F0A6D
$3FCD0DB70FC3A2C6,4014000000000004,3FF,3FECB9CF78F5174A
$3FC8E72F321566F2,4014000000000004,3FF,3FED27A79DBFD725
$3FC4C0A754672B21,4014000000000004,3FF,3FED9877A312E5DA
$3FC09A1F76B8EF4C,4014000000000004,3FF,3FEE0C6E93A72E47
$3FB8E72F321566F2,4014000000000004,3FF,3FEE83BF0455F989
$3FB09A1F76B8EF4D,4014000000000004,3FEFFFFFFFFFFFFB,3FEEFE9F6EDE9382
$3FA09A1F76B8EF4C,4014000000000004,3FEFFFFFFFFFFFF6,3FEF7D4A97A4F985
$0,4014000000000004,3FF,3FF
4 38 71
4 39 305
4 40 597
4 41 533
4 42 0
4 43 0
3 32 ->
4 33 330
4 34 4
4 35 0
4 36 [2]
$1,-1
4 37 [2][4]
$400921FB54442D18,4024,400921FB54442D18,4024
$400921FB54442D18,4014000000000004,400921FB54442D18,4014000000000004
4 38 72
4 39 328
4 40 74
4 41 600
4 42 0
4 43 0
3 32 ->
4 33 329
4 34 4
4 35 0
4 36 [2]
$1,-1
4 37 [2][4]
$400921FB54442D18,4024,400921FB54442D18,4024
$400921FB54442D18,4014000000000004,400921FB54442D18,4014000000000004
4 38 71
4 39 327
4 40 73
4 41 599
4 42 0
4 43 0
3 32 ->
4 33 410
4 34 4
4 35 0
4 36 [2]
$1,-1
4 37 [98][4]
$402C,3CDEE2C2D963A10C,400921FB54442D18,4024
$402BFD0BCDCD5518,3FD9B8675FAFC468,4008E72F321566F4,4024
$402BF29BD916B9F8,3FEB5F251950F589,4008A4C6B43A8336,4024
$402BE0A64544A318,3FF4ED5C4A09E531,4008625E365F9F79,4024
$402BC72FE7C05DA4,3FFC2584205DD5E9,40081FF5B884BBBC,4024
$402BA63F9AEB42B,4001AB0C52032D79,4007DD8D3AA9D7FF,4024
$402B7DDE3C4688BC,40053E9539AD51A,40079B24BCCEF442,4024
$402B4E16AA1070D,4008CC665DFD9DD8,400758BC3EF41085,4024
$402B16F5C057735C,400C538ADFBAF72B,40071653C1192CC7,4024
$402AD88A5584367C,400FD30FAB8AC85F,4006D3EB433E490A,4024
$402A92E5365B3C1C,4011A501DDAE91DD,40069182C563654D,4024
$402A461921775B2C,40135BBC2BA5C1DD,40064F1A4788819,4024
$4029F23AC23E3B6,40150D40AAEC5A82,40060CB1C9AD9DD3,4024
$40299760AB502EF4,4016B91AADC04F71,4005CA494BD2BA16,4024
$402935A35074EA3,40185ED70CC36758,400587E0CDF7D659,4024
$4028CD1D0006BAB,4019FE0445F96F71,40054578501CF29C,4024
$40285DE9DBDE0454,401B96329B55055,4005030FD2420EDE,4024
$4027E827D1BEEB9C,401D26F430CABE29,4004C0A754672B21,4024
$40276BF6934B36C4,401EAFDD29E2933E,40047E3ED68C4763,4024
$4026E9778D7A914C,40201841E35FCF2B,40043BD658B163A7,4024
$402660CDDF9B7CD8,4020D440404B2AF6,4003F96DDAD67FEA,4024
$4025D21E51DF5C0C,40218BB712C4D004,4003B7055CFB9C2D,4024
$40253D8F4B74222C,40223E74F9F39E09,4003749CDF20B86F,4024
$4024A348C82E51E,4022EC49DA5E176C,400332346145D4B1,4024
$402403744DC6130C,40239506EADD04C5,4002EFCBE36AF0F4,4024
$40235E3CE0AA457,4024387EC13309BA,4002AD6365900D37,4024
$4022B3CEF86C91E8,4024D6855E45C78E,40026AFAE7B52979,4024
$4022045873C9982,40256EF039F54342,4002289269DA45BD,4024
$402150088C50711C,402601964E8E5F64,4001E629EBFF62,4024
$4020970FC9ACD9B8,40268E5023D554C9,4001A3C16E247E43,4024
$401FB33FE92EE038,402714F7D9A5317F,40016158F0499A85,4024
$401E2FD812DF11F,4027956932218211,40011EF0726EB6C8,4024
$401CA45055046DE8,40280F819B7766A5,4000DC87F493D30B,4024
$401B111324046CA,40288320392B73FD,40009A1F76B8EF4E,4024
$4019768D076906D,4028F025ECF1DF26,400057B6F8DE0B9,4024
$4017D52C7CAAEE08,402956755F0E929D,4000154E7B0327D4,4024
$40162D61D974ADA,4029B5F3063AEBB7,3FFFA5CBFA50882D,4024
$40147F9F2D66B558,402A0E852F0F003,3FFF20FAFE9AC0B3,4024
$4012CC582364702,402A601402EC6D4C,3FFE9C2A02E4F936,4024
$40111401E272AAE,402AAA898E68D3D6,3FFE1759072F31BD,4024
$400EAE25DC5F574,402AEDD1C7364707,3FFD92880B796A42,4024
$400B2C060DDAEC2,402B29DA91881735,3FFD0DB70FC3A2C7,4024
$4007A29612EDA5F,402B5E93C4F284A4,3FFC88E6140DDB4D,4024
$400412C99D0F8E6,402B8BEF30C40ABD,3FFC0415185813D2,4024
$40007D961404779,402BB1E09FD717F8,3FFB7F441CA24C58,4024
$3FF9C7E4A79EA9,402BD05DDBDB2B51,3FFAFA7320EC84DD,4024
$3FF28DACD482C4A,402BE75EB01474F3,3FFA75A22536BD62,4024
$3FE69CED50DC0B,402BF6DCEB913CB6,3FF9F0D12980F5EA,4024
$3FD030D5D4A202,402BFED462D47637,3FF96C002DCB2E7,4024
$BFC9B9150ECFAE,402BFF42F0F50FC9,3FF8E72F321566F3,4024
$BFE4F33A5C2B908,402BF8287831AEE4,3FF8625E365F9F79,4024
$BFF1B945FCA7D68,402BE986E1F8B24E,3FF7DD8D3AA9D801,4024
$BFF8F4299CED9BA,402BD3621E6477DD,3FF758BC3EF41086,4024
$C000142AF37886D,402BB5C0232C093A,3FF6D3EB433E490C,4024
$C003A9ED40BE03B,402B90A8EA0878B9,3FF64F1A4788819,4024
$C0073A64B3D792D,402B64266E8F5CC7,3FF5CA494BD2BA14,4024
$C00AC49BB6FC125,402B3044AB82FDCC,3FF54578501CF29C,4024
$C00E479E6321FA28,402AF5119798EFA9,3FF4C0A754672B2,4024
$C010E13D60D23B58,402AB29D21B7F501,3FF43BD658B163A7,4024
$C0129A2086B174F8,402A68F92CAE2F1E,3FF3B7055CFB9C2C,4024
$C0144E01F9A4A5B,402A18398A60C221,3FF332346145D4B2,4024
$C015FC6C6918045C,4029C073F67638EA,3FF2AD6365900D38,4024
$C017A4EBFD011B0C,402961C0107D188A,3FF2289269DA45BE,4024
$C019470E750C8768,4028FC37559035FC,3FF1A3C16E247E42,4024
$C01AE263475DFF2C,40288FF5197A8483,3FF11EF0726EB6C8,4024
$C01C767BBEDA51F8,40281D167F5C3511,3FF09A1F76B8EF4E,4024
$C01E02EB18F3419C,4027A3BA71D321B2,3FF0154E7B0327D4,4024
$C01F8746A2ED2B8C,402724019AA8A132,3FEF20FAFE9AC0B3,4024
$C0208192EB4B519A,40269E0E5A070063,3FEE1759072F31BB,4024
$C0213B113B3520EC,40261204BD38FE9C,3FED0DB70FC3A2C8,4024
$C021EFEC54898D2E,4025800A74F5CB0F,3FEC0415185813D1,4024
$C0229FF38A26342A,4024E846CB3C1F75,3FEAFA7320EC84DE,4024
$C0234AF77B8A9FA4,40244AE298BF32ED,3FE9F0D12980F5E9,4024
$C023F0CA2198963C,4023A80839E85DCF,3FE8E72F321566F3,4024
$C024913EDAF77706,4022FFE3837063BD,3FE7DD8D3AA9D7FF,4024
$C0252C2A78174A78,402252A1B69375A,3FE6D3EB433E490D,4024
$C025C16346D04CBA,4021A07174E31856,3FE5CA494BD2BA17,4024
$C02650C11D9BD0C4,4020E982B3B93747,3FE4C0A754672B21,4024
$C026DA1D666376F,40202E06AF4FC3A2,3FE3B7055CFB9C2D,4024
$C0275D5328E3CE4C,401EDC5FBB00B33F,3FE2AD6365900D36,4024
$C027DA3F149F94EC,401D5463C05EF97E,3FE1A3C16E247E44,4024
$C02850BF8A60EA1A,401BC482EECE25D,3FE09A1F76B8EF4C,4024
$C028C0B4A545E2D8,401A2D28E647B774,3FDF20FAFE9AC0B1,4024
$C0292A00435611E2,40188EC349B36CCC,3FDD0DB70FC3A2C5,4024
$C0298C860D9EB346,4016E9C1A16537DB,3FDAFA7320EC84DF,4024
$C029E82B7FD34D04,40153E953D188CAF,3FD8E72F321566F6,4024
$C02A3CD7EF70B708,40138DB115711E06,3FD6D3EB433E490B,4024
$C02A8A7492609EDC,4011D789AD093D7,3FD4C0A754672B1F,4024
$C02AD0EC851BBD9C,40101C94F116330D,3FD2AD6365900D38,4024
$C02B102CD04919A,400CBA943355FABD,3FD09A1F76B8EF4E,4024
$C02B48246DD8D052,4009344313440871,3FCD0DB70FC3A2C6,4024
$C02B78C44D9908AE,4005A7295C6CC2F6,3FC8E72F321566F2,4024
$C02BA1FF5943D29C,4002143BBCAAF056,3FC4C0A754672B21,4024
$C02BC3CA7804DBDA,3FFCF8E0E6C6967,3FC09A1F76B8EF4C,4024
$C02BDE1C917607B4,3FF5C17E1E7BA5CD,3FB8E72F321566F2,4024
$C02BF0EE90121BD4,3FED0880AE137D3F,3FB09A1F76B8EF4D,4024
$C02BFC3B631CD98C,3FDD0C6969DF3FCD,3FA09A1F76B8EF4C,4024
$C02BFFFFFFFFFFFE,0,0,4024
4 38 408
4 39 72
4 40 600
4 41 330
4 42 0
4 43 0
3 32 ->
4 33 409
4 34 4
4 35 0
4 36 [2]
$1,-1
4 37 [98][4]
$402C,3CDEE2C2D963A10C,400921FB54442D18,4024
$402BFD0BCDCD5518,3FD9B8675FAFC468,4008E72F321566F4,4024
$402BF29BD916B9F8,3FEB5F251950F589,4008A4C6B43A8336,4024
$402BE0A64544A318,3FF4ED5C4A09E531,4008625E365F9F79,4024
$402BC72FE7C05DA4,3FFC2584205DD5E9,40081FF5B884BBBC,4024
$402BA63F9AEB42B,4001AB0C52032D79,4007DD8D3AA9D7FF,4024
$402B7DDE3C4688BC,40053E9539AD51A,40079B24BCCEF442,4024
$402B4E16AA1070D,4008CC665DFD9DD8,400758BC3EF41085,4024
$402B16F5C057735C,400C538ADFBAF72B,40071653C1192CC7,4024
$402AD88A5584367C,400FD30FAB8AC85F,4006D3EB433E490A,4024
$402A92E5365B3C1C,4011A501DDAE91DD,40069182C563654D,4024
$402A461921775B2C,40135BBC2BA5C1DD,40064F1A4788819,4024
$4029F23AC23E3B6,40150D40AAEC5A82,40060CB1C9AD9DD3,4024
$40299760AB502EF4,4016B91AADC04F71,4005CA494BD2BA16,4024
$402935A35074EA3,40185ED70CC36758,400587E0CDF7D659,4024
$4028CD1D0006BAB,4019FE0445F96F71,40054578501CF29C,4024
$40285DE9DBDE0454,401B96329B55055,4005030FD2420EDE,4024
$4027E827D1BEEB9C,401D26F430CABE29,4004C0A754672B21,4024
$40276BF6934B36C4,401EAFDD29E2933E,40047E3ED68C4763,4024
$4026E9778D7A914C,40201841E35FCF2B,40043BD658B163A7,4024
$402660CDDF9B7CD8,4020D440404B2AF6,4003F96DDAD67FEA,4024
$4025D21E51DF5C0C,40218BB712C4D004,4003B7055CFB9C2D,4024
$40253D8F4B74222C,40223E74F9F39E09,4003749CDF20B86F,4024
$4024A348C82E51E,4022EC49DA5E176C,400332346145D4B1,4024
$402403744DC6130C,40239506EADD04C5,4002EFCBE36AF0F4,4024
$40235E3CE0AA457,4024387EC13309BA,4002AD6365900D37,4024
$4022B3CEF86C91E8,4024D6855E45C78E,40026AFAE7B52979,4024
$4022045873C9982,40256EF039F54342,4002289269DA45BD,4024
$402150088C50711C,402601964E8E5F64,4001E629EBFF62,4024
$4020970FC9ACD9B8,40268E5023D554C9,4001A3C16E247E43,4024
$401FB33FE92EE038,402714F7D9A5317F,40016158F0499A85,4024
$401E2FD812DF11F,4027956932218211,40011EF0726EB6C8,4024
$401CA45055046DE8,40280F819B7766A5,4000DC87F493D30B,4024
$401B111324046CA,40288320392B73FD,40009A1F76B8EF4E,4024
$4019768D076906D,4028F025ECF1DF26,400057B6F8DE0B9,4024
$4017D52C7CAAEE08,402956755F0E929D,4000154E7B0327D4,4024
$40162D61D974ADA,4029B5F3063AEBB7,3FFFA5CBFA50882D,4024
$40147F9F2D66B558,402A0E852F0F003,3FFF20FAFE9AC0B3,4024
$4012CC582364702,402A601402EC6D4C,3FFE9C2A02E4F936,4024
$40111401E272AAE,402AAA898E68D3D6,3FFE1759072F31BD,4024
$400EAE25DC5F574,402AEDD1C7364707,3FFD92880B796A42,4024
$400B2C060DDAEC2,402B29DA91881735,3FFD0DB70FC3A2C7,4024
$4007A29612EDA5F,402B5E93C4F284A4,3FFC88E6140DDB4D,4024
$400412C99D0F8E6,402B8BEF30C40ABD,3FFC0415185813D2,4024
$40007D961404779,402BB1E09FD717F8,3FFB7F441CA24C58,4024
$3FF9C7E4A79EA9,402BD05DDBDB2B51,3FFAFA7320EC84DD,4024
$3FF28DACD482C4A,402BE75EB01474F3,3FFA75A22536BD62,4024
$3FE69CED50DC0B,402BF6DCEB913CB6,3FF9F0D12980F5EA,4024
$3FD030D5D4A202,402BFED462D47637,3FF96C002DCB2E7,4024
$BFC9B9150ECFAE,402BFF42F0F50FC9,3FF8E72F321566F3,4024
$BFE4F33A5C2B908,402BF8287831AEE4,3FF8625E365F9F79,4024
$BFF1B945FCA7D68,402BE986E1F8B24E,3FF7DD8D3AA9D801,4024
$BFF8F4299CED9BA,402BD3621E6477DD,3FF758BC3EF41086,4024
$C000142AF37886D,402BB5C0232C093A,3FF6D3EB433E490C,4024
$C003A9ED40BE03B,402B90A8EA0878B9,3FF64F1A4788819,4024
$C0073A64B3D792D,402B64266E8F5CC7,3FF5CA494BD2BA14,4024
$C00AC49BB6FC125,402B3044AB82FDCC,3FF54578501CF29C,4024
$C00E479E6321FA28,402AF5119798EFA9,3FF4C0A754672B2,4024
$C010E13D60D23B58,402AB29D21B7F501,3FF43BD658B163A7,4024
$C0129A2086B174F8,402A68F92CAE2F1E,3FF3B7055CFB9C2C,4024
$C0144E01F9A4A5B,402A18398A60C221,3FF332346145D4B2,4024
$C015FC6C6918045C,4029C073F67638EA,3FF2AD6365900D38,4024
$C017A4EBFD011B0C,402961C0107D188A,3FF2289269DA45BE,4024
$C019470E750C8768,4028FC37559035FC,3FF1A3C16E247E42,4024
$C01AE263475DFF2C,40288FF5197A8483,3FF11EF0726EB6C8,4024
$C01C767BBEDA51F8,40281D167F5C3511,3FF09A1F76B8EF4E,4024
$C01E02EB18F3419C,4027A3BA71D321B2,3FF0154E7B0327D4,4024
$C01F8746A2ED2B8C,402724019AA8A132,3FEF20FAFE9AC0B3,4024
$C0208192EB4B519A,40269E0E5A070063,3FEE1759072F31BB,4024
$C0213B113B3520EC,40261204BD38FE9C,3FED0DB70FC3A2C8,4024
$C021EFEC54898D2E,4025800A74F5CB0F,3FEC0415185813D1,4024
$C0229FF38A26342A,4024E846CB3C1F75,3FEAFA7320EC84DE,4024
$C0234AF77B8A9FA4,40244AE298BF32ED,3FE9F0D12980F5E9,4024
$C023F0CA2198963C,4023A80839E85DCF,3FE8E72F321566F3,4024
$C024913EDAF77706,4022FFE3837063BD,3FE7DD8D3AA9D7FF,4024
$C0252C2A78174A78,402252A1B69375A,3FE6D3EB433E490D,4024
$C025C16346D04CBA,4021A07174E31856,3FE5CA494BD2BA17,4024
$C02650C11D9BD0C4,4020E982B3B93747,3FE4C0A754672B21,4024
$C026DA1D666376F,40202E06AF4FC3A2,3FE3B7055CFB9C2D,4024
$C0275D5328E3CE4C,401EDC5FBB00B33F,3FE2AD6365900D36,4024
$C027DA3F149F94EC,401D5463C05EF97E,3FE1A3C16E247E44,4024
$C02850BF8A60EA1A,401BC482EECE25D,3FE09A1F76B8EF4C,4024
$C028C0B4A545E2D8,401A2D28E647B774,3FDF20FAFE9AC0B1,4024
$C0292A00435611E2,40188EC349B36CCC,3FDD0DB70FC3A2C5,4024
$C0298C860D9EB346,4016E9C1A16537DB,3FDAFA7320EC84DF,4024
$C029E82B7FD34D04,40153E953D188CAF,3FD8E72F321566F6,4024
$C02A3CD7EF70B708,40138DB115711E06,3FD6D3EB433E490B,4024
$C02A8A7492609EDC,4011D789AD093D7,3FD4C0A754672B1F,4024
$C02AD0EC851BBD9C,40101C94F116330D,3FD2AD6365900D38,4024
$C02B102CD04919A,400CBA943355FABD,3FD09A1F76B8EF4E,4024
$C02B48246DD8D052,4009344313440871,3FCD0DB70FC3A2C6,4024
$C02B78C44D9908AE,4005A7295C6CC2F6,3FC8E72F321566F2,4024
$C02BA1FF5943D29C,4002143BBCAAF056,3FC4C0A754672B21,4024
$C02BC3CA7804DBDA,3FFCF8E0E6C6967,3FC09A1F76B8EF4C,4024
$C02BDE1C917607B4,3FF5C17E1E7BA5CD,3FB8E72F321566F2,4024
$C02BF0EE90121BD4,3FED0880AE137D3F,3FB09A1F76B8EF4D,4024
$C02BFC3B631CD98C,3FDD0C6969DF3FCD,3FA09A1F76B8EF4C,4024
$C02BFFFFFFFFFFFE,0,0,4024
4 38 407
4 39 71
4 40 599
4 41 329
4 42 0
4 43 0
3 32 ->
4 33 598
4 34 4
4 35 0
4 36 [2]
$1,-1
4 37 [2][4]
$401921FB54442D18,4024,0,4024
$401921FB54442D18,4014000000000004,0,4014000000000004
4 38 328
4 39 72
4 40 538
4 41 410
4 42 0
4 43 0
3 32 ->
4 33 597
4 34 4
4 35 0
4 36 [2]
$1,-1
4 37 [2][4]
$401921FB54442D18,4024,0,4024
$401921FB54442D18,4014000000000004,0,4014000000000004
4 38 327
4 39 71
4 40 537
4 41 409
4 42 0
4 43 0
3 32 ->
4 33 78
4 34 4
4 35 0
4 36 [2]
$1,-1
4 37 [33][4]
$BFF3A16E0D679FC,C01D988A5DFFF5F7,4012313737FBCC77,0
$BFF7899A73473B4,C01D6AD05567D0C2,40120F5277883C3A,0
$BFFCB9C87E12DC8,C01D20B5A3FA1C53,4011E1F4E484F0B1,0
$C000EDC41E85BF4,C01CC7F8F1C9CAD2,4011B4975181A528,0
$C0037622DA2A916,C01C60C6D2F3C18B,40118739BE7E599D,0
$C005F4BAB9C2EBE,C01BEB531F0DDFD9,401159DC2B7B0E13,0
$C008684AEE74512,C01B67D8D71BCB1E,40112C7E9877C28A,0
$C00ACF9833E88B4,C01AD69A07EAACF6,4010FF2105747702,0
$C00D296D6EAEDC,C01A37DFA8E2C7C8,4010D1C372712B78,0
$C00F749C4784FD6,C0198BF9775F8CFD,4010A465DF6DDFED,0
$C010D7FEE19CF94,C018D33DCEA09F0A,401077084C6A9462,0
$C011ED396B6F2D,C0180E097C67DF19,401049AAB96748D8,0
$C012F9727BFBE8,C0173CBF925A517E,40101C4D2663FD5,0
$C013FC23543777D,C0165FC9343B44E7,400FDDDF26C1638B,0
$C014F4C9FEF8D33,C0157795631ABCAF,400F832400BACC76,0
$C015E2E99242EC1,C0148498C591A75,400F2868DAB43564,0
$C016C60A6E055DB,C013874D6D27E47D,400ECDADB4AD9E5,0
$C0179DBA7834EED,C012803299018B6C,400E72F28EA7073E,0
$C018698D561DBA3,C0116FCC75F23FDE,400E183768A07029,0
$C019291CA2D22E4,C01056A3DC16B2F5,400DBD7C4299D917,0
$C019DC08229B8EE,C00E6A8C142B5682,400D62C11C934203,0
$C01A81F5F3521EA,C00C1888BC563A71,400D0805F68CAAEF,0
$C01B1A92B984A87,C009B8681A41F325,400CAD4AD08613DB,0
$C01BA591CA58B9A,C0074B5BAEB4C27F,400C528FAA7F7CC9,0
$C01C22AD520E82E,C004D29B782DCDE1,400BF7D48478E5B5,0
$C01C91A6771506A,C0024F655628D5EB,400B9D195E724EA,0
$C01CF245799CF62,BFFF85F8D2DBC02B,400B425E386BB78D,0
$C01D4459CF9A608,BFFA5D50E37A161F,400AE7A312652079,0
$C01D87BA3D2721,BFF5276A52503492,400A8CE7EC5E8966,0
$C01DBC44E939CE8,BFEFCDC675B1BEDD,400A322CC657F253,0
$C01DE1DF6EA6C18,BFE53CBE1E84AEFE,4009D771A0515B3F,0
$C01DF876E962A8B,BFD54215147011E9,40097CB67A4AC42B,0
$C01E,3CD08BC3CFE3164B,400921FB54442D18,8
4 38 302
4 39 76
4 40 602
4 41 604
4 42 0
4 43 0
3 32 ->
4 33 77
4 34 4
4 35 0
4 36 [2]
$1,-1
4 37 [33][4]
$BFF3A16E0D679FC,C01D988A5DFFF5F7,4012313737FBCC77,0
$BFF7899A73473B4,C01D6AD05567D0C2,40120F5277883C3A,0
$BFFCB9C87E12DC8,C01D20B5A3FA1C53,4011E1F4E484F0B1,0
$C000EDC41E85BF4,C01CC7F8F1C9CAD2,4011B4975181A528,0
$C0037622DA2A916,C01C60C6D2F3C18B,40118739BE7E599D,0
$C005F4BAB9C2EBE,C01BEB531F0DDFD9,401159DC2B7B0E13,0
$C008684AEE74512,C01B67D8D71BCB1E,40112C7E9877C28A,0
$C00ACF9833E88B4,C01AD69A07EAACF6,4010FF2105747702,0
$C00D296D6EAEDC,C01A37DFA8E2C7C8,4010D1C372712B78,0
$C00F749C4784FD6,C0198BF9775F8CFD,4010A465DF6DDFED,0
$C010D7FEE19CF94,C018D33DCEA09F0A,401077084C6A9462,0
$C011ED396B6F2D,C0180E097C67DF19,401049AAB96748D8,0
$C012F9727BFBE8,C0173CBF925A517E,40101C4D2663FD5,0
$C013FC23543777D,C0165FC9343B44E7,400FDDDF26C1638B,0
$C014F4C9FEF8D33,C0157795631ABCAF,400F832400BACC76,0
$C015E2E99242EC1,C0148498C591A75,400F2868DAB43564,0
$C016C60A6E055DB,C013874D6D27E47D,400ECDADB4AD9E5,0
$C0179DBA7834EED,C012803299018B6C,400E72F28EA7073E,0
$C018698D561DBA3,C0116FCC75F23FDE,400E183768A07029,0
$C019291CA2D22E4,C01056A3DC16B2F5,400DBD7C4299D917,0
$C019DC08229B8EE,C00E6A8C142B5682,400D62C11C934203,0
$C01A81F5F3521EA,C00C1888BC563A71,400D0805F68CAAEF,0
$C01B1A92B984A87,C009B8681A41F325,400CAD4AD08613DB,0
$C01BA591CA58B9A,C0074B5BAEB4C27F,400C528FAA7F7CC9,0
$C01C22AD520E82E,C004D29B782DCDE1,400BF7D48478E5B5,0
$C01C91A6771506A,C0024F655628D5EB,400B9D195E724EA,0
$C01CF245799CF62,BFFF85F8D2DBC02B,400B425E386BB78D,0
$C01D4459CF9A608,BFFA5D50E37A161F,400AE7A312652079,0
$C01D87BA3D2721,BFF5276A52503492,400A8CE7EC5E8966,0
$C01DBC44E939CE8,BFEFCDC675B1BEDD,400A322CC657F253,0
$C01DE1DF6EA6C18,BFE53CBE1E84AEFE,4009D771A0515B3F,0
$C01DF876E962A8B,BFD54215147011E9,40097CB67A4AC42B,0
$C01E,3CD08BC3CFE3164B,400921FB54442D18,8
4 38 301
4 39 75
4 40 601
4 41 603
4 42 0
4 43 0
3 32 ->
4 33 326
4 34 4
4 35 0
4 36 [2]
$1,-1
4 37 [2][4]
$400921FB54442D18,3FB99999999999C,400921FB54442D18,3FB99999999999C
$400921FB54442D18,8,400921FB54442D18,8
4 38 76
4 39 324
4 40 78
4 41 606
4 42 0
4 43 0
3 32 ->
4 33 325
4 34 4
4 35 0
4 36 [2]
$1,-1
4 37 [2][4]
$400921FB54442D18,3FB99999999999C,400921FB54442D18,3FB99999999999C
$400921FB54442D18,8,400921FB54442D18,8
4 38 75
4 39 323
4 40 77
4 41 605
4 42 0
4 43 0
3 32 ->
4 33 406
4 34 4
4 35 0
4 36 [2]
$1,-1
4 37 [72][4]
$C01E,BCD08BC3CFE3164B,400921FB54442D18,3FB99999999999C
$C01DF9B90EEAF72,BFD3672556EBDF3C,400974CA42BB0AD7,3FB99999999999C
$C01DE471CE0C4BE,BFE44FF408CE9DD8,4009CF8568C1A1EB,3FB99999999999C
$C01DC02637BDFB7,BFEEE2211D8A6912,400A2A408EC838FE,3FB99999999999C
$C01D8CE887C8D8C,BFF4B26535BD2E1B,400A84FBB4CED012,3FB99999999999C
$C01D4AD27C10BC5,BFF9E9541FDCAE84,400ADFB6DAD56725,3FB99999999999C
$C01CFA0547A5F82,BFFF133EACDC4CB7,400B3A7200DBFE3A,3FB99999999999C
$C01C9AA98217B32,C00216C663431D58,400B952D26E2954B,3FB99999999999C
$C01C2CEF130F886,C0049AD71729DEA2,400BEFE84CE92C61,3FB99999999999C
$C01BB10D1A40AD4,C007148DE38D0604,400C4AA372EFC373,3FB99999999999C
$C01B2741D3B6B04,C00982AC6D107D7C,400CA55E98F65A89,3FB99999999999C
$C01A8FD27891BF6,C00BE3FA2B800EDD,400D0019BEFCF19B,3FB99999999999C
$C019EB0B1C40262,C00E374506D0DA0E,400D5AD4E50388AE,3FB99999999999C
$C019393E86467EE,C0103DB0F87367F6,400DB5900B0A1FC1,3FB99999999999C
$C0187AC608A9C8B,C0115796BDE8791,400E104B3110B6D4,3FB99999999999C
$C017B0015310469,C01268C636186F41,400E6B0657174DE8,3FB99999999999C
$C016D95642AFB2E,C01370B623C20CDD,400EC5C17D1DE4F9,3FB99999999999C
$C015F730AF20EC,C0146EE1EF03CF1C,400F207CA3247C11,3FB99999999999C
$C0150A023432D19,C01562C9E7F83514,400F7B37C92B1322,3FB99999999999C
$C0141241F8D786D,C0164BF386DB0FBF,400FD5F2EF31AA35,3FB99999999999C
$C013106C7348C85,C01729E9A997A17,401018570A9C20A6,3FB99999999999C
$C01205032A81665,C017FC3CCEA0A071,401045B49D9F6C2E,3FB99999999999C
$C010F08C752B4C5,C018C2834CF48D1D,4010731230A2B7B7,3FB99999999999C
$C00FA7266C458EC,C0197C598932374E,4010A06FC3A60341,3FB99999999999C
$C00D5D4D2D61E36,C01A296227A2C8C6,4010CDCD56A94ECC,3FB99999999999C
$C00B04B37D40A12,C01AC9463B20312E,4010FB2AE9AC9A58,3FB99999999999C
$C0089E87149F8CA,C01B5BB570C0640B,401128887CAFE5E2,3FB99999999999C
$C0062BFC7DD1F6,C01BE066382F78A5,401155E60FB3316A,3FB99999999999C
$C003AE4E79C09E,C01C5715E8A46641,40118343A2B67CF6,3FB99999999999C
$C00126BD61CA8E4,C01CBF88E25DCC0B,4011B0A135B9C87D,3FB99999999999C
$BFFD2D1D0DAC9E4,C01D198AAC95F1E7,4011DDFEC8BD1407,3FB99999999999C
$BFF7FE171BC8B74,C01D64EE0FDEF615,40120B5C5BC05F9,3FB99999999999C
$BFF2C30394E9C9C,C01DA18D2CD9E98D,401238B9EEC3AB1C,3FB99999999999C
$BFEAFD065C5079,C01DCF498F3D71CB,4012661781C6F6A2,3FB99999999999C
$BFE06676B184A98,C01DEE0C3D22612F,4012937514CA422E,3FB99999999999C
$BFC71EA76E4936,C01DFDC5C28E9652,4012C0D2A7CD8DB8,3FB99999999999C
$3FC368293F43D6,C01DFE6E393856,4012EE303AD0D942,3FB99999999999C
$3FDEF29D0B04C,C01DF0054C7E396,40131B8DCDD424CD,3FB99999999999C
$3FEA10CCB3D418,C01DD2923991B1E7,401348EB60D77056,3FB99999999999C
$3FF24D995868D88,C01DA623CBD40DD4,40137648F3DABBE,3FB99999999999C
$3FF7899A73473B4,C01D6AD05567D0C3,4013A3A686DE076A,3FB99999999999C
$3FFCB9C87E12DC8,C01D20B5A3FA1C54,4013D10419E152F2,3FB99999999999C
$4000EDC41E85BF4,C01CC7F8F1C9CAD3,4013FE61ACE49E7C,3FB99999999999C
$40037622DA2A916,C01C60C6D2F3C18C,40142BBF3FE7EA07,3FB99999999999C
$4005F4BAB9C2EBE,C01BEB531F0DDFDA,4014591CD2EB359,3FB99999999999C
$4008684AEE74514,C01B67D8D71BCB1F,4014867A65EE811A,3FB99999999999C
$400ACF9833E88B6,C01AD69A07EAACF7,4014B3D7F8F1CCA4,3FB99999999999C
$400D296D6EAEDC2,C01A37DFA8E2C7C8,4014E1358BF5182E,3FB99999999999C
$400F749C4784FD8,C0198BF9775F8CFE,40150E931EF863B7,3FB99999999999C
$4010D7FEE19CF94,C018D33DCEA09F0B,40153BF0B1FBAF41,3FB99999999999C
$4011ED396B6F2D,C0180E097C67DF19,4015694E44FEFACB,3FB99999999999C
$4012F9727BFBE81,C0173CBF925A517F,401596ABD8024654,3FB99999999999C
$4013FC23543777D,C0165FC9343B44E8,4015C4096B0591DE,3FB99999999999C
$4014F4C9FEF8D32,C0157795631ABCB,4015F166FE08DD68,3FB99999999999C
$4015E2E99242EC2,C0148498C591A751,40161EC4910C28F3,3FB99999999999C
$4016C60A6E055DB,C013874D6D27E47E,40164C22240F747C,3FB99999999999C
$40179DBA7834EED,C012803299018B6D,4016797FB712C005,3FB99999999999C
$4018698D561DBA3,C0116FCC75F23FDF,4016A6DD4A160B8F,3FB99999999999C
$4019291CA2D22E5,C01056A3DC16B2F6,4016D43ADD195719,3FB99999999999C
$4019DC08229B8EF,C00E6A8C142B5683,40170198701CA2A3,3FB99999999999C
$401A81F5F3521EA,C00C1888BC563A73,40172EF6031FEE2C,3FB99999999999C
$401B1A92B984A87,C009B8681A41F327,40175C53962339B6,3FB99999999999C
$401BA591CA58B9B,C0074B5BAEB4C281,401789B12926854,3FB99999999999C
$401C22AD520E82F,C004D29B782DCDE3,4017B70EBC29D0CA,3FB99999999999C
$401C91A6771506A,C0024F655628D5ED,4017E46C4F2D1C54,3FB99999999999C
$401CF245799CF62,BFFF85F8D2DBC02F,401811C9E23067DD,3FB99999999999C
$401D4459CF9A608,BFFA5D50E37A1623,40183F277533B367,3FB99999999999C
$401D87BA3D27211,BFF5276A52503497,40186C850836FEF1,3FB99999999999C
$401DBC44E939CE9,BFEFCDC675B1BEE7,401899E29B3A4A7B,3FB99999999999C
$401DE1DF6EA6C19,BFE53CBE1E84AF06,4018C7402E3D9604,3FB99999999999C
$401DF876E962A8B,BFD54215147011FA,4018F49DC140E18E,3FB99999999999C
$401E00000000001,0,401921FB54442D18,3FB99999999999C
4 38 404
4 39 76
4 40 606
4 41 326
4 42 0
4 43 0
3 32 ->
4 33 405
4 34 4
4 35 0
4 36 [2]
$1,-1
4 37 [72][4]
$C01E,BCD08BC3CFE3164B,400921FB54442D18,3FB99999999999C
$C01DF9B90EEAF72,BFD3672556EBDF3C,400974CA42BB0AD7,3FB99999999999C
$C01DE471CE0C4BE,BFE44FF408CE9DD8,4009CF8568C1A1EB,3FB99999999999C
$C01DC02637BDFB7,BFEEE2211D8A6912,400A2A408EC838FE,3FB99999999999C
$C01D8CE887C8D8C,BFF4B26535BD2E1B,400A84FBB4CED012,3FB99999999999C
$C01D4AD27C10BC5,BFF9E9541FDCAE84,400ADFB6DAD56725,3FB99999999999C
$C01CFA0547A5F82,BFFF133EACDC4CB7,400B3A7200DBFE3A,3FB99999999999C
$C01C9AA98217B32,C00216C663431D58,400B952D26E2954B,3FB99999999999C
$C01C2CEF130F886,C0049AD71729DEA2,400BEFE84CE92C61,3FB99999999999C
$C01BB10D1A40AD4,C007148DE38D0604,400C4AA372EFC373,3FB99999999999C
$C01B2741D3B6B04,C00982AC6D107D7C,400CA55E98F65A89,3FB99999999999C
$C01A8FD27891BF6,C00BE3FA2B800EDD,400D0019BEFCF19B,3FB99999999999C
$C019EB0B1C40262,C00E374506D0DA0E,400D5AD4E50388AE,3FB99999999999C
$C019393E86467EE,C0103DB0F87367F6,400DB5900B0A1FC1,3FB99999999999C
$C0187AC608A9C8B,C0115796BDE8791,400E104B3110B6D4,3FB99999999999C
$C017B0015310469,C01268C636186F41,400E6B0657174DE8,3FB99999999999C
$C016D95642AFB2E,C01370B623C20CDD,400EC5C17D1DE4F9,3FB99999999999C
$C015F730AF20EC,C0146EE1EF03CF1C,400F207CA3247C11,3FB99999999999C
$C0150A023432D19,C01562C9E7F83514,400F7B37C92B1322,3FB99999999999C
$C0141241F8D786D,C0164BF386DB0FBF,400FD5F2EF31AA35,3FB99999999999C
$C013106C7348C85,C01729E9A997A17,401018570A9C20A6,3FB99999999999C
$C01205032A81665,C017FC3CCEA0A071,401045B49D9F6C2E,3FB99999999999C
$C010F08C752B4C5,C018C2834CF48D1D,4010731230A2B7B7,3FB99999999999C
$C00FA7266C458EC,C0197C598932374E,4010A06FC3A60341,3FB99999999999C
$C00D5D4D2D61E36,C01A296227A2C8C6,4010CDCD56A94ECC,3FB99999999999C
$C00B04B37D40A12,C01AC9463B20312E,4010FB2AE9AC9A58,3FB99999999999C
$C0089E87149F8CA,C01B5BB570C0640B,401128887CAFE5E2,3FB99999999999C
$C0062BFC7DD1F6,C01BE066382F78A5,401155E60FB3316A,3FB99999999999C
$C003AE4E79C09E,C01C5715E8A46641,40118343A2B67CF6,3FB99999999999C
$C00126BD61CA8E4,C01CBF88E25DCC0B,4011B0A135B9C87D,3FB99999999999C
$BFFD2D1D0DAC9E4,C01D198AAC95F1E7,4011DDFEC8BD1407,3FB99999999999C
$BFF7FE171BC8B74,C01D64EE0FDEF615,40120B5C5BC05F9,3FB99999999999C
$BFF2C30394E9C9C,C01DA18D2CD9E98D,401238B9EEC3AB1C,3FB99999999999C
$BFEAFD065C5079,C01DCF498F3D71CB,4012661781C6F6A2,3FB99999999999C
$BFE06676B184A98,C01DEE0C3D22612F,4012937514CA422E,3FB99999999999C
$BFC71EA76E4936,C01DFDC5C28E9652,4012C0D2A7CD8DB8,3FB99999999999C
$3FC368293F43D6,C01DFE6E393856,4012EE303AD0D942,3FB99999999999C
$3FDEF29D0B04C,C01DF0054C7E396,40131B8DCDD424CD,3FB99999999999C
$3FEA10CCB3D418,C01DD2923991B1E7,401348EB60D77056,3FB99999999999C
$3FF24D995868D88,C01DA623CBD40DD4,40137648F3DABBE,3FB99999999999C
$3FF7899A73473B4,C01D6AD05567D0C3,4013A3A686DE076A,3FB99999999999C
$3FFCB9C87E12DC8,C01D20B5A3FA1C54,4013D10419E152F2,3FB99999999999C
$4000EDC41E85BF4,C01CC7F8F1C9CAD3,4013FE61ACE49E7C,3FB99999999999C
$40037622DA2A916,C01C60C6D2F3C18C,40142BBF3FE7EA07,3FB99999999999C
$4005F4BAB9C2EBE,C01BEB531F0DDFDA,4014591CD2EB359,3FB99999999999C
$4008684AEE74514,C01B67D8D71BCB1F,4014867A65EE811A,3FB99999999999C
$400ACF9833E88B6,C01AD69A07EAACF7,4014B3D7F8F1CCA4,3FB99999999999C
$400D296D6EAEDC2,C01A37DFA8E2C7C8,4014E1358BF5182E,3FB99999999999C
$400F749C4784FD8,C0198BF9775F8CFE,40150E931EF863B7,3FB99999999999C
$4010D7FEE19CF94,C018D33DCEA09F0B,40153BF0B1FBAF41,3FB99999999999C
$4011ED396B6F2D,C0180E097C67DF19,4015694E44FEFACB,3FB99999999999C
$4012F9727BFBE81,C0173CBF925A517F,401596ABD8024654,3FB99999999999C
$4013FC23543777D,C0165FC9343B44E8,4015C4096B0591DE,3FB99999999999C
$4014F4C9FEF8D32,C0157795631ABCB,4015F166FE08DD68,3FB99999999999C
$4015E2E99242EC2,C0148498C591A751,40161EC4910C28F3,3FB99999999999C
$4016C60A6E055DB,C013874D6D27E47E,40164C22240F747C,3FB99999999999C
$40179DBA7834EED,C012803299018B6D,4016797FB712C005,3FB99999999999C
$4018698D561DBA3,C0116FCC75F23FDF,4016A6DD4A160B8F,3FB99999999999C
$4019291CA2D22E5,C01056A3DC16B2F6,4016D43ADD195719,3FB99999999999C
$4019DC08229B8EF,C00E6A8C142B5683,40170198701CA2A3,3FB99999999999C
$401A81F5F3521EA,C00C1888BC563A73,40172EF6031FEE2C,3FB99999999999C
$401B1A92B984A87,C009B8681A41F327,40175C53962339B6,3FB99999999999C
$401BA591CA58B9B,C0074B5BAEB4C281,401789B12926854,3FB99999999999C
$401C22AD520E82F,C004D29B782DCDE3,4017B70EBC29D0CA,3FB99999999999C
$401C91A6771506A,C0024F655628D5ED,4017E46C4F2D1C54,3FB99999999999C
$401CF245799CF62,BFFF85F8D2DBC02F,401811C9E23067DD,3FB99999999999C
$401D4459CF9A608,BFFA5D50E37A1623,40183F277533B367,3FB99999999999C
$401D87BA3D27211,BFF5276A52503497,40186C850836FEF1,3FB99999999999C
$401DBC44E939CE9,BFEFCDC675B1BEE7,401899E29B3A4A7B,3FB99999999999C
$401DE1DF6EA6C19,BFE53CBE1E84AF06,4018C7402E3D9604,3FB99999999999C
$401DF876E962A8B,BFD54215147011FA,4018F49DC140E18E,3FB99999999999C
$401E00000000001,0,401921FB54442D18,3FB99999999999C
4 38 403
4 39 75
4 40 605
4 41 325
4 42 0
4 43 0
3 32 ->
4 33 608
4 34 4
4 35 0
4 36 [2]
$1,-1
4 37 [2][4]
$0,3FB99999999999C,401921FB54442D18,3FB99999999999C
$0,0,401921FB54442D18,0
4 38 324
4 39 76
4 40 610
4 41 406
4 42 0
4 43 0
3 32 ->
4 33 607
4 34 4
4 35 0
4 36 [2]
$1,-1
4 37 [2][4]
$0,3FB99999999999C,401921FB54442D18,3FB99999999999C
$0,0,401921FB54442D18,0
4 38 323
4 39 75
4 40 609
4 41 405
4 42 0
4 43 0
3 32 ->
4 33 300
4 34 4
4 35 0
4 36 [2]
$1,-1
4 37 [33][4]
$401E00000000001,0,401921FB54442D18,0
$401DFBCB1F86AD9,BFCFC4F8359B99E,4019001693D09CDF,0
$401DE9018FE755C,BFE28ECC55F08BA7,4018D2B900CD5155,0
$401DC7316033E32,BFED2307F9DA1F1E,4018A55B6DCA05CC,0
$401D966B8D00DFE,BFF3D450393705C5,401877FDDAC6BA42,0
$401D56C896C4EC7,BFF90D2649B5627E,40184AA047C36EB8,0
$401D08687589AB7,BFFE396699666499,40181D42B4C0232E,0
$401CAB7288DC5E7,C001AB3BF2E45C12,4017EFE521BCD7A5,0
$401C4015840643F,C00430E44687E4F9,4017C2878EB98C1B,0
$401BC6875696A76,C006AC67EC4190CA,40179529FBB64091,0
$401B3F05114A6BC,C0091C87A1316512,401767CC68B2F508,0
$401AA9D2C75EAD3,C00B8009DB5688EF,40173A6ED5AFA97E,0
$401A073B6C5DE3A,C00DD5BB67123DD3,40170D1142AC5DF4,0
$40195790AE78B3E,C0100E3800BDE816,4016DFB3AFA9126A,0
$40189B2ACD7D5A4,C0112981779BFC52,4016B2561CA5C6E1,0
$4017D2686E824B2,C0123C2BC7C3F352,401684F889A27B57,0
$4016FDAE6C5A4FB,C01345ACF5A309DD,4016579AF69F2FCC,0
$40161D67A4EA012,C014457F9FC48561,40162A3D639BE443,0
$40153204C37816A,C0153B2341D33EA1,4015FCDFD09898B9,0
$40143BFC08137DD,C016261C7529AA46,4015CF823D954D2E,0
$40133BC90C2BAE5,C01705F52ECFF015,4015A224AA9201A5,0
$401231EC84790E5,C017DA3CFAC8EC29,401574C7178EB61C,0
$40111EEC00549B8,C018A28934904FE9,40154769848B6A92,0
$40100351A69F51E,C0195E753CAD813A,40151A0BF1881F07,0
$400DBF57E0B60F6,C01A0DA2AB404E36,4014ECAE5E84D38,0
$400B691AC22F31A,C01AAFB97F6E105,4014BF50CB8187F5,0
$400905187AB0B4C,C01B44684B976BA1,401491F3387E3C6A,0
$400694847E2D9A2,C01BCB645E4074C2,40146495A57AF0E3,0
$400418989110F7A,C01C4469E796B03D,401437381277A558,0
$400192942A9DA8,C01CAF3C1B8211E9,401409DA7F7459CF,0
$3FFE0777A8E230C,C01D0BA5502FDF15,4013DC7CEC710E44,0
$3FF8DAB10EF3B0C,C01D597719081B79,4013AF1F596DC2BA,0
$3FF3A16E0D67A,C01D988A5DFFF5F5,401381C1C66A772F,0
4 38 298
4 39 76
4 40 612
4 41 608
4 42 0
4 43 0
3 32 ->
4 33 299
4 34 4
4 35 0
4 36 [2]
$1,-1
4 37 [33][4]
$401E00000000001,0,401921FB54442D18,0
$401DFBCB1F86AD9,BFCFC4F8359B99E,4019001693D09CDF,0
$401DE9018FE755C,BFE28ECC55F08BA7,4018D2B900CD5155,0
$401DC7316033E32,BFED2307F9DA1F1E,4018A55B6DCA05CC,0
$401D966B8D00DFE,BFF3D450393705C5,401877FDDAC6BA42,0
$401D56C896C4EC7,BFF90D2649B5627E,40184AA047C36EB8,0
$401D08687589AB7,BFFE396699666499,40181D42B4C0232E,0
$401CAB7288DC5E7,C001AB3BF2E45C12,4017EFE521BCD7A5,0
$401C4015840643F,C00430E44687E4F9,4017C2878EB98C1B,0
$401BC6875696A76,C006AC67EC4190CA,40179529FBB64091,0
$401B3F05114A6BC,C0091C87A1316512,401767CC68B2F508,0
$401AA9D2C75EAD3,C00B8009DB5688EF,40173A6ED5AFA97E,0
$401A073B6C5DE3A,C00DD5BB67123DD3,40170D1142AC5DF4,0
$40195790AE78B3E,C0100E3800BDE816,4016DFB3AFA9126A,0
$40189B2ACD7D5A4,C0112981779BFC52,4016B2561CA5C6E1,0
$4017D2686E824B2,C0123C2BC7C3F352,401684F889A27B57,0
$4016FDAE6C5A4FB,C01345ACF5A309DD,4016579AF69F2FCC,0
$40161D67A4EA012,C014457F9FC48561,40162A3D639BE443,0
$40153204C37816A,C0153B2341D33EA1,4015FCDFD09898B9,0
$40143BFC08137DD,C016261C7529AA46,4015CF823D954D2E,0
$40133BC90C2BAE5,C01705F52ECFF015,4015A224AA9201A5,0
$401231EC84790E5,C017DA3CFAC8EC29,401574C7178EB61C,0
$40111EEC00549B8,C018A28934904FE9,40154769848B6A92,0
$40100351A69F51E,C0195E753CAD813A,40151A0BF1881F07,0
$400DBF57E0B60F6,C01A0DA2AB404E36,4014ECAE5E84D38,0
$400B691AC22F31A,C01AAFB97F6E105,4014BF50CB8187F5,0
$400905187AB0B4C,C01B44684B976BA1,401491F3387E3C6A,0
$400694847E2D9A2,C01BCB645E4074C2,40146495A57AF0E3,0
$400418989110F7A,C01C4469E796B03D,401437381277A558,0
$400192942A9DA8,C01CAF3C1B8211E9,401409DA7F7459CF,0
$3FFE0777A8E230C,C01D0BA5502FDF15,4013DC7CEC710E44,0
$3FF8DAB10EF3B0C,C01D597719081B79,4013AF1F596DC2BA,0
$3FF3A16E0D67A,C01D988A5DFFF5F5,401381C1C66A772F,0
4 38 297
4 39 75
4 40 611
4 41 607
4 42 0
4 43 0
3 32 ->
4 33 604
4 34 4
4 35 0
4 36 [2]
$1,-1
4 37 [9][4]
$3FF3A16E0D67A,C01D988A5DFFF5F5,401381C1C66A772F,0
$3FED98FA9B68EF,C01DC5600A068C64,4013581773913776,0
$3FE3054635C76B,C01DE7D7D6B66C9D,40132AB9E08DEBEC,0
$3FD0D0074D9ABD,C01DFB4998E32D8D,4012FD5C4D8AA062,0
$BFB1CBC00F0F7C,C01DFFAB8BE3C071,4012CFFEBA8754DA,0
$BFD9B3AB2B0EB,C01DF4FB7C16DE1D,4012A2A12784094D,0
$BFE773BE751B8B8,C01DDB3EC7FE2D13,401275439480BDC4,0
$BFF100EF9FED504,C01DB2825D8BBFEF,401247E6017D723C,0
$BFF3A16E0D679FC,C01D988A5DFFF5F7,4012313737FBCC77,0
4 38 294
4 39 76
4 40 296
4 41 300
4 42 0
4 43 0
3 32 ->
4 33 603
4 34 4
4 35 0
4 36 [2]
$1,-1
4 37 [9][4]
$3FF3A16E0D67A,C01D988A5DFFF5F5,401381C1C66A772F,0
$3FED98FA9B68EF,C01DC5600A068C64,4013581773913776,0
$3FE3054635C76B,C01DE7D7D6B66C9D,40132AB9E08DEBEC,0
$3FD0D0074D9ABD,C01DFB4998E32D8D,4012FD5C4D8AA062,0
$BFB1CBC00F0F7C,C01DFFAB8BE3C071,4012CFFEBA8754DA,0
$BFD9B3AB2B0EB,C01DF4FB7C16DE1D,4012A2A12784094D,0
$BFE773BE751B8B8,C01DDB3EC7FE2D13,401275439480BDC4,0
$BFF100EF9FED504,C01DB2825D8BBFEF,401247E6017D723C,0
$BFF3A16E0D679FC,C01D988A5DFFF5F7,4012313737FBCC77,0
4 38 293
4 39 75
4 40 295
4 41 299
4 42 0
4 43 0
3 32 ->
4 33 82
4 34 4
4 35 0
4 36 [2]
$1,-1
4 37 [53][4]
$400921FB54442D18,0,C05CFFFFFFFFFFFD,4058FFFFFFFFFFFF
$400983C42BB64C86,0,C05CFFB5500050D4,4058F3C8156554D5
$400A00016560108B,0,C05CFE7F437969D4,4058E44D2672BBC6
$400A7C3E9F09D491,0,C05CFC5986C07EA4,4058D4EC4DBE2FAD
$400AF87BD8B39897,0,C05CF9461F9539D6,4058C5B4070BE815
$400B74B9125D5CA,0,C05CF547F38D605B,4058B6B2A7EA737A
$400BF0F64C0720AC,0,C05CF062C55A62A,4058A7F65232AF98
$400C6D3385B0E4B9,0,C05CEA9B313EAFAE,4058998CE6B87521
$400CE970BF5AA8BA,0,C05CE3F6A8B6203F,40588B83F8387FE9
$400D65ADF9046CC4,0,C05CDC7B6D5590AC,40587DE8BE8FE2EB
$400DE1EB32AE30CC,0,C05CD4308AE67DB5,405870C80A491252
$400E5E286C57F4D2,0,C05CCB1DD0C430CE,4058642E388A3CF3
$400EDA65A601B8E,0,C05CC14BCA80BBD9,405858272770532D
$400F56A2DFAB7CE4,0,C05CB6C3B7D8B1D6,40584CBE2AE1B2A7
$400FD2E0195540EF,0,C05CAB8F83FD30D5,405841FE01E2FDBB
$4010278EA97F827F,0,C05C9FB9BC3C7172,405837F0CC782AE
$401065AD46546482,0,C05C934D8611A819,40582EA0021B5429
$4010A3CBE3294683,0,C05C865694A59428,4058261468D24205
$4010E1EA7FFE2888,0,C05C78E11DC9A,40581E560CEB16EF
$401120091CD30A89,0,C05C6AF9CE77F2C9,4058176C3967E43B
$40115E27B9A7EC8E,0,C05C5CADBEE34874,4058115D71204B8B
$40119C46567CCE94,0,C05C4E0A6621CE66,40580C2F689FA501
$4011DA64F351B098,0,C05C3F1D8D7EA229,405807E700C57098
$401218839026929A,0,C05C2FF5437DE3C2,40580488422D2242
$401256A22CFB74A2,0,C05C209FCE9F962B,4058021659619C7D
$401294C0C9D056A5,0,C05C112B9FEDC5E8,4058009393DFED53
$4012D2DF66A538A8,0,C05C01A745629F33,405800015DEC1E83
$401310FE037A1AAF,0,C05BF2215C334322,40580060413A23A6
$40134F1CA04EFCB2,0,C05BE2A8830C44BA,405801AFE46C298B
$40138D3B3D23DEB8,0,C05BD34B4C4CC45E,405803EF0B66C0C8
$4013CB59D9F8C0BB,0,C05BC418304D217D,4058071B987A9453
$4014097876CDA2C1,0,C05BB51D7FBE2F3F,40580B328E6293C4
$4014479713A284C3,0,C05BA669562DC216,405810301314B0AA
$401485B5B07766C7,0,C05B98098CBD48BB,4058160F73628846
$4014C3D44D4C48CD,0,C05B8A0BAD16F41E,40581CCB27668EF7
$401501F2EA212AD1,0,C05B7C7CE4ADB6D6,4058245CD7B9922
$4015401186F60CD,0,C05B6F69F8541E1C,40582CBD636BA8A8
$40157E3023CAEED5,0,C05B62DF3835B4A4,405835E4E6BAF20A
$4015BC4EC09FD0D9,0,C05B56E8743E42CA,40583FCAC281D148
$4015FA6D5D74B2E3,0,C05B4B90F0F9D80A,40584A65A455A431
$4016388BFA4994E8,0,C05B40E35CF8180F,405855AB8F4E5133
$401676AA971E76EC,0,C05B36E9C6BCC9ED,40586191E56E66FD
$4016B4C933F358EF,0,C05B2DAD9347232,40586E0D71A2F1EB
$4016F2E7D0C83AF3,0,C05B25377538B9EA,40587B1272519C59
$401731066D9D1CF4,0,C05B1D8F64A47458,40588894A46B29
$40176F250A71FF,0,C05B16BC978D2AE7,405896874EF7D9CC
$4017AD43A746E0FE,0,C05B10C57B1B1075,4058A4DD4F12E2C5
$4017EB62441BC304,0,C05B0BAFAD8E44D,4058B3892449A035
$40182980E0F0A507,0,C05B077FF8F44533,4058C27CFD52E8E8
$4018679F7DC5870C,0,C05B043A4EA53677,4058D1AAC51282E
$4018A5BE1A9A6911,0,C05B01E1C38D486F,4058E1042FDC78B1
$4018E3DCB76F4B12,0,C05B00788D45B1BF,4058F07AC8EBD1DD
$401921FB54442D18,0,C05AFFFFFFFFFFFC,4058FFFFFFFFFFFF
4 38 80
4 39 228
4 40 614
4 41 616
4 42 0
4 43 0
3 32 ->
4 33 81
4 34 4
4 35 0
4 36 [2]
$1,-1
4 37 [53][4]
$400921FB54442D18,0,C05CFFFFFFFFFFFD,4058FFFFFFFFFFFF
$400983C42BB64C86,0,C05CFFB5500050D4,4058F3C8156554D5
$400A00016560108B,0,C05CFE7F437969D4,4058E44D2672BBC6
$400A7C3E9F09D491,0,C05CFC5986C07EA4,4058D4EC4DBE2FAD
$400AF87BD8B39897,0,C05CF9461F9539D6,4058C5B4070BE815
$400B74B9125D5CA,0,C05CF547F38D605B,4058B6B2A7EA737A
$400BF0F64C0720AC,0,C05CF062C55A62A,4058A7F65232AF98
$400C6D3385B0E4B9,0,C05CEA9B313EAFAE,4058998CE6B87521
$400CE970BF5AA8BA,0,C05CE3F6A8B6203F,40588B83F8387FE9
$400D65ADF9046CC4,0,C05CDC7B6D5590AC,40587DE8BE8FE2EB
$400DE1EB32AE30CC,0,C05CD4308AE67DB5,405870C80A491252
$400E5E286C57F4D2,0,C05CCB1DD0C430CE,4058642E388A3CF3
$400EDA65A601B8E,0,C05CC14BCA80BBD9,405858272770532D
$400F56A2DFAB7CE4,0,C05CB6C3B7D8B1D6,40584CBE2AE1B2A7
$400FD2E0195540EF,0,C05CAB8F83FD30D5,405841FE01E2FDBB
$4010278EA97F827F,0,C05C9FB9BC3C7172,405837F0CC782AE
$401065AD46546482,0,C05C934D8611A819,40582EA0021B5429
$4010A3CBE3294683,0,C05C865694A59428,4058261468D24205
$4010E1EA7FFE2888,0,C05C78E11DC9A,40581E560CEB16EF
$401120091CD30A89,0,C05C6AF9CE77F2C9,4058176C3967E43B
$40115E27B9A7EC8E,0,C05C5CADBEE34874,4058115D71204B8B
$40119C46567CCE94,0,C05C4E0A6621CE66,40580C2F689FA501
$4011DA64F351B098,0,C05C3F1D8D7EA229,405807E700C57098
$401218839026929A,0,C05C2FF5437DE3C2,40580488422D2242
$401256A22CFB74A2,0,C05C209FCE9F962B,4058021659619C7D
$401294C0C9D056A5,0,C05C112B9FEDC5E8,4058009393DFED53
$4012D2DF66A538A8,0,C05C01A745629F33,405800015DEC1E83
$401310FE037A1AAF,0,C05BF2215C334322,40580060413A23A6
$40134F1CA04EFCB2,0,C05BE2A8830C44BA,405801AFE46C298B
$40138D3B3D23DEB8,0,C05BD34B4C4CC45E,405803EF0B66C0C8
$4013CB59D9F8C0BB,0,C05BC418304D217D,4058071B987A9453
$4014097876CDA2C1,0,C05BB51D7FBE2F3F,40580B328E6293C4
$4014479713A284C3,0,C05BA669562DC216,405810301314B0AA
$401485B5B07766C7,0,C05B98098CBD48BB,4058160F73628846
$4014C3D44D4C48CD,0,C05B8A0BAD16F41E,40581CCB27668EF7
$401501F2EA212AD1,0,C05B7C7CE4ADB6D6,4058245CD7B9922
$4015401186F60CD,0,C05B6F69F8541E1C,40582CBD636BA8A8
$40157E3023CAEED5,0,C05B62DF3835B4A4,405835E4E6BAF20A
$4015BC4EC09FD0D9,0,C05B56E8743E42CA,40583FCAC281D148
$4015FA6D5D74B2E3,0,C05B4B90F0F9D80A,40584A65A455A431
$4016388BFA4994E8,0,C05B40E35CF8180F,405855AB8F4E5133
$401676AA971E76EC,0,C05B36E9C6BCC9ED,40586191E56E66FD
$4016B4C933F358EF,0,C05B2DAD9347232,40586E0D71A2F1EB
$4016F2E7D0C83AF3,0,C05B25377538B9EA,40587B1272519C59
$401731066D9D1CF4,0,C05B1D8F64A47458,40588894A46B29
$40176F250A71FF,0,C05B16BC978D2AE7,405896874EF7D9CC
$4017AD43A746E0FE,0,C05B10C57B1B1075,4058A4DD4F12E2C5
$4017EB62441BC304,0,C05B0BAFAD8E44D,4058B3892449A035
$40182980E0F0A507,0,C05B077FF8F44533,4058C27CFD52E8E8
$4018679F7DC5870C,0,C05B043A4EA53677,4058D1AAC51282E
$4018A5BE1A9A6911,0,C05B01E1C38D486F,4058E1042FDC78B1
$4018E3DCB76F4B12,0,C05B00788D45B1BF,4058F07AC8EBD1DD
$401921FB54442D18,0,C05AFFFFFFFFFFFC,4058FFFFFFFFFFFF
4 38 79
4 39 227
4 40 613
4 41 615
4 42 0
4 43 0
3 32 ->
4 33 166
4 34 4
4 35 0
4 36 [2]
$1,-1
4 37 [2][4]
$400921FB54442D18,3FF800000000001,400921FB54442D18,3FF800000000001
$400921FB54442D18,0,400921FB54442D18,0
4 38 80
4 39 164
4 40 82
4 41 618
4 42 0
4 43 0
3 32 ->
4 33 165
4 34 4
4 35 0
4 36 [2]
$1,-1
4 37 [2][4]
$400921FB54442D18,3FF800000000001,400921FB54442D18,3FF800000000001
$400921FB54442D18,0,400921FB54442D18,0
4 38 79
4 39 163
4 40 81
4 41 617
4 42 0
4 43 0
3 32 ->
4 33 238
4 34 4
4 35 0
4 36 [2]
$1,-1
4 37 [53][4]
$C05CFFFFFFFFFFFD,4058FFFFFFFFFFFF,400921FB54442D18,3FF800000000001
$C05CFFB5500050D4,4058F3C8156554D5,400983C42BB64C86,3FF800000000001
$C05CFE7F437969D4,4058E44D2672BBC6,400A00016560108B,3FF800000000001
$C05CFC5986C07EA4,4058D4EC4DBE2FAD,400A7C3E9F09D491,3FF800000000001
$C05CF9461F9539D6,4058C5B4070BE815,400AF87BD8B39897,3FF800000000001
$C05CF547F38D605B,4058B6B2A7EA737A,400B74B9125D5CA,3FF800000000001
$C05CF062C55A62A,4058A7F65232AF98,400BF0F64C0720AC,3FF800000000001
$C05CEA9B313EAFAE,4058998CE6B87521,400C6D3385B0E4B9,3FF800000000001
$C05CE3F6A8B6203F,40588B83F8387FE9,400CE970BF5AA8BA,3FF800000000001
$C05CDC7B6D5590AC,40587DE8BE8FE2EB,400D65ADF9046CC4,3FF800000000001
$C05CD4308AE67DB5,405870C80A491252,400DE1EB32AE30CC,3FF800000000001
$C05CCB1DD0C430CE,4058642E388A3CF3,400E5E286C57F4D2,3FF800000000001
$C05CC14BCA80BBD9,405858272770532D,400EDA65A601B8E,3FF800000000001
$C05CB6C3B7D8B1D6,40584CBE2AE1B2A7,400F56A2DFAB7CE4,3FF800000000001
$C05CAB8F83FD30D5,405841FE01E2FDBB,400FD2E0195540EF,3FF800000000001
$C05C9FB9BC3C7172,405837F0CC782AE,4010278EA97F827F,3FF800000000001
$C05C934D8611A819,40582EA0021B5429,401065AD46546482,3FF800000000001
$C05C865694A59428,4058261468D24205,4010A3CBE3294683,3FF800000000001
$C05C78E11DC9A,40581E560CEB16EF,4010E1EA7FFE2888,3FF800000000001
$C05C6AF9CE77F2C9,4058176C3967E43B,401120091CD30A89,3FF800000000001
$C05C5CADBEE34874,4058115D71204B8B,40115E27B9A7EC8E,3FF800000000001
$C05C4E0A6621CE66,40580C2F689FA501,40119C46567CCE94,3FF800000000001
$C05C3F1D8D7EA229,405807E700C57098,4011DA64F351B098,3FF800000000001
$C05C2FF5437DE3C2,40580488422D2242,401218839026929A,3FF800000000001
$C05C209FCE9F962B,4058021659619C7D,401256A22CFB74A2,3FF800000000001
$C05C112B9FEDC5E8,4058009393DFED53,401294C0C9D056A5,3FF800000000001
$C05C01A745629F33,405800015DEC1E83,4012D2DF66A538A8,3FF800000000001
$C05BF2215C334322,40580060413A23A6,401310FE037A1AAF,3FF800000000001
$C05BE2A8830C44BA,405801AFE46C298B,40134F1CA04EFCB2,3FF800000000001
$C05BD34B4C4CC45E,405803EF0B66C0C8,40138D3B3D23DEB8,3FF800000000001
$C05BC418304D217D,4058071B987A9453,4013CB59D9F8C0BB,3FF800000000001
$C05BB51D7FBE2F3F,40580B328E6293C4,4014097876CDA2C1,3FF800000000001
$C05BA669562DC216,405810301314B0AA,4014479713A284C3,3FF800000000001
$C05B98098CBD48BB,4058160F73628846,401485B5B07766C7,3FF800000000001
$C05B8A0BAD16F41E,40581CCB27668EF7,4014C3D44D4C48CD,3FF800000000001
$C05B7C7CE4ADB6D6,4058245CD7B9922,401501F2EA212AD1,3FF800000000001
$C05B6F69F8541E1C,40582CBD636BA8A8,4015401186F60CD,3FF800000000001
$C05B62DF3835B4A4,405835E4E6BAF20A,40157E3023CAEED5,3FF800000000001
$C05B56E8743E42CA,40583FCAC281D148,4015BC4EC09FD0D9,3FF800000000001
$C05B4B90F0F9D80A,40584A65A455A431,4015FA6D5D74B2E3,3FF800000000001
$C05B40E35CF8180F,405855AB8F4E5133,4016388BFA4994E8,3FF800000000001
$C05B36E9C6BCC9ED,40586191E56E66FD,401676AA971E76EC,3FF800000000001
$C05B2DAD9347232,40586E0D71A2F1EB,4016B4C933F358EF,3FF800000000001
$C05B25377538B9EA,40587B1272519C59,4016F2E7D0C83AF3,3FF800000000001
$C05B1D8F64A47458,40588894A46B29,401731066D9D1CF4,3FF800000000001
$C05B16BC978D2AE7,405896874EF7D9CC,40176F250A71FF,3FF800000000001
$C05B10C57B1B1075,4058A4DD4F12E2C5,4017AD43A746E0FE,3FF800000000001
$C05B0BAFAD8E44D,4058B3892449A035,4017EB62441BC304,3FF800000000001
$C05B077FF8F44533,4058C27CFD52E8E8,40182980E0F0A507,3FF800000000001
$C05B043A4EA53677,4058D1AAC51282E,4018679F7DC5870C,3FF800000000001
$C05B01E1C38D486F,4058E1042FDC78B1,4018A5BE1A9A6911,3FF800000000001
$C05B00788D45B1BF,4058F07AC8EBD1DD,4018E3DCB76F4B12,3FF800000000001
$C05AFFFFFFFFFFFC,4058FFFFFFFFFFFF,401921FB54442D18,3FF800000000001
4 38 234
4 39 80
4 40 618
4 41 166
4 42 0
4 43 0
3 32 ->
4 33 237
4 34 4
4 35 0
4 36 [2]
$1,-1
4 37 [53][4]
$C05CFFFFFFFFFFFD,4058FFFFFFFFFFFF,400921FB54442D18,3FF800000000001
$C05CFFB5500050D4,4058F3C8156554D5,400983C42BB64C86,3FF800000000001
$C05CFE7F437969D4,4058E44D2672BBC6,400A00016560108B,3FF800000000001
$C05CFC5986C07EA4,4058D4EC4DBE2FAD,400A7C3E9F09D491,3FF800000000001
$C05CF9461F9539D6,4058C5B4070BE815,400AF87BD8B39897,3FF800000000001
$C05CF547F38D605B,4058B6B2A7EA737A,400B74B9125D5CA,3FF800000000001
$C05CF062C55A62A,4058A7F65232AF98,400BF0F64C0720AC,3FF800000000001
$C05CEA9B313EAFAE,4058998CE6B87521,400C6D3385B0E4B9,3FF800000000001
$C05CE3F6A8B6203F,40588B83F8387FE9,400CE970BF5AA8BA,3FF800000000001
$C05CDC7B6D5590AC,40587DE8BE8FE2EB,400D65ADF9046CC4,3FF800000000001
$C05CD4308AE67DB5,405870C80A491252,400DE1EB32AE30CC,3FF800000000001
$C05CCB1DD0C430CE,4058642E388A3CF3,400E5E286C57F4D2,3FF800000000001
$C05CC14BCA80BBD9,405858272770532D,400EDA65A601B8E,3FF800000000001
$C05CB6C3B7D8B1D6,40584CBE2AE1B2A7,400F56A2DFAB7CE4,3FF800000000001
$C05CAB8F83FD30D5,405841FE01E2FDBB,400FD2E0195540EF,3FF800000000001
$C05C9FB9BC3C7172,405837F0CC782AE,4010278EA97F827F,3FF800000000001
$C05C934D8611A819,40582EA0021B5429,401065AD46546482,3FF800000000001
$C05C865694A59428,4058261468D24205,4010A3CBE3294683,3FF800000000001
$C05C78E11DC9A,40581E560CEB16EF,4010E1EA7FFE2888,3FF800000000001
$C05C6AF9CE77F2C9,4058176C3967E43B,401120091CD30A89,3FF800000000001
$C05C5CADBEE34874,4058115D71204B8B,40115E27B9A7EC8E,3FF800000000001
$C05C4E0A6621CE66,40580C2F689FA501,40119C46567CCE94,3FF800000000001
$C05C3F1D8D7EA229,405807E700C57098,4011DA64F351B098,3FF800000000001
$C05C2FF5437DE3C2,40580488422D2242,401218839026929A,3FF800000000001
$C05C209FCE9F962B,4058021659619C7D,401256A22CFB74A2,3FF800000000001
$C05C112B9FEDC5E8,4058009393DFED53,401294C0C9D056A5,3FF800000000001
$C05C01A745629F33,405800015DEC1E83,4012D2DF66A538A8,3FF800000000001
$C05BF2215C334322,40580060413A23A6,401310FE037A1AAF,3FF800000000001
$C05BE2A8830C44BA,405801AFE46C298B,40134F1CA04EFCB2,3FF800000000001
$C05BD34B4C4CC45E,405803EF0B66C0C8,40138D3B3D23DEB8,3FF800000000001
$C05BC418304D217D,4058071B987A9453,4013CB59D9F8C0BB,3FF800000000001
$C05BB51D7FBE2F3F,40580B328E6293C4,4014097876CDA2C1,3FF800000000001
$C05BA669562DC216,405810301314B0AA,4014479713A284C3,3FF800000000001
$C05B98098CBD48BB,4058160F73628846,401485B5B07766C7,3FF800000000001
$C05B8A0BAD16F41E,40581CCB27668EF7,4014C3D44D4C48CD,3FF800000000001
$C05B7C7CE4ADB6D6,4058245CD7B9922,401501F2EA212AD1,3FF800000000001
$C05B6F69F8541E1C,40582CBD636BA8A8,4015401186F60CD,3FF800000000001
$C05B62DF3835B4A4,405835E4E6BAF20A,40157E3023CAEED5,3FF800000000001
$C05B56E8743E42CA,40583FCAC281D148,4015BC4EC09FD0D9,3FF800000000001
$C05B4B90F0F9D80A,40584A65A455A431,4015FA6D5D74B2E3,3FF800000000001
$C05B40E35CF8180F,405855AB8F4E5133,4016388BFA4994E8,3FF800000000001
$C05B36E9C6BCC9ED,40586191E56E66FD,401676AA971E76EC,3FF800000000001
$C05B2DAD9347232,40586E0D71A2F1EB,4016B4C933F358EF,3FF800000000001
$C05B25377538B9EA,40587B1272519C59,4016F2E7D0C83AF3,3FF800000000001
$C05B1D8F64A47458,40588894A46B29,401731066D9D1CF4,3FF800000000001
$C05B16BC978D2AE7,405896874EF7D9CC,40176F250A71FF,3FF800000000001
$C05B10C57B1B1075,4058A4DD4F12E2C5,4017AD43A746E0FE,3FF800000000001
$C05B0BAFAD8E44D,4058B3892449A035,4017EB62441BC304,3FF800000000001
$C05B077FF8F44533,4058C27CFD52E8E8,40182980E0F0A507,3FF800000000001
$C05B043A4EA53677,4058D1AAC51282E,4018679F7DC5870C,3FF800000000001
$C05B01E1C38D486F,4058E1042FDC78B1,4018A5BE1A9A6911,3FF800000000001
$C05B00788D45B1BF,4058F07AC8EBD1DD,4018E3DCB76F4B12,3FF800000000001
$C05AFFFFFFFFFFFC,4058FFFFFFFFFFFF,401921FB54442D18,3FF800000000001
4 38 233
4 39 79
4 40 617
4 41 165
4 42 0
4 43 0
3 32 ->
4 33 614
4 34 4
4 35 0
4 36 [2]
$1,-1
4 37 [2][4]
$0,3FF800000000001,401921FB54442D18,3FF800000000001
$0,0,401921FB54442D18,0
4 38 164
4 39 80
4 40 616
4 41 238
4 42 0
4 43 0
3 32 ->
4 33 613
4 34 4
4 35 0
4 36 [2]
$1,-1
4 37 [2][4]
$0,3FF800000000001,401921FB54442D18,3FF800000000001
$0,0,401921FB54442D18,0
4 38 163
4 39 79
4 40 615
4 41 237
4 42 0
4 43 0
3 32 ->
4 33 86
4 34 4
4 35 0
4 36 [2]
$1,-1
4 37 [53][4]
$400921FB54442D18,0,C05CFFFFFFFFFFFD,C059
$400983C42BB64C86,0,C05CFFB5500050D4,C0590C37EA9AAB2A
$400A000165601093,0,C05CFE7F437969D4,C0591BB2D98D443A
$400A7C3E9F09D499,0,C05CFC5986C07EA4,C0592B13B241D053
$400AF87BD8B3989E,0,C05CF9461F9539D6,C0593A4BF8F417EB
$400B74B9125D5CA8,0,C05CF547F38D605B,C059494D58158C86
$400BF0F64C0720B4,0,C05CF062C55A62A,C0595809ADCD5068
$400C6D3385B0E4B9,0,C05CEA9B313EAFAE,C059667319478ADE
$400CE970BF5AA8C4,0,C05CE3F6A8B6203F,C059747C07C78017
$400D65ADF9046CC4,0,C05CDC7B6D5590AC,C059821741701D14
$400DE1EB32AE30D3,0,C05CD4308AE67DB5,C0598F37F5B6EDAE
$400E5E286C57F4DE,0,C05CCB1DD0C430CE,C0599BD1C775C30D
$400EDA65A601B8E6,0,C05CC14BCA80BBD9,C059A7D8D88FACD3
$400F56A2DFAB7CEA,0,C05CB6C3B7D8B1D6,C059B341D51E4D59
$400FD2E0195540F5,0,C05CAB8F83FD30D5,C059BE01FE1D0245
$4010278EA97F8282,0,C05C9FB9BC3C7172,C059C80F3387D52
$401065AD46546484,0,C05C934D8611A819,C059D15FFDE4ABD7
$4010A3CBE3294686,0,C05C865694A59428,C059D9EB972DBDFB
$4010E1EA7FFE2888,0,C05C78E11DC9A,C059E1A9F314E91
$401120091CD30A89,0,C05C6AF9CE77F2C9,C059E893C6981BC5
$40115E27B9A7EC8E,0,C05C5CADBEE34874,C059EEA28EDFB475
$40119C46567CCE94,0,C05C4E0A6621CE66,C059F3D097605AFE
$4011DA64F351B098,0,C05C3F1D8D7EA229,C059F818FF3A8F68
$401218839026929B,0,C05C2FF5437DE3C2,C059FB77BDD2DDBE
$401256A22CFB74A2,0,C05C209FCE9F962B,C059FDE9A69E6383
$401294C0C9D056A5,0,C05C112B9FEDC5E8,C059FF6C6C2012AD
$4012D2DF66A538A8,0,C05C01A745629F33,C059FFFEA213E17D
$401310FE037A1AAF,0,C05BF2215C334322,C059FF9FBEC5DC5A
$40134F1CA04EFCB2,0,C05BE2A8830C44BA,C059FE501B93D675
$40138D3B3D23DEB8,0,C05BD34B4C4CC45E,C059FC10F4993F38
$4013CB59D9F8C0BB,0,C05BC418304D217D,C059F8E467856BAD
$4014097876CDA2C1,0,C05BB51D7FBE2F3F,C059F4CD719D6C3B
$4014479713A284C3,0,C05BA669562DC216,C059EFCFECEB4F56
$401485B5B07766C7,0,C05B98098CBD48BB,C059E9F08C9D77BA
$4014C3D44D4C48CD,0,C05B8A0BAD16F41E,C059E334D8997109
$401501F2EA212ACF,0,C05B7C7CE4ADB6D6,C059DBA328466DE
$4015401186F60CD,0,C05B6F69F8541E1C,C059D3429C945758
$40157E3023CAEED5,0,C05B62DF3835B4A4,C059CA1B19450DF6
$4015BC4EC09FD0D9,0,C05B56E8743E42CA,C059C0353D7E2EB8
$4015FA6D5D74B2E,0,C05B4B90F0F9D80A,C059B59A5BAA5BCF
$4016388BFA4994E6,0,C05B40E35CF8180F,C059AA5470B1AECD
$401676AA971E76E9,0,C05B36E9C6BCC9ED,C0599E6E1A919903
$4016B4C933F358EC,0,C05B2DAD9347232,C05991F28E5D0E15
$4016F2E7D0C83AED,0,C05B25377538B9EA,C05984ED8DAE63A7
$401731066D9D1CF4,0,C05B1D8F64A47458,C059776B5B94D6FF
$40176F250A71FEFB,0,C05B16BC978D2AE7,C0596978B1082634
$4017AD43A746E0FE,0,C05B10C57B1B1075,C0595B22B0ED1D3A
$4017EB62441BC3,0,C05B0BAFAD8E44D,C0594C76DBB65FCB
$40182980E0F0A504,0,C05B077FF8F44533,C0593D8302AD1718
$4018679F7DC58709,0,C05B043A4EA53677,C0592E553AED7D2
$4018A5BE1A9A690D,0,C05B01E1C38D486F,C0591EFBD023874F
$4018E3DCB76F4B12,0,C05B00788D45B1BF,C0590F8537142E22
$401921FB54442D18,0,C05AFFFFFFFFFFFC,C059
4 38 84
4 39 228
4 40 620
4 41 622
4 42 0
4 43 0
3 32 ->
4 33 85
4 34 4
4 35 0
4 36 [2]
$1,-1
4 37 [53][4]
$400921FB54442D18,0,C05CFFFFFFFFFFFD,C059
$400983C42BB64C86,0,C05CFFB5500050D4,C0590C37EA9AAB2A
$400A000165601093,0,C05CFE7F437969D4,C0591BB2D98D443A
$400A7C3E9F09D499,0,C05CFC5986C07EA4,C0592B13B241D053
$400AF87BD8B3989E,0,C05CF9461F9539D6,C0593A4BF8F417EB
$400B74B9125D5CA8,0,C05CF547F38D605B,C059494D58158C86
$400BF0F64C0720B4,0,C05CF062C55A62A,C0595809ADCD5068
$400C6D3385B0E4B9,0,C05CEA9B313EAFAE,C059667319478ADE
$400CE970BF5AA8C4,0,C05CE3F6A8B6203F,C059747C07C78017
$400D65ADF9046CC4,0,C05CDC7B6D5590AC,C059821741701D14
$400DE1EB32AE30D3,0,C05CD4308AE67DB5,C0598F37F5B6EDAE
$400E5E286C57F4DE,0,C05CCB1DD0C430CE,C0599BD1C775C30D
$400EDA65A601B8E6,0,C05CC14BCA80BBD9,C059A7D8D88FACD3
$400F56A2DFAB7CEA,0,C05CB6C3B7D8B1D6,C059B341D51E4D59
$400FD2E0195540F5,0,C05CAB8F83FD30D5,C059BE01FE1D0245
$4010278EA97F8282,0,C05C9FB9BC3C7172,C059C80F3387D52
$401065AD46546484,0,C05C934D8611A819,C059D15FFDE4ABD7
$4010A3CBE3294686,0,C05C865694A59428,C059D9EB972DBDFB
$4010E1EA7FFE2888,0,C05C78E11DC9A,C059E1A9F314E91
$401120091CD30A89,0,C05C6AF9CE77F2C9,C059E893C6981BC5
$40115E27B9A7EC8E,0,C05C5CADBEE34874,C059EEA28EDFB475
$40119C46567CCE94,0,C05C4E0A6621CE66,C059F3D097605AFE
$4011DA64F351B098,0,C05C3F1D8D7EA229,C059F818FF3A8F68
$401218839026929B,0,C05C2FF5437DE3C2,C059FB77BDD2DDBE
$401256A22CFB74A2,0,C05C209FCE9F962B,C059FDE9A69E6383
$401294C0C9D056A5,0,C05C112B9FEDC5E8,C059FF6C6C2012AD
$4012D2DF66A538A8,0,C05C01A745629F33,C059FFFEA213E17D
$401310FE037A1AAF,0,C05BF2215C334322,C059FF9FBEC5DC5A
$40134F1CA04EFCB2,0,C05BE2A8830C44BA,C059FE501B93D675
$40138D3B3D23DEB8,0,C05BD34B4C4CC45E,C059FC10F4993F38
$4013CB59D9F8C0BB,0,C05BC418304D217D,C059F8E467856BAD
$4014097876CDA2C1,0,C05BB51D7FBE2F3F,C059F4CD719D6C3B
$4014479713A284C3,0,C05BA669562DC216,C059EFCFECEB4F56
$401485B5B07766C7,0,C05B98098CBD48BB,C059E9F08C9D77BA
$4014C3D44D4C48CD,0,C05B8A0BAD16F41E,C059E334D8997109
$401501F2EA212ACF,0,C05B7C7CE4ADB6D6,C059DBA328466DE
$4015401186F60CD,0,C05B6F69F8541E1C,C059D3429C945758
$40157E3023CAEED5,0,C05B62DF3835B4A4,C059CA1B19450DF6
$4015BC4EC09FD0D9,0,C05B56E8743E42CA,C059C0353D7E2EB8
$4015FA6D5D74B2E,0,C05B4B90F0F9D80A,C059B59A5BAA5BCF
$4016388BFA4994E6,0,C05B40E35CF8180F,C059AA5470B1AECD
$401676AA971E76E9,0,C05B36E9C6BCC9ED,C0599E6E1A919903
$4016B4C933F358EC,0,C05B2DAD9347232,C05991F28E5D0E15
$4016F2E7D0C83AED,0,C05B25377538B9EA,C05984ED8DAE63A7
$401731066D9D1CF4,0,C05B1D8F64A47458,C059776B5B94D6FF
$40176F250A71FEFB,0,C05B16BC978D2AE7,C0596978B1082634
$4017AD43A746E0FE,0,C05B10C57B1B1075,C0595B22B0ED1D3A
$4017EB62441BC3,0,C05B0BAFAD8E44D,C0594C76DBB65FCB
$40182980E0F0A504,0,C05B077FF8F44533,C0593D8302AD1718
$4018679F7DC58709,0,C05B043A4EA53677,C0592E553AED7D2
$4018A5BE1A9A690D,0,C05B01E1C38D486F,C0591EFBD023874F
$4018E3DCB76F4B12,0,C05B00788D45B1BF,C0590F8537142E22
$401921FB54442D18,0,C05AFFFFFFFFFFFC,C059
4 38 83
4 39 227
4 40 619
4 41 621
4 42 0
4 43 0
3 32 ->
4 33 162
4 34 4
4 35 0
4 36 [2]
$1,-1
4 37 [2][4]
$400921FB54442D18,3FF800000000001,400921FB54442D18,3FF800000000001
$400921FB54442D18,0,400921FB54442D18,0
4 38 84
4 39 160
4 40 86
4 41 624
4 42 0
4 43 0
3 32 ->
4 33 161
4 34 4
4 35 0
4 36 [2]
$1,-1
4 37 [2][4]
$400921FB54442D18,3FF800000000001,400921FB54442D18,3FF800000000001
$400921FB54442D18,0,400921FB54442D18,0
4 38 83
4 39 159
4 40 85
4 41 623
4 42 0
4 43 0
3 32 ->
4 33 240
4 34 4
4 35 0
4 36 [2]
$1,-1
4 37 [53][4]
$C05CFFFFFFFFFFFD,C059,400921FB54442D18,3FF800000000001
$C05CFFB5500050D4,C0590C37EA9AAB2A,400983C42BB64C86,3FF800000000001
$C05CFE7F437969D4,C0591BB2D98D443A,400A000165601093,3FF800000000001
$C05CFC5986C07EA4,C0592B13B241D053,400A7C3E9F09D499,3FF800000000001
$C05CF9461F9539D6,C0593A4BF8F417EB,400AF87BD8B3989E,3FF800000000001
$C05CF547F38D605B,C059494D58158C86,400B74B9125D5CA8,3FF800000000001
$C05CF062C55A62A,C0595809ADCD5068,400BF0F64C0720B4,3FF800000000001
$C05CEA9B313EAFAE,C059667319478ADE,400C6D3385B0E4B9,3FF800000000001
$C05CE3F6A8B6203F,C059747C07C78017,400CE970BF5AA8C4,3FF800000000001
$C05CDC7B6D5590AC,C059821741701D14,400D65ADF9046CC4,3FF800000000001
$C05CD4308AE67DB5,C0598F37F5B6EDAE,400DE1EB32AE30D3,3FF800000000001
$C05CCB1DD0C430CE,C0599BD1C775C30D,400E5E286C57F4DE,3FF800000000001
$C05CC14BCA80BBD9,C059A7D8D88FACD3,400EDA65A601B8E6,3FF800000000001
$C05CB6C3B7D8B1D6,C059B341D51E4D59,400F56A2DFAB7CEA,3FF800000000001
$C05CAB8F83FD30D5,C059BE01FE1D0245,400FD2E0195540F5,3FF800000000001
$C05C9FB9BC3C7172,C059C80F3387D52,4010278EA97F8282,3FF800000000001
$C05C934D8611A819,C059D15FFDE4ABD7,401065AD46546484,3FF800000000001
$C05C865694A59428,C059D9EB972DBDFB,4010A3CBE3294686,3FF800000000001
$C05C78E11DC9A,C059E1A9F314E91,4010E1EA7FFE2888,3FF800000000001
$C05C6AF9CE77F2C9,C059E893C6981BC5,401120091CD30A89,3FF800000000001
$C05C5CADBEE34874,C059EEA28EDFB475,40115E27B9A7EC8E,3FF800000000001
$C05C4E0A6621CE66,C059F3D097605AFE,40119C46567CCE94,3FF800000000001
$C05C3F1D8D7EA229,C059F818FF3A8F68,4011DA64F351B098,3FF800000000001
$C05C2FF5437DE3C2,C059FB77BDD2DDBE,401218839026929B,3FF800000000001
$C05C209FCE9F962B,C059FDE9A69E6383,401256A22CFB74A2,3FF800000000001
$C05C112B9FEDC5E8,C059FF6C6C2012AD,401294C0C9D056A5,3FF800000000001
$C05C01A745629F33,C059FFFEA213E17D,4012D2DF66A538A8,3FF800000000001
$C05BF2215C334322,C059FF9FBEC5DC5A,401310FE037A1AAF,3FF800000000001
$C05BE2A8830C44BA,C059FE501B93D675,40134F1CA04EFCB2,3FF800000000001
$C05BD34B4C4CC45E,C059FC10F4993F38,40138D3B3D23DEB8,3FF800000000001
$C05BC418304D217D,C059F8E467856BAD,4013CB59D9F8C0BB,3FF800000000001
$C05BB51D7FBE2F3F,C059F4CD719D6C3B,4014097876CDA2C1,3FF800000000001
$C05BA669562DC216,C059EFCFECEB4F56,4014479713A284C3,3FF800000000001
$C05B98098CBD48BB,C059E9F08C9D77BA,401485B5B07766C7,3FF800000000001
$C05B8A0BAD16F41E,C059E334D8997109,4014C3D44D4C48CD,3FF800000000001
$C05B7C7CE4ADB6D6,C059DBA328466DE,401501F2EA212ACF,3FF800000000001
$C05B6F69F8541E1C,C059D3429C945758,4015401186F60CD,3FF800000000001
$C05B62DF3835B4A4,C059CA1B19450DF6,40157E3023CAEED5,3FF800000000001
$C05B56E8743E42CA,C059C0353D7E2EB8,4015BC4EC09FD0D9,3FF800000000001
$C05B4B90F0F9D80A,C059B59A5BAA5BCF,4015FA6D5D74B2E,3FF800000000001
$C05B40E35CF8180F,C059AA5470B1AECD,4016388BFA4994E6,3FF800000000001
$C05B36E9C6BCC9ED,C0599E6E1A919903,401676AA971E76E9,3FF800000000001
$C05B2DAD9347232,C05991F28E5D0E15,4016B4C933F358EC,3FF800000000001
$C05B25377538B9EA,C05984ED8DAE63A7,4016F2E7D0C83AED,3FF800000000001
$C05B1D8F64A47458,C059776B5B94D6FF,401731066D9D1CF4,3FF800000000001
$C05B16BC978D2AE7,C0596978B1082634,40176F250A71FEFB,3FF800000000001
$C05B10C57B1B1075,C0595B22B0ED1D3A,4017AD43A746E0FE,3FF800000000001
$C05B0BAFAD8E44D,C0594C76DBB65FCB,4017EB62441BC3,3FF800000000001
$C05B077FF8F44533,C0593D8302AD1718,40182980E0F0A504,3FF800000000001
$C05B043A4EA53677,C0592E553AED7D2,4018679F7DC58709,3FF800000000001
$C05B01E1C38D486F,C0591EFBD023874F,4018A5BE1A9A690D,3FF800000000001
$C05B00788D45B1BF,C0590F8537142E22,4018E3DCB76F4B12,3FF800000000001
$C05AFFFFFFFFFFFC,C059,401921FB54442D18,3FF800000000001
4 38 234
4 39 84
4 40 624
4 41 162
4 42 0
4 43 0
3 32 ->
4 33 239
4 34 4
4 35 0
4 36 [2]
$1,-1
4 37 [53][4]
$C05CFFFFFFFFFFFD,C059,400921FB54442D18,3FF800000000001
$C05CFFB5500050D4,C0590C37EA9AAB2A,400983C42BB64C86,3FF800000000001
$C05CFE7F437969D4,C0591BB2D98D443A,400A000165601093,3FF800000000001
$C05CFC5986C07EA4,C0592B13B241D053,400A7C3E9F09D499,3FF800000000001
$C05CF9461F9539D6,C0593A4BF8F417EB,400AF87BD8B3989E,3FF800000000001
$C05CF547F38D605B,C059494D58158C86,400B74B9125D5CA8,3FF800000000001
$C05CF062C55A62A,C0595809ADCD5068,400BF0F64C0720B4,3FF800000000001
$C05CEA9B313EAFAE,C059667319478ADE,400C6D3385B0E4B9,3FF800000000001
$C05CE3F6A8B6203F,C059747C07C78017,400CE970BF5AA8C4,3FF800000000001
$C05CDC7B6D5590AC,C059821741701D14,400D65ADF9046CC4,3FF800000000001
$C05CD4308AE67DB5,C0598F37F5B6EDAE,400DE1EB32AE30D3,3FF800000000001
$C05CCB1DD0C430CE,C0599BD1C775C30D,400E5E286C57F4DE,3FF800000000001
$C05CC14BCA80BBD9,C059A7D8D88FACD3,400EDA65A601B8E6,3FF800000000001
$C05CB6C3B7D8B1D6,C059B341D51E4D59,400F56A2DFAB7CEA,3FF800000000001
$C05CAB8F83FD30D5,C059BE01FE1D0245,400FD2E0195540F5,3FF800000000001
$C05C9FB9BC3C7172,C059C80F3387D52,4010278EA97F8282,3FF800000000001
$C05C934D8611A819,C059D15FFDE4ABD7,401065AD46546484,3FF800000000001
$C05C865694A59428,C059D9EB972DBDFB,4010A3CBE3294686,3FF800000000001
$C05C78E11DC9A,C059E1A9F314E91,4010E1EA7FFE2888,3FF800000000001
$C05C6AF9CE77F2C9,C059E893C6981BC5,401120091CD30A89,3FF800000000001
$C05C5CADBEE34874,C059EEA28EDFB475,40115E27B9A7EC8E,3FF800000000001
$C05C4E0A6621CE66,C059F3D097605AFE,40119C46567CCE94,3FF800000000001
$C05C3F1D8D7EA229,C059F818FF3A8F68,4011DA64F351B098,3FF800000000001
$C05C2FF5437DE3C2,C059FB77BDD2DDBE,401218839026929B,3FF800000000001
$C05C209FCE9F962B,C059FDE9A69E6383,401256A22CFB74A2,3FF800000000001
$C05C112B9FEDC5E8,C059FF6C6C2012AD,401294C0C9D056A5,3FF800000000001
$C05C01A745629F33,C059FFFEA213E17D,4012D2DF66A538A8,3FF800000000001
$C05BF2215C334322,C059FF9FBEC5DC5A,401310FE037A1AAF,3FF800000000001
$C05BE2A8830C44BA,C059FE501B93D675,40134F1CA04EFCB2,3FF800000000001
$C05BD34B4C4CC45E,C059FC10F4993F38,40138D3B3D23DEB8,3FF800000000001
$C05BC418304D217D,C059F8E467856BAD,4013CB59D9F8C0BB,3FF800000000001
$C05BB51D7FBE2F3F,C059F4CD719D6C3B,4014097876CDA2C1,3FF800000000001
$C05BA669562DC216,C059EFCFECEB4F56,4014479713A284C3,3FF800000000001
$C05B98098CBD48BB,C059E9F08C9D77BA,401485B5B07766C7,3FF800000000001
$C05B8A0BAD16F41E,C059E334D8997109,4014C3D44D4C48CD,3FF800000000001
$C05B7C7CE4ADB6D6,C059DBA328466DE,401501F2EA212ACF,3FF800000000001
$C05B6F69F8541E1C,C059D3429C945758,4015401186F60CD,3FF800000000001
$C05B62DF3835B4A4,C059CA1B19450DF6,40157E3023CAEED5,3FF800000000001
$C05B56E8743E42CA,C059C0353D7E2EB8,4015BC4EC09FD0D9,3FF800000000001
$C05B4B90F0F9D80A,C059B59A5BAA5BCF,4015FA6D5D74B2E,3FF800000000001
$C05B40E35CF8180F,C059AA5470B1AECD,4016388BFA4994E6,3FF800000000001
$C05B36E9C6BCC9ED,C0599E6E1A919903,401676AA971E76E9,3FF800000000001
$C05B2DAD9347232,C05991F28E5D0E15,4016B4C933F358EC,3FF800000000001
$C05B25377538B9EA,C05984ED8DAE63A7,4016F2E7D0C83AED,3FF800000000001
$C05B1D8F64A47458,C059776B5B94D6FF,401731066D9D1CF4,3FF800000000001
$C05B16BC978D2AE7,C0596978B1082634,40176F250A71FEFB,3FF800000000001
$C05B10C57B1B1075,C0595B22B0ED1D3A,4017AD43A746E0FE,3FF800000000001
$C05B0BAFAD8E44D,C0594C76DBB65FCB,4017EB62441BC3,3FF800000000001
$C05B077FF8F44533,C0593D8302AD1718,40182980E0F0A504,3FF800000000001
$C05B043A4EA53677,C0592E553AED7D2,4018679F7DC58709,3FF800000000001
$C05B01E1C38D486F,C0591EFBD023874F,4018A5BE1A9A690D,3FF800000000001
$C05B00788D45B1BF,C0590F8537142E22,4018E3DCB76F4B12,3FF800000000001
$C05AFFFFFFFFFFFC,C059,401921FB54442D18,3FF800000000001
4 38 233
4 39 83
4 40 623
4 41 161
4 42 0
4 43 0
3 32 ->
4 33 620
4 34 4
4 35 0
4 36 [2]
$1,-1
4 37 [2][4]
$0,3FF800000000001,401921FB54442D18,3FF800000000001
$0,0,401921FB54442D18,0
4 38 160
4 39 84
4 40 622
4 41 240
4 42 0
4 43 0
3 32 ->
4 33 619
4 34 4
4 35 0
4 36 [2]
$1,-1
4 37 [2][4]
$0,3FF800000000001,401921FB54442D18,3FF800000000001
$0,0,401921FB54442D18,0
4 38 159
4 39 83
4 40 621
4 41 239
4 42 0
4 43 0
3 32 ->
4 33 90
4 34 4
4 35 0
4 36 [2]
$1,-1
4 37 [53][4]
$400921FB54442D18,0,C05CFFFFFFFFFFFD,C049
$400983C42BB64C86,0,C05CFFB5500050D4,C049186FD5355654
$400A00016560108F,0,C05CFE7F437969D4,C0493765B31A8873
$400A7C3E9F09D495,0,C05CFC5986C07EA4,C04956276483A0A5
$400AF87BD8B3989E,0,C05CF9461F9539D6,C0497497F1E82FD6
$400B74B9125D5CA8,0,C05CF547F38D605B,C049929AB02B190C
$400BF0F64C0720B,0,C05CF062C55A62A,C049B0135B9AA0CF
$400C6D3385B0E4B6,0,C05CEA9B313EAFAE,C049CCE6328F15BC
$400CE970BF5AA8BD,0,C05CE3F6A8B6203F,C049E8F80F8F002D
$400D65ADF9046CC4,0,C05CDC7B6D5590AC,C04A042E82E03A29
$400DE1EB32AE30CF,0,C05CD4308AE67DB5,C04A1E6FEB6DDB5B
$400E5E286C57F4D2,0,C05CCB1DD0C430CE,C04A37A38EEB8619
$400EDA65A601B8E,0,C05CC14BCA80BBD9,C04A4FB1B11F59A4
$400F56A2DFAB7CE7,0,C05CB6C3B7D8B1D6,C04A6683AA3C9AB2
$400FD2E0195540F2,0,C05CAB8F83FD30D5,C04A7C03FC3A0489
$4010278EA97F827F,0,C05C9FB9BC3C7172,C04A901E670FAA3E
$401065AD46546483,0,C05C934D8611A819,C04AA2BFFBC957AD
$4010A3CBE3294683,0,C05C865694A59428,C04AB3D72E5B7BF5
$4010E1EA7FFE2888,0,C05C78E11DC9A,C04AC353E629D221
$401120091CD30A8A,0,C05C6AF9CE77F2C9,C04AD1278D30378A
$40115E27B9A7EC8E,0,C05C5CADBEE34874,C04ADD451DBF68E9
$40119C46567CCE94,0,C05C4E0A6621CE66,C04AE7A12EC0B5FD
$4011DA64F351B099,0,C05C3F1D8D7EA229,C04AF031FE751ED
$401218839026929A,0,C05C2FF5437DE3C2,C04AF6EF7BA5BB7B
$401256A22CFB74A1,0,C05C209FCE9F962B,C04AFBD34D3CC705
$401294C0C9D056A5,0,C05C112B9FEDC5E8,C04AFED8D8402558
$4012D2DF66A538A8,0,C05C01A745629F33,C04AFFFD4427C2FB
$401310FE037A1AAF,0,C05BF2215C334322,C04AFF3F7D8BB8B3
$40134F1CA04EFCB2,0,C05BE2A8830C44BA,C04AFCA03727ACE9
$40138D3B3D23DEB8,0,C05BD34B4C4CC45E,C04AF821E9327E71
$4013CB59D9F8C0BB,0,C05BC418304D217D,C04AF1C8CF0AD759
$4014097876CDA2C,0,C05BB51D7FBE2F3F,C04AE99AE33AD877
$4014479713A284C4,0,C05BA669562DC216,C04ADF9FD9D69EAB
$401485B5B07766C8,0,C05B98098CBD48BB,C04AD3E1193AEF74
$4014C3D44D4C48CD,0,C05B8A0BAD16F41E,C04AC669B132E212
$401501F2EA212AD,0,C05B7C7CE4ADB6D6,C04AB746508CDBBF
$4015401186F60CD,0,C05B6F69F8541E1C,C04AA6853928AEAF
$40157E3023CAEED5,0,C05B62DF3835B4A4,C04A9436328A1BEB
$4015BC4EC09FD0D9,0,C05B56E8743E42CA,C04A806A7AFC5D6F
$4015FA6D5D74B2E,0,C05B4B90F0F9D80A,C04A6B34B754B79E
$4016388BFA4994E4,0,C05B40E35CF8180F,C04A54A8E1635D9B
$401676AA971E76E9,0,C05B36E9C6BCC9ED,C04A3CDC35233206
$4016B4C933F358ED,0,C05B2DAD9347232,C04A23E51CBA1C29
$4016F2E7D0C83AF3,0,C05B25377538B9EA,C04A09DB1B5CC74C
$401731066D9D1CF4,0,C05B1D8F64A47458,C049EED6B729ADFE
$40176F250A71FEF9,0,C05B16BC978D2AE7,C049D2F162104C69
$4017AD43A746E1,0,C05B10C57B1B1075,C049B64561DA3A73
$4017EB62441BC302,0,C05B0BAFAD8E44D,C04998EDB76CBF95
$40182980E0F0A506,0,C05B077FF8F44533,C0497B06055A2E2F
$4018679F7DC5870A,0,C05B043A4EA53677,C0495CAA75DAFA3F
$4018A5BE1A9A690F,0,C05B01E1C38D486F,C0493DF7A0470E9D
$4018E3DCB76F4B14,0,C05B00788D45B1BF,C0491F0A6E285C43
$401921FB54442D18,0,C05AFFFFFFFFFFFC,C049
4 38 88
4 39 228
4 40 626
4 41 628
4 42 0
4 43 0
3 32 ->
4 33 89
4 34 4
4 35 0
4 36 [2]
$1,-1
4 37 [53][4]
$400921FB54442D18,0,C05CFFFFFFFFFFFD,C049
$400983C42BB64C86,0,C05CFFB5500050D4,C049186FD5355654
$400A00016560108F,0,C05CFE7F437969D4,C0493765B31A8873
$400A7C3E9F09D495,0,C05CFC5986C07EA4,C04956276483A0A5
$400AF87BD8B3989E,0,C05CF9461F9539D6,C0497497F1E82FD6
$400B74B9125D5CA8,0,C05CF547F38D605B,C049929AB02B190C
$400BF0F64C0720B,0,C05CF062C55A62A,C049B0135B9AA0CF
$400C6D3385B0E4B6,0,C05CEA9B313EAFAE,C049CCE6328F15BC
$400CE970BF5AA8BD,0,C05CE3F6A8B6203F,C049E8F80F8F002D
$400D65ADF9046CC4,0,C05CDC7B6D5590AC,C04A042E82E03A29
$400DE1EB32AE30CF,0,C05CD4308AE67DB5,C04A1E6FEB6DDB5B
$400E5E286C57F4D2,0,C05CCB1DD0C430CE,C04A37A38EEB8619
$400EDA65A601B8E,0,C05CC14BCA80BBD9,C04A4FB1B11F59A4
$400F56A2DFAB7CE7,0,C05CB6C3B7D8B1D6,C04A6683AA3C9AB2
$400FD2E0195540F2,0,C05CAB8F83FD30D5,C04A7C03FC3A0489
$4010278EA97F827F,0,C05C9FB9BC3C7172,C04A901E670FAA3E
$401065AD46546483,0,C05C934D8611A819,C04AA2BFFBC957AD
$4010A3CBE3294683,0,C05C865694A59428,C04AB3D72E5B7BF5
$4010E1EA7FFE2888,0,C05C78E11DC9A,C04AC353E629D221
$401120091CD30A8A,0,C05C6AF9CE77F2C9,C04AD1278D30378A
$40115E27B9A7EC8E,0,C05C5CADBEE34874,C04ADD451DBF68E9
$40119C46567CCE94,0,C05C4E0A6621CE66,C04AE7A12EC0B5FD
$4011DA64F351B099,0,C05C3F1D8D7EA229,C04AF031FE751ED
$401218839026929A,0,C05C2FF5437DE3C2,C04AF6EF7BA5BB7B
$401256A22CFB74A1,0,C05C209FCE9F962B,C04AFBD34D3CC705
$401294C0C9D056A5,0,C05C112B9FEDC5E8,C04AFED8D8402558
$4012D2DF66A538A8,0,C05C01A745629F33,C04AFFFD4427C2FB
$401310FE037A1AAF,0,C05BF2215C334322,C04AFF3F7D8BB8B3
$40134F1CA04EFCB2,0,C05BE2A8830C44BA,C04AFCA03727ACE9
$40138D3B3D23DEB8,0,C05BD34B4C4CC45E,C04AF821E9327E71
$4013CB59D9F8C0BB,0,C05BC418304D217D,C04AF1C8CF0AD759
$4014097876CDA2C,0,C05BB51D7FBE2F3F,C04AE99AE33AD877
$4014479713A284C4,0,C05BA669562DC216,C04ADF9FD9D69EAB
$401485B5B07766C8,0,C05B98098CBD48BB,C04AD3E1193AEF74
$4014C3D44D4C48CD,0,C05B8A0BAD16F41E,C04AC669B132E212
$401501F2EA212AD,0,C05B7C7CE4ADB6D6,C04AB746508CDBBF
$4015401186F60CD,0,C05B6F69F8541E1C,C04AA6853928AEAF
$40157E3023CAEED5,0,C05B62DF3835B4A4,C04A9436328A1BEB
$4015BC4EC09FD0D9,0,C05B56E8743E42CA,C04A806A7AFC5D6F
$4015FA6D5D74B2E,0,C05B4B90F0F9D80A,C04A6B34B754B79E
$4016388BFA4994E4,0,C05B40E35CF8180F,C04A54A8E1635D9B
$401676AA971E76E9,0,C05B36E9C6BCC9ED,C04A3CDC35233206
$4016B4C933F358ED,0,C05B2DAD9347232,C04A23E51CBA1C29
$4016F2E7D0C83AF3,0,C05B25377538B9EA,C04A09DB1B5CC74C
$401731066D9D1CF4,0,C05B1D8F64A47458,C049EED6B729ADFE
$40176F250A71FEF9,0,C05B16BC978D2AE7,C049D2F162104C69
$4017AD43A746E1,0,C05B10C57B1B1075,C049B64561DA3A73
$4017EB62441BC302,0,C05B0BAFAD8E44D,C04998EDB76CBF95
$40182980E0F0A506,0,C05B077FF8F44533,C0497B06055A2E2F
$4018679F7DC5870A,0,C05B043A4EA53677,C0495CAA75DAFA3F
$4018A5BE1A9A690F,0,C05B01E1C38D486F,C0493DF7A0470E9D
$4018E3DCB76F4B14,0,C05B00788D45B1BF,C0491F0A6E285C43
$401921FB54442D18,0,C05AFFFFFFFFFFFC,C049
4 38 87
4 39 227
4 40 625
4 41 627
4 42 0
4 43 0
3 32 ->
4 33 158
4 34 4
4 35 0
4 36 [2]
$1,-1
4 37 [2][4]
$400921FB54442D18,3FF800000000001,400921FB54442D18,3FF800000000001
$400921FB54442D18,0,400921FB54442D18,0
4 38 88
4 39 156
4 40 90
4 41 630
4 42 0
4 43 0
3 32 ->
4 33 157
4 34 4
4 35 0
4 36 [2]
$1,-1
4 37 [2][4]
$400921FB54442D18,3FF800000000001,400921FB54442D18,3FF800000000001
$400921FB54442D18,0,400921FB54442D18,0
4 38 87
4 39 155
4 40 89
4 41 629
4 42 0
4 43 0
3 32 ->
4 33 242
4 34 4
4 35 0
4 36 [2]
$1,-1
4 37 [53][4]
$C05CFFFFFFFFFFFD,C049,400921FB54442D18,3FF800000000001
$C05CFFB5500050D4,C049186FD5355654,400983C42BB64C86,3FF800000000001
$C05CFE7F437969D4,C0493765B31A8873,400A00016560108F,3FF800000000001
$C05CFC5986C07EA4,C04956276483A0A5,400A7C3E9F09D495,3FF800000000001
$C05CF9461F9539D6,C0497497F1E82FD6,400AF87BD8B3989E,3FF800000000001
$C05CF547F38D605B,C049929AB02B190C,400B74B9125D5CA8,3FF800000000001
$C05CF062C55A62A,C049B0135B9AA0CF,400BF0F64C0720B,3FF800000000001
$C05CEA9B313EAFAE,C049CCE6328F15BC,400C6D3385B0E4B6,3FF800000000001
$C05CE3F6A8B6203F,C049E8F80F8F002D,400CE970BF5AA8BD,3FF800000000001
$C05CDC7B6D5590AC,C04A042E82E03A29,400D65ADF9046CC4,3FF800000000001
$C05CD4308AE67DB5,C04A1E6FEB6DDB5B,400DE1EB32AE30CF,3FF800000000001
$C05CCB1DD0C430CE,C04A37A38EEB8619,400E5E286C57F4D2,3FF800000000001
$C05CC14BCA80BBD9,C04A4FB1B11F59A4,400EDA65A601B8E,3FF800000000001
$C05CB6C3B7D8B1D6,C04A6683AA3C9AB2,400F56A2DFAB7CE7,3FF800000000001
$C05CAB8F83FD30D5,C04A7C03FC3A0489,400FD2E0195540F2,3FF800000000001
$C05C9FB9BC3C7172,C04A901E670FAA3E,4010278EA97F827F,3FF800000000001
$C05C934D8611A819,C04AA2BFFBC957AD,401065AD46546483,3FF800000000001
$C05C865694A59428,C04AB3D72E5B7BF5,4010A3CBE3294683,3FF800000000001
$C05C78E11DC9A,C04AC353E629D221,4010E1EA7FFE2888,3FF800000000001
$C05C6AF9CE77F2C9,C04AD1278D30378A,401120091CD30A8A,3FF800000000001
$C05C5CADBEE34874,C04ADD451DBF68E9,40115E27B9A7EC8E,3FF800000000001
$C05C4E0A6621CE66,C04AE7A12EC0B5FD,40119C46567CCE94,3FF800000000001
$C05C3F1D8D7EA229,C04AF031FE751ED,4011DA64F351B099,3FF800000000001
$C05C2FF5437DE3C2,C04AF6EF7BA5BB7B,401218839026929A,3FF800000000001
$C05C209FCE9F962B,C04AFBD34D3CC705,401256A22CFB74A1,3FF800000000001
$C05C112B9FEDC5E8,C04AFED8D8402558,401294C0C9D056A5,3FF800000000001
$C05C01A745629F33,C04AFFFD4427C2FB,4012D2DF66A538A8,3FF800000000001
$C05BF2215C334322,C04AFF3F7D8BB8B3,401310FE037A1AAF,3FF800000000001
$C05BE2A8830C44BA,C04AFCA03727ACE9,40134F1CA04EFCB2,3FF800000000001
$C05BD34B4C4CC45E,C04AF821E9327E71,40138D3B3D23DEB8,3FF800000000001
$C05BC418304D217D,C04AF1C8CF0AD759,4013CB59D9F8C0BB,3FF800000000001
$C05BB51D7FBE2F3F,C04AE99AE33AD877,4014097876CDA2C,3FF800000000001
$C05BA669562DC216,C04ADF9FD9D69EAB,4014479713A284C4,3FF800000000001
$C05B98098CBD48BB,C04AD3E1193AEF74,401485B5B07766C8,3FF800000000001
$C05B8A0BAD16F41E,C04AC669B132E212,4014C3D44D4C48CD,3FF800000000001
$C05B7C7CE4ADB6D6,C04AB746508CDBBF,401501F2EA212AD,3FF800000000001
$C05B6F69F8541E1C,C04AA6853928AEAF,4015401186F60CD,3FF800000000001
$C05B62DF3835B4A4,C04A9436328A1BEB,40157E3023CAEED5,3FF800000000001
$C05B56E8743E42CA,C04A806A7AFC5D6F,4015BC4EC09FD0D9,3FF800000000001
$C05B4B90F0F9D80A,C04A6B34B754B79E,4015FA6D5D74B2E,3FF800000000001
$C05B40E35CF8180F,C04A54A8E1635D9B,4016388BFA4994E4,3FF800000000001
$C05B36E9C6BCC9ED,C04A3CDC35233206,401676AA971E76E9,3FF800000000001
$C05B2DAD9347232,C04A23E51CBA1C29,4016B4C933F358ED,3FF800000000001
$C05B25377538B9EA,C04A09DB1B5CC74C,4016F2E7D0C83AF3,3FF800000000001
$C05B1D8F64A47458,C049EED6B729ADFE,401731066D9D1CF4,3FF800000000001
$C05B16BC978D2AE7,C049D2F162104C69,40176F250A71FEF9,3FF800000000001
$C05B10C57B1B1075,C049B64561DA3A73,4017AD43A746E1,3FF800000000001
$C05B0BAFAD8E44D,C04998EDB76CBF95,4017EB62441BC302,3FF800000000001
$C05B077FF8F44533,C0497B06055A2E2F,40182980E0F0A506,3FF800000000001
$C05B043A4EA53677,C0495CAA75DAFA3F,4018679F7DC5870A,3FF800000000001
$C05B01E1C38D486F,C0493DF7A0470E9D,4018A5BE1A9A690F,3FF800000000001
$C05B00788D45B1BF,C0491F0A6E285C43,4018E3DCB76F4B14,3FF800000000001
$C05AFFFFFFFFFFFC,C049,401921FB54442D18,3FF800000000001
4 38 234
4 39 88
4 40 630
4 41 158
4 42 0
4 43 0
3 32 ->
4 33 241
4 34 4
4 35 0
4 36 [2]
$1,-1
4 37 [53][4]
$C05CFFFFFFFFFFFD,C049,400921FB54442D18,3FF800000000001
$C05CFFB5500050D4,C049186FD5355654,400983C42BB64C86,3FF800000000001
$C05CFE7F437969D4,C0493765B31A8873,400A00016560108F,3FF800000000001
$C05CFC5986C07EA4,C04956276483A0A5,400A7C3E9F09D495,3FF800000000001
$C05CF9461F9539D6,C0497497F1E82FD6,400AF87BD8B3989E,3FF800000000001
$C05CF547F38D605B,C049929AB02B190C,400B74B9125D5CA8,3FF800000000001
$C05CF062C55A62A,C049B0135B9AA0CF,400BF0F64C0720B,3FF800000000001
$C05CEA9B313EAFAE,C049CCE6328F15BC,400C6D3385B0E4B6,3FF800000000001
$C05CE3F6A8B6203F,C049E8F80F8F002D,400CE970BF5AA8BD,3FF800000000001
$C05CDC7B6D5590AC,C04A042E82E03A29,400D65ADF9046CC4,3FF800000000001
$C05CD4308AE67DB5,C04A1E6FEB6DDB5B,400DE1EB32AE30CF,3FF800000000001
$C05CCB1DD0C430CE,C04A37A38EEB8619,400E5E286C57F4D2,3FF800000000001
$C05CC14BCA80BBD9,C04A4FB1B11F59A4,400EDA65A601B8E,3FF800000000001
$C05CB6C3B7D8B1D6,C04A6683AA3C9AB2,400F56A2DFAB7CE7,3FF800000000001
$C05CAB8F83FD30D5,C04A7C03FC3A0489,400FD2E0195540F2,3FF800000000001
$C05C9FB9BC3C7172,C04A901E670FAA3E,4010278EA97F827F,3FF800000000001
$C05C934D8611A819,C04AA2BFFBC957AD,401065AD46546483,3FF800000000001
$C05C865694A59428,C04AB3D72E5B7BF5,4010A3CBE3294683,3FF800000000001
$C05C78E11DC9A,C04AC353E629D221,4010E1EA7FFE2888,3FF800000000001
$C05C6AF9CE77F2C9,C04AD1278D30378A,401120091CD30A8A,3FF800000000001
$C05C5CADBEE34874,C04ADD451DBF68E9,40115E27B9A7EC8E,3FF800000000001
$C05C4E0A6621CE66,C04AE7A12EC0B5FD,40119C46567CCE94,3FF800000000001
$C05C3F1D8D7EA229,C04AF031FE751ED,4011DA64F351B099,3FF800000000001
$C05C2FF5437DE3C2,C04AF6EF7BA5BB7B,401218839026929A,3FF800000000001
$C05C209FCE9F962B,C04AFBD34D3CC705,401256A22CFB74A1,3FF800000000001
$C05C112B9FEDC5E8,C04AFED8D8402558,401294C0C9D056A5,3FF800000000001
$C05C01A745629F33,C04AFFFD4427C2FB,4012D2DF66A538A8,3FF800000000001
$C05BF2215C334322,C04AFF3F7D8BB8B3,401310FE037A1AAF,3FF800000000001
$C05BE2A8830C44BA,C04AFCA03727ACE9,40134F1CA04EFCB2,3FF800000000001
$C05BD34B4C4CC45E,C04AF821E9327E71,40138D3B3D23DEB8,3FF800000000001
$C05BC418304D217D,C04AF1C8CF0AD759,4013CB59D9F8C0BB,3FF800000000001
$C05BB51D7FBE2F3F,C04AE99AE33AD877,4014097876CDA2C,3FF800000000001
$C05BA669562DC216,C04ADF9FD9D69EAB,4014479713A284C4,3FF800000000001
$C05B98098CBD48BB,C04AD3E1193AEF74,401485B5B07766C8,3FF800000000001
$C05B8A0BAD16F41E,C04AC669B132E212,4014C3D44D4C48CD,3FF800000000001
$C05B7C7CE4ADB6D6,C04AB746508CDBBF,401501F2EA212AD,3FF800000000001
$C05B6F69F8541E1C,C04AA6853928AEAF,4015401186F60CD,3FF800000000001
$C05B62DF3835B4A4,C04A9436328A1BEB,40157E3023CAEED5,3FF800000000001
$C05B56E8743E42CA,C04A806A7AFC5D6F,4015BC4EC09FD0D9,3FF800000000001
$C05B4B90F0F9D80A,C04A6B34B754B79E,4015FA6D5D74B2E,3FF800000000001
$C05B40E35CF8180F,C04A54A8E1635D9B,4016388BFA4994E4,3FF800000000001
$C05B36E9C6BCC9ED,C04A3CDC35233206,401676AA971E76E9,3FF800000000001
$C05B2DAD9347232,C04A23E51CBA1C29,4016B4C933F358ED,3FF800000000001
$C05B25377538B9EA,C04A09DB1B5CC74C,4016F2E7D0C83AF3,3FF800000000001
$C05B1D8F64A47458,C049EED6B729ADFE,401731066D9D1CF4,3FF800000000001
$C05B16BC978D2AE7,C049D2F162104C69,40176F250A71FEF9,3FF800000000001
$C05B10C57B1B1075,C049B64561DA3A73,4017AD43A746E1,3FF800000000001
$C05B0BAFAD8E44D,C04998EDB76CBF95,4017EB62441BC302,3FF800000000001
$C05B077FF8F44533,C0497B06055A2E2F,40182980E0F0A506,3FF800000000001
$C05B043A4EA53677,C0495CAA75DAFA3F,4018679F7DC5870A,3FF800000000001
$C05B01E1C38D486F,C0493DF7A0470E9D,4018A5BE1A9A690F,3FF800000000001
$C05B00788D45B1BF,C0491F0A6E285C43,4018E3DCB76F4B14,3FF800000000001
$C05AFFFFFFFFFFFC,C049,401921FB54442D18,3FF800000000001
4 38 233
4 39 87
4 40 629
4 41 157
4 42 0
4 43 0
3 32 ->
4 33 626
4 34 4
4 35 0
4 36 [2]
$1,-1
4 37 [2][4]
$0,3FF800000000001,401921FB54442D18,3FF800000000001
$0,0,401921FB54442D18,0
4 38 156
4 39 88
4 40 628
4 41 242
4 42 0
4 43 0
3 32 ->
4 33 625
4 34 4
4 35 0
4 36 [2]
$1,-1
4 37 [2][4]
$0,3FF800000000001,401921FB54442D18,3FF800000000001
$0,0,401921FB54442D18,0
4 38 155
4 39 87
4 40 627
4 41 241
4 42 0
4 43 0
3 32 ->
4 33 94
4 34 4
4 35 0
4 36 [2]
$1,-1
4 37 [53][4]
$400921FB54442D18,0,C05CFFFFFFFFFFFD,BCC1A62633145C0C
$400983C42BB64C84,0,C05CFFB5500050D4,BFC86FD535565386
$400A00016560108D,0,C05CFE7F437969D4,BFDBB2D98D443942
$400A7C3E9F09D494,0,C05CFC5986C07EA4,BFE589D920E82933
$400AF87BD8B3989C,0,C05CF9461F9539D6,BFED25FC7A0BF562
$400B74B9125D5CA6,0,C05CF547F38D605B,BFF253560563217
$400BF0F64C0720AD,0,C05CF062C55A62A,BFF6026B735419C8
$400C6D3385B0E4B6,0,C05CEA9B313EAFAE,BFF99CC651E2B77
$400CE970BF5AA8BC,0,C05CE3F6A8B6203F,BFFD1F01F1E005A1
$400D65ADF9046CC4,0,C05CDC7B6D5590AC,C00042E82E03A287
$400DE1EB32AE30D,0,C05CD4308AE67DB5,C001E6FEB6DDB5B2
$400E5E286C57F4D4,0,C05CCB1DD0C430CE,C0037A38EEB8619
$400EDA65A601B8DE,0,C05CC14BCA80BBD9,C004FB1B11F59A3A
$400F56A2DFAB7CE6,0,C05CB6C3B7D8B1D6,C006683AA3C9AB12
$400FD2E0195540F1,0,C05CAB8F83FD30D5,C007C03FC3A0488B
$4010278EA97F827F,0,C05C9FB9BC3C7172,C00901E670FAA3DB
$401065AD46546483,0,C05C934D8611A819,C00A2BFFBC957AC8
$4010A3CBE3294683,0,C05C865694A59428,C00B3D72E5B7BF42
$4010E1EA7FFE2888,0,C05C78E11DC9A,C00C353E629D2202
$401120091CD30A8A,0,C05C6AF9CE77F2C9,C00D1278D3037896
$40115E27B9A7EC8E,0,C05C5CADBEE34874,C00DD451DBF68E7F
$40119C46567CCE94,0,C05C4E0A6621CE66,C00E7A12EC0B5FC7
$4011DA64F351B099,0,C05C3F1D8D7EA229,C00F031FE751ECF1
$401218839026929A,0,C05C2FF5437DE3C2,C00F6EF7BA5BB7B5
$401256A22CFB74A1,0,C05C209FCE9F962B,C00FBD34D3CC7054
$401294C0C9D056A5,0,C05C112B9FEDC5E8,C00FED8D84025581
$4012D2DF66A538A8,0,C05C01A745629F33,C00FFFD4427C2FA7
$401310FE037A1AAF,0,C05BF2215C334322,C00FF3F7D8BB8B33
$40134F1CA04EFCB1,0,C05BE2A8830C44BA,C00FCA03727ACE87
$40138D3B3D23DEB8,0,C05BD34B4C4CC45E,C00F821E9327E6FD
$4013CB59D9F8C0BB,0,C05BC418304D217D,C00F1C8CF0AD7581
$4014097876CDA2C,0,C05BB51D7FBE2F3F,C00E99AE33AD876D
$4014479713A284C4,0,C05BA669562DC216,C00DF9FD9D69EAB3
$401485B5B07766C7,0,C05B98098CBD48BB,C00D3E1193AEF734
$4014C3D44D4C48CE,0,C05B8A0BAD16F41E,C00C669B132E212
$401501F2EA212AD,0,C05B7C7CE4ADB6D6,C00B746508CDBBEC
$4015401186F60CD,0,C05B6F69F8541E1C,C00A6853928AEAE6
$40157E3023CAEED6,0,C05B62DF3835B4A4,C009436328A1BEA9
$4015BC4EC09FD0DA,0,C05B56E8743E42CA,C00806A7AFC5D6E7
$4015FA6D5D74B2E,0,C05B4B90F0F9D80A,C006B34B754B79D8
$4016388BFA4994E6,0,C05B40E35CF8180F,C0054A8E1635D9A1
$401676AA971E76EA,0,C05B36E9C6BCC9ED,C003CDC352332055
$4016B4C933F358ED,0,C05B2DAD9347232,C0023E51CBA1C28F
$4016F2E7D0C83AF3,0,C05B25377538B9EA,C0009DB1B5CC74C1
$401731066D9D1CF4,0,C05B1D8F64A47458,BFFDDAD6E535BFAD
$40176F250A71FEFA,0,C05B16BC978D2AE7,BFFA5E2C42098D05
$4017AD43A746E1,0,C05B10C57B1B1075,BFF6C8AC3B474E69
$4017EB62441BC302,0,C05B0BAFAD8E44D,BFF31DB6ED97F299
$40182980E0F0A506,0,C05B077FF8F44533,BFEEC181568B8B93
$4018679F7DC5870B,0,C05B043A4EA53677,BFE72A9D76BE8FA3
$4018A5BE1A9A690F,0,C05B01E1C38D486F,BFDEFBD023874E42
$4018E3DCB76F4B14,0,C05B00788D45B1BF,BFCF0A6E285C4349
$401921FB54442D18,0,C05AFFFFFFFFFFFC,0
4 38 92
4 39 228
4 40 632
4 41 634
4 42 0
4 43 0
3 32 ->
4 33 93
4 34 4
4 35 0
4 36 [2]
$1,-1
4 37 [53][4]
$400921FB54442D18,0,C05CFFFFFFFFFFFD,BCC1A62633145C0C
$400983C42BB64C84,0,C05CFFB5500050D4,BFC86FD535565386
$400A00016560108D,0,C05CFE7F437969D4,BFDBB2D98D443942
$400A7C3E9F09D494,0,C05CFC5986C07EA4,BFE589D920E82933
$400AF87BD8B3989C,0,C05CF9461F9539D6,BFED25FC7A0BF562
$400B74B9125D5CA6,0,C05CF547F38D605B,BFF253560563217
$400BF0F64C0720AD,0,C05CF062C55A62A,BFF6026B735419C8
$400C6D3385B0E4B6,0,C05CEA9B313EAFAE,BFF99CC651E2B77
$400CE970BF5AA8BC,0,C05CE3F6A8B6203F,BFFD1F01F1E005A1
$400D65ADF9046CC4,0,C05CDC7B6D5590AC,C00042E82E03A287
$400DE1EB32AE30D,0,C05CD4308AE67DB5,C001E6FEB6DDB5B2
$400E5E286C57F4D4,0,C05CCB1DD0C430CE,C0037A38EEB8619
$400EDA65A601B8DE,0,C05CC14BCA80BBD9,C004FB1B11F59A3A
$400F56A2DFAB7CE6,0,C05CB6C3B7D8B1D6,C006683AA3C9AB12
$400FD2E0195540F1,0,C05CAB8F83FD30D5,C007C03FC3A0488B
$4010278EA97F827F,0,C05C9FB9BC3C7172,C00901E670FAA3DB
$401065AD46546483,0,C05C934D8611A819,C00A2BFFBC957AC8
$4010A3CBE3294683,0,C05C865694A59428,C00B3D72E5B7BF42
$4010E1EA7FFE2888,0,C05C78E11DC9A,C00C353E629D2202
$401120091CD30A8A,0,C05C6AF9CE77F2C9,C00D1278D3037896
$40115E27B9A7EC8E,0,C05C5CADBEE34874,C00DD451DBF68E7F
$40119C46567CCE94,0,C05C4E0A6621CE66,C00E7A12EC0B5FC7
$4011DA64F351B099,0,C05C3F1D8D7EA229,C00F031FE751ECF1
$401218839026929A,0,C05C2FF5437DE3C2,C00F6EF7BA5BB7B5
$401256A22CFB74A1,0,C05C209FCE9F962B,C00FBD34D3CC7054
$401294C0C9D056A5,0,C05C112B9FEDC5E8,C00FED8D84025581
$4012D2DF66A538A8,0,C05C01A745629F33,C00FFFD4427C2FA7
$401310FE037A1AAF,0,C05BF2215C334322,C00FF3F7D8BB8B33
$40134F1CA04EFCB1,0,C05BE2A8830C44BA,C00FCA03727ACE87
$40138D3B3D23DEB8,0,C05BD34B4C4CC45E,C00F821E9327E6FD
$4013CB59D9F8C0BB,0,C05BC418304D217D,C00F1C8CF0AD7581
$4014097876CDA2C,0,C05BB51D7FBE2F3F,C00E99AE33AD876D
$4014479713A284C4,0,C05BA669562DC216,C00DF9FD9D69EAB3
$401485B5B07766C7,0,C05B98098CBD48BB,C00D3E1193AEF734
$4014C3D44D4C48CE,0,C05B8A0BAD16F41E,C00C669B132E212
$401501F2EA212AD,0,C05B7C7CE4ADB6D6,C00B746508CDBBEC
$4015401186F60CD,0,C05B6F69F8541E1C,C00A6853928AEAE6
$40157E3023CAEED6,0,C05B62DF3835B4A4,C009436328A1BEA9
$4015BC4EC09FD0DA,0,C05B56E8743E42CA,C00806A7AFC5D6E7
$4015FA6D5D74B2E,0,C05B4B90F0F9D80A,C006B34B754B79D8
$4016388BFA4994E6,0,C05B40E35CF8180F,C0054A8E1635D9A1
$401676AA971E76EA,0,C05B36E9C6BCC9ED,C003CDC352332055
$4016B4C933F358ED,0,C05B2DAD9347232,C0023E51CBA1C28F
$4016F2E7D0C83AF3,0,C05B25377538B9EA,C0009DB1B5CC74C1
$401731066D9D1CF4,0,C05B1D8F64A47458,BFFDDAD6E535BFAD
$40176F250A71FEFA,0,C05B16BC978D2AE7,BFFA5E2C42098D05
$4017AD43A746E1,0,C05B10C57B1B1075,BFF6C8AC3B474E69
$4017EB62441BC302,0,C05B0BAFAD8E44D,BFF31DB6ED97F299
$40182980E0F0A506,0,C05B077FF8F44533,BFEEC181568B8B93
$4018679F7DC5870B,0,C05B043A4EA53677,BFE72A9D76BE8FA3
$4018A5BE1A9A690F,0,C05B01E1C38D486F,BFDEFBD023874E42
$4018E3DCB76F4B14,0,C05B00788D45B1BF,BFCF0A6E285C4349
$401921FB54442D18,0,C05AFFFFFFFFFFFC,0
4 38 91
4 39 227
4 40 631
4 41 633
4 42 0
4 43 0
3 32 ->
4 33 154
4 34 4
4 35 0
4 36 [2]
$1,-1
4 37 [2][4]
$400921FB54442D18,3FF800000000001,400921FB54442D18,3FF800000000001
$400921FB54442D18,0,400921FB54442D18,0
4 38 92
4 39 152
4 40 94
4 41 636
4 42 0
4 43 0
3 32 ->
4 33 153
4 34 4
4 35 0
4 36 [2]
$1,-1
4 37 [2][4]
$400921FB54442D18,3FF800000000001,400921FB54442D18,3FF800000000001
$400921FB54442D18,0,400921FB54442D18,0
4 38 91
4 39 151
4 40 93
4 41 635
4 42 0
4 43 0
3 32 ->
4 33 244
4 34 4
4 35 0
4 36 [2]
$1,-1
4 37 [53][4]
$C05CFFFFFFFFFFFD,BCC1A62633145C0C,400921FB54442D18,3FF800000000001
$C05CFFB5500050D4,BFC86FD535565386,400983C42BB64C84,3FF800000000001
$C05CFE7F437969D4,BFDBB2D98D443942,400A00016560108D,3FF800000000001
$C05CFC5986C07EA4,BFE589D920E82933,400A7C3E9F09D494,3FF800000000001
$C05CF9461F9539D6,BFED25FC7A0BF562,400AF87BD8B3989C,3FF800000000001
$C05CF547F38D605B,BFF253560563217,400B74B9125D5CA6,3FF800000000001
$C05CF062C55A62A,BFF6026B735419C8,400BF0F64C0720AD,3FF800000000001
$C05CEA9B313EAFAE,BFF99CC651E2B77,400C6D3385B0E4B6,3FF800000000001
$C05CE3F6A8B6203F,BFFD1F01F1E005A1,400CE970BF5AA8BC,3FF800000000001
$C05CDC7B6D5590AC,C00042E82E03A287,400D65ADF9046CC4,3FF800000000001
$C05CD4308AE67DB5,C001E6FEB6DDB5B2,400DE1EB32AE30D,3FF800000000001
$C05CCB1DD0C430CE,C0037A38EEB8619,400E5E286C57F4D4,3FF800000000001
$C05CC14BCA80BBD9,C004FB1B11F59A3A,400EDA65A601B8DE,3FF800000000001
$C05CB6C3B7D8B1D6,C006683AA3C9AB12,400F56A2DFAB7CE6,3FF800000000001
$C05CAB8F83FD30D5,C007C03FC3A0488B,400FD2E0195540F1,3FF800000000001
$C05C9FB9BC3C7172,C00901E670FAA3DB,4010278EA97F827F,3FF800000000001
$C05C934D8611A819,C00A2BFFBC957AC8,401065AD46546483,3FF800000000001
$C05C865694A59428,C00B3D72E5B7BF42,4010A3CBE3294683,3FF800000000001
$C05C78E11DC9A,C00C353E629D2202,4010E1EA7FFE2888,3FF800000000001
$C05C6AF9CE77F2C9,C00D1278D3037896,401120091CD30A8A,3FF800000000001
$C05C5CADBEE34874,C00DD451DBF68E7F,40115E27B9A7EC8E,3FF800000000001
$C05C4E0A6621CE66,C00E7A12EC0B5FC7,40119C46567CCE94,3FF800000000001
$C05C3F1D8D7EA229,C00F031FE751ECF1,4011DA64F351B099,3FF800000000001
$C05C2FF5437DE3C2,C00F6EF7BA5BB7B5,401218839026929A,3FF800000000001
$C05C209FCE9F962B,C00FBD34D3CC7054,401256A22CFB74A1,3FF800000000001
$C05C112B9FEDC5E8,C00FED8D84025581,401294C0C9D056A5,3FF800000000001
$C05C01A745629F33,C00FFFD4427C2FA7,4012D2DF66A538A8,3FF800000000001
$C05BF2215C334322,C00FF3F7D8BB8B33,401310FE037A1AAF,3FF800000000001
$C05BE2A8830C44BA,C00FCA03727ACE87,40134F1CA04EFCB1,3FF800000000001
$C05BD34B4C4CC45E,C00F821E9327E6FD,40138D3B3D23DEB8,3FF800000000001
$C05BC418304D217D,C00F1C8CF0AD7581,4013CB59D9F8C0BB,3FF800000000001
$C05BB51D7FBE2F3F,C00E99AE33AD876D,4014097876CDA2C,3FF800000000001
$C05BA669562DC216,C00DF9FD9D69EAB3,4014479713A284C4,3FF800000000001
$C05B98098CBD48BB,C00D3E1193AEF734,401485B5B07766C7,3FF800000000001
$C05B8A0BAD16F41E,C00C669B132E212,4014C3D44D4C48CE,3FF800000000001
$C05B7C7CE4ADB6D6,C00B746508CDBBEC,401501F2EA212AD,3FF800000000001
$C05B6F69F8541E1C,C00A6853928AEAE6,4015401186F60CD,3FF800000000001
$C05B62DF3835B4A4,C009436328A1BEA9,40157E3023CAEED6,3FF800000000001
$C05B56E8743E42CA,C00806A7AFC5D6E7,4015BC4EC09FD0DA,3FF800000000001
$C05B4B90F0F9D80A,C006B34B754B79D8,4015FA6D5D74B2E,3FF800000000001
$C05B40E35CF8180F,C0054A8E1635D9A1,4016388BFA4994E6,3FF800000000001
$C05B36E9C6BCC9ED,C003CDC352332055,401676AA971E76EA,3FF800000000001
$C05B2DAD9347232,C0023E51CBA1C28F,4016B4C933F358ED,3FF800000000001
$C05B25377538B9EA,C0009DB1B5CC74C1,4016F2E7D0C83AF3,3FF800000000001
$C05B1D8F64A47458,BFFDDAD6E535BFAD,401731066D9D1CF4,3FF800000000001
$C05B16BC978D2AE7,BFFA5E2C42098D05,40176F250A71FEFA,3FF800000000001
$C05B10C57B1B1075,BFF6C8AC3B474E69,4017AD43A746E1,3FF800000000001
$C05B0BAFAD8E44D,BFF31DB6ED97F299,4017EB62441BC302,3FF800000000001
$C05B077FF8F44533,BFEEC181568B8B93,40182980E0F0A506,3FF800000000001
$C05B043A4EA53677,BFE72A9D76BE8FA3,4018679F7DC5870B,3FF800000000001
$C05B01E1C38D486F,BFDEFBD023874E42,4018A5BE1A9A690F,3FF800000000001
$C05B00788D45B1BF,BFCF0A6E285C4349,4018E3DCB76F4B14,3FF800000000001
$C05AFFFFFFFFFFFC,0,401921FB54442D18,3FF800000000001
4 38 234
4 39 92
4 40 636
4 41 154
4 42 0
4 43 0
3 32 ->
4 33 243
4 34 4
4 35 0
4 36 [2]
$1,-1
4 37 [53][4]
$C05CFFFFFFFFFFFD,BCC1A62633145C0C,400921FB54442D18,3FF800000000001
$C05CFFB5500050D4,BFC86FD535565386,400983C42BB64C84,3FF800000000001
$C05CFE7F437969D4,BFDBB2D98D443942,400A00016560108D,3FF800000000001
$C05CFC5986C07EA4,BFE589D920E82933,400A7C3E9F09D494,3FF800000000001
$C05CF9461F9539D6,BFED25FC7A0BF562,400AF87BD8B3989C,3FF800000000001
$C05CF547F38D605B,BFF253560563217,400B74B9125D5CA6,3FF800000000001
$C05CF062C55A62A,BFF6026B735419C8,400BF0F64C0720AD,3FF800000000001
$C05CEA9B313EAFAE,BFF99CC651E2B77,400C6D3385B0E4B6,3FF800000000001
$C05CE3F6A8B6203F,BFFD1F01F1E005A1,400CE970BF5AA8BC,3FF800000000001
$C05CDC7B6D5590AC,C00042E82E03A287,400D65ADF9046CC4,3FF800000000001
$C05CD4308AE67DB5,C001E6FEB6DDB5B2,400DE1EB32AE30D,3FF800000000001
$C05CCB1DD0C430CE,C0037A38EEB8619,400E5E286C57F4D4,3FF800000000001
$C05CC14BCA80BBD9,C004FB1B11F59A3A,400EDA65A601B8DE,3FF800000000001
$C05CB6C3B7D8B1D6,C006683AA3C9AB12,400F56A2DFAB7CE6,3FF800000000001
$C05CAB8F83FD30D5,C007C03FC3A0488B,400FD2E0195540F1,3FF800000000001
$C05C9FB9BC3C7172,C00901E670FAA3DB,4010278EA97F827F,3FF800000000001
$C05C934D8611A819,C00A2BFFBC957AC8,401065AD46546483,3FF800000000001
$C05C865694A59428,C00B3D72E5B7BF42,4010A3CBE3294683,3FF800000000001
$C05C78E11DC9A,C00C353E629D2202,4010E1EA7FFE2888,3FF800000000001
$C05C6AF9CE77F2C9,C00D1278D3037896,401120091CD30A8A,3FF800000000001
$C05C5CADBEE34874,C00DD451DBF68E7F,40115E27B9A7EC8E,3FF800000000001
$C05C4E0A6621CE66,C00E7A12EC0B5FC7,40119C46567CCE94,3FF800000000001
$C05C3F1D8D7EA229,C00F031FE751ECF1,4011DA64F351B099,3FF800000000001
$C05C2FF5437DE3C2,C00F6EF7BA5BB7B5,401218839026929A,3FF800000000001
$C05C209FCE9F962B,C00FBD34D3CC7054,401256A22CFB74A1,3FF800000000001
$C05C112B9FEDC5E8,C00FED8D84025581,401294C0C9D056A5,3FF800000000001
$C05C01A745629F33,C00FFFD4427C2FA7,4012D2DF66A538A8,3FF800000000001
$C05BF2215C334322,C00FF3F7D8BB8B33,401310FE037A1AAF,3FF800000000001
$C05BE2A8830C44BA,C00FCA03727ACE87,40134F1CA04EFCB1,3FF800000000001
$C05BD34B4C4CC45E,C00F821E9327E6FD,40138D3B3D23DEB8,3FF800000000001
$C05BC418304D217D,C00F1C8CF0AD7581,4013CB59D9F8C0BB,3FF800000000001
$C05BB51D7FBE2F3F,C00E99AE33AD876D,4014097876CDA2C,3FF800000000001
$C05BA669562DC216,C00DF9FD9D69EAB3,4014479713A284C4,3FF800000000001
$C05B98098CBD48BB,C00D3E1193AEF734,401485B5B07766C7,3FF800000000001
$C05B8A0BAD16F41E,C00C669B132E212,4014C3D44D4C48CE,3FF800000000001
$C05B7C7CE4ADB6D6,C00B746508CDBBEC,401501F2EA212AD,3FF800000000001
$C05B6F69F8541E1C,C00A6853928AEAE6,4015401186F60CD,3FF800000000001
$C05B62DF3835B4A4,C009436328A1BEA9,40157E3023CAEED6,3FF800000000001
$C05B56E8743E42CA,C00806A7AFC5D6E7,4015BC4EC09FD0DA,3FF800000000001
$C05B4B90F0F9D80A,C006B34B754B79D8,4015FA6D5D74B2E,3FF800000000001
$C05B40E35CF8180F,C0054A8E1635D9A1,4016388BFA4994E6,3FF800000000001
$C05B36E9C6BCC9ED,C003CDC352332055,401676AA971E76EA,3FF800000000001
$C05B2DAD9347232,C0023E51CBA1C28F,4016B4C933F358ED,3FF800000000001
$C05B25377538B9EA,C0009DB1B5CC74C1,4016F2E7D0C83AF3,3FF800000000001
$C05B1D8F64A47458,BFFDDAD6E535BFAD,401731066D9D1CF4,3FF800000000001
$C05B16BC978D2AE7,BFFA5E2C42098D05,40176F250A71FEFA,3FF800000000001
$C05B10C57B1B1075,BFF6C8AC3B474E69,4017AD43A746E1,3FF800000000001
$C05B0BAFAD8E44D,BFF31DB6ED97F299,4017EB62441BC302,3FF800000000001
$C05B077FF8F44533,BFEEC181568B8B93,40182980E0F0A506,3FF800000000001
$C05B043A4EA53677,BFE72A9D76BE8FA3,4018679F7DC5870B,3FF800000000001
$C05B01E1C38D486F,BFDEFBD023874E42,4018A5BE1A9A690F,3FF800000000001
$C05B00788D45B1BF,BFCF0A6E285C4349,4018E3DCB76F4B14,3FF800000000001
$C05AFFFFFFFFFFFC,0,401921FB54442D18,3FF800000000001
4 38 233
4 39 91
4 40 635
4 41 153
4 42 0
4 43 0
3 32 ->
4 33 632
4 34 4
4 35 0
4 36 [2]
$1,-1
4 37 [2][4]
$0,3FF800000000001,401921FB54442D18,3FF800000000001
$0,0,401921FB54442D18,0
4 38 152
4 39 92
4 40 634
4 41 244
4 42 0
4 43 0
3 32 ->
4 33 631
4 34 4
4 35 0
4 36 [2]
$1,-1
4 37 [2][4]
$0,3FF800000000001,401921FB54442D18,3FF800000000001
$0,0,401921FB54442D18,0
4 38 151
4 39 91
4 40 633
4 41 243
4 42 0
4 43 0
3 32 ->
4 33 98
4 34 4
4 35 0
4 36 [2]
$1,-1
4 37 [53][4]
$400921FB54442D18,0,C05CFFFFFFFFFFFC,4048FFFFFFFFFFFE
$400983C42BB64C82,0,C05CFFB5500050D3,4048E7902ACAA9AB
$400A00016560108B,0,C05CFE7F437969D3,4048C89A4CE5778C
$400A7C3E9F09D493,0,C05CFC5986C07EA3,4048A9D89B7C5F5A
$400AF87BD8B3989C,0,C05CF9461F9539D5,40488B680E17D029
$400B74B9125D5CA2,0,C05CF547F38D605A,40486D654FD4E6F4
$400BF0F64C0720AB,0,C05CF062C55A629F,40484FECA4655F31
$400C6D3385B0E4B2,0,C05CEA9B313EAFAD,40483319CD70EA44
$400CE970BF5AA8BD,0,C05CE3F6A8B6203E,40481707F070FFD2
$400D65ADF9046CC4,0,C05CDC7B6D5590AB,4047FBD17D1FC5D7
$400DE1EB32AE30D1,0,C05CD4308AE67DB4,4047E190149224A5
$400E5E286C57F4D7,0,C05CCB1DD0C430CD,4047C85C711479E6
$400EDA65A601B8E,0,C05CC14BCA80BBD8,4047B04E4EE0A65C
$400F56A2DFAB7CE7,0,C05CB6C3B7D8B1D5,4047997C55C3654F
$400FD2E0195540EA,0,C05CAB8F83FD30D5,404783FC03C5FB77
$4010278EA97F827C,0,C05C9FB9BC3C7172,40476FE198F055C2
$401065AD4654648,0,C05C934D8611A819,40475D400436A854
$4010A3CBE329468,0,C05C865694A59428,40474C28D1A4840C
$4010E1EA7FFE288A,0,C05C78E11DC99FFF,40473CAC19D62DE
$401120091CD30A8C,0,C05C6AF9CE77F2C8,40472ED872CFC877
$40115E27B9A7EC91,0,C05C5CADBEE34873,404722BAE2409718
$40119C46567CCE97,0,C05C4E0A6621CE65,4047185ED13F4A04
$4011DA64F351B098,0,C05C3F1D8D7EA229,40470FCE018AE131
$401218839026929E,0,C05C2FF5437DE3C1,40470910845A4485
$401256A22CFB74A1,0,C05C209FCE9F962B,4047042CB2C338FB
$401294C0C9D056A5,0,C05C112B9FEDC5E8,4047012727BFDAA9
$4012D2DF66A538A8,0,C05C01A745629F33,40470002BBD83D06
$401310FE037A1AAF,0,C05BF2215C334322,404700C08274474E
$40134F1CA04EFCB2,0,C05BE2A8830C44BA,4047035FC8D85318
$40138D3B3D23DEB8,0,C05BD34B4C4CC45E,404707DE16CD819
$4013CB59D9F8C0BC,0,C05BC418304D217D,40470E3730F528A8
$4014097876CDA2C1,0,C05BB51D7FBE2F3F,404716651CC52789
$4014479713A284C5,0,C05BA669562DC216,4047206026296156
$401485B5B07766C9,0,C05B98098CBD48BB,40472C1EE6C5108D
$4014C3D44D4C48CC,0,C05B8A0BAD16F41F,404739964ECD1DEE
$401501F2EA212ACD,0,C05B7C7CE4ADB6D7,404748B9AF732441
$4015401186F60CD3,0,C05B6F69F8541E1C,4047597AC6D75152
$40157E3023CAEED8,0,C05B62DF3835B4A4,40476BC9CD75E415
$4015BC4EC09FD0DD,0,C05B56E8743E42CA,40477F958503A291
$4015FA6D5D74B2E4,0,C05B4B90F0F9D80A,404794CB48AB4863
$4016388BFA4994E4,0,C05B40E35CF8181,4047AB571E9CA266
$401676AA971E76EA,0,C05B36E9C6BCC9EE,4047C323CADCCDFB
$4016B4C933F358EF,0,C05B2DAD93472321,4047DC1AE345E3D7
$4016F2E7D0C83AF2,0,C05B25377538B9EB,4047F624E4A338B3
$401731066D9D1CF8,0,C05B1D8F64A47458,4048112948D65202
$40176F250A71FEFC,0,C05B16BC978D2AE7,40482D0E9DEFB397
$4017AD43A746E0FE,0,C05B10C57B1B1076,404849BA9E25C58B
$4017EB62441BC303,0,C05B0BAFAD8E44D1,404867124893406A
$40182980E0F0A506,0,C05B077FF8F44534,404884F9FAA5D1D
$4018679F7DC5870C,0,C05B043A4EA53678,4048A3558A2505C
$4018A5BE1A9A691,0,C05B01E1C38D487,4048C2085FB8F162
$4018E3DCB76F4B14,0,C05B00788D45B1C,4048E0F591D7A3BB
$401921FB54442D18,0,C05AFFFFFFFFFFFD,4048FFFFFFFFFFFE
4 38 96
4 39 228
4 40 638
4 41 640
4 42 0
4 43 0
3 32 ->
4 33 97
4 34 4
4 35 0
4 36 [2]
$1,-1
4 37 [53][4]
$400921FB54442D18,0,C05CFFFFFFFFFFFC,4048FFFFFFFFFFFE
$400983C42BB64C82,0,C05CFFB5500050D3,4048E7902ACAA9AB
$400A00016560108B,0,C05CFE7F437969D3,4048C89A4CE5778C
$400A7C3E9F09D493,0,C05CFC5986C07EA3,4048A9D89B7C5F5A
$400AF87BD8B3989C,0,C05CF9461F9539D5,40488B680E17D029
$400B74B9125D5CA2,0,C05CF547F38D605A,40486D654FD4E6F4
$400BF0F64C0720AB,0,C05CF062C55A629F,40484FECA4655F31
$400C6D3385B0E4B2,0,C05CEA9B313EAFAD,40483319CD70EA44
$400CE970BF5AA8BD,0,C05CE3F6A8B6203E,40481707F070FFD2
$400D65ADF9046CC4,0,C05CDC7B6D5590AB,4047FBD17D1FC5D7
$400DE1EB32AE30D1,0,C05CD4308AE67DB4,4047E190149224A5
$400E5E286C57F4D7,0,C05CCB1DD0C430CD,4047C85C711479E6
$400EDA65A601B8E,0,C05CC14BCA80BBD8,4047B04E4EE0A65C
$400F56A2DFAB7CE7,0,C05CB6C3B7D8B1D5,4047997C55C3654F
$400FD2E0195540EA,0,C05CAB8F83FD30D5,404783FC03C5FB77
$4010278EA97F827C,0,C05C9FB9BC3C7172,40476FE198F055C2
$401065AD4654648,0,C05C934D8611A819,40475D400436A854
$4010A3CBE329468,0,C05C865694A59428,40474C28D1A4840C
$4010E1EA7FFE288A,0,C05C78E11DC99FFF,40473CAC19D62DE
$401120091CD30A8C,0,C05C6AF9CE77F2C8,40472ED872CFC877
$40115E27B9A7EC91,0,C05C5CADBEE34873,404722BAE2409718
$40119C46567CCE97,0,C05C4E0A6621CE65,4047185ED13F4A04
$4011DA64F351B098,0,C05C3F1D8D7EA229,40470FCE018AE131
$401218839026929E,0,C05C2FF5437DE3C1,40470910845A4485
$401256A22CFB74A1,0,C05C209FCE9F962B,4047042CB2C338FB
$401294C0C9D056A5,0,C05C112B9FEDC5E8,4047012727BFDAA9
$4012D2DF66A538A8,0,C05C01A745629F33,40470002BBD83D06
$401310FE037A1AAF,0,C05BF2215C334322,404700C08274474E
$40134F1CA04EFCB2,0,C05BE2A8830C44BA,4047035FC8D85318
$40138D3B3D23DEB8,0,C05BD34B4C4CC45E,404707DE16CD819
$4013CB59D9F8C0BC,0,C05BC418304D217D,40470E3730F528A8
$4014097876CDA2C1,0,C05BB51D7FBE2F3F,404716651CC52789
$4014479713A284C5,0,C05BA669562DC216,4047206026296156
$401485B5B07766C9,0,C05B98098CBD48BB,40472C1EE6C5108D
$4014C3D44D4C48CC,0,C05B8A0BAD16F41F,404739964ECD1DEE
$401501F2EA212ACD,0,C05B7C7CE4ADB6D7,404748B9AF732441
$4015401186F60CD3,0,C05B6F69F8541E1C,4047597AC6D75152
$40157E3023CAEED8,0,C05B62DF3835B4A4,40476BC9CD75E415
$4015BC4EC09FD0DD,0,C05B56E8743E42CA,40477F958503A291
$4015FA6D5D74B2E4,0,C05B4B90F0F9D80A,404794CB48AB4863
$4016388BFA4994E4,0,C05B40E35CF8181,4047AB571E9CA266
$401676AA971E76EA,0,C05B36E9C6BCC9EE,4047C323CADCCDFB
$4016B4C933F358EF,0,C05B2DAD93472321,4047DC1AE345E3D7
$4016F2E7D0C83AF2,0,C05B25377538B9EB,4047F624E4A338B3
$401731066D9D1CF8,0,C05B1D8F64A47458,4048112948D65202
$40176F250A71FEFC,0,C05B16BC978D2AE7,40482D0E9DEFB397
$4017AD43A746E0FE,0,C05B10C57B1B1076,404849BA9E25C58B
$4017EB62441BC303,0,C05B0BAFAD8E44D1,404867124893406A
$40182980E0F0A506,0,C05B077FF8F44534,404884F9FAA5D1D
$4018679F7DC5870C,0,C05B043A4EA53678,4048A3558A2505C
$4018A5BE1A9A691,0,C05B01E1C38D487,4048C2085FB8F162
$4018E3DCB76F4B14,0,C05B00788D45B1C,4048E0F591D7A3BB
$401921FB54442D18,0,C05AFFFFFFFFFFFD,4048FFFFFFFFFFFE
4 38 95
4 39 227
4 40 637
4 41 639
4 42 0
4 43 0
3 32 ->
4 33 150
4 34 4
4 35 0
4 36 [2]
$1,-1
4 37 [2][4]
$400921FB54442D18,3FF800000000001,400921FB54442D18,3FF800000000001
$400921FB54442D18,0,400921FB54442D18,0
4 38 96
4 39 148
4 40 98
4 41 642
4 42 0
4 43 0
3 32 ->
4 33 149
4 34 4
4 35 0
4 36 [2]
$1,-1
4 37 [2][4]
$400921FB54442D18,3FF800000000001,400921FB54442D18,3FF800000000001
$400921FB54442D18,0,400921FB54442D18,0
4 38 95
4 39 147
4 40 97
4 41 641
4 42 0
4 43 0
3 32 ->
4 33 246
4 34 4
4 35 0
4 36 [2]
$1,-1
4 37 [53][4]
$C05CFFFFFFFFFFFC,4048FFFFFFFFFFFE,400921FB54442D18,3FF800000000001
$C05CFFB5500050D3,4048E7902ACAA9AB,400983C42BB64C82,3FF800000000001
$C05CFE7F437969D3,4048C89A4CE5778C,400A00016560108B,3FF800000000001
$C05CFC5986C07EA3,4048A9D89B7C5F5A,400A7C3E9F09D493,3FF800000000001
$C05CF9461F9539D5,40488B680E17D029,400AF87BD8B3989C,3FF800000000001
$C05CF547F38D605A,40486D654FD4E6F4,400B74B9125D5CA2,3FF800000000001
$C05CF062C55A629F,40484FECA4655F31,400BF0F64C0720AB,3FF800000000001
$C05CEA9B313EAFAD,40483319CD70EA44,400C6D3385B0E4B2,3FF800000000001
$C05CE3F6A8B6203E,40481707F070FFD2,400CE970BF5AA8BD,3FF800000000001
$C05CDC7B6D5590AB,4047FBD17D1FC5D7,400D65ADF9046CC4,3FF800000000001
$C05CD4308AE67DB4,4047E190149224A5,400DE1EB32AE30D1,3FF800000000001
$C05CCB1DD0C430CD,4047C85C711479E6,400E5E286C57F4D7,3FF800000000001
$C05CC14BCA80BBD8,4047B04E4EE0A65C,400EDA65A601B8E,3FF800000000001
$C05CB6C3B7D8B1D5,4047997C55C3654F,400F56A2DFAB7CE7,3FF800000000001
$C05CAB8F83FD30D5,404783FC03C5FB77,400FD2E0195540EA,3FF800000000001
$C05C9FB9BC3C7172,40476FE198F055C2,4010278EA97F827C,3FF800000000001
$C05C934D8611A819,40475D400436A854,401065AD4654648,3FF800000000001
$C05C865694A59428,40474C28D1A4840C,4010A3CBE329468,3FF800000000001
$C05C78E11DC99FFF,40473CAC19D62DE,4010E1EA7FFE288A,3FF800000000001
$C05C6AF9CE77F2C8,40472ED872CFC877,401120091CD30A8C,3FF800000000001
$C05C5CADBEE34873,404722BAE2409718,40115E27B9A7EC91,3FF800000000001
$C05C4E0A6621CE65,4047185ED13F4A04,40119C46567CCE97,3FF800000000001
$C05C3F1D8D7EA229,40470FCE018AE131,4011DA64F351B098,3FF800000000001
$C05C2FF5437DE3C1,40470910845A4485,401218839026929E,3FF800000000001
$C05C209FCE9F962B,4047042CB2C338FB,401256A22CFB74A1,3FF800000000001
$C05C112B9FEDC5E8,4047012727BFDAA9,401294C0C9D056A5,3FF800000000001
$C05C01A745629F33,40470002BBD83D06,4012D2DF66A538A8,3FF800000000001
$C05BF2215C334322,404700C08274474E,401310FE037A1AAF,3FF800000000001
$C05BE2A8830C44BA,4047035FC8D85318,40134F1CA04EFCB2,3FF800000000001
$C05BD34B4C4CC45E,404707DE16CD819,40138D3B3D23DEB8,3FF800000000001
$C05BC418304D217D,40470E3730F528A8,4013CB59D9F8C0BC,3FF800000000001
$C05BB51D7FBE2F3F,404716651CC52789,4014097876CDA2C1,3FF800000000001
$C05BA669562DC216,4047206026296156,4014479713A284C5,3FF800000000001
$C05B98098CBD48BB,40472C1EE6C5108D,401485B5B07766C9,3FF800000000001
$C05B8A0BAD16F41F,404739964ECD1DEE,4014C3D44D4C48CC,3FF800000000001
$C05B7C7CE4ADB6D7,404748B9AF732441,401501F2EA212ACD,3FF800000000001
$C05B6F69F8541E1C,4047597AC6D75152,4015401186F60CD3,3FF800000000001
$C05B62DF3835B4A4,40476BC9CD75E415,40157E3023CAEED8,3FF800000000001
$C05B56E8743E42CA,40477F958503A291,4015BC4EC09FD0DD,3FF800000000001
$C05B4B90F0F9D80A,404794CB48AB4863,4015FA6D5D74B2E4,3FF800000000001
$C05B40E35CF8181,4047AB571E9CA266,4016388BFA4994E4,3FF800000000001
$C05B36E9C6BCC9EE,4047C323CADCCDFB,401676AA971E76EA,3FF800000000001
$C05B2DAD93472321,4047DC1AE345E3D7,4016B4C933F358EF,3FF800000000001
$C05B25377538B9EB,4047F624E4A338B3,4016F2E7D0C83AF2,3FF800000000001
$C05B1D8F64A47458,4048112948D65202,401731066D9D1CF8,3FF800000000001
$C05B16BC978D2AE7,40482D0E9DEFB397,40176F250A71FEFC,3FF800000000001
$C05B10C57B1B1076,404849BA9E25C58B,4017AD43A746E0FE,3FF800000000001
$C05B0BAFAD8E44D1,404867124893406A,4017EB62441BC303,3FF800000000001
$C05B077FF8F44534,404884F9FAA5D1D,40182980E0F0A506,3FF800000000001
$C05B043A4EA53678,4048A3558A2505C,4018679F7DC5870C,3FF800000000001
$C05B01E1C38D487,4048C2085FB8F162,4018A5BE1A9A691,3FF800000000001
$C05B00788D45B1C,4048E0F591D7A3BB,4018E3DCB76F4B14,3FF800000000001
$C05AFFFFFFFFFFFD,4048FFFFFFFFFFFE,401921FB54442D18,3FF800000000001
4 38 234
4 39 96
4 40 642
4 41 150
4 42 0
4 43 0
3 32 ->
4 33 245
4 34 4
4 35 0
4 36 [2]
$1,-1
4 37 [53][4]
$C05CFFFFFFFFFFFC,4048FFFFFFFFFFFE,400921FB54442D18,3FF800000000001
$C05CFFB5500050D3,4048E7902ACAA9AB,400983C42BB64C82,3FF800000000001
$C05CFE7F437969D3,4048C89A4CE5778C,400A00016560108B,3FF800000000001
$C05CFC5986C07EA3,4048A9D89B7C5F5A,400A7C3E9F09D493,3FF800000000001
$C05CF9461F9539D5,40488B680E17D029,400AF87BD8B3989C,3FF800000000001
$C05CF547F38D605A,40486D654FD4E6F4,400B74B9125D5CA2,3FF800000000001
$C05CF062C55A629F,40484FECA4655F31,400BF0F64C0720AB,3FF800000000001
$C05CEA9B313EAFAD,40483319CD70EA44,400C6D3385B0E4B2,3FF800000000001
$C05CE3F6A8B6203E,40481707F070FFD2,400CE970BF5AA8BD,3FF800000000001
$C05CDC7B6D5590AB,4047FBD17D1FC5D7,400D65ADF9046CC4,3FF800000000001
$C05CD4308AE67DB4,4047E190149224A5,400DE1EB32AE30D1,3FF800000000001
$C05CCB1DD0C430CD,4047C85C711479E6,400E5E286C57F4D7,3FF800000000001
$C05CC14BCA80BBD8,4047B04E4EE0A65C,400EDA65A601B8E,3FF800000000001
$C05CB6C3B7D8B1D5,4047997C55C3654F,400F56A2DFAB7CE7,3FF800000000001
$C05CAB8F83FD30D5,404783FC03C5FB77,400FD2E0195540EA,3FF800000000001
$C05C9FB9BC3C7172,40476FE198F055C2,4010278EA97F827C,3FF800000000001
$C05C934D8611A819,40475D400436A854,401065AD4654648,3FF800000000001
$C05C865694A59428,40474C28D1A4840C,4010A3CBE329468,3FF800000000001
$C05C78E11DC99FFF,40473CAC19D62DE,4010E1EA7FFE288A,3FF800000000001
$C05C6AF9CE77F2C8,40472ED872CFC877,401120091CD30A8C,3FF800000000001
$C05C5CADBEE34873,404722BAE2409718,40115E27B9A7EC91,3FF800000000001
$C05C4E0A6621CE65,4047185ED13F4A04,40119C46567CCE97,3FF800000000001
$C05C3F1D8D7EA229,40470FCE018AE131,4011DA64F351B098,3FF800000000001
$C05C2FF5437DE3C1,40470910845A4485,401218839026929E,3FF800000000001
$C05C209FCE9F962B,4047042CB2C338FB,401256A22CFB74A1,3FF800000000001
$C05C112B9FEDC5E8,4047012727BFDAA9,401294C0C9D056A5,3FF800000000001
$C05C01A745629F33,40470002BBD83D06,4012D2DF66A538A8,3FF800000000001
$C05BF2215C334322,404700C08274474E,401310FE037A1AAF,3FF800000000001
$C05BE2A8830C44BA,4047035FC8D85318,40134F1CA04EFCB2,3FF800000000001
$C05BD34B4C4CC45E,404707DE16CD819,40138D3B3D23DEB8,3FF800000000001
$C05BC418304D217D,40470E3730F528A8,4013CB59D9F8C0BC,3FF800000000001
$C05BB51D7FBE2F3F,404716651CC52789,4014097876CDA2C1,3FF800000000001
$C05BA669562DC216,4047206026296156,4014479713A284C5,3FF800000000001
$C05B98098CBD48BB,40472C1EE6C5108D,401485B5B07766C9,3FF800000000001
$C05B8A0BAD16F41F,404739964ECD1DEE,4014C3D44D4C48CC,3FF800000000001
$C05B7C7CE4ADB6D7,404748B9AF732441,401501F2EA212ACD,3FF800000000001
$C05B6F69F8541E1C,4047597AC6D75152,4015401186F60CD3,3FF800000000001
$C05B62DF3835B4A4,40476BC9CD75E415,40157E3023CAEED8,3FF800000000001
$C05B56E8743E42CA,40477F958503A291,4015BC4EC09FD0DD,3FF800000000001
$C05B4B90F0F9D80A,404794CB48AB4863,4015FA6D5D74B2E4,3FF800000000001
$C05B40E35CF8181,4047AB571E9CA266,4016388BFA4994E4,3FF800000000001
$C05B36E9C6BCC9EE,4047C323CADCCDFB,401676AA971E76EA,3FF800000000001
$C05B2DAD93472321,4047DC1AE345E3D7,4016B4C933F358EF,3FF800000000001
$C05B25377538B9EB,4047F624E4A338B3,4016F2E7D0C83AF2,3FF800000000001
$C05B1D8F64A47458,4048112948D65202,401731066D9D1CF8,3FF800000000001
$C05B16BC978D2AE7,40482D0E9DEFB397,40176F250A71FEFC,3FF800000000001
$C05B10C57B1B1076,404849BA9E25C58B,4017AD43A746E0FE,3FF800000000001
$C05B0BAFAD8E44D1,404867124893406A,4017EB62441BC303,3FF800000000001
$C05B077FF8F44534,404884F9FAA5D1D,40182980E0F0A506,3FF800000000001
$C05B043A4EA53678,4048A3558A2505C,4018679F7DC5870C,3FF800000000001
$C05B01E1C38D487,4048C2085FB8F162,4018A5BE1A9A691,3FF800000000001
$C05B00788D45B1C,4048E0F591D7A3BB,4018E3DCB76F4B14,3FF800000000001
$C05AFFFFFFFFFFFD,4048FFFFFFFFFFFE,401921FB54442D18,3FF800000000001
4 38 233
4 39 95
4 40 641
4 41 149
4 42 0
4 43 0
3 32 ->
4 33 638
4 34 4
4 35 0
4 36 [2]
$1,-1
4 37 [2][4]
$0,3FF800000000001,401921FB54442D18,3FF800000000001
$0,0,401921FB54442D18,0
4 38 148
4 39 96
4 40 640
4 41 246
4 42 0
4 43 0
3 32 ->
4 33 637
4 34 4
4 35 0
4 36 [2]
$1,-1
4 37 [2][4]
$0,3FF800000000001,401921FB54442D18,3FF800000000001
$0,0,401921FB54442D18,0
4 38 147
4 39 95
4 40 639
4 41 245
4 42 0
4 43 0
3 32 ->
4 33 102
4 34 4
4 35 0
4 36 [2]
$1,-1
4 37 [53][4]
$C05D000000000004,C059,401921FB54442D18,0
$C05CFFB5500050DC,C0590C37EA9AAB2A,4018F116E88B1D61,0
$C05CFE7F437969DC,C0591BB2D98D443A,4018B2F84BB63B5B,0
$C05CFC5986C07EAC,C0592B13B241D053,401874D9AEE15957,0
$C05CF9461F9539DE,C0593A4BF8F417EB,401836BB120C7755,0
$C05CF547F38D6063,C059494D58158C86,4017F89C7537955,0
$C05CF062C55A62A8,C0595809ADCD5068,4017BA7DD862B34A,0
$C05CEA9B313EAFB6,C059667319478ADE,40177C5F3B8DD147,0
$C05CE3F6A8B62046,C059747C07C78017,40173E409EB8EF42,0
$C05CDC7B6D5590B4,C059821741701D14,4017002201E40D42,0
$C05CD4308AE67DBD,C0598F37F5B6EDAE,4016C203650F2B3A,0
$C05CCB1DD0C430D6,C0599BD1C775C30D,401683E4C83A4935,0
$C05CC14BCA80BBE1,C059A7D8D88FACD3,401645C62B656731,0
$C05CB6C3B7D8B1DE,C059B341D51E4D59,401607A78E90852F,0
$C05CAB8F83FD30DD,C059BE01FE1D0245,4015C988F1BBA32A,0
$C05C9FB9BC3C717A,C059C80F3387D52,40158B6A54E6C122,0
$C05C934D8611A821,C059D15FFDE4ABD7,40154D4BB811DF2,0
$C05C865694A5942F,C059D9EB972DBDFB,40150F2D1B3CFD1D,0
$C05C78E11DC9A008,C059E1A9F314E91,4014D10E7E681B1C,0
$C05C6AF9CE77F2D,C059E893C6981BC5,401492EFE1933916,0
$C05C5CADBEE3487B,C059EEA28EDFB475,401454D144BE5712,0
$C05C4E0A6621CE6E,C059F3D097605AFE,401416B2A7E9751,0
$C05C3F1D8D7EA231,C059F818FF3A8F68,4013D8940B14930C,0
$C05C2FF5437DE3CA,C059FB77BDD2DDBE,40139A756E3FB109,0
$C05C209FCE9F9633,C059FDE9A69E6383,40135C56D16ACF02,0
$C05C112B9FEDC5F,C059FF6C6C2012AD,40131E383495ECFF,0
$C05C01A745629F3B,C059FFFEA213E17D,4012E01997C10AFC,0
$C05BF2215C33432A,C059FF9FBEC5DC5A,4012A1FAFAEC28F5,0
$C05BE2A8830C44C2,C059FE501B93D675,401263DC5E1746F2,0
$C05BD34B4C4CC466,C059FC10F4993F38,401225BDC14264EC,0
$C05BC418304D2185,C059F8E467856BAD,4011E79F246D82E8,0
$C05BB51D7FBE2F47,C059F4CD719D6C3B,4011A9808798A0E3,0
$C05BA669562DC21E,C059EFCFECEB4F56,40116B61EAC3BEE1,0
$C05B98098CBD48C3,C059E9F08C9D77BA,40112D434DEEDCDD,0
$C05B8A0BAD16F426,C059E334D8997109,4010EF24B119FAD6,0
$C05B7C7CE4ADB6DE,C059DBA328466DE,4010B106144518D5,0
$C05B6F69F8541E23,C059D3429C945758,401072E7777036CE,0
$C05B62DF3835B4AB,C059CA1B19450DF6,401034C8DA9B54CA,0
$C05B56E8743E42D2,C059C0353D7E2EB8,400FED547B8CE595,0
$C05B4B90F0F9D811,C059B59A5BAA5BCF,400F711741E32182,0
$C05B40E35CF81817,C059AA5470B1AECD,400EF4DA08395D7C,0
$C05B36E9C6BCC9F5,C0599E6E1A919903,400E789CCE8F9976,0
$C05B2DAD93472327,C05991F28E5D0E15,400DFC5F94E5D56A,0
$C05B25377538B9F2,C05984ED8DAE63A7,400D80225B3C116D,0
$C05B1D8F64A4746,C059776B5B94D6FF,400D03E521924D5F,0
$C05B16BC978D2AEF,C0596978B1082634,400C87A7E7E88953,0
$C05B10C57B1B107D,C0595B22B0ED1D3A,400C0B6AAE3EC54C,0
$C05B0BAFAD8E44D7,C0594C76DBB65FCB,400B8F2D74950147,0
$C05B077FF8F4453B,C0593D8302AD1718,400B12F03AEB3D41,0
$C05B043A4EA5367F,C0592E553AED7D2,400A96B301417937,0
$C05B01E1C38D4877,C0591EFBD023874F,400A1A75C797B52E,0
$C05B00788D45B1C7,C0590F8537142E22,40099E388DEDF123,0
$C05B000000000004,C059,400921FB54442D18,0
4 38 192
4 39 100
4 40 196
4 41 644
4 42 0
4 43 0
3 32 ->
4 33 101
4 34 4
4 35 0
4 36 [2]
$1,-1
4 37 [53][4]
$C05D000000000004,C059,401921FB54442D18,0
$C05CFFB5500050DC,C0590C37EA9AAB2A,4018F116E88B1D61,0
$C05CFE7F437969DC,C0591BB2D98D443A,4018B2F84BB63B5B,0
$C05CFC5986C07EAC,C0592B13B241D053,401874D9AEE15957,0
$C05CF9461F9539DE,C0593A4BF8F417EB,401836BB120C7755,0
$C05CF547F38D6063,C059494D58158C86,4017F89C7537955,0
$C05CF062C55A62A8,C0595809ADCD5068,4017BA7DD862B34A,0
$C05CEA9B313EAFB6,C059667319478ADE,40177C5F3B8DD147,0
$C05CE3F6A8B62046,C059747C07C78017,40173E409EB8EF42,0
$C05CDC7B6D5590B4,C059821741701D14,4017002201E40D42,0
$C05CD4308AE67DBD,C0598F37F5B6EDAE,4016C203650F2B3A,0
$C05CCB1DD0C430D6,C0599BD1C775C30D,401683E4C83A4935,0
$C05CC14BCA80BBE1,C059A7D8D88FACD3,401645C62B656731,0
$C05CB6C3B7D8B1DE,C059B341D51E4D59,401607A78E90852F,0
$C05CAB8F83FD30DD,C059BE01FE1D0245,4015C988F1BBA32A,0
$C05C9FB9BC3C717A,C059C80F3387D52,40158B6A54E6C122,0
$C05C934D8611A821,C059D15FFDE4ABD7,40154D4BB811DF2,0
$C05C865694A5942F,C059D9EB972DBDFB,40150F2D1B3CFD1D,0
$C05C78E11DC9A008,C059E1A9F314E91,4014D10E7E681B1C,0
$C05C6AF9CE77F2D,C059E893C6981BC5,401492EFE1933916,0
$C05C5CADBEE3487B,C059EEA28EDFB475,401454D144BE5712,0
$C05C4E0A6621CE6E,C059F3D097605AFE,401416B2A7E9751,0
$C05C3F1D8D7EA231,C059F818FF3A8F68,4013D8940B14930C,0
$C05C2FF5437DE3CA,C059FB77BDD2DDBE,40139A756E3FB109,0
$C05C209FCE9F9633,C059FDE9A69E6383,40135C56D16ACF02,0
$C05C112B9FEDC5F,C059FF6C6C2012AD,40131E383495ECFF,0
$C05C01A745629F3B,C059FFFEA213E17D,4012E01997C10AFC,0
$C05BF2215C33432A,C059FF9FBEC5DC5A,4012A1FAFAEC28F5,0
$C05BE2A8830C44C2,C059FE501B93D675,401263DC5E1746F2,0
$C05BD34B4C4CC466,C059FC10F4993F38,401225BDC14264EC,0
$C05BC418304D2185,C059F8E467856BAD,4011E79F246D82E8,0
$C05BB51D7FBE2F47,C059F4CD719D6C3B,4011A9808798A0E3,0
$C05BA669562DC21E,C059EFCFECEB4F56,40116B61EAC3BEE1,0
$C05B98098CBD48C3,C059E9F08C9D77BA,40112D434DEEDCDD,0
$C05B8A0BAD16F426,C059E334D8997109,4010EF24B119FAD6,0
$C05B7C7CE4ADB6DE,C059DBA328466DE,4010B106144518D5,0
$C05B6F69F8541E23,C059D3429C945758,401072E7777036CE,0
$C05B62DF3835B4AB,C059CA1B19450DF6,401034C8DA9B54CA,0
$C05B56E8743E42D2,C059C0353D7E2EB8,400FED547B8CE595,0
$C05B4B90F0F9D811,C059B59A5BAA5BCF,400F711741E32182,0
$C05B40E35CF81817,C059AA5470B1AECD,400EF4DA08395D7C,0
$C05B36E9C6BCC9F5,C0599E6E1A919903,400E789CCE8F9976,0
$C05B2DAD93472327,C05991F28E5D0E15,400DFC5F94E5D56A,0
$C05B25377538B9F2,C05984ED8DAE63A7,400D80225B3C116D,0
$C05B1D8F64A4746,C059776B5B94D6FF,400D03E521924D5F,0
$C05B16BC978D2AEF,C0596978B1082634,400C87A7E7E88953,0
$C05B10C57B1B107D,C0595B22B0ED1D3A,400C0B6AAE3EC54C,0
$C05B0BAFAD8E44D7,C0594C76DBB65FCB,400B8F2D74950147,0
$C05B077FF8F4453B,C0593D8302AD1718,400B12F03AEB3D41,0
$C05B043A4EA5367F,C0592E553AED7D2,400A96B301417937,0
$C05B01E1C38D4877,C0591EFBD023874F,400A1A75C797B52E,0
$C05B00788D45B1C7,C0590F8537142E22,40099E388DEDF123,0
$C05B000000000004,C059,400921FB54442D18,0
4 38 191
4 39 99
4 40 195
4 41 643
4 42 0
4 43 0
3 32 ->
4 33 142
4 34 4
4 35 0
4 36 [2]
$1,-1
4 37 [2][4]
$400921FB54442D18,3FF800000000001,400921FB54442D18,3FF800000000001
$400921FB54442D18,0,400921FB54442D18,0
4 38 100
4 39 140
4 40 102
4 41 646
4 42 0
4 43 0
3 32 ->
4 33 141
4 34 4
4 35 0
4 36 [2]
$1,-1
4 37 [2][4]
$400921FB54442D18,3FF800000000001,400921FB54442D18,3FF800000000001
$400921FB54442D18,0,400921FB54442D18,0
4 38 99
4 39 139
4 40 101
4 41 645
4 42 0
4 43 0
3 32 ->
4 33 214
4 34 4
4 35 0
4 36 [2]
$1,-1
4 37 [53][4]
$405B000000000004,C059,400921FB54442D18,3FF800000000001
$405B004AAFFFAF2C,C0590C37EA9AAB2A,400983C42BB64C86,3FF800000000001
$405B0180BC86962C,C0591BB2D98D443A,400A000165601093,3FF800000000001
$405B03A6793F815C,C0592B13B241D053,400A7C3E9F09D499,3FF800000000001
$405B06B9E06AC62B,C0593A4BF8F417EB,400AF87BD8B3989E,3FF800000000001
$405B0AB80C729FA5,C059494D58158C86,400B74B9125D5CA8,3FF800000000001
$405B0F9D3AA59D6,C0595809ADCD5068,400BF0F64C0720B4,3FF800000000001
$405B1564CEC15052,C059667319478ADE,400C6D3385B0E4B9,3FF800000000001
$405B1C095749DFC2,C059747C07C78017,400CE970BF5AA8C4,3FF800000000001
$405B238492AA6F55,C059821741701D14,400D65ADF9046CC4,3FF800000000001
$405B2BCF7519824B,C0598F37F5B6EDAE,400DE1EB32AE30D3,3FF800000000001
$405B34E22F3BCF32,C0599BD1C775C30D,400E5E286C57F4DE,3FF800000000001
$405B3EB4357F4427,C059A7D8D88FACD3,400EDA65A601B8E6,3FF800000000001
$405B493C48274E2A,C059B341D51E4D59,400F56A2DFAB7CEA,3FF800000000001
$405B54707C02CF2B,C059BE01FE1D0245,400FD2E0195540F5,3FF800000000001
$405B604643C38E8E,C059C80F3387D52,4010278EA97F8282,3FF800000000001
$405B6CB279EE57E7,C059D15FFDE4ABD7,401065AD46546484,3FF800000000001
$405B79A96B5A6BD9,C059D9EB972DBDFB,4010A3CBE3294686,3FF800000000001
$405B871EE2366,C059E1A9F314E91,4010E1EA7FFE2888,3FF800000000001
$405B950631880D38,C059E893C6981BC5,401120091CD30A8E,3FF800000000001
$405BA352411CB78D,C059EEA28EDFB475,40115E27B9A7EC92,3FF800000000001
$405BB1F599DE319A,C059F3D097605AFE,40119C46567CCE94,3FF800000000001
$405BC0E272815DD8,C059F818FF3A8F68,4011DA64F351B09D,3FF800000000001
$405BD00ABC821C3F,C059FB77BDD2DDBE,401218839026929F,3FF800000000001
$405BDF60316069D6,C059FDE9A69E6383,401256A22CFB74A5,3FF800000000001
$405BEED460123A18,C059FF6C6C2012AD,401294C0C9D056A5,3FF800000000001
$405BFE58BA9D60CE,C059FFFEA213E17D,4012D2DF66A538AC,3FF800000000001
$405C0DDEA3CCBCDE,C059FF9FBEC5DC5A,401310FE037A1AAF,3FF800000000001
$405C1D577CF3BB47,C059FE501B93D675,40134F1CA04EFCB6,3FF800000000001
$405C2CB4B3B33BA2,C059FC10F4993F38,40138D3B3D23DEB8,3FF800000000001
$405C3BE7CFB2DE83,C059F8E467856BAD,4013CB59D9F8C0BB,3FF800000000001
$405C4AE28041D0C1,C059F4CD719D6C3B,4014097876CDA2C1,3FF800000000001
$405C5996A9D23DEA,C059EFCFECEB4F56,4014479713A284C3,3FF800000000001
$405C67F67342B745,C059E9F08C9D77BA,401485B5B07766C7,3FF800000000001
$405C75F452E90BE2,C059E334D8997109,4014C3D44D4C48CD,3FF800000000001
$405C83831B52492A,C059DBA328466DE,401501F2EA212ACF,3FF800000000001
$405C909607ABE1E5,C059D3429C945758,4015401186F60CD5,3FF800000000001
$405C9D20C7CA4B5D,C059CA1B19450DF6,40157E3023CAEEDA,3FF800000000001
$405CA9178BC1BD36,C059C0353D7E2EB8,4015BC4EC09FD0D9,3FF800000000001
$405CB46F0F0627F7,C059B59A5BAA5BCF,4015FA6D5D74B2E3,3FF800000000001
$405CBF1CA307E7F1,C059AA5470B1AECD,4016388BFA4994E6,3FF800000000001
$405CC91639433613,C0599E6E1A919903,401676AA971E76E9,3FF800000000001
$405CD2526CB8DCE1,C05991F28E5D0E15,4016B4C933F358EF,3FF800000000001
$405CDAC88AC74616,C05984ED8DAE63A7,4016F2E7D0C83AED,3FF800000000001
$405CE2709B5B8BA8,C059776B5B94D6FF,401731066D9D1CF4,3FF800000000001
$405CE9436872D519,C0596978B1082634,40176F250A71FEFB,3FF800000000001
$405CEF3A84E4EF8B,C0595B22B0ED1D3A,4017AD43A746E0FE,3FF800000000001
$405CF4505271BB31,C0594C76DBB65FCB,4017EB62441BC3,3FF800000000001
$405CF880070BBACE,C0593D8302AD1718,40182980E0F0A504,3FF800000000001
$405CFBC5B15AC989,C0592E553AED7D2,4018679F7DC58709,3FF800000000001
$405CFE1E3C72B791,C0591EFBD023874F,4018A5BE1A9A690D,3FF800000000001
$405CFF8772BA4E42,C0590F8537142E22,4018E3DCB76F4B12,3FF800000000001
$405D000000000004,C059,401921FB54442D18,3FF800000000001
4 38 210
4 39 100
4 40 646
4 41 142
4 42 0
4 43 0
3 32 ->
4 33 213
4 34 4
4 35 0
4 36 [2]
$1,-1
4 37 [53][4]
$405B000000000004,C059,400921FB54442D18,3FF800000000001
$405B004AAFFFAF2C,C0590C37EA9AAB2A,400983C42BB64C86,3FF800000000001
$405B0180BC86962C,C0591BB2D98D443A,400A000165601093,3FF800000000001
$405B03A6793F815C,C0592B13B241D053,400A7C3E9F09D499,3FF800000000001
$405B06B9E06AC62B,C0593A4BF8F417EB,400AF87BD8B3989E,3FF800000000001
$405B0AB80C729FA5,C059494D58158C86,400B74B9125D5CA8,3FF800000000001
$405B0F9D3AA59D6,C0595809ADCD5068,400BF0F64C0720B4,3FF800000000001
$405B1564CEC15052,C059667319478ADE,400C6D3385B0E4B9,3FF800000000001
$405B1C095749DFC2,C059747C07C78017,400CE970BF5AA8C4,3FF800000000001
$405B238492AA6F55,C059821741701D14,400D65ADF9046CC4,3FF800000000001
$405B2BCF7519824B,C0598F37F5B6EDAE,400DE1EB32AE30D3,3FF800000000001
$405B34E22F3BCF32,C0599BD1C775C30D,400E5E286C57F4DE,3FF800000000001
$405B3EB4357F4427,C059A7D8D88FACD3,400EDA65A601B8E6,3FF800000000001
$405B493C48274E2A,C059B341D51E4D59,400F56A2DFAB7CEA,3FF800000000001
$405B54707C02CF2B,C059BE01FE1D0245,400FD2E0195540F5,3FF800000000001
$405B604643C38E8E,C059C80F3387D52,4010278EA97F8282,3FF800000000001
$405B6CB279EE57E7,C059D15FFDE4ABD7,401065AD46546484,3FF800000000001
$405B79A96B5A6BD9,C059D9EB972DBDFB,4010A3CBE3294686,3FF800000000001
$405B871EE2366,C059E1A9F314E91,4010E1EA7FFE2888,3FF800000000001
$405B950631880D38,C059E893C6981BC5,401120091CD30A8E,3FF800000000001
$405BA352411CB78D,C059EEA28EDFB475,40115E27B9A7EC92,3FF800000000001
$405BB1F599DE319A,C059F3D097605AFE,40119C46567CCE94,3FF800000000001
$405BC0E272815DD8,C059F818FF3A8F68,4011DA64F351B09D,3FF800000000001
$405BD00ABC821C3F,C059FB77BDD2DDBE,401218839026929F,3FF800000000001
$405BDF60316069D6,C059FDE9A69E6383,401256A22CFB74A5,3FF800000000001
$405BEED460123A18,C059FF6C6C2012AD,401294C0C9D056A5,3FF800000000001
$405BFE58BA9D60CE,C059FFFEA213E17D,4012D2DF66A538AC,3FF800000000001
$405C0DDEA3CCBCDE,C059FF9FBEC5DC5A,401310FE037A1AAF,3FF800000000001
$405C1D577CF3BB47,C059FE501B93D675,40134F1CA04EFCB6,3FF800000000001
$405C2CB4B3B33BA2,C059FC10F4993F38,40138D3B3D23DEB8,3FF800000000001
$405C3BE7CFB2DE83,C059F8E467856BAD,4013CB59D9F8C0BB,3FF800000000001
$405C4AE28041D0C1,C059F4CD719D6C3B,4014097876CDA2C1,3FF800000000001
$405C5996A9D23DEA,C059EFCFECEB4F56,4014479713A284C3,3FF800000000001
$405C67F67342B745,C059E9F08C9D77BA,401485B5B07766C7,3FF800000000001
$405C75F452E90BE2,C059E334D8997109,4014C3D44D4C48CD,3FF800000000001
$405C83831B52492A,C059DBA328466DE,401501F2EA212ACF,3FF800000000001
$405C909607ABE1E5,C059D3429C945758,4015401186F60CD5,3FF800000000001
$405C9D20C7CA4B5D,C059CA1B19450DF6,40157E3023CAEEDA,3FF800000000001
$405CA9178BC1BD36,C059C0353D7E2EB8,4015BC4EC09FD0D9,3FF800000000001
$405CB46F0F0627F7,C059B59A5BAA5BCF,4015FA6D5D74B2E3,3FF800000000001
$405CBF1CA307E7F1,C059AA5470B1AECD,4016388BFA4994E6,3FF800000000001
$405CC91639433613,C0599E6E1A919903,401676AA971E76E9,3FF800000000001
$405CD2526CB8DCE1,C05991F28E5D0E15,4016B4C933F358EF,3FF800000000001
$405CDAC88AC74616,C05984ED8DAE63A7,4016F2E7D0C83AED,3FF800000000001
$405CE2709B5B8BA8,C059776B5B94D6FF,401731066D9D1CF4,3FF800000000001
$405CE9436872D519,C0596978B1082634,40176F250A71FEFB,3FF800000000001
$405CEF3A84E4EF8B,C0595B22B0ED1D3A,4017AD43A746E0FE,3FF800000000001
$405CF4505271BB31,C0594C76DBB65FCB,4017EB62441BC3,3FF800000000001
$405CF880070BBACE,C0593D8302AD1718,40182980E0F0A504,3FF800000000001
$405CFBC5B15AC989,C0592E553AED7D2,4018679F7DC58709,3FF800000000001
$405CFE1E3C72B791,C0591EFBD023874F,4018A5BE1A9A690D,3FF800000000001
$405CFF8772BA4E42,C0590F8537142E22,4018E3DCB76F4B12,3FF800000000001
$405D000000000004,C059,401921FB54442D18,3FF800000000001
4 38 209
4 39 99
4 40 645
4 41 141
4 42 0
4 43 0
3 32 ->
4 33 644
4 34 4
4 35 0
4 36 [2]
$1,-1
4 37 [2][4]
$0,3FF800000000001,401921FB54442D18,3FF800000000001
$0,0,401921FB54442D18,0
4 38 140
4 39 100
4 40 196
4 41 214
4 42 0
4 43 0
3 32 ->
4 33 643
4 34 4
4 35 0
4 36 [2]
$1,-1
4 37 [2][4]
$0,3FF800000000001,401921FB54442D18,3FF800000000001
$0,0,401921FB54442D18,0
4 38 139
4 39 99
4 40 195
4 41 213
4 42 0
4 43 0
3 32 ->
4 33 106
4 34 4
4 35 0
4 36 [2]
$1,-1
4 37 [53][4]
$C05D000000000004,C049,401921FB54442D18,0
$C05CFFB5500050DC,C049186FD5355654,4018F116E88B1D61,0
$C05CFE7F437969DC,C0493765B31A8873,4018B2F84BB63B5D,0
$C05CFC5986C07EAC,C04956276483A0A5,401874D9AEE15959,0
$C05CF9461F9539DE,C0497497F1E82FD6,401836BB120C7755,0
$C05CF547F38D6063,C049929AB02B190C,4017F89C7537955,0
$C05CF062C55A62A8,C049B0135B9AA0CF,4017BA7DD862B34C,0
$C05CEA9B313EAFB6,C049CCE6328F15BC,40177C5F3B8DD149,0
$C05CE3F6A8B62046,C049E8F80F8F002D,40173E409EB8EF44,0
$C05CDC7B6D5590B4,C04A042E82E03A29,4017002201E40D42,0
$C05CD4308AE67DBD,C04A1E6FEB6DDB5B,4016C203650F2B3C,0
$C05CCB1DD0C430D6,C04A37A38EEB8619,401683E4C83A493B,0
$C05CC14BCA80BBE1,C04A4FB1B11F59A4,401645C62B656734,0
$C05CB6C3B7D8B1DE,C04A6683AA3C9AB2,401607A78E90853,0
$C05CAB8F83FD30DD,C04A7C03FC3A0489,4015C988F1BBA32B,0
$C05C9FB9BC3C717A,C04A901E670FAA3E,40158B6A54E6C125,0
$C05C934D8611A821,C04AA2BFFBC957AD,40154D4BB811DF21,0
$C05C865694A5942F,C04AB3D72E5B7BF5,40150F2D1B3CFD1C,0
$C05C78E11DC9A008,C04AC353E629D221,4014D10E7E681B1C,0
$C05C6AF9CE77F2D,C04AD1278D30378A,401492EFE1933916,0
$C05C5CADBEE3487B,C04ADD451DBF68E9,401454D144BE5712,0
$C05C4E0A6621CE6E,C04AE7A12EC0B5FD,401416B2A7E9751,0
$C05C3F1D8D7EA231,C04AF031FE751ED,4013D8940B14930B,0
$C05C2FF5437DE3CA,C04AF6EF7BA5BB7B,40139A756E3FB109,0
$C05C209FCE9F9633,C04AFBD34D3CC705,40135C56D16ACF03,0
$C05C112B9FEDC5F,C04AFED8D8402558,40131E383495ECFF,0
$C05C01A745629F3B,C04AFFFD4427C2FB,4012E01997C10AFC,0
$C05BF2215C33432A,C04AFF3F7D8BB8B3,4012A1FAFAEC28F5,0
$C05BE2A8830C44C2,C04AFCA03727ACE9,401263DC5E1746F2,0
$C05BD34B4C4CC466,C04AF821E9327E7,401225BDC14264EC,0
$C05BC418304D2185,C04AF1C8CF0AD759,4011E79F246D82E8,0
$C05BB51D7FBE2F47,C04AE99AE33AD877,4011A9808798A0E4,0
$C05BA669562DC21E,C04ADF9FD9D69EAB,40116B61EAC3BEE,0
$C05B98098CBD48C3,C04AD3E1193AEF74,40112D434DEEDCDC,0
$C05B8A0BAD16F426,C04AC669B132E212,4010EF24B119FAD6,0
$C05B7C7CE4ADB6DE,C04AB746508CDBBF,4010B106144518D4,0
$C05B6F69F8541E23,C04AA6853928AEAF,401072E7777036D,0
$C05B62DF3835B4AB,C04A9436328A1BEB,401034C8DA9B54CA,0
$C05B56E8743E42D2,C04A806A7AFC5D6F,400FED547B8CE595,0
$C05B4B90F0F9D811,C04A6B34B754B79E,400F711741E3217F,0
$C05B40E35CF81817,C04A54A8E1635D9B,400EF4DA08395D7F,0
$C05B36E9C6BCC9F5,C04A3CDC35233206,400E789CCE8F9976,0
$C05B2DAD93472327,C04A23E51CBA1C29,400DFC5F94E5D56A,0
$C05B25377538B9F2,C04A09DB1B5CC74C,400D80225B3C1162,0
$C05B1D8F64A4746,C049EED6B729ADFE,400D03E521924D5F,0
$C05B16BC978D2AEF,C049D2F162104C68,400C87A7E7E88953,0
$C05B10C57B1B107D,C049B64561DA3A73,400C0B6AAE3EC548,0
$C05B0BAFAD8E44D7,C04998EDB76CBF95,400B8F2D74950143,0
$C05B077FF8F4453B,C0497B06055A2E2F,400B12F03AEB3D3D,0
$C05B043A4EA5367F,C0495CAA75DAFA3F,400A96B301417933,0
$C05B01E1C38D4877,C0493DF7A0470E9D,400A1A75C797B52B,0
$C05B00788D45B1C7,C0491F0A6E285C43,40099E388DEDF11F,0
$C05B000000000004,C049,400921FB54442D18,0
4 38 192
4 39 104
4 40 198
4 41 648
4 42 0
4 43 0
3 32 ->
4 33 105
4 34 4
4 35 0
4 36 [2]
$1,-1
4 37 [53][4]
$C05D000000000004,C049,401921FB54442D18,0
$C05CFFB5500050DC,C049186FD5355654,4018F116E88B1D61,0
$C05CFE7F437969DC,C0493765B31A8873,4018B2F84BB63B5D,0
$C05CFC5986C07EAC,C04956276483A0A5,401874D9AEE15959,0
$C05CF9461F9539DE,C0497497F1E82FD6,401836BB120C7755,0
$C05CF547F38D6063,C049929AB02B190C,4017F89C7537955,0
$C05CF062C55A62A8,C049B0135B9AA0CF,4017BA7DD862B34C,0
$C05CEA9B313EAFB6,C049CCE6328F15BC,40177C5F3B8DD149,0
$C05CE3F6A8B62046,C049E8F80F8F002D,40173E409EB8EF44,0
$C05CDC7B6D5590B4,C04A042E82E03A29,4017002201E40D42,0
$C05CD4308AE67DBD,C04A1E6FEB6DDB5B,4016C203650F2B3C,0
$C05CCB1DD0C430D6,C04A37A38EEB8619,401683E4C83A493B,0
$C05CC14BCA80BBE1,C04A4FB1B11F59A4,401645C62B656734,0
$C05CB6C3B7D8B1DE,C04A6683AA3C9AB2,401607A78E90853,0
$C05CAB8F83FD30DD,C04A7C03FC3A0489,4015C988F1BBA32B,0
$C05C9FB9BC3C717A,C04A901E670FAA3E,40158B6A54E6C125,0
$C05C934D8611A821,C04AA2BFFBC957AD,40154D4BB811DF21,0
$C05C865694A5942F,C04AB3D72E5B7BF5,40150F2D1B3CFD1C,0
$C05C78E11DC9A008,C04AC353E629D221,4014D10E7E681B1C,0
$C05C6AF9CE77F2D,C04AD1278D30378A,401492EFE1933916,0
$C05C5CADBEE3487B,C04ADD451DBF68E9,401454D144BE5712,0
$C05C4E0A6621CE6E,C04AE7A12EC0B5FD,401416B2A7E9751,0
$C05C3F1D8D7EA231,C04AF031FE751ED,4013D8940B14930B,0
$C05C2FF5437DE3CA,C04AF6EF7BA5BB7B,40139A756E3FB109,0
$C05C209FCE9F9633,C04AFBD34D3CC705,40135C56D16ACF03,0
$C05C112B9FEDC5F,C04AFED8D8402558,40131E383495ECFF,0
$C05C01A745629F3B,C04AFFFD4427C2FB,4012E01997C10AFC,0
$C05BF2215C33432A,C04AFF3F7D8BB8B3,4012A1FAFAEC28F5,0
$C05BE2A8830C44C2,C04AFCA03727ACE9,401263DC5E1746F2,0
$C05BD34B4C4CC466,C04AF821E9327E7,401225BDC14264EC,0
$C05BC418304D2185,C04AF1C8CF0AD759,4011E79F246D82E8,0
$C05BB51D7FBE2F47,C04AE99AE33AD877,4011A9808798A0E4,0
$C05BA669562DC21E,C04ADF9FD9D69EAB,40116B61EAC3BEE,0
$C05B98098CBD48C3,C04AD3E1193AEF74,40112D434DEEDCDC,0
$C05B8A0BAD16F426,C04AC669B132E212,4010EF24B119FAD6,0
$C05B7C7CE4ADB6DE,C04AB746508CDBBF,4010B106144518D4,0
$C05B6F69F8541E23,C04AA6853928AEAF,401072E7777036D,0
$C05B62DF3835B4AB,C04A9436328A1BEB,401034C8DA9B54CA,0
$C05B56E8743E42D2,C04A806A7AFC5D6F,400FED547B8CE595,0
$C05B4B90F0F9D811,C04A6B34B754B79E,400F711741E3217F,0
$C05B40E35CF81817,C04A54A8E1635D9B,400EF4DA08395D7F,0
$C05B36E9C6BCC9F5,C04A3CDC35233206,400E789CCE8F9976,0
$C05B2DAD93472327,C04A23E51CBA1C29,400DFC5F94E5D56A,0
$C05B25377538B9F2,C04A09DB1B5CC74C,400D80225B3C1162,0
$C05B1D8F64A4746,C049EED6B729ADFE,400D03E521924D5F,0
$C05B16BC978D2AEF,C049D2F162104C68,400C87A7E7E88953,0
$C05B10C57B1B107D,C049B64561DA3A73,400C0B6AAE3EC548,0
$C05B0BAFAD8E44D7,C04998EDB76CBF95,400B8F2D74950143,0
$C05B077FF8F4453B,C0497B06055A2E2F,400B12F03AEB3D3D,0
$C05B043A4EA5367F,C0495CAA75DAFA3F,400A96B301417933,0
$C05B01E1C38D4877,C0493DF7A0470E9D,400A1A75C797B52B,0
$C05B00788D45B1C7,C0491F0A6E285C43,40099E388DEDF11F,0
$C05B000000000004,C049,400921FB54442D18,0
4 38 191
4 39 103
4 40 197
4 41 647
4 42 0
4 43 0
3 32 ->
4 33 138
4 34 4
4 35 0
4 36 [2]
$1,-1
4 37 [2][4]
$400921FB54442D18,3FF800000000001,400921FB54442D18,3FF800000000001
$400921FB54442D18,0,400921FB54442D18,0
4 38 104
4 39 136
4 40 106
4 41 650
4 42 0
4 43 0
3 32 ->
4 33 137
4 34 4
4 35 0
4 36 [2]
$1,-1
4 37 [2][4]
$400921FB54442D18,3FF800000000001,400921FB54442D18,3FF800000000001
$400921FB54442D18,0,400921FB54442D18,0
4 38 103
4 39 135
4 40 105
4 41 649
4 42 0
4 43 0
3 32 ->
4 33 216
4 34 4
4 35 0
4 36 [2]
$1,-1
4 37 [53][4]
$405B000000000004,C049,400921FB54442D18,3FF800000000001
$405B004AAFFFAF2C,C049186FD5355654,400983C42BB64C86,3FF800000000001
$405B0180BC86962C,C0493765B31A8873,400A00016560108F,3FF800000000001
$405B03A6793F815C,C04956276483A0A5,400A7C3E9F09D495,3FF800000000001
$405B06B9E06AC62B,C0497497F1E82FD6,400AF87BD8B3989E,3FF800000000001
$405B0AB80C729FA5,C049929AB02B190C,400B74B9125D5CA8,3FF800000000001
$405B0F9D3AA59D6,C049B0135B9AA0CF,400BF0F64C0720B,3FF800000000001
$405B1564CEC15052,C049CCE6328F15BC,400C6D3385B0E4B6,3FF800000000001
$405B1C095749DFC2,C049E8F80F8F002D,400CE970BF5AA8C1,3FF800000000001
$405B238492AA6F55,C04A042E82E03A29,400D65ADF9046CCB,3FF800000000001
$405B2BCF7519824B,C04A1E6FEB6DDB5B,400DE1EB32AE30CF,3FF800000000001
$405B34E22F3BCF32,C04A37A38EEB8619,400E5E286C57F4D2,3FF800000000001
$405B3EB4357F4427,C04A4FB1B11F59A4,400EDA65A601B8E,3FF800000000001
$405B493C48274E2A,C04A6683AA3C9AB2,400F56A2DFAB7CE7,3FF800000000001
$405B54707C02CF2B,C04A7C03FC3A0489,400FD2E0195540F2,3FF800000000001
$405B604643C38E8E,C04A901E670FAA3E,4010278EA97F827F,3FF800000000001
$405B6CB279EE57E7,C04AA2BFFBC957AD,401065AD46546483,3FF800000000001
$405B79A96B5A6BD9,C04AB3D72E5B7BF5,4010A3CBE3294688,3FF800000000001
$405B871EE2366,C04AC353E629D221,4010E1EA7FFE2888,3FF800000000001
$405B950631880D38,C04AD1278D30378A,401120091CD30A8E,3FF800000000001
$405BA352411CB78D,C04ADD451DBF68E9,40115E27B9A7EC92,3FF800000000001
$405BB1F599DE319A,C04AE7A12EC0B5FD,40119C46567CCE94,3FF800000000001
$405BC0E272815DD8,C04AF031FE751ED,4011DA64F351B09D,3FF800000000001
$405BD00ABC821C3F,C04AF6EF7BA5BB7B,401218839026929E,3FF800000000001
$405BDF60316069D6,C04AFBD34D3CC705,401256A22CFB74A5,3FF800000000001
$405BEED460123A18,C04AFED8D8402558,401294C0C9D056A5,3FF800000000001
$405BFE58BA9D60CE,C04AFFFD4427C2FB,4012D2DF66A538AC,3FF800000000001
$405C0DDEA3CCBCDE,C04AFF3F7D8BB8B3,401310FE037A1AAF,3FF800000000001
$405C1D577CF3BB47,C04AFCA03727ACE9,40134F1CA04EFCB6,3FF800000000001
$405C2CB4B3B33BA2,C04AF821E9327E71,40138D3B3D23DEB8,3FF800000000001
$405C3BE7CFB2DE83,C04AF1C8CF0AD759,4013CB59D9F8C0BB,3FF800000000001
$405C4AE28041D0C1,C04AE99AE33AD877,4014097876CDA2C,3FF800000000001
$405C5996A9D23DEA,C04ADF9FD9D69EAB,4014479713A284C4,3FF800000000001
$405C67F67342B745,C04AD3E1193AEF74,401485B5B07766C8,3FF800000000001
$405C75F452E90BE2,C04AC669B132E212,4014C3D44D4C48CD,3FF800000000001
$405C83831B52492A,C04AB746508CDBBF,401501F2EA212AD,3FF800000000001
$405C909607ABE1E5,C04AA6853928AEAF,4015401186F60CD4,3FF800000000001
$405C9D20C7CA4B5D,C04A9436328A1BEB,40157E3023CAEED9,3FF800000000001
$405CA9178BC1BD36,C04A806A7AFC5D6F,4015BC4EC09FD0D9,3FF800000000001
$405CB46F0F0627F7,C04A6B34B754B79E,4015FA6D5D74B2E4,3FF800000000001
$405CBF1CA307E7F1,C04A54A8E1635D9B,4016388BFA4994E4,3FF800000000001
$405CC91639433613,C04A3CDC35233206,401676AA971E76E9,3FF800000000001
$405CD2526CB8DCE1,C04A23E51CBA1C29,4016B4C933F358EF,3FF800000000001
$405CDAC88AC74616,C04A09DB1B5CC74C,4016F2E7D0C83AF3,3FF800000000001
$405CE2709B5B8BA8,C049EED6B729ADFE,401731066D9D1CF4,3FF800000000001
$405CE9436872D519,C049D2F162104C69,40176F250A71FEF9,3FF800000000001
$405CEF3A84E4EF8B,C049B64561DA3A73,4017AD43A746E1,3FF800000000001
$405CF4505271BB31,C04998EDB76CBF95,4017EB62441BC302,3FF800000000001
$405CF880070BBACE,C0497B06055A2E2F,40182980E0F0A506,3FF800000000001
$405CFBC5B15AC989,C0495CAA75DAFA3F,4018679F7DC5870A,3FF800000000001
$405CFE1E3C72B791,C0493DF7A0470E9D,4018A5BE1A9A690F,3FF800000000001
$405CFF8772BA4E42,C0491F0A6E285C43,4018E3DCB76F4B14,3FF800000000001
$405D000000000004,C049,401921FB54442D18,3FF800000000001
4 38 210
4 39 104
4 40 650
4 41 138
4 42 0
4 43 0
3 32 ->
4 33 215
4 34 4
4 35 0
4 36 [2]
$1,-1
4 37 [53][4]
$405B000000000004,C049,400921FB54442D18,3FF800000000001
$405B004AAFFFAF2C,C049186FD5355654,400983C42BB64C86,3FF800000000001
$405B0180BC86962C,C0493765B31A8873,400A00016560108F,3FF800000000001
$405B03A6793F815C,C04956276483A0A5,400A7C3E9F09D495,3FF800000000001
$405B06B9E06AC62B,C0497497F1E82FD6,400AF87BD8B3989E,3FF800000000001
$405B0AB80C729FA5,C049929AB02B190C,400B74B9125D5CA8,3FF800000000001
$405B0F9D3AA59D6,C049B0135B9AA0CF,400BF0F64C0720B,3FF800000000001
$405B1564CEC15052,C049CCE6328F15BC,400C6D3385B0E4B6,3FF800000000001
$405B1C095749DFC2,C049E8F80F8F002D,400CE970BF5AA8C1,3FF800000000001
$405B238492AA6F55,C04A042E82E03A29,400D65ADF9046CCB,3FF800000000001
$405B2BCF7519824B,C04A1E6FEB6DDB5B,400DE1EB32AE30CF,3FF800000000001
$405B34E22F3BCF32,C04A37A38EEB8619,400E5E286C57F4D2,3FF800000000001
$405B3EB4357F4427,C04A4FB1B11F59A4,400EDA65A601B8E,3FF800000000001
$405B493C48274E2A,C04A6683AA3C9AB2,400F56A2DFAB7CE7,3FF800000000001
$405B54707C02CF2B,C04A7C03FC3A0489,400FD2E0195540F2,3FF800000000001
$405B604643C38E8E,C04A901E670FAA3E,4010278EA97F827F,3FF800000000001
$405B6CB279EE57E7,C04AA2BFFBC957AD,401065AD46546483,3FF800000000001
$405B79A96B5A6BD9,C04AB3D72E5B7BF5,4010A3CBE3294688,3FF800000000001
$405B871EE2366,C04AC353E629D221,4010E1EA7FFE2888,3FF800000000001
$405B950631880D38,C04AD1278D30378A,401120091CD30A8E,3FF800000000001
$405BA352411CB78D,C04ADD451DBF68E9,40115E27B9A7EC92,3FF800000000001
$405BB1F599DE319A,C04AE7A12EC0B5FD,40119C46567CCE94,3FF800000000001
$405BC0E272815DD8,C04AF031FE751ED,4011DA64F351B09D,3FF800000000001
$405BD00ABC821C3F,C04AF6EF7BA5BB7B,401218839026929E,3FF800000000001
$405BDF60316069D6,C04AFBD34D3CC705,401256A22CFB74A5,3FF800000000001
$405BEED460123A18,C04AFED8D8402558,401294C0C9D056A5,3FF800000000001
$405BFE58BA9D60CE,C04AFFFD4427C2FB,4012D2DF66A538AC,3FF800000000001
$405C0DDEA3CCBCDE,C04AFF3F7D8BB8B3,401310FE037A1AAF,3FF800000000001
$405C1D577CF3BB47,C04AFCA03727ACE9,40134F1CA04EFCB6,3FF800000000001
$405C2CB4B3B33BA2,C04AF821E9327E71,40138D3B3D23DEB8,3FF800000000001
$405C3BE7CFB2DE83,C04AF1C8CF0AD759,4013CB59D9F8C0BB,3FF800000000001
$405C4AE28041D0C1,C04AE99AE33AD877,4014097876CDA2C,3FF800000000001
$405C5996A9D23DEA,C04ADF9FD9D69EAB,4014479713A284C4,3FF800000000001
$405C67F67342B745,C04AD3E1193AEF74,401485B5B07766C8,3FF800000000001
$405C75F452E90BE2,C04AC669B132E212,4014C3D44D4C48CD,3FF800000000001
$405C83831B52492A,C04AB746508CDBBF,401501F2EA212AD,3FF800000000001
$405C909607ABE1E5,C04AA6853928AEAF,4015401186F60CD4,3FF800000000001
$405C9D20C7CA4B5D,C04A9436328A1BEB,40157E3023CAEED9,3FF800000000001
$405CA9178BC1BD36,C04A806A7AFC5D6F,4015BC4EC09FD0D9,3FF800000000001
$405CB46F0F0627F7,C04A6B34B754B79E,4015FA6D5D74B2E4,3FF800000000001
$405CBF1CA307E7F1,C04A54A8E1635D9B,4016388BFA4994E4,3FF800000000001
$405CC91639433613,C04A3CDC35233206,401676AA971E76E9,3FF800000000001
$405CD2526CB8DCE1,C04A23E51CBA1C29,4016B4C933F358EF,3FF800000000001
$405CDAC88AC74616,C04A09DB1B5CC74C,4016F2E7D0C83AF3,3FF800000000001
$405CE2709B5B8BA8,C049EED6B729ADFE,401731066D9D1CF4,3FF800000000001
$405CE9436872D519,C049D2F162104C69,40176F250A71FEF9,3FF800000000001
$405CEF3A84E4EF8B,C049B64561DA3A73,4017AD43A746E1,3FF800000000001
$405CF4505271BB31,C04998EDB76CBF95,4017EB62441BC302,3FF800000000001
$405CF880070BBACE,C0497B06055A2E2F,40182980E0F0A506,3FF800000000001
$405CFBC5B15AC989,C0495CAA75DAFA3F,4018679F7DC5870A,3FF800000000001
$405CFE1E3C72B791,C0493DF7A0470E9D,4018A5BE1A9A690F,3FF800000000001
$405CFF8772BA4E42,C0491F0A6E285C43,4018E3DCB76F4B14,3FF800000000001
$405D000000000004,C049,401921FB54442D18,3FF800000000001
4 38 209
4 39 103
4 40 649
4 41 137
4 42 0
4 43 0
3 32 ->
4 33 648
4 34 4
4 35 0
4 36 [2]
$1,-1
4 37 [2][4]
$0,3FF800000000001,401921FB54442D18,3FF800000000001
$0,0,401921FB54442D18,0
4 38 136
4 39 104
4 40 198
4 41 216
4 42 0
4 43 0
3 32 ->
4 33 647
4 34 4
4 35 0
4 36 [2]
$1,-1
4 37 [2][4]
$0,3FF800000000001,401921FB54442D18,3FF800000000001
$0,0,401921FB54442D18,0
4 38 135
4 39 103
4 40 197
4 41 215
4 42 0
4 43 0
3 32 ->
4 33 110
4 34 4
4 35 0
4 36 [2]
$1,-1
4 37 [53][4]
$C05D000000000004,0,401921FB54442D18,0
$C05CFFB5500050DC,BFC86FD53556538B,4018F116E88B1D62,0
$C05CFE7F437969DC,BFDBB2D98D443944,4018B2F84BB63B5D,0
$C05CFC5986C07EAC,BFE589D920E82934,401874D9AEE1595A,0
$C05CF9461F9539DE,BFED25FC7A0BF562,401836BB120C7756,0
$C05CF547F38D6063,BFF253560563217,4017F89C75379551,0
$C05CF062C55A62A8,BFF6026B735419C8,4017BA7DD862B34D,0
$C05CEA9B313EAFB6,BFF99CC651E2B77,40177C5F3B8DD149,0
$C05CE3F6A8B62046,BFFD1F01F1E005A1,40173E409EB8EF43,0
$C05CDC7B6D5590B4,C00042E82E03A287,4017002201E40D42,0
$C05CD4308AE67DBD,C001E6FEB6DDB5B2,4016C203650F2B3C,0
$C05CCB1DD0C430D6,C0037A38EEB8619,401683E4C83A493A,0
$C05CC14BCA80BBE1,C004FB1B11F59A3A,401645C62B656735,0
$C05CB6C3B7D8B1DE,C006683AA3C9AB12,401607A78E908531,0
$C05CAB8F83FD30DD,C007C03FC3A0488B,4015C988F1BBA32B,0
$C05C9FB9BC3C717A,C00901E670FAA3DB,40158B6A54E6C125,0
$C05C934D8611A821,C00A2BFFBC957AC8,40154D4BB811DF21,0
$C05C865694A5942F,C00B3D72E5B7BF42,40150F2D1B3CFD1D,0
$C05C78E11DC9A008,C00C353E629D2202,4014D10E7E681B1C,0
$C05C6AF9CE77F2D,C00D1278D3037896,401492EFE1933916,0
$C05C5CADBEE3487B,C00DD451DBF68E7F,401454D144BE5712,0
$C05C4E0A6621CE6E,C00E7A12EC0B5FC7,401416B2A7E9751,0
$C05C3F1D8D7EA231,C00F031FE751ECF,4013D8940B14930B,0
$C05C2FF5437DE3CA,C00F6EF7BA5BB7B5,40139A756E3FB109,0
$C05C209FCE9F9633,C00FBD34D3CC7054,40135C56D16ACF03,0
$C05C112B9FEDC5F,C00FED8D8402557F,40131E383495ECFF,0
$C05C01A745629F3B,C00FFFD4427C2FA5,4012E01997C10AFC,0
$C05BF2215C33432A,C00FF3F7D8BB8B31,4012A1FAFAEC28F5,0
$C05BE2A8830C44C2,C00FCA03727ACE85,401263DC5E1746F2,0
$C05BD34B4C4CC466,C00F821E9327E6FB,401225BDC14264EC,0
$C05BC418304D2185,C00F1C8CF0AD757F,4011E79F246D82E9,0
$C05BB51D7FBE2F47,C00E99AE33AD876B,4011A9808798A0E4,0
$C05BA669562DC21E,C00DF9FD9D69EAB1,40116B61EAC3BEE,0
$C05B98098CBD48C3,C00D3E1193AEF731,40112D434DEEDCDC,0
$C05B8A0BAD16F426,C00C669B132E211F,4010EF24B119FAD6,0
$C05B7C7CE4ADB6DE,C00B746508CDBBEB,4010B106144518D4,0
$C05B6F69F8541E23,C00A6853928AEAE5,401072E7777036CF,0
$C05B62DF3835B4AB,C009436328A1BEA8,401034C8DA9B54CA,0
$C05B56E8743E42D2,C00806A7AFC5D6E6,400FED547B8CE593,0
$C05B4B90F0F9D811,C006B34B754B79D7,400F711741E3217F,0
$C05B40E35CF81817,C0054A8E1635D9A,400EF4DA08395D7D,0
$C05B36E9C6BCC9F5,C003CDC352332054,400E789CCE8F9974,0
$C05B2DAD93472327,C0023E51CBA1C28E,400DFC5F94E5D566,0
$C05B25377538B9F2,C0009DB1B5CC74C,400D80225B3C1161,0
$C05B1D8F64A4746,BFFDDAD6E535BFAB,400D03E521924D5F,0
$C05B16BC978D2AEF,BFFA5E2C42098D02,400C87A7E7E88954,0
$C05B10C57B1B107D,BFF6C8AC3B474E67,400C0B6AAE3EC548,0
$C05B0BAFAD8E44D7,BFF31DB6ED97F296,400B8F2D7495014,0
$C05B077FF8F4453B,BFEEC181568B8B8F,400B12F03AEB3D3B,0
$C05B043A4EA5367F,BFE72A9D76BE8F9E,400A96B301417931,0
$C05B01E1C38D4877,BFDEFBD023874E39,400A1A75C797B529,0
$C05B00788D45B1C7,BFCF0A6E285C4337,40099E388DEDF12,0
$C05B000000000004,3CC1A62633145C0C,400921FB54442D18,0
4 38 192
4 39 108
4 40 200
4 41 652
4 42 0
4 43 0
3 32 ->
4 33 109
4 34 4
4 35 0
4 36 [2]
$1,-1
4 37 [53][4]
$C05D000000000004,0,401921FB54442D18,0
$C05CFFB5500050DC,BFC86FD53556538B,4018F116E88B1D62,0
$C05CFE7F437969DC,BFDBB2D98D443944,4018B2F84BB63B5D,0
$C05CFC5986C07EAC,BFE589D920E82934,401874D9AEE1595A,0
$C05CF9461F9539DE,BFED25FC7A0BF562,401836BB120C7756,0
$C05CF547F38D6063,BFF253560563217,4017F89C75379551,0
$C05CF062C55A62A8,BFF6026B735419C8,4017BA7DD862B34D,0
$C05CEA9B313EAFB6,BFF99CC651E2B77,40177C5F3B8DD149,0
$C05CE3F6A8B62046,BFFD1F01F1E005A1,40173E409EB8EF43,0
$C05CDC7B6D5590B4,C00042E82E03A287,4017002201E40D42,0
$C05CD4308AE67DBD,C001E6FEB6DDB5B2,4016C203650F2B3C,0
$C05CCB1DD0C430D6,C0037A38EEB8619,401683E4C83A493A,0
$C05CC14BCA80BBE1,C004FB1B11F59A3A,401645C62B656735,0
$C05CB6C3B7D8B1DE,C006683AA3C9AB12,401607A78E908531,0
$C05CAB8F83FD30DD,C007C03FC3A0488B,4015C988F1BBA32B,0
$C05C9FB9BC3C717A,C00901E670FAA3DB,40158B6A54E6C125,0
$C05C934D8611A821,C00A2BFFBC957AC8,40154D4BB811DF21,0
$C05C865694A5942F,C00B3D72E5B7BF42,40150F2D1B3CFD1D,0
$C05C78E11DC9A008,C00C353E629D2202,4014D10E7E681B1C,0
$C05C6AF9CE77F2D,C00D1278D3037896,401492EFE1933916,0
$C05C5CADBEE3487B,C00DD451DBF68E7F,401454D144BE5712,0
$C05C4E0A6621CE6E,C00E7A12EC0B5FC7,401416B2A7E9751,0
$C05C3F1D8D7EA231,C00F031FE751ECF,4013D8940B14930B,0
$C05C2FF5437DE3CA,C00F6EF7BA5BB7B5,40139A756E3FB109,0
$C05C209FCE9F9633,C00FBD34D3CC7054,40135C56D16ACF03,0
$C05C112B9FEDC5F,C00FED8D8402557F,40131E383495ECFF,0
$C05C01A745629F3B,C00FFFD4427C2FA5,4012E01997C10AFC,0
$C05BF2215C33432A,C00FF3F7D8BB8B31,4012A1FAFAEC28F5,0
$C05BE2A8830C44C2,C00FCA03727ACE85,401263DC5E1746F2,0
$C05BD34B4C4CC466,C00F821E9327E6FB,401225BDC14264EC,0
$C05BC418304D2185,C00F1C8CF0AD757F,4011E79F246D82E9,0
$C05BB51D7FBE2F47,C00E99AE33AD876B,4011A9808798A0E4,0
$C05BA669562DC21E,C00DF9FD9D69EAB1,40116B61EAC3BEE,0
$C05B98098CBD48C3,C00D3E1193AEF731,40112D434DEEDCDC,0
$C05B8A0BAD16F426,C00C669B132E211F,4010EF24B119FAD6,0
$C05B7C7CE4ADB6DE,C00B746508CDBBEB,4010B106144518D4,0
$C05B6F69F8541E23,C00A6853928AEAE5,401072E7777036CF,0
$C05B62DF3835B4AB,C009436328A1BEA8,401034C8DA9B54CA,0
$C05B56E8743E42D2,C00806A7AFC5D6E6,400FED547B8CE593,0
$C05B4B90F0F9D811,C006B34B754B79D7,400F711741E3217F,0
$C05B40E35CF81817,C0054A8E1635D9A,400EF4DA08395D7D,0
$C05B36E9C6BCC9F5,C003CDC352332054,400E789CCE8F9974,0
$C05B2DAD93472327,C0023E51CBA1C28E,400DFC5F94E5D566,0
$C05B25377538B9F2,C0009DB1B5CC74C,400D80225B3C1161,0
$C05B1D8F64A4746,BFFDDAD6E535BFAB,400D03E521924D5F,0
$C05B16BC978D2AEF,BFFA5E2C42098D02,400C87A7E7E88954,0
$C05B10C57B1B107D,BFF6C8AC3B474E67,400C0B6AAE3EC548,0
$C05B0BAFAD8E44D7,BFF31DB6ED97F296,400B8F2D7495014,0
$C05B077FF8F4453B,BFEEC181568B8B8F,400B12F03AEB3D3B,0
$C05B043A4EA5367F,BFE72A9D76BE8F9E,400A96B301417931,0
$C05B01E1C38D4877,BFDEFBD023874E39,400A1A75C797B529,0
$C05B00788D45B1C7,BFCF0A6E285C4337,40099E388DEDF12,0
$C05B000000000004,3CC1A62633145C0C,400921FB54442D18,0
4 38 191
4 39 107
4 40 199
4 41 651
4 42 0
4 43 0
3 32 ->
4 33 134
4 34 4
4 35 0
4 36 [2]
$1,-1
4 37 [2][4]
$400921FB54442D18,3FF800000000001,400921FB54442D18,3FF800000000001
$400921FB54442D18,0,400921FB54442D18,0
4 38 108
4 39 132
4 40 110
4 41 654
4 42 0
4 43 0
3 32 ->
4 33 133
4 34 4
4 35 0
4 36 [2]
$1,-1
4 37 [2][4]
$400921FB54442D18,3FF800000000001,400921FB54442D18,3FF800000000001
$400921FB54442D18,0,400921FB54442D18,0
4 38 107
4 39 131
4 40 109
4 41 653
4 42 0
4 43 0
3 32 ->
4 33 218
4 34 4
4 35 0
4 36 [2]
$1,-1
4 37 [53][4]
$405B000000000004,BCC1A62633145C0C,400921FB54442D18,3FF800000000001
$405B004AAFFFAF2C,BFC86FD535565386,400983C42BB64C84,3FF800000000001
$405B0180BC86962C,BFDBB2D98D443942,400A00016560108D,3FF800000000001
$405B03A6793F815C,BFE589D920E82933,400A7C3E9F09D494,3FF800000000001
$405B06B9E06AC62B,BFED25FC7A0BF562,400AF87BD8B3989D,3FF800000000001
$405B0AB80C729FA5,BFF253560563217,400B74B9125D5CA6,3FF800000000001
$405B0F9D3AA59D6,BFF6026B735419C8,400BF0F64C0720AD,3FF800000000001
$405B1564CEC15052,BFF99CC651E2B77,400C6D3385B0E4B6,3FF800000000001
$405B1C095749DFC2,BFFD1F01F1E005A1,400CE970BF5AA8C2,3FF800000000001
$405B238492AA6F55,C00042E82E03A287,400D65ADF9046CCB,3FF800000000001
$405B2BCF7519824B,C001E6FEB6DDB5B2,400DE1EB32AE30D,3FF800000000001
$405B34E22F3BCF32,C0037A38EEB8619,400E5E286C57F4D4,3FF800000000001
$405B3EB4357F4427,C004FB1B11F59A3A,400EDA65A601B8DE,3FF800000000001
$405B493C48274E2A,C006683AA3C9AB12,400F56A2DFAB7CE6,3FF800000000001
$405B54707C02CF2B,C007C03FC3A0488B,400FD2E0195540F1,3FF800000000001
$405B604643C38E8E,C00901E670FAA3DB,4010278EA97F827F,3FF800000000001
$405B6CB279EE57E7,C00A2BFFBC957AC8,401065AD46546483,3FF800000000001
$405B79A96B5A6BD9,C00B3D72E5B7BF42,4010A3CBE3294687,3FF800000000001
$405B871EE2366,C00C353E629D2202,4010E1EA7FFE2888,3FF800000000001
$405B950631880D38,C00D1278D3037896,401120091CD30A8E,3FF800000000001
$405BA352411CB78D,C00DD451DBF68E7F,40115E27B9A7EC92,3FF800000000001
$405BB1F599DE319A,C00E7A12EC0B5FC7,40119C46567CCE94,3FF800000000001
$405BC0E272815DD8,C00F031FE751ECF1,4011DA64F351B09D,3FF800000000001
$405BD00ABC821C3F,C00F6EF7BA5BB7B5,401218839026929E,3FF800000000001
$405BDF60316069D6,C00FBD34D3CC7054,401256A22CFB74A5,3FF800000000001
$405BEED460123A18,C00FED8D84025581,401294C0C9D056A5,3FF800000000001
$405BFE58BA9D60CE,C00FFFD4427C2FA7,4012D2DF66A538AC,3FF800000000001
$405C0DDEA3CCBCDE,C00FF3F7D8BB8B33,401310FE037A1AAF,3FF800000000001
$405C1D577CF3BB47,C00FCA03727ACE87,40134F1CA04EFCB5,3FF800000000001
$405C2CB4B3B33BA2,C00F821E9327E6FD,40138D3B3D23DEB8,3FF800000000001
$405C3BE7CFB2DE83,C00F1C8CF0AD7581,4013CB59D9F8C0BB,3FF800000000001
$405C4AE28041D0C1,C00E99AE33AD876D,4014097876CDA2C,3FF800000000001
$405C5996A9D23DEA,C00DF9FD9D69EAB3,4014479713A284C4,3FF800000000001
$405C67F67342B745,C00D3E1193AEF734,401485B5B07766C7,3FF800000000001
$405C75F452E90BE2,C00C669B132E212,4014C3D44D4C48CE,3FF800000000001
$405C83831B52492A,C00B746508CDBBEC,401501F2EA212AD,3FF800000000001
$405C909607ABE1E5,C00A6853928AEAE6,4015401186F60CD5,3FF800000000001
$405C9D20C7CA4B5D,C009436328A1BEA9,40157E3023CAEEDA,3FF800000000001
$405CA9178BC1BD36,C00806A7AFC5D6E7,4015BC4EC09FD0DA,3FF800000000001
$405CB46F0F0627F7,C006B34B754B79D8,4015FA6D5D74B2E4,3FF800000000001
$405CBF1CA307E7F1,C0054A8E1635D9A1,4016388BFA4994E6,3FF800000000001
$405CC91639433613,C003CDC352332055,401676AA971E76EA,3FF800000000001
$405CD2526CB8DCE1,C0023E51CBA1C28F,4016B4C933F358EF,3FF800000000001
$405CDAC88AC74616,C0009DB1B5CC74C1,4016F2E7D0C83AF3,3FF800000000001
$405CE2709B5B8BA8,BFFDDAD6E535BFAD,401731066D9D1CF4,3FF800000000001
$405CE9436872D519,BFFA5E2C42098D05,40176F250A71FEFA,3FF800000000001
$405CEF3A84E4EF8B,BFF6C8AC3B474E69,4017AD43A746E1,3FF800000000001
$405CF4505271BB31,BFF31DB6ED97F299,4017EB62441BC303,3FF800000000001
$405CF880070BBACE,BFEEC181568B8B93,40182980E0F0A507,3FF800000000001
$405CFBC5B15AC989,BFE72A9D76BE8FA3,4018679F7DC5870B,3FF800000000001
$405CFE1E3C72B791,BFDEFBD023874E42,4018A5BE1A9A690F,3FF800000000001
$405CFF8772BA4E42,BFCF0A6E285C4349,4018E3DCB76F4B14,3FF800000000001
$405D000000000004,0,401921FB54442D18,3FF800000000001
4 38 210
4 39 108
4 40 654
4 41 134
4 42 0
4 43 0
3 32 ->
4 33 217
4 34 4
4 35 0
4 36 [2]
$1,-1
4 37 [53][4]
$405B000000000004,BCC1A62633145C0C,400921FB54442D18,3FF800000000001
$405B004AAFFFAF2C,BFC86FD535565386,400983C42BB64C84,3FF800000000001
$405B0180BC86962C,BFDBB2D98D443942,400A00016560108D,3FF800000000001
$405B03A6793F815C,BFE589D920E82933,400A7C3E9F09D494,3FF800000000001
$405B06B9E06AC62B,BFED25FC7A0BF562,400AF87BD8B3989D,3FF800000000001
$405B0AB80C729FA5,BFF253560563217,400B74B9125D5CA6,3FF800000000001
$405B0F9D3AA59D6,BFF6026B735419C8,400BF0F64C0720AD,3FF800000000001
$405B1564CEC15052,BFF99CC651E2B77,400C6D3385B0E4B6,3FF800000000001
$405B1C095749DFC2,BFFD1F01F1E005A1,400CE970BF5AA8C2,3FF800000000001
$405B238492AA6F55,C00042E82E03A287,400D65ADF9046CCB,3FF800000000001
$405B2BCF7519824B,C001E6FEB6DDB5B2,400DE1EB32AE30D,3FF800000000001
$405B34E22F3BCF32,C0037A38EEB8619,400E5E286C57F4D4,3FF800000000001
$405B3EB4357F4427,C004FB1B11F59A3A,400EDA65A601B8DE,3FF800000000001
$405B493C48274E2A,C006683AA3C9AB12,400F56A2DFAB7CE6,3FF800000000001
$405B54707C02CF2B,C007C03FC3A0488B,400FD2E0195540F1,3FF800000000001
$405B604643C38E8E,C00901E670FAA3DB,4010278EA97F827F,3FF800000000001
$405B6CB279EE57E7,C00A2BFFBC957AC8,401065AD46546483,3FF800000000001
$405B79A96B5A6BD9,C00B3D72E5B7BF42,4010A3CBE3294687,3FF800000000001
$405B871EE2366,C00C353E629D2202,4010E1EA7FFE2888,3FF800000000001
$405B950631880D38,C00D1278D3037896,401120091CD30A8E,3FF800000000001
$405BA352411CB78D,C00DD451DBF68E7F,40115E27B9A7EC92,3FF800000000001
$405BB1F599DE319A,C00E7A12EC0B5FC7,40119C46567CCE94,3FF800000000001
$405BC0E272815DD8,C00F031FE751ECF1,4011DA64F351B09D,3FF800000000001
$405BD00ABC821C3F,C00F6EF7BA5BB7B5,401218839026929E,3FF800000000001
$405BDF60316069D6,C00FBD34D3CC7054,401256A22CFB74A5,3FF800000000001
$405BEED460123A18,C00FED8D84025581,401294C0C9D056A5,3FF800000000001
$405BFE58BA9D60CE,C00FFFD4427C2FA7,4012D2DF66A538AC,3FF800000000001
$405C0DDEA3CCBCDE,C00FF3F7D8BB8B33,401310FE037A1AAF,3FF800000000001
$405C1D577CF3BB47,C00FCA03727ACE87,40134F1CA04EFCB5,3FF800000000001
$405C2CB4B3B33BA2,C00F821E9327E6FD,40138D3B3D23DEB8,3FF800000000001
$405C3BE7CFB2DE83,C00F1C8CF0AD7581,4013CB59D9F8C0BB,3FF800000000001
$405C4AE28041D0C1,C00E99AE33AD876D,4014097876CDA2C,3FF800000000001
$405C5996A9D23DEA,C00DF9FD9D69EAB3,4014479713A284C4,3FF800000000001
$405C67F67342B745,C00D3E1193AEF734,401485B5B07766C7,3FF800000000001
$405C75F452E90BE2,C00C669B132E212,4014C3D44D4C48CE,3FF800000000001
$405C83831B52492A,C00B746508CDBBEC,401501F2EA212AD,3FF800000000001
$405C909607ABE1E5,C00A6853928AEAE6,4015401186F60CD5,3FF800000000001
$405C9D20C7CA4B5D,C009436328A1BEA9,40157E3023CAEEDA,3FF800000000001
$405CA9178BC1BD36,C00806A7AFC5D6E7,4015BC4EC09FD0DA,3FF800000000001
$405CB46F0F0627F7,C006B34B754B79D8,4015FA6D5D74B2E4,3FF800000000001
$405CBF1CA307E7F1,C0054A8E1635D9A1,4016388BFA4994E6,3FF800000000001
$405CC91639433613,C003CDC352332055,401676AA971E76EA,3FF800000000001
$405CD2526CB8DCE1,C0023E51CBA1C28F,4016B4C933F358EF,3FF800000000001
$405CDAC88AC74616,C0009DB1B5CC74C1,4016F2E7D0C83AF3,3FF800000000001
$405CE2709B5B8BA8,BFFDDAD6E535BFAD,401731066D9D1CF4,3FF800000000001
$405CE9436872D519,BFFA5E2C42098D05,40176F250A71FEFA,3FF800000000001
$405CEF3A84E4EF8B,BFF6C8AC3B474E69,4017AD43A746E1,3FF800000000001
$405CF4505271BB31,BFF31DB6ED97F299,4017EB62441BC303,3FF800000000001
$405CF880070BBACE,BFEEC181568B8B93,40182980E0F0A507,3FF800000000001
$405CFBC5B15AC989,BFE72A9D76BE8FA3,4018679F7DC5870B,3FF800000000001
$405CFE1E3C72B791,BFDEFBD023874E42,4018A5BE1A9A690F,3FF800000000001
$405CFF8772BA4E42,BFCF0A6E285C4349,4018E3DCB76F4B14,3FF800000000001
$405D000000000004,0,401921FB54442D18,3FF800000000001
4 38 209
4 39 107
4 40 653
4 41 133
4 42 0
4 43 0
3 32 ->
4 33 652
4 34 4
4 35 0
4 36 [2]
$1,-1
4 37 [2][4]
$0,3FF800000000001,401921FB54442D18,3FF800000000001
$0,0,401921FB54442D18,0
4 38 132
4 39 108
4 40 200
4 41 218
4 42 0
4 43 0
3 32 ->
4 33 651
4 34 4
4 35 0
4 36 [2]
$1,-1
4 37 [2][4]
$0,3FF800000000001,401921FB54442D18,3FF800000000001
$0,0,401921FB54442D18,0
4 38 131
4 39 107
4 40 199
4 41 217
4 42 0
4 43 0
3 32 ->
4 33 114
4 34 4
4 35 0
4 36 [2]
$1,-1
4 37 [53][4]
$C05D000000000004,4048FFFFFFFFFFFE,401921FB54442D18,0
$C05CFFB5500050DC,4048E7902ACAA9AB,4018F116E88B1D63,0
$C05CFE7F437969DC,4048C89A4CE5778C,4018B2F84BB63B5F,0
$C05CFC5986C07EAC,4048A9D89B7C5F5A,401874D9AEE1595B,0
$C05CF9461F9539DE,40488B680E17D029,401836BB120C7757,0
$C05CF547F38D6063,40486D654FD4E6F3,4017F89C75379552,0
$C05CF062C55A62A8,40484FECA4655F3,4017BA7DD862B34E,0
$C05CEA9B313EAFB6,40483319CD70EA43,40177C5F3B8DD14B,0
$C05CE3F6A8B62046,40481707F070FFD1,40173E409EB8EF44,0
$C05CDC7B6D5590B4,4047FBD17D1FC5D6,4017002201E40D42,0
$C05CD4308AE67DBD,4047E190149224A4,4016C203650F2B3E,0
$C05CCB1DD0C430D6,4047C85C711479E6,401683E4C83A493B,0
$C05CC14BCA80BBE1,4047B04E4EE0A65B,401645C62B656735,0
$C05CB6C3B7D8B1DE,4047997C55C3654D,401607A78E90853,0
$C05CAB8F83FD30DD,404783FC03C5FB76,4015C988F1BBA32C,0
$C05C9FB9BC3C717A,40476FE198F055C1,40158B6A54E6C125,0
$C05C934D8611A821,40475D400436A852,40154D4BB811DF21,0
$C05C865694A5942F,40474C28D1A4840A,40150F2D1B3CFD1D,0
$C05C78E11DC9A008,40473CAC19D62DDE,4014D10E7E681B1C,0
$C05C6AF9CE77F2D,40472ED872CFC875,401492EFE1933916,0
$C05C5CADBEE3487B,404722BAE2409716,401454D144BE5712,0
$C05C4E0A6621CE6E,4047185ED13F4A02,401416B2A7E9751,0
$C05C3F1D8D7EA231,40470FCE018AE12F,4013D8940B14930B,0
$C05C2FF5437DE3CA,40470910845A4484,40139A756E3FB109,0
$C05C209FCE9F9633,4047042CB2C338FA,40135C56D16ACF03,0
$C05C112B9FEDC5F,4047012727BFDAA7,40131E383495ECFF,0
$C05C01A745629F3B,40470002BBD83D04,4012E01997C10AFC,0
$C05BF2215C33432A,404700C08274474C,4012A1FAFAEC28F5,0
$C05BE2A8830C44C2,4047035FC8D85316,401263DC5E1746F2,0
$C05BD34B4C4CC466,404707DE16CD818F,401225BDC14264EC,0
$C05BC418304D2185,40470E3730F528A6,4011E79F246D82E8,0
$C05BB51D7FBE2F47,404716651CC52787,4011A9808798A0E4,0
$C05BA669562DC21E,4047206026296154,40116B61EAC3BEE,0
$C05B98098CBD48C3,40472C1EE6C5108B,40112D434DEEDCDC,0
$C05B8A0BAD16F426,404739964ECD1DEC,4010EF24B119FAD6,0
$C05B7C7CE4ADB6DE,404748B9AF73243F,4010B106144518D4,0
$C05B6F69F8541E23,4047597AC6D7515,401072E7777036CE,0
$C05B62DF3835B4AB,40476BC9CD75E414,401034C8DA9B54CA,0
$C05B56E8743E42D2,40477F958503A29,400FED547B8CE593,0
$C05B4B90F0F9D811,404794CB48AB4861,400F711741E3217F,0
$C05B40E35CF81817,4047AB571E9CA264,400EF4DA08395D7C,0
$C05B36E9C6BCC9F5,4047C323CADCCDF9,400E789CCE8F9973,0
$C05B2DAD93472327,4047DC1AE345E3D6,400DFC5F94E5D565,0
$C05B25377538B9F2,4047F624E4A338B3,400D80225B3C115E,0
$C05B1D8F64A4746,4048112948D65201,400D03E521924D5B,0
$C05B16BC978D2AEF,40482D0E9DEFB397,400C87A7E7E8894F,0
$C05B10C57B1B107D,404849BA9E25C58B,400C0B6AAE3EC548,0
$C05B0BAFAD8E44D7,404867124893406A,400B8F2D7495013F,0
$C05B077FF8F4453B,404884F9FAA5D1D,400B12F03AEB3D39,0
$C05B043A4EA5367F,4048A3558A2505C,400A96B30141792F,0
$C05B01E1C38D4877,4048C2085FB8F162,400A1A75C797B527,0
$C05B00788D45B1C7,4048E0F591D7A3BB,40099E388DEDF11F,0
$C05B000000000004,4048FFFFFFFFFFFE,400921FB54442D18,0
4 38 192
4 39 112
4 40 202
4 41 656
4 42 0
4 43 0
3 32 ->
4 33 113
4 34 4
4 35 0
4 36 [2]
$1,-1
4 37 [53][4]
$C05D000000000004,4048FFFFFFFFFFFE,401921FB54442D18,0
$C05CFFB5500050DC,4048E7902ACAA9AB,4018F116E88B1D63,0
$C05CFE7F437969DC,4048C89A4CE5778C,4018B2F84BB63B5F,0
$C05CFC5986C07EAC,4048A9D89B7C5F5A,401874D9AEE1595B,0
$C05CF9461F9539DE,40488B680E17D029,401836BB120C7757,0
$C05CF547F38D6063,40486D654FD4E6F3,4017F89C75379552,0
$C05CF062C55A62A8,40484FECA4655F3,4017BA7DD862B34E,0
$C05CEA9B313EAFB6,40483319CD70EA43,40177C5F3B8DD14B,0
$C05CE3F6A8B62046,40481707F070FFD1,40173E409EB8EF44,0
$C05CDC7B6D5590B4,4047FBD17D1FC5D6,4017002201E40D42,0
$C05CD4308AE67DBD,4047E190149224A4,4016C203650F2B3E,0
$C05CCB1DD0C430D6,4047C85C711479E6,401683E4C83A493B,0
$C05CC14BCA80BBE1,4047B04E4EE0A65B,401645C62B656735,0
$C05CB6C3B7D8B1DE,4047997C55C3654D,401607A78E90853,0
$C05CAB8F83FD30DD,404783FC03C5FB76,4015C988F1BBA32C,0
$C05C9FB9BC3C717A,40476FE198F055C1,40158B6A54E6C125,0
$C05C934D8611A821,40475D400436A852,40154D4BB811DF21,0
$C05C865694A5942F,40474C28D1A4840A,40150F2D1B3CFD1D,0
$C05C78E11DC9A008,40473CAC19D62DDE,4014D10E7E681B1C,0
$C05C6AF9CE77F2D,40472ED872CFC875,401492EFE1933916,0
$C05C5CADBEE3487B,404722BAE2409716,401454D144BE5712,0
$C05C4E0A6621CE6E,4047185ED13F4A02,401416B2A7E9751,0
$C05C3F1D8D7EA231,40470FCE018AE12F,4013D8940B14930B,0
$C05C2FF5437DE3CA,40470910845A4484,40139A756E3FB109,0
$C05C209FCE9F9633,4047042CB2C338FA,40135C56D16ACF03,0
$C05C112B9FEDC5F,4047012727BFDAA7,40131E383495ECFF,0
$C05C01A745629F3B,40470002BBD83D04,4012E01997C10AFC,0
$C05BF2215C33432A,404700C08274474C,4012A1FAFAEC28F5,0
$C05BE2A8830C44C2,4047035FC8D85316,401263DC5E1746F2,0
$C05BD34B4C4CC466,404707DE16CD818F,401225BDC14264EC,0
$C05BC418304D2185,40470E3730F528A6,4011E79F246D82E8,0
$C05BB51D7FBE2F47,404716651CC52787,4011A9808798A0E4,0
$C05BA669562DC21E,4047206026296154,40116B61EAC3BEE,0
$C05B98098CBD48C3,40472C1EE6C5108B,40112D434DEEDCDC,0
$C05B8A0BAD16F426,404739964ECD1DEC,4010EF24B119FAD6,0
$C05B7C7CE4ADB6DE,404748B9AF73243F,4010B106144518D4,0
$C05B6F69F8541E23,4047597AC6D7515,401072E7777036CE,0
$C05B62DF3835B4AB,40476BC9CD75E414,401034C8DA9B54CA,0
$C05B56E8743E42D2,40477F958503A29,400FED547B8CE593,0
$C05B4B90F0F9D811,404794CB48AB4861,400F711741E3217F,0
$C05B40E35CF81817,4047AB571E9CA264,400EF4DA08395D7C,0
$C05B36E9C6BCC9F5,4047C323CADCCDF9,400E789CCE8F9973,0
$C05B2DAD93472327,4047DC1AE345E3D6,400DFC5F94E5D565,0
$C05B25377538B9F2,4047F624E4A338B3,400D80225B3C115E,0
$C05B1D8F64A4746,4048112948D65201,400D03E521924D5B,0
$C05B16BC978D2AEF,40482D0E9DEFB397,400C87A7E7E8894F,0
$C05B10C57B1B107D,404849BA9E25C58B,400C0B6AAE3EC548,0
$C05B0BAFAD8E44D7,404867124893406A,400B8F2D7495013F,0
$C05B077FF8F4453B,404884F9FAA5D1D,400B12F03AEB3D39,0
$C05B043A4EA5367F,4048A3558A2505C,400A96B30141792F,0
$C05B01E1C38D4877,4048C2085FB8F162,400A1A75C797B527,0
$C05B00788D45B1C7,4048E0F591D7A3BB,40099E388DEDF11F,0
$C05B000000000004,4048FFFFFFFFFFFE,400921FB54442D18,0
4 38 191
4 39 111
4 40 201
4 41 655
4 42 0
4 43 0
3 32 ->
4 33 130
4 34 4
4 35 0
4 36 [2]
$1,-1
4 37 [2][4]
$400921FB54442D18,3FF800000000001,400921FB54442D18,3FF800000000001
$400921FB54442D18,0,400921FB54442D18,0
4 38 112
4 39 128
4 40 114
4 41 658
4 42 0
4 43 0
3 32 ->
4 33 129
4 34 4
4 35 0
4 36 [2]
$1,-1
4 37 [2][4]
$400921FB54442D18,3FF800000000001,400921FB54442D18,3FF800000000001
$400921FB54442D18,0,400921FB54442D18,0
4 38 111
4 39 127
4 40 113
4 41 657
4 42 0
4 43 0
3 32 ->
4 33 220
4 34 4
4 35 0
4 36 [2]
$1,-1
4 37 [53][4]
$405B000000000004,4048FFFFFFFFFFFE,400921FB54442D18,3FF800000000001
$405B004AAFFFAF2C,4048E7902ACAA9AB,400983C42BB64C82,3FF800000000001
$405B0180BC86962C,4048C89A4CE5778C,400A00016560108B,3FF800000000001
$405B03A6793F815C,4048A9D89B7C5F5A,400A7C3E9F09D491,3FF800000000001
$405B06B9E06AC62B,40488B680E17D029,400AF87BD8B3989A,3FF800000000001
$405B0AB80C729FA5,40486D654FD4E6F3,400B74B9125D5CA4,3FF800000000001
$405B0F9D3AA59D6,40484FECA4655F3,400BF0F64C0720AC,3FF800000000001
$405B1564CEC15052,40483319CD70EA43,400C6D3385B0E4B2,3FF800000000001
$405B1C095749DFC2,40481707F070FFD1,400CE970BF5AA8C1,3FF800000000001
$405B238492AA6F55,4047FBD17D1FC5D6,400D65ADF9046CC7,3FF800000000001
$405B2BCF7519824B,4047E190149224A4,400DE1EB32AE30CC,3FF800000000001
$405B34E22F3BCF32,4047C85C711479E6,400E5E286C57F4D2,3FF800000000001
$405B3EB4357F4427,4047B04E4EE0A65B,400EDA65A601B8DD,3FF800000000001
$405B493C48274E2A,4047997C55C3654D,400F56A2DFAB7CE7,3FF800000000001
$405B54707C02CF2B,404783FC03C5FB76,400FD2E0195540EF,3FF800000000001
$405B604643C38E8E,40476FE198F055C1,4010278EA97F827F,3FF800000000001
$405B6CB279EE57E7,40475D400436A852,401065AD46546483,3FF800000000001
$405B79A96B5A6BD9,40474C28D1A4840A,4010A3CBE3294686,3FF800000000001
$405B871EE2366,40473CAC19D62DDE,4010E1EA7FFE2888,3FF800000000001
$405B950631880D38,40472ED872CFC875,401120091CD30A8E,3FF800000000001
$405BA352411CB78D,404722BAE2409716,40115E27B9A7EC92,3FF800000000001
$405BB1F599DE319A,4047185ED13F4A02,40119C46567CCE94,3FF800000000001
$405BC0E272815DD8,40470FCE018AE12F,4011DA64F351B09D,3FF800000000001
$405BD00ABC821C3F,40470910845A4484,401218839026929E,3FF800000000001
$405BDF60316069D6,4047042CB2C338FA,401256A22CFB74A5,3FF800000000001
$405BEED460123A18,4047012727BFDAA7,401294C0C9D056A5,3FF800000000001
$405BFE58BA9D60CE,40470002BBD83D04,4012D2DF66A538AC,3FF800000000001
$405C0DDEA3CCBCDE,404700C08274474C,401310FE037A1AAF,3FF800000000001
$405C1D577CF3BB47,4047035FC8D85316,40134F1CA04EFCB6,3FF800000000001
$405C2CB4B3B33BA2,404707DE16CD818E,40138D3B3D23DEB8,3FF800000000001
$405C3BE7CFB2DE83,40470E3730F528A6,4013CB59D9F8C0BB,3FF800000000001
$405C4AE28041D0C1,404716651CC52787,4014097876CDA2C,3FF800000000001
$405C5996A9D23DEA,4047206026296154,4014479713A284C4,3FF800000000001
$405C67F67342B745,40472C1EE6C5108B,401485B5B07766C8,3FF800000000001
$405C75F452E90BE2,404739964ECD1DEC,4014C3D44D4C48CD,3FF800000000001
$405C83831B52492A,404748B9AF73243F,401501F2EA212AD,3FF800000000001
$405C909607ABE1E5,4047597AC6D7515,4015401186F60CD5,3FF800000000001
$405C9D20C7CA4B5D,40476BC9CD75E414,40157E3023CAEEDA,3FF800000000001
$405CA9178BC1BD36,40477F958503A29,4015BC4EC09FD0DA,3FF800000000001
$405CB46F0F0627F7,404794CB48AB4861,4015FA6D5D74B2E4,3FF800000000001
$405CBF1CA307E7F1,4047AB571E9CA264,4016388BFA4994E6,3FF800000000001
$405CC91639433613,4047C323CADCCDF9,401676AA971E76EA,3FF800000000001
$405CD2526CB8DCE1,4047DC1AE345E3D6,4016B4C933F358F1,3FF800000000001
$405CDAC88AC74616,4047F624E4A338B3,4016F2E7D0C83AF5,3FF800000000001
$405CE2709B5B8BA8,4048112948D65201,401731066D9D1CF6,3FF800000000001
$405CE9436872D519,40482D0E9DEFB396,40176F250A71FEFB,3FF800000000001
$405CEF3A84E4EF8B,404849BA9E25C58B,4017AD43A746E1,3FF800000000001
$405CF4505271BB31,404867124893406A,4017EB62441BC304,3FF800000000001
$405CF880070BBACE,404884F9FAA5D1D,40182980E0F0A508,3FF800000000001
$405CFBC5B15AC989,4048A3558A2505C,4018679F7DC5870C,3FF800000000001
$405CFE1E3C72B791,4048C2085FB8F162,4018A5BE1A9A6911,3FF800000000001
$405CFF8772BA4E42,4048E0F591D7A3BB,4018E3DCB76F4B14,3FF800000000001
$405D000000000004,4048FFFFFFFFFFFE,401921FB54442D18,3FF800000000001
4 38 210
4 39 112
4 40 658
4 41 130
4 42 0
4 43 0
3 32 ->
4 33 219
4 34 4
4 35 0
4 36 [2]
$1,-1
4 37 [53][4]
$405B000000000004,4048FFFFFFFFFFFE,400921FB54442D18,3FF800000000001
$405B004AAFFFAF2C,4048E7902ACAA9AB,400983C42BB64C82,3FF800000000001
$405B0180BC86962C,4048C89A4CE5778C,400A00016560108B,3FF800000000001
$405B03A6793F815C,4048A9D89B7C5F5A,400A7C3E9F09D491,3FF800000000001
$405B06B9E06AC62B,40488B680E17D029,400AF87BD8B3989A,3FF800000000001
$405B0AB80C729FA5,40486D654FD4E6F3,400B74B9125D5CA4,3FF800000000001
$405B0F9D3AA59D6,40484FECA4655F3,400BF0F64C0720AC,3FF800000000001
$405B1564CEC15052,40483319CD70EA43,400C6D3385B0E4B2,3FF800000000001
$405B1C095749DFC2,40481707F070FFD1,400CE970BF5AA8C1,3FF800000000001
$405B238492AA6F55,4047FBD17D1FC5D6,400D65ADF9046CC7,3FF800000000001
$405B2BCF7519824B,4047E190149224A4,400DE1EB32AE30CC,3FF800000000001
$405B34E22F3BCF32,4047C85C711479E6,400E5E286C57F4D2,3FF800000000001
$405B3EB4357F4427,4047B04E4EE0A65B,400EDA65A601B8DD,3FF800000000001
$405B493C48274E2A,4047997C55C3654D,400F56A2DFAB7CE7,3FF800000000001
$405B54707C02CF2B,404783FC03C5FB76,400FD2E0195540EF,3FF800000000001
$405B604643C38E8E,40476FE198F055C1,4010278EA97F827F,3FF800000000001
$405B6CB279EE57E7,40475D400436A852,401065AD46546483,3FF800000000001
$405B79A96B5A6BD9,40474C28D1A4840A,4010A3CBE3294686,3FF800000000001
$405B871EE2366,40473CAC19D62DDE,4010E1EA7FFE2888,3FF800000000001
$405B950631880D38,40472ED872CFC875,401120091CD30A8E,3FF800000000001
$405BA352411CB78D,404722BAE2409716,40115E27B9A7EC92,3FF800000000001
$405BB1F599DE319A,4047185ED13F4A02,40119C46567CCE94,3FF800000000001
$405BC0E272815DD8,40470FCE018AE12F,4011DA64F351B09D,3FF800000000001
$405BD00ABC821C3F,40470910845A4484,401218839026929E,3FF800000000001
$405BDF60316069D6,4047042CB2C338FA,401256A22CFB74A5,3FF800000000001
$405BEED460123A18,4047012727BFDAA7,401294C0C9D056A5,3FF800000000001
$405BFE58BA9D60CE,40470002BBD83D04,4012D2DF66A538AC,3FF800000000001
$405C0DDEA3CCBCDE,404700C08274474C,401310FE037A1AAF,3FF800000000001
$405C1D577CF3BB47,4047035FC8D85316,40134F1CA04EFCB6,3FF800000000001
$405C2CB4B3B33BA2,404707DE16CD818E,40138D3B3D23DEB8,3FF800000000001
$405C3BE7CFB2DE83,40470E3730F528A6,4013CB59D9F8C0BB,3FF800000000001
$405C4AE28041D0C1,404716651CC52787,4014097876CDA2C,3FF800000000001
$405C5996A9D23DEA,4047206026296154,4014479713A284C4,3FF800000000001
$405C67F67342B745,40472C1EE6C5108B,401485B5B07766C8,3FF800000000001
$405C75F452E90BE2,404739964ECD1DEC,4014C3D44D4C48CD,3FF800000000001
$405C83831B52492A,404748B9AF73243F,401501F2EA212AD,3FF800000000001
$405C909607ABE1E5,4047597AC6D7515,4015401186F60CD5,3FF800000000001
$405C9D20C7CA4B5D,40476BC9CD75E414,40157E3023CAEEDA,3FF800000000001
$405CA9178BC1BD36,40477F958503A29,4015BC4EC09FD0DA,3FF800000000001
$405CB46F0F0627F7,404794CB48AB4861,4015FA6D5D74B2E4,3FF800000000001
$405CBF1CA307E7F1,4047AB571E9CA264,4016388BFA4994E6,3FF800000000001
$405CC91639433613,4047C323CADCCDF9,401676AA971E76EA,3FF800000000001
$405CD2526CB8DCE1,4047DC1AE345E3D6,4016B4C933F358F1,3FF800000000001
$405CDAC88AC74616,4047F624E4A338B3,4016F2E7D0C83AF5,3FF800000000001
$405CE2709B5B8BA8,4048112948D65201,401731066D9D1CF6,3FF800000000001
$405CE9436872D519,40482D0E9DEFB396,40176F250A71FEFB,3FF800000000001
$405CEF3A84E4EF8B,404849BA9E25C58B,4017AD43A746E1,3FF800000000001
$405CF4505271BB31,404867124893406A,4017EB62441BC304,3FF800000000001
$405CF880070BBACE,404884F9FAA5D1D,40182980E0F0A508,3FF800000000001
$405CFBC5B15AC989,4048A3558A2505C,4018679F7DC5870C,3FF800000000001
$405CFE1E3C72B791,4048C2085FB8F162,4018A5BE1A9A6911,3FF800000000001
$405CFF8772BA4E42,4048E0F591D7A3BB,4018E3DCB76F4B14,3FF800000000001
$405D000000000004,4048FFFFFFFFFFFE,401921FB54442D18,3FF800000000001
4 38 209
4 39 111
4 40 657
4 41 129
4 42 0
4 43 0
3 32 ->
4 33 656
4 34 4
4 35 0
4 36 [2]
$1,-1
4 37 [2][4]
$0,3FF800000000001,401921FB54442D18,3FF800000000001
$0,0,401921FB54442D18,0
4 38 128
4 39 112
4 40 202
4 41 220
4 42 0
4 43 0
3 32 ->
4 33 655
4 34 4
4 35 0
4 36 [2]
$1,-1
4 37 [2][4]
$0,3FF800000000001,401921FB54442D18,3FF800000000001
$0,0,401921FB54442D18,0
4 38 127
4 39 111
4 40 201
4 41 219
4 42 0
4 43 0
3 32 ->
4 33 118
4 34 4
4 35 0
4 36 [2]
$1,-1
4 37 [53][4]
$C05D000000000004,4058FFFFFFFFFFFF,401921FB54442D18,0
$C05CFFB5500050DC,4058F3C8156554D5,4018F116E88B1D61,0
$C05CFE7F437969DC,4058E44D2672BBC6,4018B2F84BB63B5F,0
$C05CFC5986C07EAC,4058D4EC4DBE2FAD,401874D9AEE1595B,0
$C05CF9461F9539DE,4058C5B4070BE815,401836BB120C7759,0
$C05CF547F38D6063,4058B6B2A7EA737A,4017F89C75379554,0
$C05CF062C55A62A8,4058A7F65232AF98,4017BA7DD862B34E,0
$C05CEA9B313EAFB6,4058998CE6B87521,40177C5F3B8DD147,0
$C05CE3F6A8B62046,40588B83F8387FE9,40173E409EB8EF47,0
$C05CDC7B6D5590B4,40587DE8BE8FE2EB,4017002201E40D42,0
$C05CD4308AE67DBD,405870C80A491252,4016C203650F2B3E,0
$C05CCB1DD0C430D6,4058642E388A3CF3,401683E4C83A493B,0
$C05CC14BCA80BBE1,405858272770532D,401645C62B656734,0
$C05CB6C3B7D8B1DE,40584CBE2AE1B2A7,401607A78E908532,0
$C05CAB8F83FD30DD,405841FE01E2FDBB,4015C988F1BBA32C,0
$C05C9FB9BC3C717A,405837F0CC782AE,40158B6A54E6C125,0
$C05C934D8611A821,40582EA0021B5429,40154D4BB811DF22,0
$C05C865694A5942F,4058261468D24205,40150F2D1B3CFD1D,0
$C05C78E11DC9A008,40581E560CEB16EF,4014D10E7E681B1C,0
$C05C6AF9CE77F2D,4058176C3967E43B,401492EFE1933916,0
$C05C5CADBEE3487B,4058115D71204B8B,401454D144BE5712,0
$C05C4E0A6621CE6E,40580C2F689FA501,401416B2A7E9751,0
$C05C3F1D8D7EA231,405807E700C57098,4013D8940B14930C,0
$C05C2FF5437DE3CA,40580488422D2242,40139A756E3FB10A,0
$C05C209FCE9F9633,4058021659619C7D,40135C56D16ACF02,0
$C05C112B9FEDC5F,4058009393DFED53,40131E383495ECFF,0
$C05C01A745629F3B,405800015DEC1E83,4012E01997C10AFC,0
$C05BF2215C33432A,40580060413A23A6,4012A1FAFAEC28F5,0
$C05BE2A8830C44C2,405801AFE46C298B,401263DC5E1746F2,0
$C05BD34B4C4CC466,405803EF0B66C0C8,401225BDC14264EC,0
$C05BC418304D2185,4058071B987A9453,4011E79F246D82E8,0
$C05BB51D7FBE2F47,40580B328E6293C4,4011A9808798A0E3,0
$C05BA669562DC21E,405810301314B0AA,40116B61EAC3BEE1,0
$C05B98098CBD48C3,4058160F73628846,40112D434DEEDCDD,0
$C05B8A0BAD16F426,40581CCB27668EF7,4010EF24B119FAD6,0
$C05B7C7CE4ADB6DE,4058245CD7B9922,4010B106144518D3,0
$C05B6F69F8541E23,40582CBD636BA8A8,401072E7777036CE,0
$C05B62DF3835B4AB,405835E4E6BAF20A,401034C8DA9B54CA,0
$C05B56E8743E42D2,40583FCAC281D148,400FED547B8CE595,0
$C05B4B90F0F9D811,40584A65A455A431,400F711741E3217C,0
$C05B40E35CF81817,405855AB8F4E5133,400EF4DA08395D77,0
$C05B36E9C6BCC9F5,40586191E56E66FD,400E789CCE8F997,0
$C05B2DAD93472327,40586E0D71A2F1EB,400DFC5F94E5D565,0
$C05B25377538B9F2,40587B1272519C59,400D80225B3C1162,0
$C05B1D8F64A4746,40588894A46B29,400D03E521924D5F,0
$C05B16BC978D2AEF,405896874EF7D9CC,400C87A7E7E88948,0
$C05B10C57B1B107D,4058A4DD4F12E2C5,400C0B6AAE3EC54C,0
$C05B0BAFAD8E44D7,4058B3892449A035,400B8F2D7495013F,0
$C05B077FF8F4453B,4058C27CFD52E8E8,400B12F03AEB3D39,0
$C05B043A4EA5367F,4058D1AAC51282E,400A96B30141792F,0
$C05B01E1C38D4877,4058E1042FDC78B1,400A1A75C797B527,0
$C05B00788D45B1C7,4058F07AC8EBD1DD,40099E388DEDF123,0
$C05B000000000004,4058FFFFFFFFFFFF,400921FB54442D18,0
4 38 192
4 39 116
4 40 204
4 41 660
4 42 0
4 43 0
3 32 ->
4 33 117
4 34 4
4 35 0
4 36 [2]
$1,-1
4 37 [53][4]
$C05D000000000004,4058FFFFFFFFFFFF,401921FB54442D18,0
$C05CFFB5500050DC,4058F3C8156554D5,4018F116E88B1D61,0
$C05CFE7F437969DC,4058E44D2672BBC6,4018B2F84BB63B5F,0
$C05CFC5986C07EAC,4058D4EC4DBE2FAD,401874D9AEE1595B,0
$C05CF9461F9539DE,4058C5B4070BE815,401836BB120C7759,0
$C05CF547F38D6063,4058B6B2A7EA737A,4017F89C75379554,0
$C05CF062C55A62A8,4058A7F65232AF98,4017BA7DD862B34E,0
$C05CEA9B313EAFB6,4058998CE6B87521,40177C5F3B8DD147,0
$C05CE3F6A8B62046,40588B83F8387FE9,40173E409EB8EF47,0
$C05CDC7B6D5590B4,40587DE8BE8FE2EB,4017002201E40D42,0
$C05CD4308AE67DBD,405870C80A491252,4016C203650F2B3E,0
$C05CCB1DD0C430D6,4058642E388A3CF3,401683E4C83A493B,0
$C05CC14BCA80BBE1,405858272770532D,401645C62B656734,0
$C05CB6C3B7D8B1DE,40584CBE2AE1B2A7,401607A78E908532,0
$C05CAB8F83FD30DD,405841FE01E2FDBB,4015C988F1BBA32C,0
$C05C9FB9BC3C717A,405837F0CC782AE,40158B6A54E6C125,0
$C05C934D8611A821,40582EA0021B5429,40154D4BB811DF22,0
$C05C865694A5942F,4058261468D24205,40150F2D1B3CFD1D,0
$C05C78E11DC9A008,40581E560CEB16EF,4014D10E7E681B1C,0
$C05C6AF9CE77F2D,4058176C3967E43B,401492EFE1933916,0
$C05C5CADBEE3487B,4058115D71204B8B,401454D144BE5712,0
$C05C4E0A6621CE6E,40580C2F689FA501,401416B2A7E9751,0
$C05C3F1D8D7EA231,405807E700C57098,4013D8940B14930C,0
$C05C2FF5437DE3CA,40580488422D2242,40139A756E3FB10A,0
$C05C209FCE9F9633,4058021659619C7D,40135C56D16ACF02,0
$C05C112B9FEDC5F,4058009393DFED53,40131E383495ECFF,0
$C05C01A745629F3B,405800015DEC1E83,4012E01997C10AFC,0
$C05BF2215C33432A,40580060413A23A6,4012A1FAFAEC28F5,0
$C05BE2A8830C44C2,405801AFE46C298B,401263DC5E1746F2,0
$C05BD34B4C4CC466,405803EF0B66C0C8,401225BDC14264EC,0
$C05BC418304D2185,4058071B987A9453,4011E79F246D82E8,0
$C05BB51D7FBE2F47,40580B328E6293C4,4011A9808798A0E3,0
$C05BA669562DC21E,405810301314B0AA,40116B61EAC3BEE1,0
$C05B98098CBD48C3,4058160F73628846,40112D434DEEDCDD,0
$C05B8A0BAD16F426,40581CCB27668EF7,4010EF24B119FAD6,0
$C05B7C7CE4ADB6DE,4058245CD7B9922,4010B106144518D3,0
$C05B6F69F8541E23,40582CBD636BA8A8,401072E7777036CE,0
$C05B62DF3835B4AB,405835E4E6BAF20A,401034C8DA9B54CA,0
$C05B56E8743E42D2,40583FCAC281D148,400FED547B8CE595,0
$C05B4B90F0F9D811,40584A65A455A431,400F711741E3217C,0
$C05B40E35CF81817,405855AB8F4E5133,400EF4DA08395D77,0
$C05B36E9C6BCC9F5,40586191E56E66FD,400E789CCE8F997,0
$C05B2DAD93472327,40586E0D71A2F1EB,400DFC5F94E5D565,0
$C05B25377538B9F2,40587B1272519C59,400D80225B3C1162,0
$C05B1D8F64A4746,40588894A46B29,400D03E521924D5F,0
$C05B16BC978D2AEF,405896874EF7D9CC,400C87A7E7E88948,0
$C05B10C57B1B107D,4058A4DD4F12E2C5,400C0B6AAE3EC54C,0
$C05B0BAFAD8E44D7,4058B3892449A035,400B8F2D7495013F,0
$C05B077FF8F4453B,4058C27CFD52E8E8,400B12F03AEB3D39,0
$C05B043A4EA5367F,4058D1AAC51282E,400A96B30141792F,0
$C05B01E1C38D4877,4058E1042FDC78B1,400A1A75C797B527,0
$C05B00788D45B1C7,4058F07AC8EBD1DD,40099E388DEDF123,0
$C05B000000000004,4058FFFFFFFFFFFF,400921FB54442D18,0
4 38 191
4 39 115
4 40 203
4 41 659
4 42 0
4 43 0
3 32 ->
4 33 126
4 34 4
4 35 0
4 36 [2]
$1,-1
4 37 [2][4]
$400921FB54442D18,3FF800000000001,400921FB54442D18,3FF800000000001
$400921FB54442D18,0,400921FB54442D18,0
4 38 116
4 39 124
4 40 118
4 41 662
4 42 0
4 43 0
3 32 ->
4 33 125
4 34 4
4 35 0
4 36 [2]
$1,-1
4 37 [2][4]
$400921FB54442D18,3FF800000000001,400921FB54442D18,3FF800000000001
$400921FB54442D18,0,400921FB54442D18,0
4 38 115
4 39 123
4 40 117
4 41 661
4 42 0
4 43 0
3 32 ->
4 33 222
4 34 4
4 35 0
4 36 [2]
$1,-1
4 37 [53][4]
$405B000000000004,4058FFFFFFFFFFFF,400921FB54442D18,3FF800000000001
$405B004AAFFFAF2C,4058F3C8156554D5,400983C42BB64C86,3FF800000000001
$405B0180BC86962C,4058E44D2672BBC6,400A00016560108B,3FF800000000001
$405B03A6793F815C,4058D4EC4DBE2FAD,400A7C3E9F09D491,3FF800000000001
$405B06B9E06AC62B,4058C5B4070BE815,400AF87BD8B39897,3FF800000000001
$405B0AB80C729FA5,4058B6B2A7EA737A,400B74B9125D5CA,3FF800000000001
$405B0F9D3AA59D6,4058A7F65232AF98,400BF0F64C0720AC,3FF800000000001
$405B1564CEC15052,4058998CE6B87521,400C6D3385B0E4B9,3FF800000000001
$405B1C095749DFC2,40588B83F8387FE9,400CE970BF5AA8BA,3FF800000000001
$405B238492AA6F55,40587DE8BE8FE2EB,400D65ADF9046CC4,3FF800000000001
$405B2BCF7519824B,405870C80A491252,400DE1EB32AE30CC,3FF800000000001
$405B34E22F3BCF32,4058642E388A3CF3,400E5E286C57F4D2,3FF800000000001
$405B3EB4357F4427,405858272770532D,400EDA65A601B8E,3FF800000000001
$405B493C48274E2A,40584CBE2AE1B2A7,400F56A2DFAB7CE4,3FF800000000001
$405B54707C02CF2B,405841FE01E2FDBB,400FD2E0195540EF,3FF800000000001
$405B604643C38E8E,405837F0CC782AE,4010278EA97F827F,3FF800000000001
$405B6CB279EE57E7,40582EA0021B5429,401065AD46546482,3FF800000000001
$405B79A96B5A6BD9,4058261468D24205,4010A3CBE3294686,3FF800000000001
$405B871EE2366,40581E560CEB16EF,4010E1EA7FFE2888,3FF800000000001
$405B950631880D38,4058176C3967E43B,401120091CD30A8E,3FF800000000001
$405BA352411CB78D,4058115D71204B8B,40115E27B9A7EC92,3FF800000000001
$405BB1F599DE319A,40580C2F689FA501,40119C46567CCE94,3FF800000000001
$405BC0E272815DD8,405807E700C57098,4011DA64F351B09D,3FF800000000001
$405BD00ABC821C3F,40580488422D2242,401218839026929F,3FF800000000001
$405BDF60316069D6,4058021659619C7D,401256A22CFB74A5,3FF800000000001
$405BEED460123A18,4058009393DFED53,401294C0C9D056A5,3FF800000000001
$405BFE58BA9D60CE,405800015DEC1E83,4012D2DF66A538AC,3FF800000000001
$405C0DDEA3CCBCDE,40580060413A23A6,401310FE037A1AAF,3FF800000000001
$405C1D577CF3BB47,405801AFE46C298B,40134F1CA04EFCB6,3FF800000000001
$405C2CB4B3B33BA2,405803EF0B66C0C8,40138D3B3D23DEB8,3FF800000000001
$405C3BE7CFB2DE83,4058071B987A9453,4013CB59D9F8C0BB,3FF800000000001
$405C4AE28041D0C1,40580B328E6293C4,4014097876CDA2C1,3FF800000000001
$405C5996A9D23DEA,405810301314B0AA,4014479713A284C3,3FF800000000001
$405C67F67342B745,4058160F73628846,401485B5B07766C7,3FF800000000001
$405C75F452E90BE2,40581CCB27668EF7,4014C3D44D4C48CD,3FF800000000001
$405C83831B52492A,4058245CD7B9922,401501F2EA212AD1,3FF800000000001
$405C909607ABE1E5,40582CBD636BA8A8,4015401186F60CD5,3FF800000000001
$405C9D20C7CA4B5D,405835E4E6BAF20A,40157E3023CAEEDA,3FF800000000001
$405CA9178BC1BD36,40583FCAC281D148,4015BC4EC09FD0D9,3FF800000000001
$405CB46F0F0627F7,40584A65A455A431,4015FA6D5D74B2E6,3FF800000000001
$405CBF1CA307E7F1,405855AB8F4E5133,4016388BFA4994E8,3FF800000000001
$405CC91639433613,40586191E56E66FD,401676AA971E76EC,3FF800000000001
$405CD2526CB8DCE1,40586E0D71A2F1EB,4016B4C933F358F1,3FF800000000001
$405CDAC88AC74616,40587B1272519C59,4016F2E7D0C83AF3,3FF800000000001
$405CE2709B5B8BA8,40588894A46B29,401731066D9D1CF4,3FF800000000001
$405CE9436872D519,405896874EF7D9CC,40176F250A71FF,3FF800000000001
$405CEF3A84E4EF8B,4058A4DD4F12E2C5,4017AD43A746E0FE,3FF800000000001
$405CF4505271BB31,4058B3892449A035,4017EB62441BC304,3FF800000000001
$405CF880070BBACE,4058C27CFD52E8E8,40182980E0F0A508,3FF800000000001
$405CFBC5B15AC989,4058D1AAC51282E,4018679F7DC5870C,3FF800000000001
$405CFE1E3C72B791,4058E1042FDC78B1,4018A5BE1A9A6911,3FF800000000001
$405CFF8772BA4E42,4058F07AC8EBD1DD,4018E3DCB76F4B12,3FF800000000001
$405D000000000004,4058FFFFFFFFFFFF,401921FB54442D18,3FF800000000001
4 38 210
4 39 116
4 40 662
4 41 126
4 42 0
4 43 0
3 32 ->
4 33 221
4 34 4
4 35 0
4 36 [2]
$1,-1
4 37 [53][4]
$405B000000000004,4058FFFFFFFFFFFF,400921FB54442D18,3FF800000000001
$405B004AAFFFAF2C,4058F3C8156554D5,400983C42BB64C86,3FF800000000001
$405B0180BC86962C,4058E44D2672BBC6,400A00016560108B,3FF800000000001
$405B03A6793F815C,4058D4EC4DBE2FAD,400A7C3E9F09D491,3FF800000000001
$405B06B9E06AC62B,4058C5B4070BE815,400AF87BD8B39897,3FF800000000001
$405B0AB80C729FA5,4058B6B2A7EA737A,400B74B9125D5CA,3FF800000000001
$405B0F9D3AA59D6,4058A7F65232AF98,400BF0F64C0720AC,3FF800000000001
$405B1564CEC15052,4058998CE6B87521,400C6D3385B0E4B9,3FF800000000001
$405B1C095749DFC2,40588B83F8387FE9,400CE970BF5AA8BA,3FF800000000001
$405B238492AA6F55,40587DE8BE8FE2EB,400D65ADF9046CC4,3FF800000000001
$405B2BCF7519824B,405870C80A491252,400DE1EB32AE30CC,3FF800000000001
$405B34E22F3BCF32,4058642E388A3CF3,400E5E286C57F4D2,3FF800000000001
$405B3EB4357F4427,405858272770532D,400EDA65A601B8E,3FF800000000001
$405B493C48274E2A,40584CBE2AE1B2A7,400F56A2DFAB7CE4,3FF800000000001
$405B54707C02CF2B,405841FE01E2FDBB,400FD2E0195540EF,3FF800000000001
$405B604643C38E8E,405837F0CC782AE,4010278EA97F827F,3FF800000000001
$405B6CB279EE57E7,40582EA0021B5429,401065AD46546482,3FF800000000001
$405B79A96B5A6BD9,4058261468D24205,4010A3CBE3294686,3FF800000000001
$405B871EE2366,40581E560CEB16EF,4010E1EA7FFE2888,3FF800000000001
$405B950631880D38,4058176C3967E43B,401120091CD30A8E,3FF800000000001
$405BA352411CB78D,4058115D71204B8B,40115E27B9A7EC92,3FF800000000001
$405BB1F599DE319A,40580C2F689FA501,40119C46567CCE94,3FF800000000001
$405BC0E272815DD8,405807E700C57098,4011DA64F351B09D,3FF800000000001
$405BD00ABC821C3F,40580488422D2242,401218839026929F,3FF800000000001
$405BDF60316069D6,4058021659619C7D,401256A22CFB74A5,3FF800000000001
$405BEED460123A18,4058009393DFED53,401294C0C9D056A5,3FF800000000001
$405BFE58BA9D60CE,405800015DEC1E83,4012D2DF66A538AC,3FF800000000001
$405C0DDEA3CCBCDE,40580060413A23A6,401310FE037A1AAF,3FF800000000001
$405C1D577CF3BB47,405801AFE46C298B,40134F1CA04EFCB6,3FF800000000001
$405C2CB4B3B33BA2,405803EF0B66C0C8,40138D3B3D23DEB8,3FF800000000001
$405C3BE7CFB2DE83,4058071B987A9453,4013CB59D9F8C0BB,3FF800000000001
$405C4AE28041D0C1,40580B328E6293C4,4014097876CDA2C1,3FF800000000001
$405C5996A9D23DEA,405810301314B0AA,4014479713A284C3,3FF800000000001
$405C67F67342B745,4058160F73628846,401485B5B07766C7,3FF800000000001
$405C75F452E90BE2,40581CCB27668EF7,4014C3D44D4C48CD,3FF800000000001
$405C83831B52492A,4058245CD7B9922,401501F2EA212AD1,3FF800000000001
$405C909607ABE1E5,40582CBD636BA8A8,4015401186F60CD5,3FF800000000001
$405C9D20C7CA4B5D,405835E4E6BAF20A,40157E3023CAEEDA,3FF800000000001
$405CA9178BC1BD36,40583FCAC281D148,4015BC4EC09FD0D9,3FF800000000001
$405CB46F0F0627F7,40584A65A455A431,4015FA6D5D74B2E6,3FF800000000001
$405CBF1CA307E7F1,405855AB8F4E5133,4016388BFA4994E8,3FF800000000001
$405CC91639433613,40586191E56E66FD,401676AA971E76EC,3FF800000000001
$405CD2526CB8DCE1,40586E0D71A2F1EB,4016B4C933F358F1,3FF800000000001
$405CDAC88AC74616,40587B1272519C59,4016F2E7D0C83AF3,3FF800000000001
$405CE2709B5B8BA8,40588894A46B29,401731066D9D1CF4,3FF800000000001
$405CE9436872D519,405896874EF7D9CC,40176F250A71FF,3FF800000000001
$405CEF3A84E4EF8B,4058A4DD4F12E2C5,4017AD43A746E0FE,3FF800000000001
$405CF4505271BB31,4058B3892449A035,4017EB62441BC304,3FF800000000001
$405CF880070BBACE,4058C27CFD52E8E8,40182980E0F0A508,3FF800000000001
$405CFBC5B15AC989,4058D1AAC51282E,4018679F7DC5870C,3FF800000000001
$405CFE1E3C72B791,4058E1042FDC78B1,4018A5BE1A9A6911,3FF800000000001
$405CFF8772BA4E42,4058F07AC8EBD1DD,4018E3DCB76F4B12,3FF800000000001
$405D000000000004,4058FFFFFFFFFFFF,401921FB54442D18,3FF800000000001
4 38 209
4 39 115
4 40 661
4 41 125
4 42 0
4 43 0
3 32 ->
4 33 660
4 34 4
4 35 0
4 36 [2]
$1,-1
4 37 [2][4]
$0,3FF800000000001,401921FB54442D18,3FF800000000001
$0,0,401921FB54442D18,0
4 38 124
4 39 116
4 40 204
4 41 222
4 42 0
4 43 0
3 32 ->
4 33 659
4 34 4
4 35 0
4 36 [2]
$1,-1
4 37 [2][4]
$0,3FF800000000001,401921FB54442D18,3FF800000000001
$0,0,401921FB54442D18,0
4 38 123
4 39 115
4 40 203
4 41 221
4 42 0
4 43 0
3 32 ->
4 33 122
4 34 4
4 35 0
4 36 [2]
$1,-1
4 37 [2][4]
$4042000000000004,4021E3779B97F4A8,0,0
$4042000000000004,3CDF4,0,C021E3779B97F4A7
4 38 120
4 39 184
4 40 664
4 41 186
4 42 0
4 43 0
3 32 ->
4 33 121
4 34 4
4 35 0
4 36 [2]
$1,-1
4 37 [2][4]
$4042000000000004,4021E3779B97F4A8,0,0
$4042000000000004,3CDF4,0,C021E3779B97F4A7
4 38 119
4 39 183
4 40 663
4 41 185
4 42 0
4 43 0
3 32 ->
4 33 666
4 34 4
4 35 0
4 36 [2]
$1,-1
4 37 [2][4]
$4041000000000004,4021E3779B97F4A8,0,0
$4042000000000004,4021E3779B97F4A8,0,C
4 38 120
4 39 176
4 40 122
4 41 178
4 42 0
4 43 0
3 32 ->
4 33 665
4 34 4
4 35 0
4 36 [2]
$1,-1
4 37 [2][4]
$4041000000000004,4021E3779B97F4A8,0,0
$4042000000000004,4021E3779B97F4A8,0,C
4 38 119
4 39 175
4 40 121
4 41 177
4 42 0
4 43 0
3 32 ->
4 33 668
4 34 4
4 35 0
4 36 [2]
$1,-1
4 37 [2][4]
$4041000000000004,3CDF4,8,C021E3779B97F4A7
$4041000000000004,4021E3779B97F4A8,0,0
4 38 120
4 39 180
4 40 666
4 41 182
4 42 0
4 43 0
3 32 ->
4 33 667
4 34 4
4 35 0
4 36 [2]
$1,-1
4 37 [2][4]
$4041000000000004,3CDF4,8,C021E3779B97F4A7
$4041000000000004,4021E3779B97F4A8,0,0
4 38 119
4 39 179
4 40 665
4 41 181
4 42 0
4 43 0
3 32 ->
4 33 664
4 34 4
4 35 0
4 36 [2]
$1,-1
4 37 [2][4]
$4042000000000004,3CD8F736EAFABA2F,8,C
$4041000000000004,3CD8F736EAFABA2F,0,0
4 38 120
4 39 188
4 40 668
4 41 190
4 42 0
4 43 0
3 32 ->
4 33 663
4 34 4
4 35 0
4 36 [2]
$1,-1
4 37 [2][4]
$4042000000000004,3CD8F736EAFABA2F,8,C
$4041000000000004,3CD8F736EAFABA2F,0,0
4 38 119
4 39 187
4 40 667
4 41 189
4 42 0
4 43 0
3 32 ->
4 33 204
4 34 4
4 35 0
4 36 [2]
$1,-1
4 37 [53][4]
$C05B000000000004,4058FFFFFFFFFFFF,400921FB54442D18,0
$C05B004AAFFFAF2C,40590C37EA9AAB29,4008C0327CD20DAA,0
$C05B0180BC86962C,40591BB2D98D4439,400843F54328499D,0
$C05B03A6793F815C,40592B13B241D052,4007C7B8097E8597,0
$C05B06B9E06AC62B,40593A4BF8F417EA,40074B7ACFD4C192,0
$C05B0AB80C729FA5,4059494D58158C85,4006CF3D962AFD88,0
$C05B0F9D3AA59D6,40595809ADCD5067,400653005C81397C,0
$C05B1564CEC15052,4059667319478ADE,4005D6C322D7756F,0
$C05B1C095749DFC2,4059747C07C78016,40055A85E92DB16C,0
$C05B238492AA6F55,4059821741701D14,4004DE48AF83ED61,0
$C05B2BCF7519824B,40598F37F5B6EDAD,4004620B75DA295D,0
$C05B34E22F3BCF32,40599BD1C775C30C,4003E5CE3C306552,0
$C05B3EB4357F4427,4059A7D8D88FACD2,400369910286A14A,0
$C05B493C48274E2A,4059B341D51E4D58,4002ED53C8DCDD46,0
$C05B54707C02CF2B,4059BE01FE1D0244,400271168F33193B,0
$C05B604643C38E8E,4059C80F3387D51F,4001F4D955895532,0
$C05B6CB279EE57E7,4059D15FFDE4ABD6,4001789C1BDF9127,0
$C05B79A96B5A6BD9,4059D9EB972DBDFA,4000FC5EE235CD23,0
$C05B871EE2366,4059E1A9F314E91,40008021A88C092,0
$C05B950631880D38,4059E893C6981BC4,400003E46EE24513,0
$C05BA352411CB78D,4059EEA28EDFB474,3FFF0F4E6A710217,0
$C05BB1F599DE319A,4059F3D097605AFD,3FFE16D3F71D7A12,0
$C05BC0E272815DD8,4059F818FF3A8F67,3FFD1E5983C9F1EB,0
$C05BD00ABC821C3F,4059FB77BDD2DDBD,3FFC25DF107669E4,0
$C05BDF60316069D6,4059FDE9A69E6382,3FFB2D649D22E1CB,0
$C05BEED460123A18,4059FF6C6C2012AC,3FFA34EA29CF59CC,0
$C05BFE58BA9D60CE,4059FFFEA213E17C,3FF93C6FB67BD1AF,0
$C05C0DDEA3CCBCDE,4059FF9FBEC5DC59,3FF843F5432849A4,0
$C05C1D577CF3BB47,4059FE501B93D674,3FF74B7ACFD4C18A,0
$C05C2CB4B3B33BA2,4059FC10F4993F37,3FF653005C813981,0
$C05C3BE7CFB2DE83,4059F8E467856BAC,3FF55A85E92DB173,0
$C05C4AE28041D0C1,4059F4CD719D6C3A,3FF4620B75DA295D,0
$C05C5996A9D23DEA,4059EFCFECEB4F55,3FF369910286A153,0
$C05C67F67342B745,4059E9F08C9D77B9,3FF271168F331945,0
$C05C75F452E90BE2,4059E334D8997108,3FF1789C1BDF912B,0
$C05C83831B52492A,4059DBA328466DDF,3FF08021A88C0925,0
$C05C909607ABE1E5,4059D3429C945757,3FEF0F4E6A710216,0
$C05C9D20C7CA4B5D,4059CA1B19450DF5,3FED1E5983C9F1ED,0
$C05CA9178BC1BD36,4059C0353D7E2EB7,3FEB2D649D22E1F7,0
$C05CB46F0F0627F7,4059B59A5BAA5BCE,3FE93C6FB67BD1A9,0
$C05CBF1CA307E7F1,4059AA5470B1AECC,3FE74B7ACFD4C193,0
$C05CC91639433613,40599E6E1A919902,3FE55A85E92DB17A,0
$C05CD2526CB8DCE1,405991F28E5D0E14,3FE369910286A148,0
$C05CDAC88AC74616,405984ED8DAE63A6,3FE1789C1BDF9155,0
$C05CE2709B5B8BA8,4059776B5B94D6FE,3FDF0F4E6A71023B,0
$C05CE9436872D519,40596978B1082633,3FDB2D649D22E1D7,0
$C05CEF3A84E4EF8B,40595B22B0ED1D39,3FD74B7ACFD4C1A,0
$C05CF4505271BB31,40594C76DBB65FCA,3FD369910286A17A,0
$C05CF880070BBACE,40593D8302AD1717,3FCF0F4E6A71028E,0
$C05CFBC5B15AC989,40592E553AED7D1F,3FC74B7ACFD4C1EF,0
$C05CFE1E3C72B791,40591EFBD023874E,3FBF0F4E6A7102D9,0
$C05CFF8772BA4E42,40590F8537142E21,3FAF0F4E6A7102D5,0
$C05D000000000004,4058FFFFFFFFFFFF,0,0
4 38 192
4 39 124
4 40 118
4 41 126
4 42 0
4 43 0
3 32 ->
4 33 203
4 34 4
4 35 0
4 36 [2]
$1,-1
4 37 [53][4]
$C05B000000000004,4058FFFFFFFFFFFF,400921FB54442D18,0
$C05B004AAFFFAF2C,40590C37EA9AAB29,4008C0327CD20DAA,0
$C05B0180BC86962C,40591BB2D98D4439,400843F54328499D,0
$C05B03A6793F815C,40592B13B241D052,4007C7B8097E8597,0
$C05B06B9E06AC62B,40593A4BF8F417EA,40074B7ACFD4C192,0
$C05B0AB80C729FA5,4059494D58158C85,4006CF3D962AFD88,0
$C05B0F9D3AA59D6,40595809ADCD5067,400653005C81397C,0
$C05B1564CEC15052,4059667319478ADE,4005D6C322D7756F,0
$C05B1C095749DFC2,4059747C07C78016,40055A85E92DB16C,0
$C05B238492AA6F55,4059821741701D14,4004DE48AF83ED61,0
$C05B2BCF7519824B,40598F37F5B6EDAD,4004620B75DA295D,0
$C05B34E22F3BCF32,40599BD1C775C30C,4003E5CE3C306552,0
$C05B3EB4357F4427,4059A7D8D88FACD2,400369910286A14A,0
$C05B493C48274E2A,4059B341D51E4D58,4002ED53C8DCDD46,0
$C05B54707C02CF2B,4059BE01FE1D0244,400271168F33193B,0
$C05B604643C38E8E,4059C80F3387D51F,4001F4D955895532,0
$C05B6CB279EE57E7,4059D15FFDE4ABD6,4001789C1BDF9127,0
$C05B79A96B5A6BD9,4059D9EB972DBDFA,4000FC5EE235CD23,0
$C05B871EE2366,4059E1A9F314E91,40008021A88C092,0
$C05B950631880D38,4059E893C6981BC4,400003E46EE24513,0
$C05BA352411CB78D,4059EEA28EDFB474,3FFF0F4E6A710217,0
$C05BB1F599DE319A,4059F3D097605AFD,3FFE16D3F71D7A12,0
$C05BC0E272815DD8,4059F818FF3A8F67,3FFD1E5983C9F1EB,0
$C05BD00ABC821C3F,4059FB77BDD2DDBD,3FFC25DF107669E4,0
$C05BDF60316069D6,4059FDE9A69E6382,3FFB2D649D22E1CB,0
$C05BEED460123A18,4059FF6C6C2012AC,3FFA34EA29CF59CC,0
$C05BFE58BA9D60CE,4059FFFEA213E17C,3FF93C6FB67BD1AF,0
$C05C0DDEA3CCBCDE,4059FF9FBEC5DC59,3FF843F5432849A4,0
$C05C1D577CF3BB47,4059FE501B93D674,3FF74B7ACFD4C18A,0
$C05C2CB4B3B33BA2,4059FC10F4993F37,3FF653005C813981,0
$C05C3BE7CFB2DE83,4059F8E467856BAC,3FF55A85E92DB173,0
$C05C4AE28041D0C1,4059F4CD719D6C3A,3FF4620B75DA295D,0
$C05C5996A9D23DEA,4059EFCFECEB4F55,3FF369910286A153,0
$C05C67F67342B745,4059E9F08C9D77B9,3FF271168F331945,0
$C05C75F452E90BE2,4059E334D8997108,3FF1789C1BDF912B,0
$C05C83831B52492A,4059DBA328466DDF,3FF08021A88C0925,0
$C05C909607ABE1E5,4059D3429C945757,3FEF0F4E6A710216,0
$C05C9D20C7CA4B5D,4059CA1B19450DF5,3FED1E5983C9F1ED,0
$C05CA9178BC1BD36,4059C0353D7E2EB7,3FEB2D649D22E1F7,0
$C05CB46F0F0627F7,4059B59A5BAA5BCE,3FE93C6FB67BD1A9,0
$C05CBF1CA307E7F1,4059AA5470B1AECC,3FE74B7ACFD4C193,0
$C05CC91639433613,40599E6E1A919902,3FE55A85E92DB17A,0
$C05CD2526CB8DCE1,405991F28E5D0E14,3FE369910286A148,0
$C05CDAC88AC74616,405984ED8DAE63A6,3FE1789C1BDF9155,0
$C05CE2709B5B8BA8,4059776B5B94D6FE,3FDF0F4E6A71023B,0
$C05CE9436872D519,40596978B1082633,3FDB2D649D22E1D7,0
$C05CEF3A84E4EF8B,40595B22B0ED1D39,3FD74B7ACFD4C1A,0
$C05CF4505271BB31,40594C76DBB65FCA,3FD369910286A17A,0
$C05CF880070BBACE,40593D8302AD1717,3FCF0F4E6A71028E,0
$C05CFBC5B15AC989,40592E553AED7D1F,3FC74B7ACFD4C1EF,0
$C05CFE1E3C72B791,40591EFBD023874E,3FBF0F4E6A7102D9,0
$C05CFF8772BA4E42,40590F8537142E21,3FAF0F4E6A7102D5,0
$C05D000000000004,4058FFFFFFFFFFFF,0,0
4 38 191
4 39 123
4 40 117
4 41 125
4 42 0
4 43 0
3 32 ->
4 33 662
4 34 4
4 35 0
4 36 [2]
$1,-1
4 37 [53][4]
$405D000000000004,4058FFFFFFFFFFFF,0,3FF800000000001
$405CFFB5500050DC,40590C37EA9AAB29,3FA87235DC87DB87,3FF800000000001
$405CFE7F437969DC,40591BB2D98D4439,3FBBC0C2237C6F5A,3FF800000000001
$405CFC5986C07EAC,40592B13B241D052,3FC5A434AC5A781A,3FF800000000001
$405CF9461F9539DE,40593A4BF8F417EA,3FCD680846F6B869,3FF800000000001
$405CF547F38D6063,4059494D58158C85,3FD295EDF0C97C7F,3FF800000000001
$405CF062C55A62A8,40595809ADCD5067,3FD677D7BE179CE2,3FF800000000001
$405CEA9B313EAFB6,4059667319478ADE,3FDA59C18B65BD47,3FF800000000001
$405CE3F6A8B62046,4059747C07C78016,3FDE3BAB58B3DD64,3FF800000000001
$405CDC7B6D5590B4,4059821741701D14,3FE10ECA9300FEDB,3FF800000000001
$405CD4308AE67DBD,40598F37F5B6EDAD,3FE2FFBF79A80EEC,3FF800000000001
$405CCB1DD0C430D6,40599BD1C775C30C,3FE4F0B4604F1F17,3FF800000000001
$405CC14BCA80BBE1,4059A7D8D88FACD2,3FE6E1A946F62F37,3FF800000000001
$405CB6C3B7D8B1DE,4059B341D51E4D58,3FE8D29E2D9D3F48,3FF800000000001
$405CAB8F83FD30DD,4059BE01FE1D0244,3FEAC39314444F74,3FF800000000001
$405C9FB9BC3C717A,4059C80F3387D51F,3FECB487FAEB5F99,3FF800000000001
$405C934D8611A821,4059D15FFDE4ABD6,3FEEA57CE1926FC4,3FF800000000001
$405C865694A5942F,4059D9EB972DBDFA,3FF04B38E41CBFEB,3FF800000000001
$405C78E11DC9A008,4059E1A9F314E91,3FF143B3577047F,3FF800000000001
$405C6AF9CE77F2D,4059E893C6981BC4,3FF23C2DCAC3D00A,3FF800000000001
$405C5CADBEE3487B,4059EEA28EDFB474,3FF334A83E175819,3FF800000000001
$405C4E0A6621CE6E,4059F3D097605AFD,3FF42D22B16AE01F,3FF800000000001
$405C3F1D8D7EA231,4059F818FF3A8F67,3FF5259D24BE6832,3FF800000000001
$405C2FF5437DE3CA,4059FB77BDD2DDBD,3FF61E179811F039,3FF800000000001
$405C209FCE9F9633,4059FDE9A69E6382,3FF716920B657856,3FF800000000001
$405C112B9FEDC5F,4059FF6C6C2012AC,3FF80F0C7EB90065,3FF800000000001
$405C01A745629F3B,4059FFFEA213E17C,3FF90786F20C8872,3FF800000000001
$405BF2215C33432A,4059FF9FBEC5DC59,3FFA00016560108C,3FF800000000001
$405BE2A8830C44C2,4059FE501B93D674,3FFAF87BD8B39896,3FF800000000001
$405BD34B4C4CC466,4059FC10F4993F37,3FFBF0F64C0720B,3FF800000000001
$405BC418304D2185,4059F8E467856BAC,3FFCE970BF5AA8BE,3FF800000000001
$405BB51D7FBE2F47,4059F4CD719D6C3A,3FFDE1EB32AE30D3,3FF800000000001
$405BA669562DC21E,4059EFCFECEB4F55,3FFEDA65A601B8DD,3FF800000000001
$405B98098CBD48C3,4059E9F08C9D77B9,3FFFD2E0195540EB,3FF800000000001
$405B8A0BAD16F426,4059E334D8997108,400065AD46546483,3FF800000000001
$405B7C7CE4ADB6DE,4059DBA328466DDF,4000E1EA7FFE2886,3FF800000000001
$405B6F69F8541E23,4059D3429C945757,40015E27B9A7EC93,3FF800000000001
$405B62DF3835B4AB,4059CA1B19450DF5,4001DA64F351B09D,3FF800000000001
$405B56E8743E42D2,4059C0353D7E2EB7,400256A22CFB749B,3FF800000000001
$405B4B90F0F9D811,4059B59A5BAA5BCE,4002D2DF66A538AE,3FF800000000001
$405B40E35CF81817,4059AA5470B1AECC,40034F1CA04EFCB4,3FF800000000001
$405B36E9C6BCC9F5,40599E6E1A919902,4003CB59D9F8C0BA,3FF800000000001
$405B2DAD93472327,405991F28E5D0E14,4004479713A284C6,3FF800000000001
$405B25377538B9F2,405984ED8DAE63A6,4004C3D44D4C48C3,3FF800000000001
$405B1D8F64A4746,4059776B5B94D6FE,4005401186F60CD1,3FF800000000001
$405B16BC978D2AEF,40596978B1082633,4005BC4EC09FD0DD,3FF800000000001
$405B10C57B1B107D,40595B22B0ED1D39,4006388BFA4994E4,3FF800000000001
$405B0BAFAD8E44D7,40594C76DBB65FCA,4006B4C933F358E9,3FF800000000001
$405B077FF8F4453B,40593D8302AD1717,400731066D9D1CEF,3FF800000000001
$405B043A4EA5367F,40592E553AED7D1F,4007AD43A746E0F9,3FF800000000001
$405B01E1C38D4877,40591EFBD023874E,40082980E0F0A502,3FF800000000001
$405B00788D45B1C7,40590F8537142E21,4008A5BE1A9A690D,3FF800000000001
$405B000000000004,4058FFFFFFFFFFFF,400921FB54442D18,3FF800000000001
4 38 210
4 39 124
4 40 222
4 41 660
4 42 0
4 43 0
3 32 ->
4 33 661
4 34 4
4 35 0
4 36 [2]
$1,-1
4 37 [53][4]
$405D000000000004,4058FFFFFFFFFFFF,0,3FF800000000001
$405CFFB5500050DC,40590C37EA9AAB29,3FA87235DC87DB87,3FF800000000001
$405CFE7F437969DC,40591BB2D98D4439,3FBBC0C2237C6F5A,3FF800000000001
$405CFC5986C07EAC,40592B13B241D052,3FC5A434AC5A781A,3FF800000000001
$405CF9461F9539DE,40593A4BF8F417EA,3FCD680846F6B869,3FF800000000001
$405CF547F38D6063,4059494D58158C85,3FD295EDF0C97C7F,3FF800000000001
$405CF062C55A62A8,40595809ADCD5067,3FD677D7BE179CE2,3FF800000000001
$405CEA9B313EAFB6,4059667319478ADE,3FDA59C18B65BD47,3FF800000000001
$405CE3F6A8B62046,4059747C07C78016,3FDE3BAB58B3DD64,3FF800000000001
$405CDC7B6D5590B4,4059821741701D14,3FE10ECA9300FEDB,3FF800000000001
$405CD4308AE67DBD,40598F37F5B6EDAD,3FE2FFBF79A80EEC,3FF800000000001
$405CCB1DD0C430D6,40599BD1C775C30C,3FE4F0B4604F1F17,3FF800000000001
$405CC14BCA80BBE1,4059A7D8D88FACD2,3FE6E1A946F62F37,3FF800000000001
$405CB6C3B7D8B1DE,4059B341D51E4D58,3FE8D29E2D9D3F48,3FF800000000001
$405CAB8F83FD30DD,4059BE01FE1D0244,3FEAC39314444F74,3FF800000000001
$405C9FB9BC3C717A,4059C80F3387D51F,3FECB487FAEB5F99,3FF800000000001
$405C934D8611A821,4059D15FFDE4ABD6,3FEEA57CE1926FC4,3FF800000000001
$405C865694A5942F,4059D9EB972DBDFA,3FF04B38E41CBFEB,3FF800000000001
$405C78E11DC9A008,4059E1A9F314E91,3FF143B3577047F,3FF800000000001
$405C6AF9CE77F2D,4059E893C6981BC4,3FF23C2DCAC3D00A,3FF800000000001
$405C5CADBEE3487B,4059EEA28EDFB474,3FF334A83E175819,3FF800000000001
$405C4E0A6621CE6E,4059F3D097605AFD,3FF42D22B16AE01F,3FF800000000001
$405C3F1D8D7EA231,4059F818FF3A8F67,3FF5259D24BE6832,3FF800000000001
$405C2FF5437DE3CA,4059FB77BDD2DDBD,3FF61E179811F039,3FF800000000001
$405C209FCE9F9633,4059FDE9A69E6382,3FF716920B657856,3FF800000000001
$405C112B9FEDC5F,4059FF6C6C2012AC,3FF80F0C7EB90065,3FF800000000001
$405C01A745629F3B,4059FFFEA213E17C,3FF90786F20C8872,3FF800000000001
$405BF2215C33432A,4059FF9FBEC5DC59,3FFA00016560108C,3FF800000000001
$405BE2A8830C44C2,4059FE501B93D674,3FFAF87BD8B39896,3FF800000000001
$405BD34B4C4CC466,4059FC10F4993F37,3FFBF0F64C0720B,3FF800000000001
$405BC418304D2185,4059F8E467856BAC,3FFCE970BF5AA8BE,3FF800000000001
$405BB51D7FBE2F47,4059F4CD719D6C3A,3FFDE1EB32AE30D3,3FF800000000001
$405BA669562DC21E,4059EFCFECEB4F55,3FFEDA65A601B8DD,3FF800000000001
$405B98098CBD48C3,4059E9F08C9D77B9,3FFFD2E0195540EB,3FF800000000001
$405B8A0BAD16F426,4059E334D8997108,400065AD46546483,3FF800000000001
$405B7C7CE4ADB6DE,4059DBA328466DDF,4000E1EA7FFE2886,3FF800000000001
$405B6F69F8541E23,4059D3429C945757,40015E27B9A7EC93,3FF800000000001
$405B62DF3835B4AB,4059CA1B19450DF5,4001DA64F351B09D,3FF800000000001
$405B56E8743E42D2,4059C0353D7E2EB7,400256A22CFB749B,3FF800000000001
$405B4B90F0F9D811,4059B59A5BAA5BCE,4002D2DF66A538AE,3FF800000000001
$405B40E35CF81817,4059AA5470B1AECC,40034F1CA04EFCB4,3FF800000000001
$405B36E9C6BCC9F5,40599E6E1A919902,4003CB59D9F8C0BA,3FF800000000001
$405B2DAD93472327,405991F28E5D0E14,4004479713A284C6,3FF800000000001
$405B25377538B9F2,405984ED8DAE63A6,4004C3D44D4C48C3,3FF800000000001
$405B1D8F64A4746,4059776B5B94D6FE,4005401186F60CD1,3FF800000000001
$405B16BC978D2AEF,40596978B1082633,4005BC4EC09FD0DD,3FF800000000001
$405B10C57B1B107D,40595B22B0ED1D39,4006388BFA4994E4,3FF800000000001
$405B0BAFAD8E44D7,40594C76DBB65FCA,4006B4C933F358E9,3FF800000000001
$405B077FF8F4453B,40593D8302AD1717,400731066D9D1CEF,3FF800000000001
$405B043A4EA5367F,40592E553AED7D1F,4007AD43A746E0F9,3FF800000000001
$405B01E1C38D4877,40591EFBD023874E,40082980E0F0A502,3FF800000000001
$405B00788D45B1C7,40590F8537142E21,4008A5BE1A9A690D,3FF800000000001
$405B000000000004,4058FFFFFFFFFFFF,400921FB54442D18,3FF800000000001
4 38 209
4 39 123
4 40 221
4 41 659
4 42 0
4 43 0
3 32 ->
4 33 202
4 34 4
4 35 0
4 36 [2]
$1,-1
4 37 [53][4]
$C05B000000000004,4048FFFFFFFFFFFE,400921FB54442D18,0
$C05B004AAFFFAF2C,4049186FD5355652,4008C0327CD20DAA,0
$C05B0180BC86962C,40493765B31A8871,400843F5432849A1,0
$C05B03A6793F815C,404956276483A0A3,4007C7B8097E859B,0
$C05B06B9E06AC62B,40497497F1E82FD4,40074B7ACFD4C192,0
$C05B0AB80C729FA5,4049929AB02B190A,4006CF3D962AFD88,0
$C05B0F9D3AA59D6,4049B0135B9AA0CD,400653005C81398,0
$C05B1564CEC15052,4049CCE6328F15BA,4005D6C322D7757A,0
$C05B1C095749DFC2,4049E8F80F8F002B,40055A85E92DB16F,0
$C05B238492AA6F55,404A042E82E03A27,4004DE48AF83ED65,0
$C05B2BCF7519824B,404A1E6FEB6DDB59,4004620B75DA2961,0
$C05B34E22F3BCF32,404A37A38EEB8617,4003E5CE3C30655E,0
$C05B3EB4357F4427,404A4FB1B11F59A2,400369910286A15,0
$C05B493C48274E2A,404A6683AA3C9AB,4002ED53C8DCDD49,0
$C05B54707C02CF2B,404A7C03FC3A0487,400271168F33193E,0
$C05B604643C38E8E,404A901E670FAA3C,4001F4D955895532,0
$C05B6CB279EE57E7,404AA2BFFBC957AB,4001789C1BDF912A,0
$C05B79A96B5A6BD9,404AB3D72E5B7BF3,4000FC5EE235CD21,0
$C05B871EE2366,404AC353E629D21F,40008021A88C092,0
$C05B950631880D38,404AD1278D303788,400003E46EE24515,0
$C05BA352411CB78D,404ADD451DBF68E7,3FFF0F4E6A710217,0
$C05BB1F599DE319A,404AE7A12EC0B5FB,3FFE16D3F71D7A12,0
$C05BC0E272815DD8,404AF031FE751ECE,3FFD1E5983C9F1ED,0
$C05BD00ABC821C3F,404AF6EF7BA5BB79,3FFC25DF107669E6,0
$C05BDF60316069D6,404AFBD34D3CC703,3FFB2D649D22E1CC,0
$C05BEED460123A18,404AFED8D8402556,3FFA34EA29CF59CC,0
$C05BFE58BA9D60CE,404AFFFD4427C2F9,3FF93C6FB67BD1AF,0
$C05C0DDEA3CCBCDE,404AFF3F7D8BB8B1,3FF843F5432849A4,0
$C05C1D577CF3BB47,404AFCA03727ACE7,3FF74B7ACFD4C18A,0
$C05C2CB4B3B33BA2,404AF821E9327E6F,3FF653005C813981,0
$C05C3BE7CFB2DE83,404AF1C8CF0AD757,3FF55A85E92DB173,0
$C05C4AE28041D0C1,404AE99AE33AD875,3FF4620B75DA296,0
$C05C5996A9D23DEA,404ADF9FD9D69EA9,3FF369910286A15,0
$C05C67F67342B745,404AD3E1193AEF72,3FF271168F331942,0
$C05C75F452E90BE2,404AC669B132E21,3FF1789C1BDF912B,0
$C05C83831B52492A,404AB746508CDBBD,3FF08021A88C0921,0
$C05C909607ABE1E5,404AA6853928AEAD,3FEF0F4E6A71021F,0
$C05C9D20C7CA4B5D,404A9436328A1BE9,3FED1E5983C9F1F7,0
$C05CA9178BC1BD36,404A806A7AFC5D6D,3FEB2D649D22E1F7,0
$C05CB46F0F0627F7,404A6B34B754B79C,3FE93C6FB67BD19D,0
$C05CBF1CA307E7F1,404A54A8E1635D99,3FE74B7ACFD4C19F,0
$C05CC91639433613,404A3CDC35233204,3FE55A85E92DB17A,0
$C05CD2526CB8DCE1,404A23E51CBA1C27,3FE369910286A148,0
$C05CDAC88AC74616,404A09DB1B5CC74A,3FE1789C1BDF9129,0
$C05CE2709B5B8BA8,4049EED6B729ADFC,3FDF0F4E6A71023B,0
$C05CE9436872D519,4049D2F162104C67,3FDB2D649D22E1F4,0
$C05CEF3A84E4EF8B,4049B64561DA3A71,3FD74B7ACFD4C182,0
$C05CF4505271BB31,404998EDB76CBF93,3FD369910286A15B,0
$C05CF880070BBACE,40497B06055A2E2D,3FCF0F4E6A71024F,0
$C05CFBC5B15AC989,40495CAA75DAFA3D,3FC74B7ACFD4C1B,0
$C05CFE1E3C72B791,40493DF7A0470E9B,3FBF0F4E6A710259,0
$C05CFF8772BA4E42,40491F0A6E285C41,3FAF0F4E6A7101D5,0
$C05D000000000004,4048FFFFFFFFFFFE,0,0
4 38 192
4 39 128
4 40 114
4 41 130
4 42 0
4 43 0
3 32 ->
4 33 201
4 34 4
4 35 0
4 36 [2]
$1,-1
4 37 [53][4]
$C05B000000000004,4048FFFFFFFFFFFE,400921FB54442D18,0
$C05B004AAFFFAF2C,4049186FD5355652,4008C0327CD20DAA,0
$C05B0180BC86962C,40493765B31A8871,400843F5432849A1,0
$C05B03A6793F815C,404956276483A0A3,4007C7B8097E859B,0
$C05B06B9E06AC62B,40497497F1E82FD4,40074B7ACFD4C192,0
$C05B0AB80C729FA5,4049929AB02B190A,4006CF3D962AFD88,0
$C05B0F9D3AA59D6,4049B0135B9AA0CD,400653005C81398,0
$C05B1564CEC15052,4049CCE6328F15BA,4005D6C322D7757A,0
$C05B1C095749DFC2,4049E8F80F8F002B,40055A85E92DB16F,0
$C05B238492AA6F55,404A042E82E03A27,4004DE48AF83ED65,0
$C05B2BCF7519824B,404A1E6FEB6DDB59,4004620B75DA2961,0
$C05B34E22F3BCF32,404A37A38EEB8617,4003E5CE3C30655E,0
$C05B3EB4357F4427,404A4FB1B11F59A2,400369910286A15,0
$C05B493C48274E2A,404A6683AA3C9AB,4002ED53C8DCDD49,0
$C05B54707C02CF2B,404A7C03FC3A0487,400271168F33193E,0
$C05B604643C38E8E,404A901E670FAA3C,4001F4D955895532,0
$C05B6CB279EE57E7,404AA2BFFBC957AB,4001789C1BDF912A,0
$C05B79A96B5A6BD9,404AB3D72E5B7BF3,4000FC5EE235CD21,0
$C05B871EE2366,404AC353E629D21F,40008021A88C092,0
$C05B950631880D38,404AD1278D303788,400003E46EE24515,0
$C05BA352411CB78D,404ADD451DBF68E7,3FFF0F4E6A710217,0
$C05BB1F599DE319A,404AE7A12EC0B5FB,3FFE16D3F71D7A12,0
$C05BC0E272815DD8,404AF031FE751ECE,3FFD1E5983C9F1ED,0
$C05BD00ABC821C3F,404AF6EF7BA5BB79,3FFC25DF107669E6,0
$C05BDF60316069D6,404AFBD34D3CC703,3FFB2D649D22E1CC,0
$C05BEED460123A18,404AFED8D8402556,3FFA34EA29CF59CC,0
$C05BFE58BA9D60CE,404AFFFD4427C2F9,3FF93C6FB67BD1AF,0
$C05C0DDEA3CCBCDE,404AFF3F7D8BB8B1,3FF843F5432849A4,0
$C05C1D577CF3BB47,404AFCA03727ACE7,3FF74B7ACFD4C18A,0
$C05C2CB4B3B33BA2,404AF821E9327E6F,3FF653005C813981,0
$C05C3BE7CFB2DE83,404AF1C8CF0AD757,3FF55A85E92DB173,0
$C05C4AE28041D0C1,404AE99AE33AD875,3FF4620B75DA296,0
$C05C5996A9D23DEA,404ADF9FD9D69EA9,3FF369910286A15,0
$C05C67F67342B745,404AD3E1193AEF72,3FF271168F331942,0
$C05C75F452E90BE2,404AC669B132E21,3FF1789C1BDF912B,0
$C05C83831B52492A,404AB746508CDBBD,3FF08021A88C0921,0
$C05C909607ABE1E5,404AA6853928AEAD,3FEF0F4E6A71021F,0
$C05C9D20C7CA4B5D,404A9436328A1BE9,3FED1E5983C9F1F7,0
$C05CA9178BC1BD36,404A806A7AFC5D6D,3FEB2D649D22E1F7,0
$C05CB46F0F0627F7,404A6B34B754B79C,3FE93C6FB67BD19D,0
$C05CBF1CA307E7F1,404A54A8E1635D99,3FE74B7ACFD4C19F,0
$C05CC91639433613,404A3CDC35233204,3FE55A85E92DB17A,0
$C05CD2526CB8DCE1,404A23E51CBA1C27,3FE369910286A148,0
$C05CDAC88AC74616,404A09DB1B5CC74A,3FE1789C1BDF9129,0
$C05CE2709B5B8BA8,4049EED6B729ADFC,3FDF0F4E6A71023B,0
$C05CE9436872D519,4049D2F162104C67,3FDB2D649D22E1F4,0
$C05CEF3A84E4EF8B,4049B64561DA3A71,3FD74B7ACFD4C182,0
$C05CF4505271BB31,404998EDB76CBF93,3FD369910286A15B,0
$C05CF880070BBACE,40497B06055A2E2D,3FCF0F4E6A71024F,0
$C05CFBC5B15AC989,40495CAA75DAFA3D,3FC74B7ACFD4C1B,0
$C05CFE1E3C72B791,40493DF7A0470E9B,3FBF0F4E6A710259,0
$C05CFF8772BA4E42,40491F0A6E285C41,3FAF0F4E6A7101D5,0
$C05D000000000004,4048FFFFFFFFFFFE,0,0
4 38 191
4 39 127
4 40 113
4 41 129
4 42 0
4 43 0
3 32 ->
4 33 658
4 34 4
4 35 0
4 36 [2]
$1,-1
4 37 [53][4]
$405D000000000004,4048FFFFFFFFFFFE,0,3FF800000000001
$405CFFB5500050DC,4049186FD5355652,3FA87235DC87DB87,3FF800000000001
$405CFE7F437969DC,40493765B31A8871,3FBBC0C2237C6EDB,3FF800000000001
$405CFC5986C07EAC,404956276483A0A3,3FC5A434AC5A77DA,3FF800000000001
$405CF9461F9539DE,40497497F1E82FD4,3FCD680846F6B869,3FF800000000001
$405CF547F38D6063,4049929AB02B190A,3FD295EDF0C97C7F,3FF800000000001
$405CF062C55A62A8,4049B0135B9AA0CD,3FD677D7BE179CC4,3FF800000000001
$405CEA9B313EAFB6,4049CCE6328F15BA,3FDA59C18B65BCEF,3FF800000000001
$405CE3F6A8B62046,4049E8F80F8F002B,3FDE3BAB58B3DD48,3FF800000000001
$405CDC7B6D5590B4,404A042E82E03A27,3FE10ECA9300FEAF,3FF800000000001
$405CD4308AE67DBD,404A1E6FEB6DDB59,3FE2FFBF79A80EDF,3FF800000000001
$405CCB1DD0C430D6,404A37A38EEB8617,3FE4F0B4604F1EEA,3FF800000000001
$405CC14BCA80BBE1,404A4FB1B11F59A2,3FE6E1A946F62F22,3FF800000000001
$405CB6C3B7D8B1DE,404A6683AA3C9AB,3FE8D29E2D9D3F3D,3FF800000000001
$405CAB8F83FD30DD,404A7C03FC3A0487,3FEAC39314444F69,3FF800000000001
$405C9FB9BC3C717A,404A901E670FAA3C,3FECB487FAEB5F99,3FF800000000001
$405C934D8611A821,404AA2BFFBC957AB,3FEEA57CE1926FBB,3FF800000000001
$405C865694A5942F,404AB3D72E5B7BF3,3FF04B38E41CBFEF,3FF800000000001
$405C78E11DC9A008,404AC353E629D21F,3FF143B3577047F,3FF800000000001
$405C6AF9CE77F2D,404AD1278D303788,3FF23C2DCAC3D007,3FF800000000001
$405C5CADBEE3487B,404ADD451DBF68E7,3FF334A83E175819,3FF800000000001
$405C4E0A6621CE6E,404AE7A12EC0B5FB,3FF42D22B16AE01F,3FF800000000001
$405C3F1D8D7EA231,404AF031FE751ECE,3FF5259D24BE6834,3FF800000000001
$405C2FF5437DE3CA,404AF6EF7BA5BB79,3FF61E179811F03B,3FF800000000001
$405C209FCE9F9633,404AFBD34D3CC703,3FF716920B657855,3FF800000000001
$405C112B9FEDC5F,404AFED8D8402556,3FF80F0C7EB90065,3FF800000000001
$405C01A745629F3B,404AFFFD4427C2F9,3FF90786F20C8872,3FF800000000001
$405BF2215C33432A,404AFF3F7D8BB8B1,3FFA00016560108D,3FF800000000001
$405BE2A8830C44C2,404AFCA03727ACE7,3FFAF87BD8B39896,3FF800000000001
$405BD34B4C4CC466,404AF821E9327E6E,3FFBF0F64C0720B,3FF800000000001
$405BC418304D2185,404AF1C8CF0AD757,3FFCE970BF5AA8BE,3FF800000000001
$405BB51D7FBE2F47,404AE99AE33AD875,3FFDE1EB32AE30D1,3FF800000000001
$405BA669562DC21E,404ADF9FD9D69EA9,3FFEDA65A601B8E,3FF800000000001
$405B98098CBD48C3,404AD3E1193AEF72,3FFFD2E0195540EF,3FF800000000001
$405B8A0BAD16F426,404AC669B132E21,400065AD46546483,3FF800000000001
$405B7C7CE4ADB6DE,404AB746508CDBBD,4000E1EA7FFE2888,3FF800000000001
$405B6F69F8541E23,404AA6853928AEAD,40015E27B9A7EC9,3FF800000000001
$405B62DF3835B4AB,404A9436328A1BE9,4001DA64F351B09B,3FF800000000001
$405B56E8743E42D2,404A806A7AFC5D6D,400256A22CFB749B,3FF800000000001
$405B4B90F0F9D811,404A6B34B754B79C,4002D2DF66A538B1,3FF800000000001
$405B40E35CF81817,404A54A8E1635D99,40034F1CA04EFCB1,3FF800000000001
$405B36E9C6BCC9F5,404A3CDC35233204,4003CB59D9F8C0BA,3FF800000000001
$405B2DAD93472327,404A23E51CBA1C27,4004479713A284C6,3FF800000000001
$405B25377538B9F2,404A09DB1B5CC74A,4004C3D44D4C48CE,3FF800000000001
$405B1D8F64A4746,4049EED6B729ADFC,4005401186F60CD1,3FF800000000001
$405B16BC978D2AEF,4049D2F162104C66,4005BC4EC09FD0DD,3FF800000000001
$405B10C57B1B107D,4049B64561DA3A71,4006388BFA4994E8,3FF800000000001
$405B0BAFAD8E44D7,404998EDB76CBF93,4006B4C933F358ED,3FF800000000001
$405B077FF8F4453B,40497B06055A2E2D,400731066D9D1CF3,3FF800000000001
$405B043A4EA5367F,40495CAA75DAFA3D,4007AD43A746E0FD,3FF800000000001
$405B01E1C38D4877,40493DF7A0470E9B,40082980E0F0A505,3FF800000000001
$405B00788D45B1C7,40491F0A6E285C41,4008A5BE1A9A6911,3FF800000000001
$405B000000000004,4048FFFFFFFFFFFE,400921FB54442D18,3FF800000000001
4 38 210
4 39 128
4 40 220
4 41 656
4 42 0
4 43 0
3 32 ->
4 33 657
4 34 4
4 35 0
4 36 [2]
$1,-1
4 37 [53][4]
$405D000000000004,4048FFFFFFFFFFFE,0,3FF800000000001
$405CFFB5500050DC,4049186FD5355652,3FA87235DC87DB87,3FF800000000001
$405CFE7F437969DC,40493765B31A8871,3FBBC0C2237C6EDB,3FF800000000001
$405CFC5986C07EAC,404956276483A0A3,3FC5A434AC5A77DA,3FF800000000001
$405CF9461F9539DE,40497497F1E82FD4,3FCD680846F6B869,3FF800000000001
$405CF547F38D6063,4049929AB02B190A,3FD295EDF0C97C7F,3FF800000000001
$405CF062C55A62A8,4049B0135B9AA0CD,3FD677D7BE179CC4,3FF800000000001
$405CEA9B313EAFB6,4049CCE6328F15BA,3FDA59C18B65BCEF,3FF800000000001
$405CE3F6A8B62046,4049E8F80F8F002B,3FDE3BAB58B3DD48,3FF800000000001
$405CDC7B6D5590B4,404A042E82E03A27,3FE10ECA9300FEAF,3FF800000000001
$405CD4308AE67DBD,404A1E6FEB6DDB59,3FE2FFBF79A80EDF,3FF800000000001
$405CCB1DD0C430D6,404A37A38EEB8617,3FE4F0B4604F1EEA,3FF800000000001
$405CC14BCA80BBE1,404A4FB1B11F59A2,3FE6E1A946F62F22,3FF800000000001
$405CB6C3B7D8B1DE,404A6683AA3C9AB,3FE8D29E2D9D3F3D,3FF800000000001
$405CAB8F83FD30DD,404A7C03FC3A0487,3FEAC39314444F69,3FF800000000001
$405C9FB9BC3C717A,404A901E670FAA3C,3FECB487FAEB5F99,3FF800000000001
$405C934D8611A821,404AA2BFFBC957AB,3FEEA57CE1926FBB,3FF800000000001
$405C865694A5942F,404AB3D72E5B7BF3,3FF04B38E41CBFEF,3FF800000000001
$405C78E11DC9A008,404AC353E629D21F,3FF143B3577047F,3FF800000000001
$405C6AF9CE77F2D,404AD1278D303788,3FF23C2DCAC3D007,3FF800000000001
$405C5CADBEE3487B,404ADD451DBF68E7,3FF334A83E175819,3FF800000000001
$405C4E0A6621CE6E,404AE7A12EC0B5FB,3FF42D22B16AE01F,3FF800000000001
$405C3F1D8D7EA231,404AF031FE751ECE,3FF5259D24BE6834,3FF800000000001
$405C2FF5437DE3CA,404AF6EF7BA5BB79,3FF61E179811F03B,3FF800000000001
$405C209FCE9F9633,404AFBD34D3CC703,3FF716920B657855,3FF800000000001
$405C112B9FEDC5F,404AFED8D8402556,3FF80F0C7EB90065,3FF800000000001
$405C01A745629F3B,404AFFFD4427C2F9,3FF90786F20C8872,3FF800000000001
$405BF2215C33432A,404AFF3F7D8BB8B1,3FFA00016560108D,3FF800000000001
$405BE2A8830C44C2,404AFCA03727ACE7,3FFAF87BD8B39896,3FF800000000001
$405BD34B4C4CC466,404AF821E9327E6E,3FFBF0F64C0720B,3FF800000000001
$405BC418304D2185,404AF1C8CF0AD757,3FFCE970BF5AA8BE,3FF800000000001
$405BB51D7FBE2F47,404AE99AE33AD875,3FFDE1EB32AE30D1,3FF800000000001
$405BA669562DC21E,404ADF9FD9D69EA9,3FFEDA65A601B8E,3FF800000000001
$405B98098CBD48C3,404AD3E1193AEF72,3FFFD2E0195540EF,3FF800000000001
$405B8A0BAD16F426,404AC669B132E21,400065AD46546483,3FF800000000001
$405B7C7CE4ADB6DE,404AB746508CDBBD,4000E1EA7FFE2888,3FF800000000001
$405B6F69F8541E23,404AA6853928AEAD,40015E27B9A7EC9,3FF800000000001
$405B62DF3835B4AB,404A9436328A1BE9,4001DA64F351B09B,3FF800000000001
$405B56E8743E42D2,404A806A7AFC5D6D,400256A22CFB749B,3FF800000000001
$405B4B90F0F9D811,404A6B34B754B79C,4002D2DF66A538B1,3FF800000000001
$405B40E35CF81817,404A54A8E1635D99,40034F1CA04EFCB1,3FF800000000001
$405B36E9C6BCC9F5,404A3CDC35233204,4003CB59D9F8C0BA,3FF800000000001
$405B2DAD93472327,404A23E51CBA1C27,4004479713A284C6,3FF800000000001
$405B25377538B9F2,404A09DB1B5CC74A,4004C3D44D4C48CE,3FF800000000001
$405B1D8F64A4746,4049EED6B729ADFC,4005401186F60CD1,3FF800000000001
$405B16BC978D2AEF,4049D2F162104C66,4005BC4EC09FD0DD,3FF800000000001
$405B10C57B1B107D,4049B64561DA3A71,4006388BFA4994E8,3FF800000000001
$405B0BAFAD8E44D7,404998EDB76CBF93,4006B4C933F358ED,3FF800000000001
$405B077FF8F4453B,40497B06055A2E2D,400731066D9D1CF3,3FF800000000001
$405B043A4EA5367F,40495CAA75DAFA3D,4007AD43A746E0FD,3FF800000000001
$405B01E1C38D4877,40493DF7A0470E9B,40082980E0F0A505,3FF800000000001
$405B00788D45B1C7,40491F0A6E285C41,4008A5BE1A9A6911,3FF800000000001
$405B000000000004,4048FFFFFFFFFFFE,400921FB54442D18,3FF800000000001
4 38 209
4 39 127
4 40 219
4 41 655
4 42 0
4 43 0
3 32 ->
4 33 200
4 34 4
4 35 0
4 36 [2]
$1,-1
4 37 [53][4]
$C05B000000000004,3CC1A62633145C0C,400921FB54442D18,0
$C05B004AAFFFAF2C,3FC86FD535565386,4008C0327CD20DAC,0
$C05B0180BC86962C,3FDBB2D98D443942,400843F5432849A3,0
$C05B03A6793F815C,3FE589D920E82933,4007C7B8097E859C,0
$C05B06B9E06AC62B,3FED25FC7A0BF562,40074B7ACFD4C193,0
$C05B0AB80C729FA5,3FF253560563217,4006CF3D962AFD8A,0
$C05B0F9D3AA59D6,3FF6026B735419C8,400653005C813983,0
$C05B1564CEC15052,3FF99CC651E2B77,4005D6C322D7757A,0
$C05B1C095749DFC2,3FFD1F01F1E005A1,40055A85E92DB16E,0
$C05B238492AA6F55,400042E82E03A287,4004DE48AF83ED65,0
$C05B2BCF7519824B,4001E6FEB6DDB5B2,4004620B75DA296,0
$C05B34E22F3BCF32,40037A38EEB8619,4003E5CE3C30655C,0
$C05B3EB4357F4427,4004FB1B11F59A3A,400369910286A152,0
$C05B493C48274E2A,4006683AA3C9AB12,4002ED53C8DCDD4A,0
$C05B54707C02CF2B,4007C03FC3A0488B,400271168F33193F,0
$C05B604643C38E8E,400901E670FAA3DB,4001F4D955895532,0
$C05B6CB279EE57E7,400A2BFFBC957AC8,4001789C1BDF912A,0
$C05B79A96B5A6BD9,400B3D72E5B7BF42,4000FC5EE235CD22,0
$C05B871EE2366,400C353E629D2202,40008021A88C0921,0
$C05B950631880D38,400D1278D3037896,400003E46EE24514,0
$C05BA352411CB78D,400DD451DBF68E7F,3FFF0F4E6A710218,0
$C05BB1F599DE319A,400E7A12EC0B5FC7,3FFE16D3F71D7A12,0
$C05BC0E272815DD8,400F031FE751ECF1,3FFD1E5983C9F1EC,0
$C05BD00ABC821C3F,400F6EF7BA5BB7B5,3FFC25DF107669E6,0
$C05BDF60316069D6,400FBD34D3CC7054,3FFB2D649D22E1CB,0
$C05BEED460123A18,400FED8D84025581,3FFA34EA29CF59CC,0
$C05BFE58BA9D60CE,400FFFD4427C2FA7,3FF93C6FB67BD1AF,0
$C05C0DDEA3CCBCDE,400FF3F7D8BB8B33,3FF843F5432849A4,0
$C05C1D577CF3BB47,400FCA03727ACE87,3FF74B7ACFD4C18B,0
$C05C2CB4B3B33BA2,400F821E9327E6FD,3FF653005C81398,0
$C05C3BE7CFB2DE83,400F1C8CF0AD7581,3FF55A85E92DB173,0
$C05C4AE28041D0C1,400E99AE33AD876D,3FF4620B75DA295F,0
$C05C5996A9D23DEA,400DF9FD9D69EAB3,3FF369910286A151,0
$C05C67F67342B745,400D3E1193AEF734,3FF271168F331943,0
$C05C75F452E90BE2,400C669B132E212,3FF1789C1BDF912A,0
$C05C83831B52492A,400B746508CDBBEC,3FF08021A88C0921,0
$C05C909607ABE1E5,400A6853928AEAE6,3FEF0F4E6A710219,0
$C05C9D20C7CA4B5D,4009436328A1BEA9,3FED1E5983C9F1F,0
$C05CA9178BC1BD36,400806A7AFC5D6E7,3FEB2D649D22E1EE,0
$C05CB46F0F0627F7,4006B34B754B79D8,3FE93C6FB67BD19C,0
$C05CBF1CA307E7F1,40054A8E1635D9A1,3FE74B7ACFD4C194,0
$C05CC91639433613,4003CDC352332055,3FE55A85E92DB171,0
$C05CD2526CB8DCE1,40023E51CBA1C28F,3FE369910286A14B,0
$C05CDAC88AC74616,40009DB1B5CC74C1,3FE1789C1BDF9127,0
$C05CE2709B5B8BA8,3FFDDAD6E535BFAD,3FDF0F4E6A71023A,0
$C05CE9436872D519,3FFA5E2C42098D05,3FDB2D649D22E1E2,0
$C05CEF3A84E4EF8B,3FF6C8AC3B474E69,3FD74B7ACFD4C184,0
$C05CF4505271BB31,3FF31DB6ED97F299,3FD369910286A149,0
$C05CF880070BBACE,3FEEC181568B8B93,3FCF0F4E6A710213,0
$C05CFBC5B15AC989,3FE72A9D76BE8FA3,3FC74B7ACFD4C194,0
$C05CFE1E3C72B791,3FDEFBD023874E42,3FBF0F4E6A710222,0
$C05CFF8772BA4E42,3FCF0A6E285C4349,3FAF0F4E6A710207,0
$C05D000000000004,0,0,0
4 38 192
4 39 132
4 40 110
4 41 134
4 42 0
4 43 0
3 32 ->
4 33 199
4 34 4
4 35 0
4 36 [2]
$1,-1
4 37 [53][4]
$C05B000000000004,3CC1A62633145C0C,400921FB54442D18,0
$C05B004AAFFFAF2C,3FC86FD535565386,4008C0327CD20DAC,0
$C05B0180BC86962C,3FDBB2D98D443942,400843F5432849A3,0
$C05B03A6793F815C,3FE589D920E82933,4007C7B8097E859C,0
$C05B06B9E06AC62B,3FED25FC7A0BF562,40074B7ACFD4C193,0
$C05B0AB80C729FA5,3FF253560563217,4006CF3D962AFD8A,0
$C05B0F9D3AA59D6,3FF6026B735419C8,400653005C813983,0
$C05B1564CEC15052,3FF99CC651E2B77,4005D6C322D7757A,0
$C05B1C095749DFC2,3FFD1F01F1E005A1,40055A85E92DB16E,0
$C05B238492AA6F55,400042E82E03A287,4004DE48AF83ED65,0
$C05B2BCF7519824B,4001E6FEB6DDB5B2,4004620B75DA296,0
$C05B34E22F3BCF32,40037A38EEB8619,4003E5CE3C30655C,0
$C05B3EB4357F4427,4004FB1B11F59A3A,400369910286A152,0
$C05B493C48274E2A,4006683AA3C9AB12,4002ED53C8DCDD4A,0
$C05B54707C02CF2B,4007C03FC3A0488B,400271168F33193F,0
$C05B604643C38E8E,400901E670FAA3DB,4001F4D955895532,0
$C05B6CB279EE57E7,400A2BFFBC957AC8,4001789C1BDF912A,0
$C05B79A96B5A6BD9,400B3D72E5B7BF42,4000FC5EE235CD22,0
$C05B871EE2366,400C353E629D2202,40008021A88C0921,0
$C05B950631880D38,400D1278D3037896,400003E46EE24514,0
$C05BA352411CB78D,400DD451DBF68E7F,3FFF0F4E6A710218,0
$C05BB1F599DE319A,400E7A12EC0B5FC7,3FFE16D3F71D7A12,0
$C05BC0E272815DD8,400F031FE751ECF1,3FFD1E5983C9F1EC,0
$C05BD00ABC821C3F,400F6EF7BA5BB7B5,3FFC25DF107669E6,0
$C05BDF60316069D6,400FBD34D3CC7054,3FFB2D649D22E1CB,0
$C05BEED460123A18,400FED8D84025581,3FFA34EA29CF59CC,0
$C05BFE58BA9D60CE,400FFFD4427C2FA7,3FF93C6FB67BD1AF,0
$C05C0DDEA3CCBCDE,400FF3F7D8BB8B33,3FF843F5432849A4,0
$C05C1D577CF3BB47,400FCA03727ACE87,3FF74B7ACFD4C18B,0
$C05C2CB4B3B33BA2,400F821E9327E6FD,3FF653005C81398,0
$C05C3BE7CFB2DE83,400F1C8CF0AD7581,3FF55A85E92DB173,0
$C05C4AE28041D0C1,400E99AE33AD876D,3FF4620B75DA295F,0
$C05C5996A9D23DEA,400DF9FD9D69EAB3,3FF369910286A151,0
$C05C67F67342B745,400D3E1193AEF734,3FF271168F331943,0
$C05C75F452E90BE2,400C669B132E212,3FF1789C1BDF912A,0
$C05C83831B52492A,400B746508CDBBEC,3FF08021A88C0921,0
$C05C909607ABE1E5,400A6853928AEAE6,3FEF0F4E6A710219,0
$C05C9D20C7CA4B5D,4009436328A1BEA9,3FED1E5983C9F1F,0
$C05CA9178BC1BD36,400806A7AFC5D6E7,3FEB2D649D22E1EE,0
$C05CB46F0F0627F7,4006B34B754B79D8,3FE93C6FB67BD19C,0
$C05CBF1CA307E7F1,40054A8E1635D9A1,3FE74B7ACFD4C194,0
$C05CC91639433613,4003CDC352332055,3FE55A85E92DB171,0
$C05CD2526CB8DCE1,40023E51CBA1C28F,3FE369910286A14B,0
$C05CDAC88AC74616,40009DB1B5CC74C1,3FE1789C1BDF9127,0
$C05CE2709B5B8BA8,3FFDDAD6E535BFAD,3FDF0F4E6A71023A,0
$C05CE9436872D519,3FFA5E2C42098D05,3FDB2D649D22E1E2,0
$C05CEF3A84E4EF8B,3FF6C8AC3B474E69,3FD74B7ACFD4C184,0
$C05CF4505271BB31,3FF31DB6ED97F299,3FD369910286A149,0
$C05CF880070BBACE,3FEEC181568B8B93,3FCF0F4E6A710213,0
$C05CFBC5B15AC989,3FE72A9D76BE8FA3,3FC74B7ACFD4C194,0
$C05CFE1E3C72B791,3FDEFBD023874E42,3FBF0F4E6A710222,0
$C05CFF8772BA4E42,3FCF0A6E285C4349,3FAF0F4E6A710207,0
$C05D000000000004,0,0,0
4 38 191
4 39 131
4 40 109
4 41 133
4 42 0
4 43 0
3 32 ->
4 33 654
4 34 4
4 35 0
4 36 [2]
$1,-1
4 37 [53][4]
$405D000000000004,0,0,3FF800000000001
$405CFFB5500050DC,3FC86FD53556538B,3FA87235DC87DB08,3FF800000000001
$405CFE7F437969DC,3FDBB2D98D443944,3FBBC0C2237C6EA5,3FF800000000001
$405CFC5986C07EAC,3FE589D920E82934,3FC5A434AC5A77C8,3FF800000000001
$405CF9461F9539DE,3FED25FC7A0BF562,3FCD680846F6B84,3FF800000000001
$405CF547F38D6063,3FF253560563217,3FD295EDF0C97C6E,3FF800000000001
$405CF062C55A62A8,3FF6026B735419C8,3FD677D7BE179CAA,3FF800000000001
$405CEA9B313EAFB6,3FF99CC651E2B77,3FDA59C18B65BCEF,3FF800000000001
$405CE3F6A8B62046,3FFD1F01F1E005A1,3FDE3BAB58B3DD56,3FF800000000001
$405CDC7B6D5590B4,400042E82E03A287,3FE10ECA9300FEAF,3FF800000000001
$405CD4308AE67DBD,4001E6FEB6DDB5B2,3FE2FFBF79A80EE,3FF800000000001
$405CCB1DD0C430D6,40037A38EEB8619,3FE4F0B4604F1EF,3FF800000000001
$405CC14BCA80BBE1,4004FB1B11F59A3A,3FE6E1A946F62F1B,3FF800000000001
$405CB6C3B7D8B1DE,4006683AA3C9AB12,3FE8D29E2D9D3F3A,3FF800000000001
$405CAB8F83FD30DD,4007C03FC3A0488B,3FEAC39314444F65,3FF800000000001
$405C9FB9BC3C717A,400901E670FAA3DB,3FECB487FAEB5F9B,3FF800000000001
$405C934D8611A821,400A2BFFBC957AC8,3FEEA57CE1926FBA,3FF800000000001
$405C865694A5942F,400B3D72E5B7BF42,3FF04B38E41CBFED,3FF800000000001
$405C78E11DC9A008,400C353E629D2202,3FF143B3577047EF,3FF800000000001
$405C6AF9CE77F2D,400D1278D3037896,3FF23C2DCAC3D008,3FF800000000001
$405C5CADBEE3487B,400DD451DBF68E7F,3FF334A83E175819,3FF800000000001
$405C4E0A6621CE6E,400E7A12EC0B5FC7,3FF42D22B16AE01F,3FF800000000001
$405C3F1D8D7EA231,400F031FE751ECF,3FF5259D24BE6834,3FF800000000001
$405C2FF5437DE3CA,400F6EF7BA5BB7B5,3FF61E179811F03B,3FF800000000001
$405C209FCE9F9633,400FBD34D3CC7054,3FF716920B657855,3FF800000000001
$405C112B9FEDC5F,400FED8D8402557F,3FF80F0C7EB90065,3FF800000000001
$405C01A745629F3B,400FFFD4427C2FA5,3FF90786F20C8872,3FF800000000001
$405BF2215C33432A,400FF3F7D8BB8B31,3FFA00016560108D,3FF800000000001
$405BE2A8830C44C2,400FCA03727ACE85,3FFAF87BD8B39896,3FF800000000001
$405BD34B4C4CC466,400F821E9327E6FB,3FFBF0F64C0720B,3FF800000000001
$405BC418304D2185,400F1C8CF0AD757F,3FFCE970BF5AA8BD,3FF800000000001
$405BB51D7FBE2F47,400E99AE33AD876B,3FFDE1EB32AE30D2,3FF800000000001
$405BA669562DC21E,400DF9FD9D69EAB1,3FFEDA65A601B8E,3FF800000000001
$405B98098CBD48C3,400D3E1193AEF731,3FFFD2E0195540EE,3FF800000000001
$405B8A0BAD16F426,400C669B132E211F,400065AD46546483,3FF800000000001
$405B7C7CE4ADB6DE,400B746508CDBBEB,4000E1EA7FFE2888,3FF800000000001
$405B6F69F8541E23,400A6853928AEAE5,40015E27B9A7EC92,3FF800000000001
$405B62DF3835B4AB,4009436328A1BEA8,4001DA64F351B09C,3FF800000000001
$405B56E8743E42D2,400806A7AFC5D6E6,400256A22CFB749D,3FF800000000001
$405B4B90F0F9D811,4006B34B754B79D7,4002D2DF66A538B1,3FF800000000001
$405B40E35CF81817,40054A8E1635D9A,40034F1CA04EFCB3,3FF800000000001
$405B36E9C6BCC9F5,4003CDC352332054,4003CB59D9F8C0BC,3FF800000000001
$405B2DAD93472327,40023E51CBA1C28E,4004479713A284CA,3FF800000000001
$405B25377538B9F2,40009DB1B5CC74C,4004C3D44D4C48CF,3FF800000000001
$405B1D8F64A4746,3FFDDAD6E535BFAB,4005401186F60CD1,3FF800000000001
$405B16BC978D2AEF,3FFA5E2C42098D02,4005BC4EC09FD0DC,3FF800000000001
$405B10C57B1B107D,3FF6C8AC3B474E67,4006388BFA4994E8,3FF800000000001
$405B0BAFAD8E44D7,3FF31DB6ED97F296,4006B4C933F358F,3FF800000000001
$405B077FF8F4453B,3FEEC181568B8B8F,400731066D9D1CF5,3FF800000000001
$405B043A4EA5367F,3FE72A9D76BE8F9E,4007AD43A746E0FF,3FF800000000001
$405B01E1C38D4877,3FDEFBD023874E39,40082980E0F0A507,3FF800000000001
$405B00788D45B1C7,3FCF0A6E285C4337,4008A5BE1A9A691,3FF800000000001
$405B000000000004,BCC1A62633145C0C,400921FB54442D18,3FF800000000001
4 38 210
4 39 132
4 40 218
4 41 652
4 42 0
4 43 0
3 32 ->
4 33 653
4 34 4
4 35 0
4 36 [2]
$1,-1
4 37 [53][4]
$405D000000000004,0,0,3FF800000000001
$405CFFB5500050DC,3FC86FD53556538B,3FA87235DC87DB08,3FF800000000001
$405CFE7F437969DC,3FDBB2D98D443944,3FBBC0C2237C6EA5,3FF800000000001
$405CFC5986C07EAC,3FE589D920E82934,3FC5A434AC5A77C8,3FF800000000001
$405CF9461F9539DE,3FED25FC7A0BF562,3FCD680846F6B84,3FF800000000001
$405CF547F38D6063,3FF253560563217,3FD295EDF0C97C6E,3FF800000000001
$405CF062C55A62A8,3FF6026B735419C8,3FD677D7BE179CAA,3FF800000000001
$405CEA9B313EAFB6,3FF99CC651E2B77,3FDA59C18B65BCEF,3FF800000000001
$405CE3F6A8B62046,3FFD1F01F1E005A1,3FDE3BAB58B3DD56,3FF800000000001
$405CDC7B6D5590B4,400042E82E03A287,3FE10ECA9300FEAF,3FF800000000001
$405CD4308AE67DBD,4001E6FEB6DDB5B2,3FE2FFBF79A80EE,3FF800000000001
$405CCB1DD0C430D6,40037A38EEB8619,3FE4F0B4604F1EF,3FF800000000001
$405CC14BCA80BBE1,4004FB1B11F59A3A,3FE6E1A946F62F1B,3FF800000000001
$405CB6C3B7D8B1DE,4006683AA3C9AB12,3FE8D29E2D9D3F3A,3FF800000000001
$405CAB8F83FD30DD,4007C03FC3A0488B,3FEAC39314444F65,3FF800000000001
$405C9FB9BC3C717A,400901E670FAA3DB,3FECB487FAEB5F9B,3FF800000000001
$405C934D8611A821,400A2BFFBC957AC8,3FEEA57CE1926FBA,3FF800000000001
$405C865694A5942F,400B3D72E5B7BF42,3FF04B38E41CBFED,3FF800000000001
$405C78E11DC9A008,400C353E629D2202,3FF143B3577047EF,3FF800000000001
$405C6AF9CE77F2D,400D1278D3037896,3FF23C2DCAC3D008,3FF800000000001
$405C5CADBEE3487B,400DD451DBF68E7F,3FF334A83E175819,3FF800000000001
$405C4E0A6621CE6E,400E7A12EC0B5FC7,3FF42D22B16AE01F,3FF800000000001
$405C3F1D8D7EA231,400F031FE751ECF,3FF5259D24BE6834,3FF800000000001
$405C2FF5437DE3CA,400F6EF7BA5BB7B5,3FF61E179811F03B,3FF800000000001
$405C209FCE9F9633,400FBD34D3CC7054,3FF716920B657855,3FF800000000001
$405C112B9FEDC5F,400FED8D8402557F,3FF80F0C7EB90065,3FF800000000001
$405C01A745629F3B,400FFFD4427C2FA5,3FF90786F20C8872,3FF800000000001
$405BF2215C33432A,400FF3F7D8BB8B31,3FFA00016560108D,3FF800000000001
$405BE2A8830C44C2,400FCA03727ACE85,3FFAF87BD8B39896,3FF800000000001
$405BD34B4C4CC466,400F821E9327E6FB,3FFBF0F64C0720B,3FF800000000001
$405BC418304D2185,400F1C8CF0AD757F,3FFCE970BF5AA8BD,3FF800000000001
$405BB51D7FBE2F47,400E99AE33AD876B,3FFDE1EB32AE30D2,3FF800000000001
$405BA669562DC21E,400DF9FD9D69EAB1,3FFEDA65A601B8E,3FF800000000001
$405B98098CBD48C3,400D3E1193AEF731,3FFFD2E0195540EE,3FF800000000001
$405B8A0BAD16F426,400C669B132E211F,400065AD46546483,3FF800000000001
$405B7C7CE4ADB6DE,400B746508CDBBEB,4000E1EA7FFE2888,3FF800000000001
$405B6F69F8541E23,400A6853928AEAE5,40015E27B9A7EC92,3FF800000000001
$405B62DF3835B4AB,4009436328A1BEA8,4001DA64F351B09C,3FF800000000001
$405B56E8743E42D2,400806A7AFC5D6E6,400256A22CFB749D,3FF800000000001
$405B4B90F0F9D811,4006B34B754B79D7,4002D2DF66A538B1,3FF800000000001
$405B40E35CF81817,40054A8E1635D9A,40034F1CA04EFCB3,3FF800000000001
$405B36E9C6BCC9F5,4003CDC352332054,4003CB59D9F8C0BC,3FF800000000001
$405B2DAD93472327,40023E51CBA1C28E,4004479713A284CA,3FF800000000001
$405B25377538B9F2,40009DB1B5CC74C,4004C3D44D4C48CF,3FF800000000001
$405B1D8F64A4746,3FFDDAD6E535BFAB,4005401186F60CD1,3FF800000000001
$405B16BC978D2AEF,3FFA5E2C42098D02,4005BC4EC09FD0DC,3FF800000000001
$405B10C57B1B107D,3FF6C8AC3B474E67,4006388BFA4994E8,3FF800000000001
$405B0BAFAD8E44D7,3FF31DB6ED97F296,4006B4C933F358F,3FF800000000001
$405B077FF8F4453B,3FEEC181568B8B8F,400731066D9D1CF5,3FF800000000001
$405B043A4EA5367F,3FE72A9D76BE8F9E,4007AD43A746E0FF,3FF800000000001
$405B01E1C38D4877,3FDEFBD023874E39,40082980E0F0A507,3FF800000000001
$405B00788D45B1C7,3FCF0A6E285C4337,4008A5BE1A9A691,3FF800000000001
$405B000000000004,BCC1A62633145C0C,400921FB54442D18,3FF800000000001
4 38 209
4 39 131
4 40 217
4 41 651
4 42 0
4 43 0
3 32 ->
4 33 198
4 34 4
4 35 0
4 36 [2]
$1,-1
4 37 [53][4]
$C05B000000000004,C049,400921FB54442D18,0
$C05B004AAFFFAF2C,C048E7902ACAA9AD,4008C0327CD20DAE,0
$C05B0180BC86962C,C048C89A4CE5778E,400843F5432849A5,0
$C05B03A6793F815C,C048A9D89B7C5F5C,4007C7B8097E859F,0
$C05B06B9E06AC62B,C0488B680E17D02B,40074B7ACFD4C196,0
$C05B0AB80C729FA5,C0486D654FD4E6F5,4006CF3D962AFD8C,0
$C05B0F9D3AA59D6,C0484FECA4655F32,400653005C813984,0
$C05B1564CEC15052,C0483319CD70EA45,4005D6C322D7757E,0
$C05B1C095749DFC2,C0481707F070FFD3,40055A85E92DB16F,0
$C05B238492AA6F55,C047FBD17D1FC5D8,4004DE48AF83ED69,0
$C05B2BCF7519824B,C047E190149224A6,4004620B75DA2964,0
$C05B34E22F3BCF32,C047C85C711479E7,4003E5CE3C30655E,0
$C05B3EB4357F4427,C047B04E4EE0A65D,400369910286A153,0
$C05B493C48274E2A,C047997C55C3654F,4002ED53C8DCDD49,0
$C05B54707C02CF2B,C04783FC03C5FB78,400271168F331941,0
$C05B604643C38E8E,C0476FE198F055C3,4001F4D955895532,0
$C05B6CB279EE57E7,C0475D400436A854,4001789C1BDF912A,0
$C05B79A96B5A6BD9,C0474C28D1A4840C,4000FC5EE235CD23,0
$C05B871EE2366,C0473CAC19D62DE,40008021A88C092,0
$C05B950631880D38,C0472ED872CFC877,400003E46EE24515,0
$C05BA352411CB78D,C04722BAE2409718,3FFF0F4E6A710217,0
$C05BB1F599DE319A,C047185ED13F4A04,3FFE16D3F71D7A12,0
$C05BC0E272815DD8,C0470FCE018AE131,3FFD1E5983C9F1ED,0
$C05BD00ABC821C3F,C0470910845A4486,3FFC25DF107669E6,0
$C05BDF60316069D6,C047042CB2C338FB,3FFB2D649D22E1CC,0
$C05BEED460123A18,C047012727BFDAA9,3FFA34EA29CF59CC,0
$C05BFE58BA9D60CE,C0470002BBD83D06,3FF93C6FB67BD1AF,0
$C05C0DDEA3CCBCDE,C04700C08274474E,3FF843F5432849A4,0
$C05C1D577CF3BB47,C047035FC8D85318,3FF74B7ACFD4C18A,0
$C05C2CB4B3B33BA2,C04707DE16CD819,3FF653005C813981,0
$C05C3BE7CFB2DE83,C0470E3730F528A8,3FF55A85E92DB173,0
$C05C4AE28041D0C1,C04716651CC52789,3FF4620B75DA296,0
$C05C5996A9D23DEA,C047206026296156,3FF369910286A15,0
$C05C67F67342B745,C0472C1EE6C5108D,3FF271168F331942,0
$C05C75F452E90BE2,C04739964ECD1DEE,3FF1789C1BDF912B,0
$C05C83831B52492A,C04748B9AF732441,3FF08021A88C0921,0
$C05C909607ABE1E5,C047597AC6D75152,3FEF0F4E6A710216,0
$C05C9D20C7CA4B5D,C0476BC9CD75E416,3FED1E5983C9F1ED,0
$C05CA9178BC1BD36,C0477F958503A292,3FEB2D649D22E1EC,0
$C05CB46F0F0627F7,C04794CB48AB4863,3FE93C6FB67BD19D,0
$C05CBF1CA307E7F1,C047AB571E9CA266,3FE74B7ACFD4C193,0
$C05CC91639433613,C047C323CADCCDFB,3FE55A85E92DB16D,0
$C05CD2526CB8DCE1,C047DC1AE345E3D8,3FE369910286A136,0
$C05CDAC88AC74616,C047F624E4A338B4,3FE1789C1BDF9129,0
$C05CE2709B5B8BA8,C048112948D65203,3FDF0F4E6A71021E,0
$C05CE9436872D519,C0482D0E9DEFB398,3FDB2D649D22E1D7,0
$C05CEF3A84E4EF8B,C04849BA9E25C58D,3FD74B7ACFD4C182,0
$C05CF4505271BB31,C04867124893406C,3FD369910286A13C,0
$C05CF880070BBACE,C04884F9FAA5D1D2,3FCF0F4E6A7101F3,0
$C05CFBC5B15AC989,C048A3558A2505C2,3FC74B7ACFD4C171,0
$C05CFE1E3C72B791,C048C2085FB8F164,3FBF0F4E6A7101DA,0
$C05CFF8772BA4E42,C048E0F591D7A3BD,3FAF0F4E6A7101D5,0
$C05D000000000004,C049,0,0
4 38 192
4 39 136
4 40 106
4 41 138
4 42 0
4 43 0
3 32 ->
4 33 197
4 34 4
4 35 0
4 36 [2]
$1,-1
4 37 [53][4]
$C05B000000000004,C049,400921FB54442D18,0
$C05B004AAFFFAF2C,C048E7902ACAA9AD,4008C0327CD20DAE,0
$C05B0180BC86962C,C048C89A4CE5778E,400843F5432849A5,0
$C05B03A6793F815C,C048A9D89B7C5F5C,4007C7B8097E859F,0
$C05B06B9E06AC62B,C0488B680E17D02B,40074B7ACFD4C196,0
$C05B0AB80C729FA5,C0486D654FD4E6F5,4006CF3D962AFD8C,0
$C05B0F9D3AA59D6,C0484FECA4655F32,400653005C813984,0
$C05B1564CEC15052,C0483319CD70EA45,4005D6C322D7757E,0
$C05B1C095749DFC2,C0481707F070FFD3,40055A85E92DB16F,0
$C05B238492AA6F55,C047FBD17D1FC5D8,4004DE48AF83ED69,0
$C05B2BCF7519824B,C047E190149224A6,4004620B75DA2964,0
$C05B34E22F3BCF32,C047C85C711479E7,4003E5CE3C30655E,0
$C05B3EB4357F4427,C047B04E4EE0A65D,400369910286A153,0
$C05B493C48274E2A,C047997C55C3654F,4002ED53C8DCDD49,0
$C05B54707C02CF2B,C04783FC03C5FB78,400271168F331941,0
$C05B604643C38E8E,C0476FE198F055C3,4001F4D955895532,0
$C05B6CB279EE57E7,C0475D400436A854,4001789C1BDF912A,0
$C05B79A96B5A6BD9,C0474C28D1A4840C,4000FC5EE235CD23,0
$C05B871EE2366,C0473CAC19D62DE,40008021A88C092,0
$C05B950631880D38,C0472ED872CFC877,400003E46EE24515,0
$C05BA352411CB78D,C04722BAE2409718,3FFF0F4E6A710217,0
$C05BB1F599DE319A,C047185ED13F4A04,3FFE16D3F71D7A12,0
$C05BC0E272815DD8,C0470FCE018AE131,3FFD1E5983C9F1ED,0
$C05BD00ABC821C3F,C0470910845A4486,3FFC25DF107669E6,0
$C05BDF60316069D6,C047042CB2C338FB,3FFB2D649D22E1CC,0
$C05BEED460123A18,C047012727BFDAA9,3FFA34EA29CF59CC,0
$C05BFE58BA9D60CE,C0470002BBD83D06,3FF93C6FB67BD1AF,0
$C05C0DDEA3CCBCDE,C04700C08274474E,3FF843F5432849A4,0
$C05C1D577CF3BB47,C047035FC8D85318,3FF74B7ACFD4C18A,0
$C05C2CB4B3B33BA2,C04707DE16CD819,3FF653005C813981,0
$C05C3BE7CFB2DE83,C0470E3730F528A8,3FF55A85E92DB173,0
$C05C4AE28041D0C1,C04716651CC52789,3FF4620B75DA296,0
$C05C5996A9D23DEA,C047206026296156,3FF369910286A15,0
$C05C67F67342B745,C0472C1EE6C5108D,3FF271168F331942,0
$C05C75F452E90BE2,C04739964ECD1DEE,3FF1789C1BDF912B,0
$C05C83831B52492A,C04748B9AF732441,3FF08021A88C0921,0
$C05C909607ABE1E5,C047597AC6D75152,3FEF0F4E6A710216,0
$C05C9D20C7CA4B5D,C0476BC9CD75E416,3FED1E5983C9F1ED,0
$C05CA9178BC1BD36,C0477F958503A292,3FEB2D649D22E1EC,0
$C05CB46F0F0627F7,C04794CB48AB4863,3FE93C6FB67BD19D,0
$C05CBF1CA307E7F1,C047AB571E9CA266,3FE74B7ACFD4C193,0
$C05CC91639433613,C047C323CADCCDFB,3FE55A85E92DB16D,0
$C05CD2526CB8DCE1,C047DC1AE345E3D8,3FE369910286A136,0
$C05CDAC88AC74616,C047F624E4A338B4,3FE1789C1BDF9129,0
$C05CE2709B5B8BA8,C048112948D65203,3FDF0F4E6A71021E,0
$C05CE9436872D519,C0482D0E9DEFB398,3FDB2D649D22E1D7,0
$C05CEF3A84E4EF8B,C04849BA9E25C58D,3FD74B7ACFD4C182,0
$C05CF4505271BB31,C04867124893406C,3FD369910286A13C,0
$C05CF880070BBACE,C04884F9FAA5D1D2,3FCF0F4E6A7101F3,0
$C05CFBC5B15AC989,C048A3558A2505C2,3FC74B7ACFD4C171,0
$C05CFE1E3C72B791,C048C2085FB8F164,3FBF0F4E6A7101DA,0
$C05CFF8772BA4E42,C048E0F591D7A3BD,3FAF0F4E6A7101D5,0
$C05D000000000004,C049,0,0
4 38 191
4 39 135
4 40 105
4 41 137
4 42 0
4 43 0
3 32 ->
4 33 650
4 34 4
4 35 0
4 36 [2]
$1,-1
4 37 [53][4]
$405D000000000004,C049,0,3FF800000000001
$405CFFB5500050DC,C048E7902ACAA9AD,3FA87235DC87DA88,3FF800000000001
$405CFE7F437969DC,C048C89A4CE5778E,3FBBC0C2237C6E5C,3FF800000000001
$405CFC5986C07EAC,C048A9D89B7C5F5C,3FC5A434AC5A779B,3FF800000000001
$405CF9461F9539DE,C0488B680E17D02B,3FCD680846F6B82B,3FF800000000001
$405CF547F38D6063,C0486D654FD4E6F5,3FD295EDF0C97C6,3FF800000000001
$405CF062C55A62A8,C0484FECA4655F32,3FD677D7BE179CA6,3FF800000000001
$405CEA9B313EAFB6,C0483319CD70EA45,3FDA59C18B65BCD6,3FF800000000001
$405CE3F6A8B62046,C0481707F070FFD3,3FDE3BAB58B3DD48,3FF800000000001
$405CDC7B6D5590B4,C047FBD17D1FC5D8,3FE10ECA9300FEAF,3FF800000000001
$405CD4308AE67DBD,C047E190149224A6,3FE2FFBF79A80ED1,3FF800000000001
$405CCB1DD0C430D6,C047C85C711479E7,3FE4F0B4604F1EEA,3FF800000000001
$405CC14BCA80BBE1,C047B04E4EE0A65D,3FE6E1A946F62F16,3FF800000000001
$405CB6C3B7D8B1DE,C047997C55C3654F,3FE8D29E2D9D3F3D,3FF800000000001
$405CAB8F83FD30DD,C04783FC03C5FB78,3FEAC39314444F5E,3FF800000000001
$405C9FB9BC3C717A,C0476FE198F055C3,3FECB487FAEB5F99,3FF800000000001
$405C934D8611A821,C0475D400436A854,3FEEA57CE1926FBB,3FF800000000001
$405C865694A5942F,C0474C28D1A4840C,3FF04B38E41CBFEB,3FF800000000001
$405C78E11DC9A008,C0473CAC19D62DE,3FF143B3577047F,3FF800000000001
$405C6AF9CE77F2D,C0472ED872CFC877,3FF23C2DCAC3D007,3FF800000000001
$405C5CADBEE3487B,C04722BAE2409718,3FF334A83E175819,3FF800000000001
$405C4E0A6621CE6E,C047185ED13F4A04,3FF42D22B16AE01F,3FF800000000001
$405C3F1D8D7EA231,C0470FCE018AE131,3FF5259D24BE6834,3FF800000000001
$405C2FF5437DE3CA,C0470910845A4486,3FF61E179811F03B,3FF800000000001
$405C209FCE9F9633,C047042CB2C338FB,3FF716920B657855,3FF800000000001
$405C112B9FEDC5F,C047012727BFDAA9,3FF80F0C7EB90065,3FF800000000001
$405C01A745629F3B,C0470002BBD83D06,3FF90786F20C8872,3FF800000000001
$405BF2215C33432A,C04700C08274474E,3FFA00016560108D,3FF800000000001
$405BE2A8830C44C2,C047035FC8D85318,3FFAF87BD8B39896,3FF800000000001
$405BD34B4C4CC466,C04707DE16CD8191,3FFBF0F64C0720B,3FF800000000001
$405BC418304D2185,C0470E3730F528A8,3FFCE970BF5AA8BE,3FF800000000001
$405BB51D7FBE2F47,C04716651CC52789,3FFDE1EB32AE30D1,3FF800000000001
$405BA669562DC21E,C047206026296156,3FFEDA65A601B8E,3FF800000000001
$405B98098CBD48C3,C0472C1EE6C5108D,3FFFD2E0195540EF,3FF800000000001
$405B8A0BAD16F426,C04739964ECD1DEE,400065AD46546483,3FF800000000001
$405B7C7CE4ADB6DE,C04748B9AF732441,4000E1EA7FFE2888,3FF800000000001
$405B6F69F8541E23,C047597AC6D75152,40015E27B9A7EC93,3FF800000000001
$405B62DF3835B4AB,C0476BC9CD75E416,4001DA64F351B09D,3FF800000000001
$405B56E8743E42D2,C0477F958503A292,400256A22CFB749D,3FF800000000001
$405B4B90F0F9D811,C04794CB48AB4863,4002D2DF66A538B1,3FF800000000001
$405B40E35CF81817,C047AB571E9CA266,40034F1CA04EFCB4,3FF800000000001
$405B36E9C6BCC9F5,C047C323CADCCDFB,4003CB59D9F8C0BD,3FF800000000001
$405B2DAD93472327,C047DC1AE345E3D8,4004479713A284CB,3FF800000000001
$405B25377538B9F2,C047F624E4A338B4,4004C3D44D4C48CE,3FF800000000001
$405B1D8F64A4746,C048112948D65203,4005401186F60CD5,3FF800000000001
$405B16BC978D2AEF,C0482D0E9DEFB399,4005BC4EC09FD0E1,3FF800000000001
$405B10C57B1B107D,C04849BA9E25C58D,4006388BFA4994E8,3FF800000000001
$405B0BAFAD8E44D7,C04867124893406C,4006B4C933F358F1,3FF800000000001
$405B077FF8F4453B,C04884F9FAA5D1D2,400731066D9D1CF7,3FF800000000001
$405B043A4EA5367F,C048A3558A2505C2,4007AD43A746E101,3FF800000000001
$405B01E1C38D4877,C048C2085FB8F164,40082980E0F0A509,3FF800000000001
$405B00788D45B1C7,C048E0F591D7A3BD,4008A5BE1A9A6911,3FF800000000001
$405B000000000004,C049,400921FB54442D18,3FF800000000001
4 38 210
4 39 136
4 40 216
4 41 648
4 42 0
4 43 0
3 32 ->
4 33 649
4 34 4
4 35 0
4 36 [2]
$1,-1
4 37 [53][4]
$405D000000000004,C049,0,3FF800000000001
$405CFFB5500050DC,C048E7902ACAA9AD,3FA87235DC87DA88,3FF800000000001
$405CFE7F437969DC,C048C89A4CE5778E,3FBBC0C2237C6E5C,3FF800000000001
$405CFC5986C07EAC,C048A9D89B7C5F5C,3FC5A434AC5A779B,3FF800000000001
$405CF9461F9539DE,C0488B680E17D02B,3FCD680846F6B82B,3FF800000000001
$405CF547F38D6063,C0486D654FD4E6F5,3FD295EDF0C97C6,3FF800000000001
$405CF062C55A62A8,C0484FECA4655F32,3FD677D7BE179CA6,3FF800000000001
$405CEA9B313EAFB6,C0483319CD70EA45,3FDA59C18B65BCD6,3FF800000000001
$405CE3F6A8B62046,C0481707F070FFD3,3FDE3BAB58B3DD48,3FF800000000001
$405CDC7B6D5590B4,C047FBD17D1FC5D8,3FE10ECA9300FEAF,3FF800000000001
$405CD4308AE67DBD,C047E190149224A6,3FE2FFBF79A80ED1,3FF800000000001
$405CCB1DD0C430D6,C047C85C711479E7,3FE4F0B4604F1EEA,3FF800000000001
$405CC14BCA80BBE1,C047B04E4EE0A65D,3FE6E1A946F62F16,3FF800000000001
$405CB6C3B7D8B1DE,C047997C55C3654F,3FE8D29E2D9D3F3D,3FF800000000001
$405CAB8F83FD30DD,C04783FC03C5FB78,3FEAC39314444F5E,3FF800000000001
$405C9FB9BC3C717A,C0476FE198F055C3,3FECB487FAEB5F99,3FF800000000001
$405C934D8611A821,C0475D400436A854,3FEEA57CE1926FBB,3FF800000000001
$405C865694A5942F,C0474C28D1A4840C,3FF04B38E41CBFEB,3FF800000000001
$405C78E11DC9A008,C0473CAC19D62DE,3FF143B3577047F,3FF800000000001
$405C6AF9CE77F2D,C0472ED872CFC877,3FF23C2DCAC3D007,3FF800000000001
$405C5CADBEE3487B,C04722BAE2409718,3FF334A83E175819,3FF800000000001
$405C4E0A6621CE6E,C047185ED13F4A04,3FF42D22B16AE01F,3FF800000000001
$405C3F1D8D7EA231,C0470FCE018AE131,3FF5259D24BE6834,3FF800000000001
$405C2FF5437DE3CA,C0470910845A4486,3FF61E179811F03B,3FF800000000001
$405C209FCE9F9633,C047042CB2C338FB,3FF716920B657855,3FF800000000001
$405C112B9FEDC5F,C047012727BFDAA9,3FF80F0C7EB90065,3FF800000000001
$405C01A745629F3B,C0470002BBD83D06,3FF90786F20C8872,3FF800000000001
$405BF2215C33432A,C04700C08274474E,3FFA00016560108D,3FF800000000001
$405BE2A8830C44C2,C047035FC8D85318,3FFAF87BD8B39896,3FF800000000001
$405BD34B4C4CC466,C04707DE16CD8191,3FFBF0F64C0720B,3FF800000000001
$405BC418304D2185,C0470E3730F528A8,3FFCE970BF5AA8BE,3FF800000000001
$405BB51D7FBE2F47,C04716651CC52789,3FFDE1EB32AE30D1,3FF800000000001
$405BA669562DC21E,C047206026296156,3FFEDA65A601B8E,3FF800000000001
$405B98098CBD48C3,C0472C1EE6C5108D,3FFFD2E0195540EF,3FF800000000001
$405B8A0BAD16F426,C04739964ECD1DEE,400065AD46546483,3FF800000000001
$405B7C7CE4ADB6DE,C04748B9AF732441,4000E1EA7FFE2888,3FF800000000001
$405B6F69F8541E23,C047597AC6D75152,40015E27B9A7EC93,3FF800000000001
$405B62DF3835B4AB,C0476BC9CD75E416,4001DA64F351B09D,3FF800000000001
$405B56E8743E42D2,C0477F958503A292,400256A22CFB749D,3FF800000000001
$405B4B90F0F9D811,C04794CB48AB4863,4002D2DF66A538B1,3FF800000000001
$405B40E35CF81817,C047AB571E9CA266,40034F1CA04EFCB4,3FF800000000001
$405B36E9C6BCC9F5,C047C323CADCCDFB,4003CB59D9F8C0BD,3FF800000000001
$405B2DAD93472327,C047DC1AE345E3D8,4004479713A284CB,3FF800000000001
$405B25377538B9F2,C047F624E4A338B4,4004C3D44D4C48CE,3FF800000000001
$405B1D8F64A4746,C048112948D65203,4005401186F60CD5,3FF800000000001
$405B16BC978D2AEF,C0482D0E9DEFB399,4005BC4EC09FD0E1,3FF800000000001
$405B10C57B1B107D,C04849BA9E25C58D,4006388BFA4994E8,3FF800000000001
$405B0BAFAD8E44D7,C04867124893406C,4006B4C933F358F1,3FF800000000001
$405B077FF8F4453B,C04884F9FAA5D1D2,400731066D9D1CF7,3FF800000000001
$405B043A4EA5367F,C048A3558A2505C2,4007AD43A746E101,3FF800000000001
$405B01E1C38D4877,C048C2085FB8F164,40082980E0F0A509,3FF800000000001
$405B00788D45B1C7,C048E0F591D7A3BD,4008A5BE1A9A6911,3FF800000000001
$405B000000000004,C049,400921FB54442D18,3FF800000000001
4 38 209
4 39 135
4 40 215
4 41 647
4 42 0
4 43 0
3 32 ->
4 33 196
4 34 4
4 35 0
4 36 [2]
$1,-1
4 37 [53][4]
$C05B000000000004,C059,400921FB54442D18,0
$C05B004AAFFFAF2C,C058F3C8156554D6,4008C0327CD20DAA,0
$C05B0180BC86962C,C058E44D2672BBC7,400843F5432849A5,0
$C05B03A6793F815C,C058D4EC4DBE2FAE,4007C7B8097E859F,0
$C05B06B9E06AC62B,C058C5B4070BE816,40074B7ACFD4C199,0
$C05B0AB80C729FA5,C058B6B2A7EA737B,4006CF3D962AFD9,0
$C05B0F9D3AA59D6,C058A7F65232AF99,400653005C813984,0
$C05B1564CEC15052,C058998CE6B87523,4005D6C322D77581,0
$C05B1C095749DFC2,C0588B83F8387FEA,40055A85E92DB176,0
$C05B238492AA6F55,C0587DE8BE8FE2EC,4004DE48AF83ED6C,0
$C05B2BCF7519824B,C05870C80A491253,4004620B75DA2964,0
$C05B34E22F3BCF32,C058642E388A3CF4,4003E5CE3C30655E,0
$C05B3EB4357F4427,C05858272770532E,400369910286A15,0
$C05B493C48274E2A,C0584CBE2AE1B2A8,4002ED53C8DCDD4C,0
$C05B54707C02CF2B,C05841FE01E2FDBC,400271168F331941,0
$C05B604643C38E8E,C05837F0CC782AE1,4001F4D955895532,0
$C05B6CB279EE57E7,C0582EA0021B542A,4001789C1BDF912C,0
$C05B79A96B5A6BD9,C058261468D24206,4000FC5EE235CD23,0
$C05B871EE2366,C0581E560CEB16F,40008021A88C092,0
$C05B950631880D38,C058176C3967E43C,400003E46EE24513,0
$C05BA352411CB78D,C058115D71204B8C,3FFF0F4E6A710217,0
$C05BB1F599DE319A,C0580C2F689FA502,3FFE16D3F71D7A12,0
$C05BC0E272815DD8,C05807E700C57099,3FFD1E5983C9F1EB,0
$C05BD00ABC821C3F,C0580488422D2243,3FFC25DF107669E4,0
$C05BDF60316069D6,C058021659619C7E,3FFB2D649D22E1CB,0
$C05BEED460123A18,C058009393DFED54,3FFA34EA29CF59CC,0
$C05BFE58BA9D60CE,C05800015DEC1E84,3FF93C6FB67BD1AF,0
$C05C0DDEA3CCBCDE,C0580060413A23A7,3FF843F5432849A4,0
$C05C1D577CF3BB47,C05801AFE46C298C,3FF74B7ACFD4C18A,0
$C05C2CB4B3B33BA2,C05803EF0B66C0C9,3FF653005C813981,0
$C05C3BE7CFB2DE83,C058071B987A9454,3FF55A85E92DB173,0
$C05C4AE28041D0C1,C0580B328E6293C5,3FF4620B75DA295D,0
$C05C5996A9D23DEA,C05810301314B0AB,3FF369910286A153,0
$C05C67F67342B745,C058160F73628847,3FF271168F331945,0
$C05C75F452E90BE2,C0581CCB27668EF8,3FF1789C1BDF912B,0
$C05C83831B52492A,C058245CD7B99221,3FF08021A88C091D,0
$C05C909607ABE1E5,C0582CBD636BA8A9,3FEF0F4E6A710216,0
$C05C9D20C7CA4B5D,C05835E4E6BAF20B,3FED1E5983C9F1ED,0
$C05CA9178BC1BD36,C0583FCAC281D149,3FEB2D649D22E1F7,0
$C05CB46F0F0627F7,C0584A65A455A432,3FE93C6FB67BD192,0
$C05CBF1CA307E7F1,C05855AB8F4E5134,3FE74B7ACFD4C165,0
$C05CC91639433613,C0586191E56E66FE,3FE55A85E92DB161,0
$C05CD2526CB8DCE1,C0586E0D71A2F1EC,3FE369910286A136,0
$C05CDAC88AC74616,C0587B1272519C5A,3FE1789C1BDF9129,0
$C05CE2709B5B8BA8,C0588894A46B2901,3FDF0F4E6A71023B,0
$C05CE9436872D519,C05896874EF7D9CD,3FDB2D649D22E182,0
$C05CEF3A84E4EF8B,C058A4DD4F12E2C6,3FD74B7ACFD4C1A,0
$C05CF4505271BB31,C058B3892449A036,3FD369910286A13C,0
$C05CF880070BBACE,C058C27CFD52E8E9,3FCF0F4E6A7101F3,0
$C05CFBC5B15AC989,C058D1AAC51282E1,3FC74B7ACFD4C171,0
$C05CFE1E3C72B791,C058E1042FDC78B2,3FBF0F4E6A7101DA,0
$C05CFF8772BA4E42,C058F07AC8EBD1DE,3FAF0F4E6A7102D5,0
$C05D000000000004,C059,0,0
4 38 192
4 39 140
4 40 102
4 41 142
4 42 0
4 43 0
3 32 ->
4 33 195
4 34 4
4 35 0
4 36 [2]
$1,-1
4 37 [53][4]
$C05B000000000004,C059,400921FB54442D18,0
$C05B004AAFFFAF2C,C058F3C8156554D6,4008C0327CD20DAA,0
$C05B0180BC86962C,C058E44D2672BBC7,400843F5432849A5,0
$C05B03A6793F815C,C058D4EC4DBE2FAE,4007C7B8097E859F,0
$C05B06B9E06AC62B,C058C5B4070BE816,40074B7ACFD4C199,0
$C05B0AB80C729FA5,C058B6B2A7EA737B,4006CF3D962AFD9,0
$C05B0F9D3AA59D6,C058A7F65232AF99,400653005C813984,0
$C05B1564CEC15052,C058998CE6B87523,4005D6C322D77581,0
$C05B1C095749DFC2,C0588B83F8387FEA,40055A85E92DB176,0
$C05B238492AA6F55,C0587DE8BE8FE2EC,4004DE48AF83ED6C,0
$C05B2BCF7519824B,C05870C80A491253,4004620B75DA2964,0
$C05B34E22F3BCF32,C058642E388A3CF4,4003E5CE3C30655E,0
$C05B3EB4357F4427,C05858272770532E,400369910286A15,0
$C05B493C48274E2A,C0584CBE2AE1B2A8,4002ED53C8DCDD4C,0
$C05B54707C02CF2B,C05841FE01E2FDBC,400271168F331941,0
$C05B604643C38E8E,C05837F0CC782AE1,4001F4D955895532,0
$C05B6CB279EE57E7,C0582EA0021B542A,4001789C1BDF912C,0
$C05B79A96B5A6BD9,C058261468D24206,4000FC5EE235CD23,0
$C05B871EE2366,C0581E560CEB16F,40008021A88C092,0
$C05B950631880D38,C058176C3967E43C,400003E46EE24513,0
$C05BA352411CB78D,C058115D71204B8C,3FFF0F4E6A710217,0
$C05BB1F599DE319A,C0580C2F689FA502,3FFE16D3F71D7A12,0
$C05BC0E272815DD8,C05807E700C57099,3FFD1E5983C9F1EB,0
$C05BD00ABC821C3F,C0580488422D2243,3FFC25DF107669E4,0
$C05BDF60316069D6,C058021659619C7E,3FFB2D649D22E1CB,0
$C05BEED460123A18,C058009393DFED54,3FFA34EA29CF59CC,0
$C05BFE58BA9D60CE,C05800015DEC1E84,3FF93C6FB67BD1AF,0
$C05C0DDEA3CCBCDE,C0580060413A23A7,3FF843F5432849A4,0
$C05C1D577CF3BB47,C05801AFE46C298C,3FF74B7ACFD4C18A,0
$C05C2CB4B3B33BA2,C05803EF0B66C0C9,3FF653005C813981,0
$C05C3BE7CFB2DE83,C058071B987A9454,3FF55A85E92DB173,0
$C05C4AE28041D0C1,C0580B328E6293C5,3FF4620B75DA295D,0
$C05C5996A9D23DEA,C05810301314B0AB,3FF369910286A153,0
$C05C67F67342B745,C058160F73628847,3FF271168F331945,0
$C05C75F452E90BE2,C0581CCB27668EF8,3FF1789C1BDF912B,0
$C05C83831B52492A,C058245CD7B99221,3FF08021A88C091D,0
$C05C909607ABE1E5,C0582CBD636BA8A9,3FEF0F4E6A710216,0
$C05C9D20C7CA4B5D,C05835E4E6BAF20B,3FED1E5983C9F1ED,0
$C05CA9178BC1BD36,C0583FCAC281D149,3FEB2D649D22E1F7,0
$C05CB46F0F0627F7,C0584A65A455A432,3FE93C6FB67BD192,0
$C05CBF1CA307E7F1,C05855AB8F4E5134,3FE74B7ACFD4C165,0
$C05CC91639433613,C0586191E56E66FE,3FE55A85E92DB161,0
$C05CD2526CB8DCE1,C0586E0D71A2F1EC,3FE369910286A136,0
$C05CDAC88AC74616,C0587B1272519C5A,3FE1789C1BDF9129,0
$C05CE2709B5B8BA8,C0588894A46B2901,3FDF0F4E6A71023B,0
$C05CE9436872D519,C05896874EF7D9CD,3FDB2D649D22E182,0
$C05CEF3A84E4EF8B,C058A4DD4F12E2C6,3FD74B7ACFD4C1A,0
$C05CF4505271BB31,C058B3892449A036,3FD369910286A13C,0
$C05CF880070BBACE,C058C27CFD52E8E9,3FCF0F4E6A7101F3,0
$C05CFBC5B15AC989,C058D1AAC51282E1,3FC74B7ACFD4C171,0
$C05CFE1E3C72B791,C058E1042FDC78B2,3FBF0F4E6A7101DA,0
$C05CFF8772BA4E42,C058F07AC8EBD1DE,3FAF0F4E6A7102D5,0
$C05D000000000004,C059,0,0
4 38 191
4 39 139
4 40 101
4 41 141
4 42 0
4 43 0
3 32 ->
4 33 646
4 34 4
4 35 0
4 36 [2]
$1,-1
4 37 [53][4]
$405D000000000004,C059,0,3FF800000000001
$405CFFB5500050DC,C058F3C8156554D6,3FA87235DC87DB87,3FF800000000001
$405CFE7F437969DC,C058E44D2672BBC7,3FBBC0C2237C6E5C,3FF800000000001
$405CFC5986C07EAC,C058D4EC4DBE2FAE,3FC5A434AC5A779B,3FF800000000001
$405CF9461F9539DE,C058C5B4070BE816,3FCD680846F6B7ED,3FF800000000001
$405CF547F38D6063,C058B6B2A7EA737B,3FD295EDF0C97C41,3FF800000000001
$405CF062C55A62A8,C058A7F65232AF99,3FD677D7BE179CA6,3FF800000000001
$405CEA9B313EAFB6,C058998CE6B87523,3FDA59C18B65BCB8,3FF800000000001
$405CE3F6A8B62046,C0588B83F8387FEA,3FDE3BAB58B3DD0E,3FF800000000001
$405CDC7B6D5590B4,C0587DE8BE8FE2EC,3FE10ECA9300FEAF,3FF800000000001
$405CD4308AE67DBD,C05870C80A491253,3FE2FFBF79A80ED1,3FF800000000001
$405CCB1DD0C430D6,C058642E388A3CF4,3FE4F0B4604F1EEA,3FF800000000001
$405CC14BCA80BBE1,C05858272770532E,3FE6E1A946F62F22,3FF800000000001
$405CB6C3B7D8B1DE,C0584CBE2AE1B2A8,3FE8D29E2D9D3F31,3FF800000000001
$405CAB8F83FD30DD,C05841FE01E2FDBC,3FEAC39314444F5E,3FF800000000001
$405C9FB9BC3C717A,C05837F0CC782AE1,3FECB487FAEB5F99,3FF800000000001
$405C934D8611A821,C0582EA0021B542A,3FEEA57CE1926FB1,3FF800000000001
$405C865694A5942F,C058261468D24206,3FF04B38E41CBFEB,3FF800000000001
$405C78E11DC9A008,C0581E560CEB16F,3FF143B3577047F,3FF800000000001
$405C6AF9CE77F2D,C058176C3967E43C,3FF23C2DCAC3D00A,3FF800000000001
$405C5CADBEE3487B,C058115D71204B8C,3FF334A83E175819,3FF800000000001
$405C4E0A6621CE6E,C0580C2F689FA502,3FF42D22B16AE01F,3FF800000000001
$405C3F1D8D7EA231,C05807E700C57099,3FF5259D24BE6832,3FF800000000001
$405C2FF5437DE3CA,C0580488422D2243,3FF61E179811F039,3FF800000000001
$405C209FCE9F9633,C058021659619C7E,3FF716920B657856,3FF800000000001
$405C112B9FEDC5F,C058009393DFED54,3FF80F0C7EB90065,3FF800000000001
$405C01A745629F3B,C05800015DEC1E84,3FF90786F20C8872,3FF800000000001
$405BF2215C33432A,C0580060413A23A7,3FFA00016560108C,3FF800000000001
$405BE2A8830C44C2,C05801AFE46C298C,3FFAF87BD8B39896,3FF800000000001
$405BD34B4C4CC466,C05803EF0B66C0C9,3FFBF0F64C0720B,3FF800000000001
$405BC418304D2185,C058071B987A9454,3FFCE970BF5AA8BE,3FF800000000001
$405BB51D7FBE2F47,C0580B328E6293C5,3FFDE1EB32AE30D3,3FF800000000001
$405BA669562DC21E,C05810301314B0AB,3FFEDA65A601B8DD,3FF800000000001
$405B98098CBD48C3,C058160F73628847,3FFFD2E0195540EB,3FF800000000001
$405B8A0BAD16F426,C0581CCB27668EF8,400065AD46546483,3FF800000000001
$405B7C7CE4ADB6DE,C058245CD7B99221,4000E1EA7FFE288A,3FF800000000001
$405B6F69F8541E23,C0582CBD636BA8A9,40015E27B9A7EC93,3FF800000000001
$405B62DF3835B4AB,C05835E4E6BAF20B,4001DA64F351B09D,3FF800000000001
$405B56E8743E42D2,C0583FCAC281D149,400256A22CFB749B,3FF800000000001
$405B4B90F0F9D811,C0584A65A455A432,4002D2DF66A538B4,3FF800000000001
$405B40E35CF81817,C05855AB8F4E5134,40034F1CA04EFCBF,3FF800000000001
$405B36E9C6BCC9F5,C0586191E56E66FE,4003CB59D9F8C0C,3FF800000000001
$405B2DAD93472327,C0586E0D71A2F1EC,4004479713A284CB,3FF800000000001
$405B25377538B9F2,C0587B1272519C5A,4004C3D44D4C48CE,3FF800000000001
$405B1D8F64A4746,C0588894A46B2901,4005401186F60CD1,3FF800000000001
$405B16BC978D2AEF,C05896874EF7D9CD,4005BC4EC09FD0E8,3FF800000000001
$405B10C57B1B107D,C058A4DD4F12E2C6,4006388BFA4994E4,3FF800000000001
$405B0BAFAD8E44D7,C058B3892449A036,4006B4C933F358F1,3FF800000000001
$405B077FF8F4453B,C058C27CFD52E8E9,400731066D9D1CF7,3FF800000000001
$405B043A4EA5367F,C058D1AAC51282E1,4007AD43A746E101,3FF800000000001
$405B01E1C38D4877,C058E1042FDC78B2,40082980E0F0A509,3FF800000000001
$405B00788D45B1C7,C058F07AC8EBD1DE,4008A5BE1A9A690D,3FF800000000001
$405B000000000004,C059,400921FB54442D18,3FF800000000001
4 38 210
4 39 140
4 40 214
4 41 644
4 42 0
4 43 0
3 32 ->
4 33 645
4 34 4
4 35 0
4 36 [2]
$1,-1
4 37 [53][4]
$405D000000000004,C059,0,3FF800000000001
$405CFFB5500050DC,C058F3C8156554D6,3FA87235DC87DB87,3FF800000000001
$405CFE7F437969DC,C058E44D2672BBC7,3FBBC0C2237C6E5C,3FF800000000001
$405CFC5986C07EAC,C058D4EC4DBE2FAE,3FC5A434AC5A779B,3FF800000000001
$405CF9461F9539DE,C058C5B4070BE816,3FCD680846F6B7ED,3FF800000000001
$405CF547F38D6063,C058B6B2A7EA737B,3FD295EDF0C97C41,3FF800000000001
$405CF062C55A62A8,C058A7F65232AF99,3FD677D7BE179CA6,3FF800000000001
$405CEA9B313EAFB6,C058998CE6B87523,3FDA59C18B65BCB8,3FF800000000001
$405CE3F6A8B62046,C0588B83F8387FEA,3FDE3BAB58B3DD0E,3FF800000000001
$405CDC7B6D5590B4,C0587DE8BE8FE2EC,3FE10ECA9300FEAF,3FF800000000001
$405CD4308AE67DBD,C05870C80A491253,3FE2FFBF79A80ED1,3FF800000000001
$405CCB1DD0C430D6,C058642E388A3CF4,3FE4F0B4604F1EEA,3FF800000000001
$405CC14BCA80BBE1,C05858272770532E,3FE6E1A946F62F22,3FF800000000001
$405CB6C3B7D8B1DE,C0584CBE2AE1B2A8,3FE8D29E2D9D3F31,3FF800000000001
$405CAB8F83FD30DD,C05841FE01E2FDBC,3FEAC39314444F5E,3FF800000000001
$405C9FB9BC3C717A,C05837F0CC782AE1,3FECB487FAEB5F99,3FF800000000001
$405C934D8611A821,C0582EA0021B542A,3FEEA57CE1926FB1,3FF800000000001
$405C865694A5942F,C058261468D24206,3FF04B38E41CBFEB,3FF800000000001
$405C78E11DC9A008,C0581E560CEB16F,3FF143B3577047F,3FF800000000001
$405C6AF9CE77F2D,C058176C3967E43C,3FF23C2DCAC3D00A,3FF800000000001
$405C5CADBEE3487B,C058115D71204B8C,3FF334A83E175819,3FF800000000001
$405C4E0A6621CE6E,C0580C2F689FA502,3FF42D22B16AE01F,3FF800000000001
$405C3F1D8D7EA231,C05807E700C57099,3FF5259D24BE6832,3FF800000000001
$405C2FF5437DE3CA,C0580488422D2243,3FF61E179811F039,3FF800000000001
$405C209FCE9F9633,C058021659619C7E,3FF716920B657856,3FF800000000001
$405C112B9FEDC5F,C058009393DFED54,3FF80F0C7EB90065,3FF800000000001
$405C01A745629F3B,C05800015DEC1E84,3FF90786F20C8872,3FF800000000001
$405BF2215C33432A,C0580060413A23A7,3FFA00016560108C,3FF800000000001
$405BE2A8830C44C2,C05801AFE46C298C,3FFAF87BD8B39896,3FF800000000001
$405BD34B4C4CC466,C05803EF0B66C0C9,3FFBF0F64C0720B,3FF800000000001
$405BC418304D2185,C058071B987A9454,3FFCE970BF5AA8BE,3FF800000000001
$405BB51D7FBE2F47,C0580B328E6293C5,3FFDE1EB32AE30D3,3FF800000000001
$405BA669562DC21E,C05810301314B0AB,3FFEDA65A601B8DD,3FF800000000001
$405B98098CBD48C3,C058160F73628847,3FFFD2E0195540EB,3FF800000000001
$405B8A0BAD16F426,C0581CCB27668EF8,400065AD46546483,3FF800000000001
$405B7C7CE4ADB6DE,C058245CD7B99221,4000E1EA7FFE288A,3FF800000000001
$405B6F69F8541E23,C0582CBD636BA8A9,40015E27B9A7EC93,3FF800000000001
$405B62DF3835B4AB,C05835E4E6BAF20B,4001DA64F351B09D,3FF800000000001
$405B56E8743E42D2,C0583FCAC281D149,400256A22CFB749B,3FF800000000001
$405B4B90F0F9D811,C0584A65A455A432,4002D2DF66A538B4,3FF800000000001
$405B40E35CF81817,C05855AB8F4E5134,40034F1CA04EFCBF,3FF800000000001
$405B36E9C6BCC9F5,C0586191E56E66FE,4003CB59D9F8C0C,3FF800000000001
$405B2DAD93472327,C0586E0D71A2F1EC,4004479713A284CB,3FF800000000001
$405B25377538B9F2,C0587B1272519C5A,4004C3D44D4C48CE,3FF800000000001
$405B1D8F64A4746,C0588894A46B2901,4005401186F60CD1,3FF800000000001
$405B16BC978D2AEF,C05896874EF7D9CD,4005BC4EC09FD0E8,3FF800000000001
$405B10C57B1B107D,C058A4DD4F12E2C6,4006388BFA4994E4,3FF800000000001
$405B0BAFAD8E44D7,C058B3892449A036,4006B4C933F358F1,3FF800000000001
$405B077FF8F4453B,C058C27CFD52E8E9,400731066D9D1CF7,3FF800000000001
$405B043A4EA5367F,C058D1AAC51282E1,4007AD43A746E101,3FF800000000001
$405B01E1C38D4877,C058E1042FDC78B2,40082980E0F0A509,3FF800000000001
$405B00788D45B1C7,C058F07AC8EBD1DE,4008A5BE1A9A690D,3FF800000000001
$405B000000000004,C059,400921FB54442D18,3FF800000000001
4 38 209
4 39 139
4 40 213
4 41 643
4 42 0
4 43 0
3 32 ->
4 33 146
4 34 4
4 35 0
4 36 [2]
$1,-1
4 37 [2][4]
$C05A400000000005,4062C,0,4072C
$C05A400000000005,C062C,0,0
4 38 192
4 39 144
4 40 670
4 41 672
4 42 0
4 43 0
3 32 ->
4 33 145
4 34 4
4 35 0
4 36 [2]
$1,-1
4 37 [2][4]
$C05A400000000005,4062C,0,4072C
$C05A400000000005,C062C,0,0
4 38 191
4 39 143
4 40 669
4 41 671
4 42 0
4 43 0
3 32 ->
4 33 674
4 34 4
4 35 0
4 36 [2]
$1,-1
4 37 [2][4]
$3FF800000000001,0,0,C0327FFFFFFFFFFC
$0,0,BFF800000000001,C0327FFFFFFFFFFC
4 38 144
4 39 206
4 40 146
4 41 212
4 42 0
4 43 0
3 32 ->
4 33 673
4 34 4
4 35 0
4 36 [2]
$1,-1
4 37 [2][4]
$3FF800000000001,0,0,C0327FFFFFFFFFFC
$0,0,BFF800000000001,C0327FFFFFFFFFFC
4 38 143
4 39 205
4 40 145
4 41 211
4 42 0
4 43 0
3 32 ->
4 33 676
4 34 4
4 35 0
4 36 [2]
$1,-1
4 37 [2][4]
$405A400000000005,C062C,3FF800000000001,0
$405A400000000005,4062C,3FF800000000001,4072C
4 38 210
4 39 144
4 40 678
4 41 674
4 42 0
4 43 0
3 32 ->
4 33 675
4 34 4
4 35 0
4 36 [2]
$1,-1
4 37 [2][4]
$405A400000000005,C062C,3FF800000000001,0
$405A400000000005,4062C,3FF800000000001,4072C
4 38 209
4 39 143
4 40 677
4 41 673
4 42 0
4 43 0
3 32 ->
4 33 672
4 34 4
4 35 0
4 36 [2]
$1,-1
4 37 [2][4]
$0,4072C,3FF800000000001,C0327FFFFFFFFFFC
$3FF800000000001,4072C,8,C0327FFFFFFFFFFC
4 38 144
4 39 224
4 40 676
4 41 194
4 42 0
4 43 0
3 32 ->
4 33 671
4 34 4
4 35 0
4 36 [2]
$1,-1
4 37 [2][4]
$0,4072C,3FF800000000001,C0327FFFFFFFFFFC
$3FF800000000001,4072C,8,C0327FFFFFFFFFFC
4 38 143
4 39 223
4 40 675
4 41 193
4 42 0
4 43 0
3 32 ->
4 33 640
4 34 4
4 35 0
4 36 [2]
$1,-1
4 37 [53][4]
$0,0,C05AFFFFFFFFFFFD,4048FFFFFFFFFFFE
$3FA87235DC87DBA,0,C05B004AAFFFAF26,4049186FD5355652
$3FBBC0C2237C6EF7,0,C05B0180BC869625,40493765B31A8871
$3FC5A434AC5A77F,0,C05B03A6793F8155,404956276483A0A3
$3FCD680846F6B8A4,0,C05B06B9E06AC624,40497497F1E82FD4
$3FD295EDF0C97C72,0,C05B0AB80C729F9E,4049929AB02B1909
$3FD677D7BE179CBC,0,C05B0F9D3AA59D59,4049B0135B9AA0CC
$3FDA59C18B65BD09,0,C05B1564CEC1504B,4049CCE6328F15B9
$3FDE3BAB58B3DD65,0,C05B1C095749DFBB,4049E8F80F8F002B
$3FE10ECA9300FED,0,C05B238492AA6F4E,404A042E82E03A26
$3FE2FFBF79A80EE3,0,C05B2BCF75198244,404A1E6FEB6DDB58
$3FE4F0B4604F1EFE,0,C05B34E22F3BCF2B,404A37A38EEB8616
$3FE6E1A946F62F2B,0,C05B3EB4357F442,404A4FB1B11F59A1
$3FE8D29E2D9D3F48,0,C05B493C48274E23,404A6683AA3C9AAE
$3FEAC39314444F76,0,C05B54707C02CF24,404A7C03FC3A0486
$3FECB487FAEB5F85,0,C05B604643C38E86,404A901E670FAA3B
$3FEEA57CE1926FA8,0,C05B6CB279EE57DF,404AA2BFFBC957A9
$3FF04B38E41CBFE3,0,C05B79A96B5A6BD1,404AB3D72E5B7BF1
$3FF143B357704808,0,C05B871EE2365FFA,404AC353E629D21D
$3FF23C2DCAC3D012,0,C05B950631880D31,404AD1278D303786
$3FF334A83E175825,0,C05BA352411CB786,404ADD451DBF68E5
$3FF42D22B16AE02B,0,C05BB1F599DE3193,404AE7A12EC0B5F9
$3FF5259D24BE684,0,C05BC0E272815DD,404AF031FE751ECC
$3FF61E179811F059,0,C05BD00ABC821C38,404AF6EF7BA5BB77
$3FF716920B657864,0,C05BDF60316069CE,404AFBD34D3CC701
$3FF80F0C7EB90064,0,C05BEED460123A1,404AFED8D8402554
$3FF90786F20C8882,0,C05BFE58BA9D60C6,404AFFFD4427C2F7
$3FFA00016560108E,0,C05C0DDEA3CCBCD6,404AFF3F7D8BB8AF
$3FFAF87BD8B398A8,0,C05C1D577CF3BB3F,404AFCA03727ACE5
$3FFBF0F64C0720B2,0,C05C2CB4B3B33B9A,404AF821E9327E6C
$3FFCE970BF5AA8D1,0,C05C3BE7CFB2DE7C,404AF1C8CF0AD755
$3FFDE1EB32AE30D6,0,C05C4AE28041D0B9,404AE99AE33AD873
$3FFEDA65A601B8E6,0,C05C5996A9D23DE2,404ADF9FD9D69EA7
$3FFFD2E0195540F5,0,C05C67F67342B73D,404AD3E1193AEF7
$400065AD46546486,0,C05C75F452E90BDA,404AC669B132E20F
$4000E1EA7FFE288C,0,C05C83831B524922,404AB746508CDBBB
$40015E27B9A7EC97,0,C05C909607ABE1DD,404AA6853928AEAB
$4001DA64F351B099,0,C05C9D20C7CA4B55,404A9436328A1BE8
$400256A22CFB74A3,0,C05CA9178BC1BD2F,404A806A7AFC5D6C
$4002D2DF66A538AE,0,C05CB46F0F0627EE,404A6B34B754B79A
$40034F1CA04EFCB1,0,C05CBF1CA307E7E8,404A54A8E1635D97
$4003CB59D9F8C0BB,0,C05CC9163943360A,404A3CDC35233202
$4004479713A284CA,0,C05CD2526CB8DCD8,404A23E51CBA1C26
$4004C3D44D4C48D1,0,C05CDAC88AC7460E,404A09DB1B5CC749
$4005401186F60CD4,0,C05CE2709B5B8BA,4049EED6B729ADFB
$4005BC4EC09FD0DE,0,C05CE9436872D511,4049D2F162104C66
$4006388BFA4994E5,0,C05CEF3A84E4EF82,4049B64561DA3A71
$4006B4C933F358EB,0,C05CF4505271BB28,404998EDB76CBF93
$400731066D9D1CF1,0,C05CF880070BBAC5,40497B06055A2E2D
$4007AD43A746E0FC,0,C05CFBC5B15AC981,40495CAA75DAFA3D
$40082980E0F0A505,0,C05CFE1E3C72B788,40493DF7A0470E9B
$4008A5BE1A9A691,0,C05CFF8772BA4E39,40491F0A6E285C41
$400921FB54442D18,0,C05CFFFFFFFFFFFC,4048FFFFFFFFFFFE
4 38 148
4 39 228
4 40 150
4 41 98
4 42 0
4 43 0
3 32 ->
4 33 639
4 34 4
4 35 0
4 36 [2]
$1,-1
4 37 [53][4]
$0,0,C05AFFFFFFFFFFFD,4048FFFFFFFFFFFE
$3FA87235DC87DBA,0,C05B004AAFFFAF26,4049186FD5355652
$3FBBC0C2237C6EF7,0,C05B0180BC869625,40493765B31A8871
$3FC5A434AC5A77F,0,C05B03A6793F8155,404956276483A0A3
$3FCD680846F6B8A4,0,C05B06B9E06AC624,40497497F1E82FD4
$3FD295EDF0C97C72,0,C05B0AB80C729F9E,4049929AB02B1909
$3FD677D7BE179CBC,0,C05B0F9D3AA59D59,4049B0135B9AA0CC
$3FDA59C18B65BD09,0,C05B1564CEC1504B,4049CCE6328F15B9
$3FDE3BAB58B3DD65,0,C05B1C095749DFBB,4049E8F80F8F002B
$3FE10ECA9300FED,0,C05B238492AA6F4E,404A042E82E03A26
$3FE2FFBF79A80EE3,0,C05B2BCF75198244,404A1E6FEB6DDB58
$3FE4F0B4604F1EFE,0,C05B34E22F3BCF2B,404A37A38EEB8616
$3FE6E1A946F62F2B,0,C05B3EB4357F442,404A4FB1B11F59A1
$3FE8D29E2D9D3F48,0,C05B493C48274E23,404A6683AA3C9AAE
$3FEAC39314444F76,0,C05B54707C02CF24,404A7C03FC3A0486
$3FECB487FAEB5F85,0,C05B604643C38E86,404A901E670FAA3B
$3FEEA57CE1926FA8,0,C05B6CB279EE57DF,404AA2BFFBC957A9
$3FF04B38E41CBFE3,0,C05B79A96B5A6BD1,404AB3D72E5B7BF1
$3FF143B357704808,0,C05B871EE2365FFA,404AC353E629D21D
$3FF23C2DCAC3D012,0,C05B950631880D31,404AD1278D303786
$3FF334A83E175825,0,C05BA352411CB786,404ADD451DBF68E5
$3FF42D22B16AE02B,0,C05BB1F599DE3193,404AE7A12EC0B5F9
$3FF5259D24BE684,0,C05BC0E272815DD,404AF031FE751ECC
$3FF61E179811F059,0,C05BD00ABC821C38,404AF6EF7BA5BB77
$3FF716920B657864,0,C05BDF60316069CE,404AFBD34D3CC701
$3FF80F0C7EB90064,0,C05BEED460123A1,404AFED8D8402554
$3FF90786F20C8882,0,C05BFE58BA9D60C6,404AFFFD4427C2F7
$3FFA00016560108E,0,C05C0DDEA3CCBCD6,404AFF3F7D8BB8AF
$3FFAF87BD8B398A8,0,C05C1D577CF3BB3F,404AFCA03727ACE5
$3FFBF0F64C0720B2,0,C05C2CB4B3B33B9A,404AF821E9327E6C
$3FFCE970BF5AA8D1,0,C05C3BE7CFB2DE7C,404AF1C8CF0AD755
$3FFDE1EB32AE30D6,0,C05C4AE28041D0B9,404AE99AE33AD873
$3FFEDA65A601B8E6,0,C05C5996A9D23DE2,404ADF9FD9D69EA7
$3FFFD2E0195540F5,0,C05C67F67342B73D,404AD3E1193AEF7
$400065AD46546486,0,C05C75F452E90BDA,404AC669B132E20F
$4000E1EA7FFE288C,0,C05C83831B524922,404AB746508CDBBB
$40015E27B9A7EC97,0,C05C909607ABE1DD,404AA6853928AEAB
$4001DA64F351B099,0,C05C9D20C7CA4B55,404A9436328A1BE8
$400256A22CFB74A3,0,C05CA9178BC1BD2F,404A806A7AFC5D6C
$4002D2DF66A538AE,0,C05CB46F0F0627EE,404A6B34B754B79A
$40034F1CA04EFCB1,0,C05CBF1CA307E7E8,404A54A8E1635D97
$4003CB59D9F8C0BB,0,C05CC9163943360A,404A3CDC35233202
$4004479713A284CA,0,C05CD2526CB8DCD8,404A23E51CBA1C26
$4004C3D44D4C48D1,0,C05CDAC88AC7460E,404A09DB1B5CC749
$4005401186F60CD4,0,C05CE2709B5B8BA,4049EED6B729ADFB
$4005BC4EC09FD0DE,0,C05CE9436872D511,4049D2F162104C66
$4006388BFA4994E5,0,C05CEF3A84E4EF82,4049B64561DA3A71
$4006B4C933F358EB,0,C05CF4505271BB28,404998EDB76CBF93
$400731066D9D1CF1,0,C05CF880070BBAC5,40497B06055A2E2D
$4007AD43A746E0FC,0,C05CFBC5B15AC981,40495CAA75DAFA3D
$40082980E0F0A505,0,C05CFE1E3C72B788,40493DF7A0470E9B
$4008A5BE1A9A691,0,C05CFF8772BA4E39,40491F0A6E285C41
$400921FB54442D18,0,C05CFFFFFFFFFFFC,4048FFFFFFFFFFFE
4 38 147
4 39 227
4 40 149
4 41 97
4 42 0
4 43 0
3 32 ->
4 33 642
4 34 4
4 35 0
4 36 [2]
$1,-1
4 37 [53][4]
$C05AFFFFFFFFFFFD,4048FFFFFFFFFFFE,0,3FF800000000001
$C05B004AAFFFAF26,4049186FD5355652,3FA87235DC87DBA,3FF800000000001
$C05B0180BC869625,40493765B31A8871,3FBBC0C2237C6EF7,3FF800000000001
$C05B03A6793F8155,404956276483A0A3,3FC5A434AC5A77F,3FF800000000001
$C05B06B9E06AC624,40497497F1E82FD4,3FCD680846F6B8A4,3FF800000000001
$C05B0AB80C729F9E,4049929AB02B1909,3FD295EDF0C97C72,3FF800000000001
$C05B0F9D3AA59D59,4049B0135B9AA0CC,3FD677D7BE179CBC,3FF800000000001
$C05B1564CEC1504B,4049CCE6328F15B9,3FDA59C18B65BD09,3FF800000000001
$C05B1C095749DFBB,4049E8F80F8F002B,3FDE3BAB58B3DD65,3FF800000000001
$C05B238492AA6F4E,404A042E82E03A26,3FE10ECA9300FED,3FF800000000001
$C05B2BCF75198244,404A1E6FEB6DDB58,3FE2FFBF79A80EE3,3FF800000000001
$C05B34E22F3BCF2B,404A37A38EEB8616,3FE4F0B4604F1EFE,3FF800000000001
$C05B3EB4357F442,404A4FB1B11F59A1,3FE6E1A946F62F2B,3FF800000000001
$C05B493C48274E23,404A6683AA3C9AAE,3FE8D29E2D9D3F48,3FF800000000001
$C05B54707C02CF24,404A7C03FC3A0486,3FEAC39314444F76,3FF800000000001
$C05B604643C38E86,404A901E670FAA3B,3FECB487FAEB5F85,3FF800000000001
$C05B6CB279EE57DF,404AA2BFFBC957A9,3FEEA57CE1926FA8,3FF800000000001
$C05B79A96B5A6BD1,404AB3D72E5B7BF1,3FF04B38E41CBFE3,3FF800000000001
$C05B871EE2365FFA,404AC353E629D21D,3FF143B357704808,3FF800000000001
$C05B950631880D31,404AD1278D303786,3FF23C2DCAC3D012,3FF800000000001
$C05BA352411CB786,404ADD451DBF68E5,3FF334A83E175825,3FF800000000001
$C05BB1F599DE3193,404AE7A12EC0B5F9,3FF42D22B16AE02B,3FF800000000001
$C05BC0E272815DD,404AF031FE751ECC,3FF5259D24BE684,3FF800000000001
$C05BD00ABC821C38,404AF6EF7BA5BB77,3FF61E179811F059,3FF800000000001
$C05BDF60316069CE,404AFBD34D3CC701,3FF716920B657864,3FF800000000001
$C05BEED460123A1,404AFED8D8402554,3FF80F0C7EB90064,3FF800000000001
$C05BFE58BA9D60C6,404AFFFD4427C2F7,3FF90786F20C8882,3FF800000000001
$C05C0DDEA3CCBCD6,404AFF3F7D8BB8AF,3FFA00016560108E,3FF800000000001
$C05C1D577CF3BB3F,404AFCA03727ACE5,3FFAF87BD8B398A8,3FF800000000001
$C05C2CB4B3B33B9A,404AF821E9327E6C,3FFBF0F64C0720B2,3FF800000000001
$C05C3BE7CFB2DE7C,404AF1C8CF0AD755,3FFCE970BF5AA8D1,3FF800000000001
$C05C4AE28041D0B9,404AE99AE33AD873,3FFDE1EB32AE30D6,3FF800000000001
$C05C5996A9D23DE2,404ADF9FD9D69EA7,3FFEDA65A601B8E6,3FF800000000001
$C05C67F67342B73D,404AD3E1193AEF7,3FFFD2E0195540F5,3FF800000000001
$C05C75F452E90BDA,404AC669B132E20F,400065AD46546486,3FF800000000001
$C05C83831B524922,404AB746508CDBBB,4000E1EA7FFE288C,3FF800000000001
$C05C909607ABE1DD,404AA6853928AEAB,40015E27B9A7EC97,3FF800000000001
$C05C9D20C7CA4B55,404A9436328A1BE8,4001DA64F351B099,3FF800000000001
$C05CA9178BC1BD2F,404A806A7AFC5D6C,400256A22CFB74A3,3FF800000000001
$C05CB46F0F0627EE,404A6B34B754B79A,4002D2DF66A538AE,3FF800000000001
$C05CBF1CA307E7E8,404A54A8E1635D97,40034F1CA04EFCB1,3FF800000000001
$C05CC9163943360A,404A3CDC35233202,4003CB59D9F8C0BB,3FF800000000001
$C05CD2526CB8DCD8,404A23E51CBA1C26,4004479713A284CA,3FF800000000001
$C05CDAC88AC7460E,404A09DB1B5CC749,4004C3D44D4C48D1,3FF800000000001
$C05CE2709B5B8BA,4049EED6B729ADFB,4005401186F60CD4,3FF800000000001
$C05CE9436872D511,4049D2F162104C66,4005BC4EC09FD0DE,3FF800000000001
$C05CEF3A84E4EF82,4049B64561DA3A71,4006388BFA4994E5,3FF800000000001
$C05CF4505271BB28,404998EDB76CBF93,4006B4C933F358EB,3FF800000000001
$C05CF880070BBAC5,40497B06055A2E2D,400731066D9D1CF1,3FF800000000001
$C05CFBC5B15AC981,40495CAA75DAFA3D,4007AD43A746E0FC,3FF800000000001
$C05CFE1E3C72B788,40493DF7A0470E9B,40082980E0F0A505,3FF800000000001
$C05CFF8772BA4E39,40491F0A6E285C41,4008A5BE1A9A691,3FF800000000001
$C05CFFFFFFFFFFFC,4048FFFFFFFFFFFE,400921FB54442D18,3FF800000000001
4 38 234
4 39 148
4 40 246
4 41 638
4 42 0
4 43 0
3 32 ->
4 33 641
4 34 4
4 35 0
4 36 [2]
$1,-1
4 37 [53][4]
$C05AFFFFFFFFFFFD,4048FFFFFFFFFFFE,0,3FF800000000001
$C05B004AAFFFAF26,4049186FD5355652,3FA87235DC87DBA,3FF800000000001
$C05B0180BC869625,40493765B31A8871,3FBBC0C2237C6EF7,3FF800000000001
$C05B03A6793F8155,404956276483A0A3,3FC5A434AC5A77F,3FF800000000001
$C05B06B9E06AC624,40497497F1E82FD4,3FCD680846F6B8A4,3FF800000000001
$C05B0AB80C729F9E,4049929AB02B1909,3FD295EDF0C97C72,3FF800000000001
$C05B0F9D3AA59D59,4049B0135B9AA0CC,3FD677D7BE179CBC,3FF800000000001
$C05B1564CEC1504B,4049CCE6328F15B9,3FDA59C18B65BD09,3FF800000000001
$C05B1C095749DFBB,4049E8F80F8F002B,3FDE3BAB58B3DD65,3FF800000000001
$C05B238492AA6F4E,404A042E82E03A26,3FE10ECA9300FED,3FF800000000001
$C05B2BCF75198244,404A1E6FEB6DDB58,3FE2FFBF79A80EE3,3FF800000000001
$C05B34E22F3BCF2B,404A37A38EEB8616,3FE4F0B4604F1EFE,3FF800000000001
$C05B3EB4357F442,404A4FB1B11F59A1,3FE6E1A946F62F2B,3FF800000000001
$C05B493C48274E23,404A6683AA3C9AAE,3FE8D29E2D9D3F48,3FF800000000001
$C05B54707C02CF24,404A7C03FC3A0486,3FEAC39314444F76,3FF800000000001
$C05B604643C38E86,404A901E670FAA3B,3FECB487FAEB5F85,3FF800000000001
$C05B6CB279EE57DF,404AA2BFFBC957A9,3FEEA57CE1926FA8,3FF800000000001
$C05B79A96B5A6BD1,404AB3D72E5B7BF1,3FF04B38E41CBFE3,3FF800000000001
$C05B871EE2365FFA,404AC353E629D21D,3FF143B357704808,3FF800000000001
$C05B950631880D31,404AD1278D303786,3FF23C2DCAC3D012,3FF800000000001
$C05BA352411CB786,404ADD451DBF68E5,3FF334A83E175825,3FF800000000001
$C05BB1F599DE3193,404AE7A12EC0B5F9,3FF42D22B16AE02B,3FF800000000001
$C05BC0E272815DD,404AF031FE751ECC,3FF5259D24BE684,3FF800000000001
$C05BD00ABC821C38,404AF6EF7BA5BB77,3FF61E179811F059,3FF800000000001
$C05BDF60316069CE,404AFBD34D3CC701,3FF716920B657864,3FF800000000001
$C05BEED460123A1,404AFED8D8402554,3FF80F0C7EB90064,3FF800000000001
$C05BFE58BA9D60C6,404AFFFD4427C2F7,3FF90786F20C8882,3FF800000000001
$C05C0DDEA3CCBCD6,404AFF3F7D8BB8AF,3FFA00016560108E,3FF800000000001
$C05C1D577CF3BB3F,404AFCA03727ACE5,3FFAF87BD8B398A8,3FF800000000001
$C05C2CB4B3B33B9A,404AF821E9327E6C,3FFBF0F64C0720B2,3FF800000000001
$C05C3BE7CFB2DE7C,404AF1C8CF0AD755,3FFCE970BF5AA8D1,3FF800000000001
$C05C4AE28041D0B9,404AE99AE33AD873,3FFDE1EB32AE30D6,3FF800000000001
$C05C5996A9D23DE2,404ADF9FD9D69EA7,3FFEDA65A601B8E6,3FF800000000001
$C05C67F67342B73D,404AD3E1193AEF7,3FFFD2E0195540F5,3FF800000000001
$C05C75F452E90BDA,404AC669B132E20F,400065AD46546486,3FF800000000001
$C05C83831B524922,404AB746508CDBBB,4000E1EA7FFE288C,3FF800000000001
$C05C909607ABE1DD,404AA6853928AEAB,40015E27B9A7EC97,3FF800000000001
$C05C9D20C7CA4B55,404A9436328A1BE8,4001DA64F351B099,3FF800000000001
$C05CA9178BC1BD2F,404A806A7AFC5D6C,400256A22CFB74A3,3FF800000000001
$C05CB46F0F0627EE,404A6B34B754B79A,4002D2DF66A538AE,3FF800000000001
$C05CBF1CA307E7E8,404A54A8E1635D97,40034F1CA04EFCB1,3FF800000000001
$C05CC9163943360A,404A3CDC35233202,4003CB59D9F8C0BB,3FF800000000001
$C05CD2526CB8DCD8,404A23E51CBA1C26,4004479713A284CA,3FF800000000001
$C05CDAC88AC7460E,404A09DB1B5CC749,4004C3D44D4C48D1,3FF800000000001
$C05CE2709B5B8BA,4049EED6B729ADFB,4005401186F60CD4,3FF800000000001
$C05CE9436872D511,4049D2F162104C66,4005BC4EC09FD0DE,3FF800000000001
$C05CEF3A84E4EF82,4049B64561DA3A71,4006388BFA4994E5,3FF800000000001
$C05CF4505271BB28,404998EDB76CBF93,4006B4C933F358EB,3FF800000000001
$C05CF880070BBAC5,40497B06055A2E2D,400731066D9D1CF1,3FF800000000001
$C05CFBC5B15AC981,40495CAA75DAFA3D,4007AD43A746E0FC,3FF800000000001
$C05CFE1E3C72B788,40493DF7A0470E9B,40082980E0F0A505,3FF800000000001
$C05CFF8772BA4E39,40491F0A6E285C41,4008A5BE1A9A691,3FF800000000001
$C05CFFFFFFFFFFFC,4048FFFFFFFFFFFE,400921FB54442D18,3FF800000000001
4 38 233
4 39 147
4 40 245
4 41 637
4 42 0
4 43 0
3 32 ->
4 33 634
4 34 4
4 35 0
4 36 [2]
$1,-1
4 37 [53][4]
$0,0,C05AFFFFFFFFFFFC,0
$3FA87235DC87DB21,0,C05B004AAFFFAF25,3FC86FD53556538B
$3FBBC0C2237C6EA5,0,C05B0180BC869624,3FDBB2D98D443944
$3FC5A434AC5A77C8,0,C05B03A6793F8154,3FE589D920E82934
$3FCD680846F6B85C,0,C05B06B9E06AC623,3FED25FC7A0BF562
$3FD295EDF0C97C6E,0,C05B0AB80C729F9D,3FF253560563217
$3FD677D7BE179CAA,0,C05B0F9D3AA59D58,3FF6026B735419C8
$3FDA59C18B65BCEF,0,C05B1564CEC1504A,3FF99CC651E2B77
$3FDE3BAB58B3DD56,0,C05B1C095749DFBA,3FFD1F01F1E005A1
$3FE10ECA9300FECC,0,C05B238492AA6F4D,400042E82E03A287
$3FE2FFBF79A80EE,0,C05B2BCF75198243,4001E6FEB6DDB5B2
$3FE4F0B4604F1F1,0,C05B34E22F3BCF2B,40037A38EEB8619
$3FE6E1A946F62F1B,0,C05B3EB4357F441F,4004FB1B11F59A3A
$3FE8D29E2D9D3F3A,0,C05B493C48274E22,4006683AA3C9AB12
$3FEAC39314444F87,0,C05B54707C02CF24,4007C03FC3A0488B
$3FECB487FAEB5F9B,0,C05B604643C38E86,400901E670FAA3DB
$3FEEA57CE1926FBA,0,C05B6CB279EE57DF,400A2BFFBC957AC8
$3FF04B38E41CBFED,0,C05B79A96B5A6BD1,400B3D72E5B7BF42
$3FF143B3577048,0,C05B871EE2365FF9,400C353E629D2202
$3FF23C2DCAC3D019,0,C05B950631880D31,400D1278D3037896
$3FF334A83E175819,0,C05BA352411CB785,400DD451DBF68E7F
$3FF42D22B16AE01F,0,C05BB1F599DE3192,400E7A12EC0B5FC7
$3FF5259D24BE6844,0,C05BC0E272815DD,400F031FE751ECF
$3FF61E179811F04B,0,C05BD00ABC821C37,400F6EF7BA5BB7B5
$3FF716920B657865,0,C05BDF60316069CE,400FBD34D3CC7054
$3FF80F0C7EB90065,0,C05BEED460123A1,400FED8D8402557F
$3FF90786F20C8882,0,C05BFE58BA9D60C6,400FFFD4427C2FA5
$3FFA00016560108D,0,C05C0DDEA3CCBCD6,400FF3F7D8BB8B31
$3FFAF87BD8B398A6,0,C05C1D577CF3BB3F,400FCA03727ACE85
$3FFBF0F64C0720B,0,C05C2CB4B3B33B9A,400F821E9327E6FB
$3FFCE970BF5AA8CE,0,C05C3BE7CFB2DE7C,400F1C8CF0AD757F
$3FFDE1EB32AE30D2,0,C05C4AE28041D0B9,400E99AE33AD876B
$3FFEDA65A601B8E,0,C05C5996A9D23DE2,400DF9FD9D69EAB1
$3FFFD2E0195540EE,0,C05C67F67342B73D,400D3E1193AEF731
$400065AD4654648C,0,C05C75F452E90BDB,400C669B132E211F
$4000E1EA7FFE2891,0,C05C83831B524923,400B746508CDBBEB
$40015E27B9A7EC92,0,C05C909607ABE1DD,400A6853928AEAE5
$4001DA64F351B09C,0,C05C9D20C7CA4B55,4009436328A1BEA8
$400256A22CFB74A5,0,C05CA9178BC1BD2F,400806A7AFC5D6E6
$4002D2DF66A538B1,0,C05CB46F0F0627EF,4006B34B754B79D7
$40034F1CA04EFCB3,0,C05CBF1CA307E7E9,40054A8E1635D9A
$4003CB59D9F8C0BC,0,C05CC9163943360B,4003CDC352332054
$4004479713A284CA,0,C05CD2526CB8DCD9,40023E51CBA1C28E
$4004C3D44D4C48D2,0,C05CDAC88AC7460F,40009DB1B5CC74C
$4005401186F60CD1,0,C05CE2709B5B8BA,3FFDDAD6E535BFAB
$4005BC4EC09FD0DC,0,C05CE9436872D511,3FFA5E2C42098D02
$4006388BFA4994E8,0,C05CEF3A84E4EF83,3FF6C8AC3B474E67
$4006B4C933F358F,0,C05CF4505271BB29,3FF31DB6ED97F296
$400731066D9D1CF7,0,C05CF880070BBAC6,3FEEC181568B8B8F
$4007AD43A746E101,0,C05CFBC5B15AC982,3FE72A9D76BE8F9E
$40082980E0F0A507,0,C05CFE1E3C72B789,3FDEFBD023874E39
$4008A5BE1A9A691,0,C05CFF8772BA4E3A,3FCF0A6E285C4337
$400921FB54442D18,0,C05CFFFFFFFFFFFD,BCC1A62633145C0C
4 38 152
4 39 228
4 40 154
4 41 94
4 42 0
4 43 0
3 32 ->
4 33 633
4 34 4
4 35 0
4 36 [2]
$1,-1
4 37 [53][4]
$0,0,C05AFFFFFFFFFFFC,0
$3FA87235DC87DB21,0,C05B004AAFFFAF25,3FC86FD53556538B
$3FBBC0C2237C6EA5,0,C05B0180BC869624,3FDBB2D98D443944
$3FC5A434AC5A77C8,0,C05B03A6793F8154,3FE589D920E82934
$3FCD680846F6B85C,0,C05B06B9E06AC623,3FED25FC7A0BF562
$3FD295EDF0C97C6E,0,C05B0AB80C729F9D,3FF253560563217
$3FD677D7BE179CAA,0,C05B0F9D3AA59D58,3FF6026B735419C8
$3FDA59C18B65BCEF,0,C05B1564CEC1504A,3FF99CC651E2B77
$3FDE3BAB58B3DD56,0,C05B1C095749DFBA,3FFD1F01F1E005A1
$3FE10ECA9300FECC,0,C05B238492AA6F4D,400042E82E03A287
$3FE2FFBF79A80EE,0,C05B2BCF75198243,4001E6FEB6DDB5B2
$3FE4F0B4604F1F1,0,C05B34E22F3BCF2B,40037A38EEB8619
$3FE6E1A946F62F1B,0,C05B3EB4357F441F,4004FB1B11F59A3A
$3FE8D29E2D9D3F3A,0,C05B493C48274E22,4006683AA3C9AB12
$3FEAC39314444F87,0,C05B54707C02CF24,4007C03FC3A0488B
$3FECB487FAEB5F9B,0,C05B604643C38E86,400901E670FAA3DB
$3FEEA57CE1926FBA,0,C05B6CB279EE57DF,400A2BFFBC957AC8
$3FF04B38E41CBFED,0,C05B79A96B5A6BD1,400B3D72E5B7BF42
$3FF143B3577048,0,C05B871EE2365FF9,400C353E629D2202
$3FF23C2DCAC3D019,0,C05B950631880D31,400D1278D3037896
$3FF334A83E175819,0,C05BA352411CB785,400DD451DBF68E7F
$3FF42D22B16AE01F,0,C05BB1F599DE3192,400E7A12EC0B5FC7
$3FF5259D24BE6844,0,C05BC0E272815DD,400F031FE751ECF
$3FF61E179811F04B,0,C05BD00ABC821C37,400F6EF7BA5BB7B5
$3FF716920B657865,0,C05BDF60316069CE,400FBD34D3CC7054
$3FF80F0C7EB90065,0,C05BEED460123A1,400FED8D8402557F
$3FF90786F20C8882,0,C05BFE58BA9D60C6,400FFFD4427C2FA5
$3FFA00016560108D,0,C05C0DDEA3CCBCD6,400FF3F7D8BB8B31
$3FFAF87BD8B398A6,0,C05C1D577CF3BB3F,400FCA03727ACE85
$3FFBF0F64C0720B,0,C05C2CB4B3B33B9A,400F821E9327E6FB
$3FFCE970BF5AA8CE,0,C05C3BE7CFB2DE7C,400F1C8CF0AD757F
$3FFDE1EB32AE30D2,0,C05C4AE28041D0B9,400E99AE33AD876B
$3FFEDA65A601B8E,0,C05C5996A9D23DE2,400DF9FD9D69EAB1
$3FFFD2E0195540EE,0,C05C67F67342B73D,400D3E1193AEF731
$400065AD4654648C,0,C05C75F452E90BDB,400C669B132E211F
$4000E1EA7FFE2891,0,C05C83831B524923,400B746508CDBBEB
$40015E27B9A7EC92,0,C05C909607ABE1DD,400A6853928AEAE5
$4001DA64F351B09C,0,C05C9D20C7CA4B55,4009436328A1BEA8
$400256A22CFB74A5,0,C05CA9178BC1BD2F,400806A7AFC5D6E6
$4002D2DF66A538B1,0,C05CB46F0F0627EF,4006B34B754B79D7
$40034F1CA04EFCB3,0,C05CBF1CA307E7E9,40054A8E1635D9A
$4003CB59D9F8C0BC,0,C05CC9163943360B,4003CDC352332054
$4004479713A284CA,0,C05CD2526CB8DCD9,40023E51CBA1C28E
$4004C3D44D4C48D2,0,C05CDAC88AC7460F,40009DB1B5CC74C
$4005401186F60CD1,0,C05CE2709B5B8BA,3FFDDAD6E535BFAB
$4005BC4EC09FD0DC,0,C05CE9436872D511,3FFA5E2C42098D02
$4006388BFA4994E8,0,C05CEF3A84E4EF83,3FF6C8AC3B474E67
$4006B4C933F358F,0,C05CF4505271BB29,3FF31DB6ED97F296
$400731066D9D1CF7,0,C05CF880070BBAC6,3FEEC181568B8B8F
$4007AD43A746E101,0,C05CFBC5B15AC982,3FE72A9D76BE8F9E
$40082980E0F0A507,0,C05CFE1E3C72B789,3FDEFBD023874E39
$4008A5BE1A9A691,0,C05CFF8772BA4E3A,3FCF0A6E285C4337
$400921FB54442D18,0,C05CFFFFFFFFFFFD,BCC1A62633145C0C
4 38 151
4 39 227
4 40 153
4 41 93
4 42 0
4 43 0
3 32 ->
4 33 636
4 34 4
4 35 0
4 36 [2]
$1,-1
4 37 [53][4]
$C05AFFFFFFFFFFFC,0,0,3FF800000000001
$C05B004AAFFFAF25,3FC86FD53556538B,3FA87235DC87DB21,3FF800000000001
$C05B0180BC869624,3FDBB2D98D443944,3FBBC0C2237C6EA5,3FF800000000001
$C05B03A6793F8154,3FE589D920E82934,3FC5A434AC5A77C8,3FF800000000001
$C05B06B9E06AC623,3FED25FC7A0BF562,3FCD680846F6B85C,3FF800000000001
$C05B0AB80C729F9D,3FF253560563217,3FD295EDF0C97C6E,3FF800000000001
$C05B0F9D3AA59D58,3FF6026B735419C8,3FD677D7BE179CAA,3FF800000000001
$C05B1564CEC1504A,3FF99CC651E2B77,3FDA59C18B65BCEF,3FF800000000001
$C05B1C095749DFBA,3FFD1F01F1E005A1,3FDE3BAB58B3DD56,3FF800000000001
$C05B238492AA6F4D,400042E82E03A287,3FE10ECA9300FECC,3FF800000000001
$C05B2BCF75198243,4001E6FEB6DDB5B2,3FE2FFBF79A80EE,3FF800000000001
$C05B34E22F3BCF2B,40037A38EEB8619,3FE4F0B4604F1F1,3FF800000000001
$C05B3EB4357F441F,4004FB1B11F59A3A,3FE6E1A946F62F1B,3FF800000000001
$C05B493C48274E22,4006683AA3C9AB12,3FE8D29E2D9D3F3A,3FF800000000001
$C05B54707C02CF24,4007C03FC3A0488B,3FEAC39314444F87,3FF800000000001
$C05B604643C38E86,400901E670FAA3DB,3FECB487FAEB5F9B,3FF800000000001
$C05B6CB279EE57DF,400A2BFFBC957AC8,3FEEA57CE1926FBA,3FF800000000001
$C05B79A96B5A6BD1,400B3D72E5B7BF42,3FF04B38E41CBFED,3FF800000000001
$C05B871EE2365FF9,400C353E629D2202,3FF143B3577048,3FF800000000001
$C05B950631880D31,400D1278D3037896,3FF23C2DCAC3D019,3FF800000000001
$C05BA352411CB785,400DD451DBF68E7F,3FF334A83E175819,3FF800000000001
$C05BB1F599DE3192,400E7A12EC0B5FC7,3FF42D22B16AE01F,3FF800000000001
$C05BC0E272815DD,400F031FE751ECF,3FF5259D24BE6844,3FF800000000001
$C05BD00ABC821C37,400F6EF7BA5BB7B5,3FF61E179811F04B,3FF800000000001
$C05BDF60316069CE,400FBD34D3CC7054,3FF716920B657865,3FF800000000001
$C05BEED460123A1,400FED8D8402557F,3FF80F0C7EB90065,3FF800000000001
$C05BFE58BA9D60C6,400FFFD4427C2FA5,3FF90786F20C8882,3FF800000000001
$C05C0DDEA3CCBCD6,400FF3F7D8BB8B31,3FFA00016560108D,3FF800000000001
$C05C1D577CF3BB3F,400FCA03727ACE85,3FFAF87BD8B398A6,3FF800000000001
$C05C2CB4B3B33B9A,400F821E9327E6FB,3FFBF0F64C0720B,3FF800000000001
$C05C3BE7CFB2DE7C,400F1C8CF0AD757F,3FFCE970BF5AA8CE,3FF800000000001
$C05C4AE28041D0B9,400E99AE33AD876B,3FFDE1EB32AE30D2,3FF800000000001
$C05C5996A9D23DE2,400DF9FD9D69EAB1,3FFEDA65A601B8E,3FF800000000001
$C05C67F67342B73D,400D3E1193AEF731,3FFFD2E0195540EE,3FF800000000001
$C05C75F452E90BDB,400C669B132E211F,400065AD4654648C,3FF800000000001
$C05C83831B524923,400B746508CDBBEB,4000E1EA7FFE2891,3FF800000000001
$C05C909607ABE1DD,400A6853928AEAE5,40015E27B9A7EC92,3FF800000000001
$C05C9D20C7CA4B55,4009436328A1BEA8,4001DA64F351B09C,3FF800000000001
$C05CA9178BC1BD2F,400806A7AFC5D6E6,400256A22CFB74A5,3FF800000000001
$C05CB46F0F0627EF,4006B34B754B79D7,4002D2DF66A538B1,3FF800000000001
$C05CBF1CA307E7E9,40054A8E1635D9A,40034F1CA04EFCB3,3FF800000000001
$C05CC9163943360B,4003CDC352332054,4003CB59D9F8C0BC,3FF800000000001
$C05CD2526CB8DCD9,40023E51CBA1C28E,4004479713A284CA,3FF800000000001
$C05CDAC88AC7460F,40009DB1B5CC74C,4004C3D44D4C48D2,3FF800000000001
$C05CE2709B5B8BA,3FFDDAD6E535BFAB,4005401186F60CD1,3FF800000000001
$C05CE9436872D511,3FFA5E2C42098D02,4005BC4EC09FD0DC,3FF800000000001
$C05CEF3A84E4EF83,3FF6C8AC3B474E67,4006388BFA4994E8,3FF800000000001
$C05CF4505271BB29,3FF31DB6ED97F296,4006B4C933F358F,3FF800000000001
$C05CF880070BBAC6,3FEEC181568B8B8F,400731066D9D1CF7,3FF800000000001
$C05CFBC5B15AC982,3FE72A9D76BE8F9E,4007AD43A746E101,3FF800000000001
$C05CFE1E3C72B789,3FDEFBD023874E39,40082980E0F0A507,3FF800000000001
$C05CFF8772BA4E3A,3FCF0A6E285C4337,4008A5BE1A9A691,3FF800000000001
$C05CFFFFFFFFFFFD,BCC1A62633145C0C,400921FB54442D18,3FF800000000001
4 38 234
4 39 152
4 40 244
4 41 632
4 42 0
4 43 0
3 32 ->
4 33 635
4 34 4
4 35 0
4 36 [2]
$1,-1
4 37 [53][4]
$C05AFFFFFFFFFFFC,0,0,3FF800000000001
$C05B004AAFFFAF25,3FC86FD53556538B,3FA87235DC87DB21,3FF800000000001
$C05B0180BC869624,3FDBB2D98D443944,3FBBC0C2237C6EA5,3FF800000000001
$C05B03A6793F8154,3FE589D920E82934,3FC5A434AC5A77C8,3FF800000000001
$C05B06B9E06AC623,3FED25FC7A0BF562,3FCD680846F6B85C,3FF800000000001
$C05B0AB80C729F9D,3FF253560563217,3FD295EDF0C97C6E,3FF800000000001
$C05B0F9D3AA59D58,3FF6026B735419C8,3FD677D7BE179CAA,3FF800000000001
$C05B1564CEC1504A,3FF99CC651E2B77,3FDA59C18B65BCEF,3FF800000000001
$C05B1C095749DFBA,3FFD1F01F1E005A1,3FDE3BAB58B3DD56,3FF800000000001
$C05B238492AA6F4D,400042E82E03A287,3FE10ECA9300FECC,3FF800000000001
$C05B2BCF75198243,4001E6FEB6DDB5B2,3FE2FFBF79A80EE,3FF800000000001
$C05B34E22F3BCF2B,40037A38EEB8619,3FE4F0B4604F1F1,3FF800000000001
$C05B3EB4357F441F,4004FB1B11F59A3A,3FE6E1A946F62F1B,3FF800000000001
$C05B493C48274E22,4006683AA3C9AB12,3FE8D29E2D9D3F3A,3FF800000000001
$C05B54707C02CF24,4007C03FC3A0488B,3FEAC39314444F87,3FF800000000001
$C05B604643C38E86,400901E670FAA3DB,3FECB487FAEB5F9B,3FF800000000001
$C05B6CB279EE57DF,400A2BFFBC957AC8,3FEEA57CE1926FBA,3FF800000000001
$C05B79A96B5A6BD1,400B3D72E5B7BF42,3FF04B38E41CBFED,3FF800000000001
$C05B871EE2365FF9,400C353E629D2202,3FF143B3577048,3FF800000000001
$C05B950631880D31,400D1278D3037896,3FF23C2DCAC3D019,3FF800000000001
$C05BA352411CB785,400DD451DBF68E7F,3FF334A83E175819,3FF800000000001
$C05BB1F599DE3192,400E7A12EC0B5FC7,3FF42D22B16AE01F,3FF800000000001
$C05BC0E272815DD,400F031FE751ECF,3FF5259D24BE6844,3FF800000000001
$C05BD00ABC821C37,400F6EF7BA5BB7B5,3FF61E179811F04B,3FF800000000001
$C05BDF60316069CE,400FBD34D3CC7054,3FF716920B657865,3FF800000000001
$C05BEED460123A1,400FED8D8402557F,3FF80F0C7EB90065,3FF800000000001
$C05BFE58BA9D60C6,400FFFD4427C2FA5,3FF90786F20C8882,3FF800000000001
$C05C0DDEA3CCBCD6,400FF3F7D8BB8B31,3FFA00016560108D,3FF800000000001
$C05C1D577CF3BB3F,400FCA03727ACE85,3FFAF87BD8B398A6,3FF800000000001
$C05C2CB4B3B33B9A,400F821E9327E6FB,3FFBF0F64C0720B,3FF800000000001
$C05C3BE7CFB2DE7C,400F1C8CF0AD757F,3FFCE970BF5AA8CE,3FF800000000001
$C05C4AE28041D0B9,400E99AE33AD876B,3FFDE1EB32AE30D2,3FF800000000001
$C05C5996A9D23DE2,400DF9FD9D69EAB1,3FFEDA65A601B8E,3FF800000000001
$C05C67F67342B73D,400D3E1193AEF731,3FFFD2E0195540EE,3FF800000000001
$C05C75F452E90BDB,400C669B132E211F,400065AD4654648C,3FF800000000001
$C05C83831B524923,400B746508CDBBEB,4000E1EA7FFE2891,3FF800000000001
$C05C909607ABE1DD,400A6853928AEAE5,40015E27B9A7EC92,3FF800000000001
$C05C9D20C7CA4B55,4009436328A1BEA8,4001DA64F351B09C,3FF800000000001
$C05CA9178BC1BD2F,400806A7AFC5D6E6,400256A22CFB74A5,3FF800000000001
$C05CB46F0F0627EF,4006B34B754B79D7,4002D2DF66A538B1,3FF800000000001
$C05CBF1CA307E7E9,40054A8E1635D9A,40034F1CA04EFCB3,3FF800000000001
$C05CC9163943360B,4003CDC352332054,4003CB59D9F8C0BC,3FF800000000001
$C05CD2526CB8DCD9,40023E51CBA1C28E,4004479713A284CA,3FF800000000001
$C05CDAC88AC7460F,40009DB1B5CC74C,4004C3D44D4C48D2,3FF800000000001
$C05CE2709B5B8BA,3FFDDAD6E535BFAB,4005401186F60CD1,3FF800000000001
$C05CE9436872D511,3FFA5E2C42098D02,4005BC4EC09FD0DC,3FF800000000001
$C05CEF3A84E4EF83,3FF6C8AC3B474E67,4006388BFA4994E8,3FF800000000001
$C05CF4505271BB29,3FF31DB6ED97F296,4006B4C933F358F,3FF800000000001
$C05CF880070BBAC6,3FEEC181568B8B8F,400731066D9D1CF7,3FF800000000001
$C05CFBC5B15AC982,3FE72A9D76BE8F9E,4007AD43A746E101,3FF800000000001
$C05CFE1E3C72B789,3FDEFBD023874E39,40082980E0F0A507,3FF800000000001
$C05CFF8772BA4E3A,3FCF0A6E285C4337,4008A5BE1A9A691,3FF800000000001
$C05CFFFFFFFFFFFD,BCC1A62633145C0C,400921FB54442D18,3FF800000000001
4 38 233
4 39 151
4 40 243
4 41 631
4 42 0
4 43 0
3 32 ->
4 33 628
4 34 4
4 35 0
4 36 [2]
$1,-1
4 37 [53][4]
$0,0,C05AFFFFFFFFFFFC,C049
$3FA87235DC87DA88,0,C05B004AAFFFAF25,C048E7902ACAA9AD
$3FBBC0C2237C6E5C,0,C05B0180BC869624,C048C89A4CE5778E
$3FC5A434AC5A779B,0,C05B03A6793F8154,C048A9D89B7C5F5C
$3FCD680846F6B82B,0,C05B06B9E06AC623,C0488B680E17D02B
$3FD295EDF0C97C6,0,C05B0AB80C729F9D,C0486D654FD4E6F5
$3FD677D7BE179CA6,0,C05B0F9D3AA59D58,C0484FECA4655F32
$3FDA59C18B65BCD6,0,C05B1564CEC1504A,C0483319CD70EA45
$3FDE3BAB58B3DD48,0,C05B1C095749DFBA,C0481707F070FFD3
$3FE10ECA9300FEBD,0,C05B238492AA6F4D,C047FBD17D1FC5D8
$3FE2FFBF79A80ED1,0,C05B2BCF75198243,C047E190149224A6
$3FE4F0B4604F1F0B,0,C05B34E22F3BCF2B,C047C85C711479E7
$3FE6E1A946F62F16,0,C05B3EB4357F441F,C047B04E4EE0A65D
$3FE8D29E2D9D3F3D,0,C05B493C48274E22,C047997C55C3654F
$3FEAC39314444F69,0,C05B54707C02CF24,C04783FC03C5FB78
$3FECB487FAEB5F99,0,C05B604643C38E86,C0476FE198F055C3
$3FEEA57CE1926FBB,0,C05B6CB279EE57DF,C0475D400436A854
$3FF04B38E41CBFEB,0,C05B79A96B5A6BD1,C0474C28D1A4840C
$3FF143B357704802,0,C05B871EE2365FF9,C0473CAC19D62DE
$3FF23C2DCAC3D019,0,C05B950631880D31,C0472ED872CFC877
$3FF334A83E175819,0,C05BA352411CB785,C04722BAE2409718
$3FF42D22B16AE01F,0,C05BB1F599DE3192,C047185ED13F4A04
$3FF5259D24BE6844,0,C05BC0E272815DD,C0470FCE018AE131
$3FF61E179811F04B,0,C05BD00ABC821C37,C0470910845A4486
$3FF716920B657865,0,C05BDF60316069CE,C047042CB2C338FB
$3FF80F0C7EB90065,0,C05BEED460123A1,C047012727BFDAA9
$3FF90786F20C8882,0,C05BFE58BA9D60C6,C0470002BBD83D06
$3FFA00016560108D,0,C05C0DDEA3CCBCD6,C04700C08274474E
$3FFAF87BD8B398A6,0,C05C1D577CF3BB3F,C047035FC8D85318
$3FFBF0F64C0720B,0,C05C2CB4B3B33B9A,C04707DE16CD8191
$3FFCE970BF5AA8CD,0,C05C3BE7CFB2DE7C,C0470E3730F528A8
$3FFDE1EB32AE30D1,0,C05C4AE28041D0B9,C04716651CC52789
$3FFEDA65A601B8E,0,C05C5996A9D23DE2,C047206026296156
$3FFFD2E0195540EF,0,C05C67F67342B73D,C0472C1EE6C5108D
$400065AD4654648C,0,C05C75F452E90BDB,C04739964ECD1DEE
$4000E1EA7FFE2891,0,C05C83831B524923,C04748B9AF732441
$40015E27B9A7EC93,0,C05C909607ABE1DD,C047597AC6D75152
$4001DA64F351B09D,0,C05C9D20C7CA4B55,C0476BC9CD75E416
$400256A22CFB74A6,0,C05CA9178BC1BD2F,C0477F958503A292
$4002D2DF66A538B1,0,C05CB46F0F0627EF,C04794CB48AB4863
$40034F1CA04EFCB4,0,C05CBF1CA307E7E9,C047AB571E9CA266
$4003CB59D9F8C0BD,0,C05CC9163943360B,C047C323CADCCDFB
$4004479713A284CB,0,C05CD2526CB8DCD9,C047DC1AE345E3D8
$4004C3D44D4C48D2,0,C05CDAC88AC7460F,C047F624E4A338B4
$4005401186F60CD5,0,C05CE2709B5B8BA,C048112948D65203
$4005BC4EC09FD0E1,0,C05CE9436872D511,C0482D0E9DEFB399
$4006388BFA4994E8,0,C05CEF3A84E4EF83,C04849BA9E25C58D
$4006B4C933F358F1,0,C05CF4505271BB29,C04867124893406C
$400731066D9D1CF9,0,C05CF880070BBAC6,C04884F9FAA5D1D2
$4007AD43A746E101,0,C05CFBC5B15AC982,C048A3558A2505C2
$40082980E0F0A509,0,C05CFE1E3C72B789,C048C2085FB8F164
$4008A5BE1A9A6911,0,C05CFF8772BA4E3A,C048E0F591D7A3BD
$400921FB54442D18,0,C05CFFFFFFFFFFFD,C049
4 38 156
4 39 228
4 40 158
4 41 90
4 42 0
4 43 0
3 32 ->
4 33 627
4 34 4
4 35 0
4 36 [2]
$1,-1
4 37 [53][4]
$0,0,C05AFFFFFFFFFFFC,C049
$3FA87235DC87DA88,0,C05B004AAFFFAF25,C048E7902ACAA9AD
$3FBBC0C2237C6E5C,0,C05B0180BC869624,C048C89A4CE5778E
$3FC5A434AC5A779B,0,C05B03A6793F8154,C048A9D89B7C5F5C
$3FCD680846F6B82B,0,C05B06B9E06AC623,C0488B680E17D02B
$3FD295EDF0C97C6,0,C05B0AB80C729F9D,C0486D654FD4E6F5
$3FD677D7BE179CA6,0,C05B0F9D3AA59D58,C0484FECA4655F32
$3FDA59C18B65BCD6,0,C05B1564CEC1504A,C0483319CD70EA45
$3FDE3BAB58B3DD48,0,C05B1C095749DFBA,C0481707F070FFD3
$3FE10ECA9300FEBD,0,C05B238492AA6F4D,C047FBD17D1FC5D8
$3FE2FFBF79A80ED1,0,C05B2BCF75198243,C047E190149224A6
$3FE4F0B4604F1F0B,0,C05B34E22F3BCF2B,C047C85C711479E7
$3FE6E1A946F62F16,0,C05B3EB4357F441F,C047B04E4EE0A65D
$3FE8D29E2D9D3F3D,0,C05B493C48274E22,C047997C55C3654F
$3FEAC39314444F69,0,C05B54707C02CF24,C04783FC03C5FB78
$3FECB487FAEB5F99,0,C05B604643C38E86,C0476FE198F055C3
$3FEEA57CE1926FBB,0,C05B6CB279EE57DF,C0475D400436A854
$3FF04B38E41CBFEB,0,C05B79A96B5A6BD1,C0474C28D1A4840C
$3FF143B357704802,0,C05B871EE2365FF9,C0473CAC19D62DE
$3FF23C2DCAC3D019,0,C05B950631880D31,C0472ED872CFC877
$3FF334A83E175819,0,C05BA352411CB785,C04722BAE2409718
$3FF42D22B16AE01F,0,C05BB1F599DE3192,C047185ED13F4A04
$3FF5259D24BE6844,0,C05BC0E272815DD,C0470FCE018AE131
$3FF61E179811F04B,0,C05BD00ABC821C37,C0470910845A4486
$3FF716920B657865,0,C05BDF60316069CE,C047042CB2C338FB
$3FF80F0C7EB90065,0,C05BEED460123A1,C047012727BFDAA9
$3FF90786F20C8882,0,C05BFE58BA9D60C6,C0470002BBD83D06
$3FFA00016560108D,0,C05C0DDEA3CCBCD6,C04700C08274474E
$3FFAF87BD8B398A6,0,C05C1D577CF3BB3F,C047035FC8D85318
$3FFBF0F64C0720B,0,C05C2CB4B3B33B9A,C04707DE16CD8191
$3FFCE970BF5AA8CD,0,C05C3BE7CFB2DE7C,C0470E3730F528A8
$3FFDE1EB32AE30D1,0,C05C4AE28041D0B9,C04716651CC52789
$3FFEDA65A601B8E,0,C05C5996A9D23DE2,C047206026296156
$3FFFD2E0195540EF,0,C05C67F67342B73D,C0472C1EE6C5108D
$400065AD4654648C,0,C05C75F452E90BDB,C04739964ECD1DEE
$4000E1EA7FFE2891,0,C05C83831B524923,C04748B9AF732441
$40015E27B9A7EC93,0,C05C909607ABE1DD,C047597AC6D75152
$4001DA64F351B09D,0,C05C9D20C7CA4B55,C0476BC9CD75E416
$400256A22CFB74A6,0,C05CA9178BC1BD2F,C0477F958503A292
$4002D2DF66A538B1,0,C05CB46F0F0627EF,C04794CB48AB4863
$40034F1CA04EFCB4,0,C05CBF1CA307E7E9,C047AB571E9CA266
$4003CB59D9F8C0BD,0,C05CC9163943360B,C047C323CADCCDFB
$4004479713A284CB,0,C05CD2526CB8DCD9,C047DC1AE345E3D8
$4004C3D44D4C48D2,0,C05CDAC88AC7460F,C047F624E4A338B4
$4005401186F60CD5,0,C05CE2709B5B8BA,C048112948D65203
$4005BC4EC09FD0E1,0,C05CE9436872D511,C0482D0E9DEFB399
$4006388BFA4994E8,0,C05CEF3A84E4EF83,C04849BA9E25C58D
$4006B4C933F358F1,0,C05CF4505271BB29,C04867124893406C
$400731066D9D1CF9,0,C05CF880070BBAC6,C04884F9FAA5D1D2
$4007AD43A746E101,0,C05CFBC5B15AC982,C048A3558A2505C2
$40082980E0F0A509,0,C05CFE1E3C72B789,C048C2085FB8F164
$4008A5BE1A9A6911,0,C05CFF8772BA4E3A,C048E0F591D7A3BD
$400921FB54442D18,0,C05CFFFFFFFFFFFD,C049
4 38 155
4 39 227
4 40 157
4 41 89
4 42 0
4 43 0
3 32 ->
4 33 630
4 34 4
4 35 0
4 36 [2]
$1,-1
4 37 [53][4]
$C05AFFFFFFFFFFFC,C049,0,3FF800000000001
$C05B004AAFFFAF25,C048E7902ACAA9AD,3FA87235DC87DA88,3FF800000000001
$C05B0180BC869624,C048C89A4CE5778E,3FBBC0C2237C6E5C,3FF800000000001
$C05B03A6793F8154,C048A9D89B7C5F5C,3FC5A434AC5A779B,3FF800000000001
$C05B06B9E06AC623,C0488B680E17D02B,3FCD680846F6B82B,3FF800000000001
$C05B0AB80C729F9D,C0486D654FD4E6F5,3FD295EDF0C97C6,3FF800000000001
$C05B0F9D3AA59D58,C0484FECA4655F32,3FD677D7BE179CA6,3FF800000000001
$C05B1564CEC1504A,C0483319CD70EA45,3FDA59C18B65BCD6,3FF800000000001
$C05B1C095749DFBA,C0481707F070FFD3,3FDE3BAB58B3DD48,3FF800000000001
$C05B238492AA6F4D,C047FBD17D1FC5D8,3FE10ECA9300FEBD,3FF800000000001
$C05B2BCF75198243,C047E190149224A6,3FE2FFBF79A80ED1,3FF800000000001
$C05B34E22F3BCF2B,C047C85C711479E7,3FE4F0B4604F1F0B,3FF800000000001
$C05B3EB4357F441F,C047B04E4EE0A65D,3FE6E1A946F62F16,3FF800000000001
$C05B493C48274E22,C047997C55C3654F,3FE8D29E2D9D3F3D,3FF800000000001
$C05B54707C02CF24,C04783FC03C5FB78,3FEAC39314444F69,3FF800000000001
$C05B604643C38E86,C0476FE198F055C3,3FECB487FAEB5F99,3FF800000000001
$C05B6CB279EE57DF,C0475D400436A854,3FEEA57CE1926FBB,3FF800000000001
$C05B79A96B5A6BD1,C0474C28D1A4840C,3FF04B38E41CBFEB,3FF800000000001
$C05B871EE2365FF9,C0473CAC19D62DE,3FF143B357704802,3FF800000000001
$C05B950631880D31,C0472ED872CFC877,3FF23C2DCAC3D019,3FF800000000001
$C05BA352411CB785,C04722BAE2409718,3FF334A83E175819,3FF800000000001
$C05BB1F599DE3192,C047185ED13F4A04,3FF42D22B16AE01F,3FF800000000001
$C05BC0E272815DD,C0470FCE018AE131,3FF5259D24BE6844,3FF800000000001
$C05BD00ABC821C37,C0470910845A4486,3FF61E179811F04B,3FF800000000001
$C05BDF60316069CE,C047042CB2C338FB,3FF716920B657865,3FF800000000001
$C05BEED460123A1,C047012727BFDAA9,3FF80F0C7EB90065,3FF800000000001
$C05BFE58BA9D60C6,C0470002BBD83D06,3FF90786F20C8882,3FF800000000001
$C05C0DDEA3CCBCD6,C04700C08274474E,3FFA00016560108D,3FF800000000001
$C05C1D577CF3BB3F,C047035FC8D85318,3FFAF87BD8B398A6,3FF800000000001
$C05C2CB4B3B33B9A,C04707DE16CD8191,3FFBF0F64C0720B,3FF800000000001
$C05C3BE7CFB2DE7C,C0470E3730F528A8,3FFCE970BF5AA8CD,3FF800000000001
$C05C4AE28041D0B9,C04716651CC52789,3FFDE1EB32AE30D1,3FF800000000001
$C05C5996A9D23DE2,C047206026296156,3FFEDA65A601B8E,3FF800000000001
$C05C67F67342B73D,C0472C1EE6C5108D,3FFFD2E0195540EF,3FF800000000001
$C05C75F452E90BDB,C04739964ECD1DEE,400065AD4654648C,3FF800000000001
$C05C83831B524923,C04748B9AF732441,4000E1EA7FFE2891,3FF800000000001
$C05C909607ABE1DD,C047597AC6D75152,40015E27B9A7EC93,3FF800000000001
$C05C9D20C7CA4B55,C0476BC9CD75E416,4001DA64F351B09D,3FF800000000001
$C05CA9178BC1BD2F,C0477F958503A292,400256A22CFB74A6,3FF800000000001
$C05CB46F0F0627EF,C04794CB48AB4863,4002D2DF66A538B1,3FF800000000001
$C05CBF1CA307E7E9,C047AB571E9CA266,40034F1CA04EFCB4,3FF800000000001
$C05CC9163943360B,C047C323CADCCDFB,4003CB59D9F8C0BD,3FF800000000001
$C05CD2526CB8DCD9,C047DC1AE345E3D8,4004479713A284CB,3FF800000000001
$C05CDAC88AC7460F,C047F624E4A338B4,4004C3D44D4C48D2,3FF800000000001
$C05CE2709B5B8BA,C048112948D65203,4005401186F60CD5,3FF800000000001
$C05CE9436872D511,C0482D0E9DEFB399,4005BC4EC09FD0E1,3FF800000000001
$C05CEF3A84E4EF83,C04849BA9E25C58D,4006388BFA4994E8,3FF800000000001
$C05CF4505271BB29,C04867124893406C,4006B4C933F358F1,3FF800000000001
$C05CF880070BBAC6,C04884F9FAA5D1D2,400731066D9D1CF9,3FF800000000001
$C05CFBC5B15AC982,C048A3558A2505C2,4007AD43A746E101,3FF800000000001
$C05CFE1E3C72B789,C048C2085FB8F164,40082980E0F0A509,3FF800000000001
$C05CFF8772BA4E3A,C048E0F591D7A3BD,4008A5BE1A9A6911,3FF800000000001
$C05CFFFFFFFFFFFD,C049,400921FB54442D18,3FF800000000001
4 38 234
4 39 156
4 40 242
4 41 626
4 42 0
4 43 0
3 32 ->
4 33 629
4 34 4
4 35 0
4 36 [2]
$1,-1
4 37 [53][4]
$C05AFFFFFFFFFFFC,C049,0,3FF800000000001
$C05B004AAFFFAF25,C048E7902ACAA9AD,3FA87235DC87DA88,3FF800000000001
$C05B0180BC869624,C048C89A4CE5778E,3FBBC0C2237C6E5C,3FF800000000001
$C05B03A6793F8154,C048A9D89B7C5F5C,3FC5A434AC5A779B,3FF800000000001
$C05B06B9E06AC623,C0488B680E17D02B,3FCD680846F6B82B,3FF800000000001
$C05B0AB80C729F9D,C0486D654FD4E6F5,3FD295EDF0C97C6,3FF800000000001
$C05B0F9D3AA59D58,C0484FECA4655F32,3FD677D7BE179CA6,3FF800000000001
$C05B1564CEC1504A,C0483319CD70EA45,3FDA59C18B65BCD6,3FF800000000001
$C05B1C095749DFBA,C0481707F070FFD3,3FDE3BAB58B3DD48,3FF800000000001
$C05B238492AA6F4D,C047FBD17D1FC5D8,3FE10ECA9300FEBD,3FF800000000001
$C05B2BCF75198243,C047E190149224A6,3FE2FFBF79A80ED1,3FF800000000001
$C05B34E22F3BCF2B,C047C85C711479E7,3FE4F0B4604F1F0B,3FF800000000001
$C05B3EB4357F441F,C047B04E4EE0A65D,3FE6E1A946F62F16,3FF800000000001
$C05B493C48274E22,C047997C55C3654F,3FE8D29E2D9D3F3D,3FF800000000001
$C05B54707C02CF24,C04783FC03C5FB78,3FEAC39314444F69,3FF800000000001
$C05B604643C38E86,C0476FE198F055C3,3FECB487FAEB5F99,3FF800000000001
$C05B6CB279EE57DF,C0475D400436A854,3FEEA57CE1926FBB,3FF800000000001
$C05B79A96B5A6BD1,C0474C28D1A4840C,3FF04B38E41CBFEB,3FF800000000001
$C05B871EE2365FF9,C0473CAC19D62DE,3FF143B357704802,3FF800000000001
$C05B950631880D31,C0472ED872CFC877,3FF23C2DCAC3D019,3FF800000000001
$C05BA352411CB785,C04722BAE2409718,3FF334A83E175819,3FF800000000001
$C05BB1F599DE3192,C047185ED13F4A04,3FF42D22B16AE01F,3FF800000000001
$C05BC0E272815DD,C0470FCE018AE131,3FF5259D24BE6844,3FF800000000001
$C05BD00ABC821C37,C0470910845A4486,3FF61E179811F04B,3FF800000000001
$C05BDF60316069CE,C047042CB2C338FB,3FF716920B657865,3FF800000000001
$C05BEED460123A1,C047012727BFDAA9,3FF80F0C7EB90065,3FF800000000001
$C05BFE58BA9D60C6,C0470002BBD83D06,3FF90786F20C8882,3FF800000000001
$C05C0DDEA3CCBCD6,C04700C08274474E,3FFA00016560108D,3FF800000000001
$C05C1D577CF3BB3F,C047035FC8D85318,3FFAF87BD8B398A6,3FF800000000001
$C05C2CB4B3B33B9A,C04707DE16CD8191,3FFBF0F64C0720B,3FF800000000001
$C05C3BE7CFB2DE7C,C0470E3730F528A8,3FFCE970BF5AA8CD,3FF800000000001
$C05C4AE28041D0B9,C04716651CC52789,3FFDE1EB32AE30D1,3FF800000000001
$C05C5996A9D23DE2,C047206026296156,3FFEDA65A601B8E,3FF800000000001
$C05C67F67342B73D,C0472C1EE6C5108D,3FFFD2E0195540EF,3FF800000000001
$C05C75F452E90BDB,C04739964ECD1DEE,400065AD4654648C,3FF800000000001
$C05C83831B524923,C04748B9AF732441,4000E1EA7FFE2891,3FF800000000001
$C05C909607ABE1DD,C047597AC6D75152,40015E27B9A7EC93,3FF800000000001
$C05C9D20C7CA4B55,C0476BC9CD75E416,4001DA64F351B09D,3FF800000000001
$C05CA9178BC1BD2F,C0477F958503A292,400256A22CFB74A6,3FF800000000001
$C05CB46F0F0627EF,C04794CB48AB4863,4002D2DF66A538B1,3FF800000000001
$C05CBF1CA307E7E9,C047AB571E9CA266,40034F1CA04EFCB4,3FF800000000001
$C05CC9163943360B,C047C323CADCCDFB,4003CB59D9F8C0BD,3FF800000000001
$C05CD2526CB8DCD9,C047DC1AE345E3D8,4004479713A284CB,3FF800000000001
$C05CDAC88AC7460F,C047F624E4A338B4,4004C3D44D4C48D2,3FF800000000001
$C05CE2709B5B8BA,C048112948D65203,4005401186F60CD5,3FF800000000001
$C05CE9436872D511,C0482D0E9DEFB399,4005BC4EC09FD0E1,3FF800000000001
$C05CEF3A84E4EF83,C04849BA9E25C58D,4006388BFA4994E8,3FF800000000001
$C05CF4505271BB29,C04867124893406C,4006B4C933F358F1,3FF800000000001
$C05CF880070BBAC6,C04884F9FAA5D1D2,400731066D9D1CF9,3FF800000000001
$C05CFBC5B15AC982,C048A3558A2505C2,4007AD43A746E101,3FF800000000001
$C05CFE1E3C72B789,C048C2085FB8F164,40082980E0F0A509,3FF800000000001
$C05CFF8772BA4E3A,C048E0F591D7A3BD,4008A5BE1A9A6911,3FF800000000001
$C05CFFFFFFFFFFFD,C049,400921FB54442D18,3FF800000000001
4 38 233
4 39 155
4 40 241
4 41 625
4 42 0
4 43 0
3 32 ->
4 33 622
4 34 4
4 35 0
4 36 [2]
$1,-1
4 37 [53][4]
$0,0,C05AFFFFFFFFFFFC,C059
$3FA87235DC87DB87,0,C05B004AAFFFAF25,C058F3C8156554D6
$3FBBC0C2237C6E5C,0,C05B0180BC869624,C058E44D2672BBC7
$3FC5A434AC5A779B,0,C05B03A6793F8154,C058D4EC4DBE2FAE
$3FCD680846F6B7ED,0,C05B06B9E06AC623,C058C5B4070BE816
$3FD295EDF0C97C41,0,C05B0AB80C729F9D,C058B6B2A7EA737B
$3FD677D7BE179CA6,0,C05B0F9D3AA59D58,C058A7F65232AF99
$3FDA59C18B65BCB8,0,C05B1564CEC1504A,C058998CE6B87523
$3FDE3BAB58B3DD0E,0,C05B1C095749DFBA,C0588B83F8387FEA
$3FE10ECA9300FEAF,0,C05B238492AA6F4D,C0587DE8BE8FE2EC
$3FE2FFBF79A80ED1,0,C05B2BCF75198243,C05870C80A491253
$3FE4F0B4604F1EEA,0,C05B34E22F3BCF2B,C058642E388A3CF4
$3FE6E1A946F62F22,0,C05B3EB4357F441F,C05858272770532E
$3FE8D29E2D9D3F31,0,C05B493C48274E22,C0584CBE2AE1B2A8
$3FEAC39314444F74,0,C05B54707C02CF24,C05841FE01E2FDBC
$3FECB487FAEB5F99,0,C05B604643C38E86,C05837F0CC782AE1
$3FEEA57CE1926FB1,0,C05B6CB279EE57DF,C0582EA0021B542A
$3FF04B38E41CBFEB,0,C05B79A96B5A6BD1,C058261468D24206
$3FF143B3577047FE,0,C05B871EE2365FF9,C0581E560CEB16F
$3FF23C2DCAC3D019,0,C05B950631880D31,C058176C3967E43C
$3FF334A83E175819,0,C05BA352411CB785,C058115D71204B8C
$3FF42D22B16AE01F,0,C05BB1F599DE3192,C0580C2F689FA502
$3FF5259D24BE6845,0,C05BC0E272815DD,C05807E700C57099
$3FF61E179811F04C,0,C05BD00ABC821C37,C0580488422D2243
$3FF716920B657866,0,C05BDF60316069CE,C058021659619C7E
$3FF80F0C7EB90065,0,C05BEED460123A1,C058009393DFED54
$3FF90786F20C8882,0,C05BFE58BA9D60C6,C05800015DEC1E84
$3FFA00016560108C,0,C05C0DDEA3CCBCD6,C0580060413A23A7
$3FFAF87BD8B398A6,0,C05C1D577CF3BB3F,C05801AFE46C298C
$3FFBF0F64C0720B,0,C05C2CB4B3B33B9A,C05803EF0B66C0C9
$3FFCE970BF5AA8CD,0,C05C3BE7CFB2DE7C,C058071B987A9454
$3FFDE1EB32AE30D3,0,C05C4AE28041D0B9,C0580B328E6293C5
$3FFEDA65A601B8DD,0,C05C5996A9D23DE2,C05810301314B0AB
$3FFFD2E0195540EB,0,C05C67F67342B73D,C058160F73628847
$400065AD4654648D,0,C05C75F452E90BDB,C0581CCB27668EF8
$4000E1EA7FFE2891,0,C05C83831B524923,C058245CD7B99221
$40015E27B9A7EC93,0,C05C909607ABE1DD,C0582CBD636BA8A9
$4001DA64F351B09D,0,C05C9D20C7CA4B55,C05835E4E6BAF20B
$400256A22CFB74A6,0,C05CA9178BC1BD2F,C0583FCAC281D149
$4002D2DF66A538B4,0,C05CB46F0F0627EF,C0584A65A455A432
$40034F1CA04EFCBF,0,C05CBF1CA307E7E9,C05855AB8F4E5134
$4003CB59D9F8C0C,0,C05CC9163943360B,C0586191E56E66FE
$4004479713A284CB,0,C05CD2526CB8DCD9,C0586E0D71A2F1EC
$4004C3D44D4C48D5,0,C05CDAC88AC7460F,C0587B1272519C5A
$4005401186F60CD1,0,C05CE2709B5B8BA,C0588894A46B2901
$4005BC4EC09FD0E8,0,C05CE9436872D511,C05896874EF7D9CD
$4006388BFA4994E4,0,C05CEF3A84E4EF83,C058A4DD4F12E2C6
$4006B4C933F358F1,0,C05CF4505271BB29,C058B3892449A036
$400731066D9D1CF9,0,C05CF880070BBAC6,C058C27CFD52E8E9
$4007AD43A746E101,0,C05CFBC5B15AC982,C058D1AAC51282E1
$40082980E0F0A509,0,C05CFE1E3C72B789,C058E1042FDC78B2
$4008A5BE1A9A690D,0,C05CFF8772BA4E3A,C058F07AC8EBD1DE
$400921FB54442D18,0,C05CFFFFFFFFFFFD,C059
4 38 160
4 39 228
4 40 162
4 41 86
4 42 0
4 43 0
3 32 ->
4 33 621
4 34 4
4 35 0
4 36 [2]
$1,-1
4 37 [53][4]
$0,0,C05AFFFFFFFFFFFC,C059
$3FA87235DC87DB87,0,C05B004AAFFFAF25,C058F3C8156554D6
$3FBBC0C2237C6E5C,0,C05B0180BC869624,C058E44D2672BBC7
$3FC5A434AC5A779B,0,C05B03A6793F8154,C058D4EC4DBE2FAE
$3FCD680846F6B7ED,0,C05B06B9E06AC623,C058C5B4070BE816
$3FD295EDF0C97C41,0,C05B0AB80C729F9D,C058B6B2A7EA737B
$3FD677D7BE179CA6,0,C05B0F9D3AA59D58,C058A7F65232AF99
$3FDA59C18B65BCB8,0,C05B1564CEC1504A,C058998CE6B87523
$3FDE3BAB58B3DD0E,0,C05B1C095749DFBA,C0588B83F8387FEA
$3FE10ECA9300FEAF,0,C05B238492AA6F4D,C0587DE8BE8FE2EC
$3FE2FFBF79A80ED1,0,C05B2BCF75198243,C05870C80A491253
$3FE4F0B4604F1EEA,0,C05B34E22F3BCF2B,C058642E388A3CF4
$3FE6E1A946F62F22,0,C05B3EB4357F441F,C05858272770532E
$3FE8D29E2D9D3F31,0,C05B493C48274E22,C0584CBE2AE1B2A8
$3FEAC39314444F74,0,C05B54707C02CF24,C05841FE01E2FDBC
$3FECB487FAEB5F99,0,C05B604643C38E86,C05837F0CC782AE1
$3FEEA57CE1926FB1,0,C05B6CB279EE57DF,C0582EA0021B542A
$3FF04B38E41CBFEB,0,C05B79A96B5A6BD1,C058261468D24206
$3FF143B3577047FE,0,C05B871EE2365FF9,C0581E560CEB16F
$3FF23C2DCAC3D019,0,C05B950631880D31,C058176C3967E43C
$3FF334A83E175819,0,C05BA352411CB785,C058115D71204B8C
$3FF42D22B16AE01F,0,C05BB1F599DE3192,C0580C2F689FA502
$3FF5259D24BE6845,0,C05BC0E272815DD,C05807E700C57099
$3FF61E179811F04C,0,C05BD00ABC821C37,C0580488422D2243
$3FF716920B657866,0,C05BDF60316069CE,C058021659619C7E
$3FF80F0C7EB90065,0,C05BEED460123A1,C058009393DFED54
$3FF90786F20C8882,0,C05BFE58BA9D60C6,C05800015DEC1E84
$3FFA00016560108C,0,C05C0DDEA3CCBCD6,C0580060413A23A7
$3FFAF87BD8B398A6,0,C05C1D577CF3BB3F,C05801AFE46C298C
$3FFBF0F64C0720B,0,C05C2CB4B3B33B9A,C05803EF0B66C0C9
$3FFCE970BF5AA8CD,0,C05C3BE7CFB2DE7C,C058071B987A9454
$3FFDE1EB32AE30D3,0,C05C4AE28041D0B9,C0580B328E6293C5
$3FFEDA65A601B8DD,0,C05C5996A9D23DE2,C05810301314B0AB
$3FFFD2E0195540EB,0,C05C67F67342B73D,C058160F73628847
$400065AD4654648D,0,C05C75F452E90BDB,C0581CCB27668EF8
$4000E1EA7FFE2891,0,C05C83831B524923,C058245CD7B99221
$40015E27B9A7EC93,0,C05C909607ABE1DD,C0582CBD636BA8A9
$4001DA64F351B09D,0,C05C9D20C7CA4B55,C05835E4E6BAF20B
$400256A22CFB74A6,0,C05CA9178BC1BD2F,C0583FCAC281D149
$4002D2DF66A538B4,0,C05CB46F0F0627EF,C0584A65A455A432
$40034F1CA04EFCBF,0,C05CBF1CA307E7E9,C05855AB8F4E5134
$4003CB59D9F8C0C,0,C05CC9163943360B,C0586191E56E66FE
$4004479713A284CB,0,C05CD2526CB8DCD9,C0586E0D71A2F1EC
$4004C3D44D4C48D5,0,C05CDAC88AC7460F,C0587B1272519C5A
$4005401186F60CD1,0,C05CE2709B5B8BA,C0588894A46B2901
$4005BC4EC09FD0E8,0,C05CE9436872D511,C05896874EF7D9CD
$4006388BFA4994E4,0,C05CEF3A84E4EF83,C058A4DD4F12E2C6
$4006B4C933F358F1,0,C05CF4505271BB29,C058B3892449A036
$400731066D9D1CF9,0,C05CF880070BBAC6,C058C27CFD52E8E9
$4007AD43A746E101,0,C05CFBC5B15AC982,C058D1AAC51282E1
$40082980E0F0A509,0,C05CFE1E3C72B789,C058E1042FDC78B2
$4008A5BE1A9A690D,0,C05CFF8772BA4E3A,C058F07AC8EBD1DE
$400921FB54442D18,0,C05CFFFFFFFFFFFD,C059
4 38 159
4 39 227
4 40 161
4 41 85
4 42 0
4 43 0
3 32 ->
4 33 624
4 34 4
4 35 0
4 36 [2]
$1,-1
4 37 [53][4]
$C05AFFFFFFFFFFFC,C059,0,3FF800000000001
$C05B004AAFFFAF25,C058F3C8156554D6,3FA87235DC87DB87,3FF800000000001
$C05B0180BC869624,C058E44D2672BBC7,3FBBC0C2237C6E5C,3FF800000000001
$C05B03A6793F8154,C058D4EC4DBE2FAE,3FC5A434AC5A779B,3FF800000000001
$C05B06B9E06AC623,C058C5B4070BE816,3FCD680846F6B7ED,3FF800000000001
$C05B0AB80C729F9D,C058B6B2A7EA737B,3FD295EDF0C97C41,3FF800000000001
$C05B0F9D3AA59D58,C058A7F65232AF99,3FD677D7BE179CA6,3FF800000000001
$C05B1564CEC1504A,C058998CE6B87523,3FDA59C18B65BCB8,3FF800000000001
$C05B1C095749DFBA,C0588B83F8387FEA,3FDE3BAB58B3DD0E,3FF800000000001
$C05B238492AA6F4D,C0587DE8BE8FE2EC,3FE10ECA9300FEAF,3FF800000000001
$C05B2BCF75198243,C05870C80A491253,3FE2FFBF79A80ED1,3FF800000000001
$C05B34E22F3BCF2B,C058642E388A3CF4,3FE4F0B4604F1EEA,3FF800000000001
$C05B3EB4357F441F,C05858272770532E,3FE6E1A946F62F22,3FF800000000001
$C05B493C48274E22,C0584CBE2AE1B2A8,3FE8D29E2D9D3F31,3FF800000000001
$C05B54707C02CF24,C05841FE01E2FDBC,3FEAC39314444F74,3FF800000000001
$C05B604643C38E86,C05837F0CC782AE1,3FECB487FAEB5F99,3FF800000000001
$C05B6CB279EE57DF,C0582EA0021B542A,3FEEA57CE1926FB1,3FF800000000001
$C05B79A96B5A6BD1,C058261468D24206,3FF04B38E41CBFEB,3FF800000000001
$C05B871EE2365FF9,C0581E560CEB16F,3FF143B3577047FE,3FF800000000001
$C05B950631880D31,C058176C3967E43C,3FF23C2DCAC3D019,3FF800000000001
$C05BA352411CB785,C058115D71204B8C,3FF334A83E175819,3FF800000000001
$C05BB1F599DE3192,C0580C2F689FA502,3FF42D22B16AE01F,3FF800000000001
$C05BC0E272815DD,C05807E700C57099,3FF5259D24BE6845,3FF800000000001
$C05BD00ABC821C37,C0580488422D2243,3FF61E179811F04C,3FF800000000001
$C05BDF60316069CE,C058021659619C7E,3FF716920B657866,3FF800000000001
$C05BEED460123A1,C058009393DFED54,3FF80F0C7EB90065,3FF800000000001
$C05BFE58BA9D60C6,C05800015DEC1E84,3FF90786F20C8882,3FF800000000001
$C05C0DDEA3CCBCD6,C0580060413A23A7,3FFA00016560108C,3FF800000000001
$C05C1D577CF3BB3F,C05801AFE46C298C,3FFAF87BD8B398A6,3FF800000000001
$C05C2CB4B3B33B9A,C05803EF0B66C0C9,3FFBF0F64C0720B,3FF800000000001
$C05C3BE7CFB2DE7C,C058071B987A9454,3FFCE970BF5AA8CD,3FF800000000001
$C05C4AE28041D0B9,C0580B328E6293C5,3FFDE1EB32AE30D3,3FF800000000001
$C05C5996A9D23DE2,C05810301314B0AB,3FFEDA65A601B8DD,3FF800000000001
$C05C67F67342B73D,C058160F73628847,3FFFD2E0195540EB,3FF800000000001
$C05C75F452E90BDB,C0581CCB27668EF8,400065AD4654648D,3FF800000000001
$C05C83831B524923,C058245CD7B99221,4000E1EA7FFE2891,3FF800000000001
$C05C909607ABE1DD,C0582CBD636BA8A9,40015E27B9A7EC93,3FF800000000001
$C05C9D20C7CA4B55,C05835E4E6BAF20B,4001DA64F351B09D,3FF800000000001
$C05CA9178BC1BD2F,C0583FCAC281D149,400256A22CFB74A6,3FF800000000001
$C05CB46F0F0627EF,C0584A65A455A432,4002D2DF66A538B4,3FF800000000001
$C05CBF1CA307E7E9,C05855AB8F4E5134,40034F1CA04EFCBF,3FF800000000001
$C05CC9163943360B,C0586191E56E66FE,4003CB59D9F8C0C,3FF800000000001
$C05CD2526CB8DCD9,C0586E0D71A2F1EC,4004479713A284CB,3FF800000000001
$C05CDAC88AC7460F,C0587B1272519C5A,4004C3D44D4C48D5,3FF800000000001
$C05CE2709B5B8BA,C0588894A46B2901,4005401186F60CD1,3FF800000000001
$C05CE9436872D511,C05896874EF7D9CD,4005BC4EC09FD0E8,3FF800000000001
$C05CEF3A84E4EF83,C058A4DD4F12E2C6,4006388BFA4994E4,3FF800000000001
$C05CF4505271BB29,C058B3892449A036,4006B4C933F358F1,3FF800000000001
$C05CF880070BBAC6,C058C27CFD52E8E9,400731066D9D1CF9,3FF800000000001
$C05CFBC5B15AC982,C058D1AAC51282E1,4007AD43A746E101,3FF800000000001
$C05CFE1E3C72B789,C058E1042FDC78B2,40082980E0F0A509,3FF800000000001
$C05CFF8772BA4E3A,C058F07AC8EBD1DE,4008A5BE1A9A690D,3FF800000000001
$C05CFFFFFFFFFFFD,C059,400921FB54442D18,3FF800000000001
4 38 234
4 39 160
4 40 240
4 41 620
4 42 0
4 43 0
3 32 ->
4 33 623
4 34 4
4 35 0
4 36 [2]
$1,-1
4 37 [53][4]
$C05AFFFFFFFFFFFC,C059,0,3FF800000000001
$C05B004AAFFFAF25,C058F3C8156554D6,3FA87235DC87DB87,3FF800000000001
$C05B0180BC869624,C058E44D2672BBC7,3FBBC0C2237C6E5C,3FF800000000001
$C05B03A6793F8154,C058D4EC4DBE2FAE,3FC5A434AC5A779B,3FF800000000001
$C05B06B9E06AC623,C058C5B4070BE816,3FCD680846F6B7ED,3FF800000000001
$C05B0AB80C729F9D,C058B6B2A7EA737B,3FD295EDF0C97C41,3FF800000000001
$C05B0F9D3AA59D58,C058A7F65232AF99,3FD677D7BE179CA6,3FF800000000001
$C05B1564CEC1504A,C058998CE6B87523,3FDA59C18B65BCB8,3FF800000000001
$C05B1C095749DFBA,C0588B83F8387FEA,3FDE3BAB58B3DD0E,3FF800000000001
$C05B238492AA6F4D,C0587DE8BE8FE2EC,3FE10ECA9300FEAF,3FF800000000001
$C05B2BCF75198243,C05870C80A491253,3FE2FFBF79A80ED1,3FF800000000001
$C05B34E22F3BCF2B,C058642E388A3CF4,3FE4F0B4604F1EEA,3FF800000000001
$C05B3EB4357F441F,C05858272770532E,3FE6E1A946F62F22,3FF800000000001
$C05B493C48274E22,C0584CBE2AE1B2A8,3FE8D29E2D9D3F31,3FF800000000001
$C05B54707C02CF24,C05841FE01E2FDBC,3FEAC39314444F74,3FF800000000001
$C05B604643C38E86,C05837F0CC782AE1,3FECB487FAEB5F99,3FF800000000001
$C05B6CB279EE57DF,C0582EA0021B542A,3FEEA57CE1926FB1,3FF800000000001
$C05B79A96B5A6BD1,C058261468D24206,3FF04B38E41CBFEB,3FF800000000001
$C05B871EE2365FF9,C0581E560CEB16F,3FF143B3577047FE,3FF800000000001
$C05B950631880D31,C058176C3967E43C,3FF23C2DCAC3D019,3FF800000000001
$C05BA352411CB785,C058115D71204B8C,3FF334A83E175819,3FF800000000001
$C05BB1F599DE3192,C0580C2F689FA502,3FF42D22B16AE01F,3FF800000000001
$C05BC0E272815DD,C05807E700C57099,3FF5259D24BE6845,3FF800000000001
$C05BD00ABC821C37,C0580488422D2243,3FF61E179811F04C,3FF800000000001
$C05BDF60316069CE,C058021659619C7E,3FF716920B657866,3FF800000000001
$C05BEED460123A1,C058009393DFED54,3FF80F0C7EB90065,3FF800000000001
$C05BFE58BA9D60C6,C05800015DEC1E84,3FF90786F20C8882,3FF800000000001
$C05C0DDEA3CCBCD6,C0580060413A23A7,3FFA00016560108C,3FF800000000001
$C05C1D577CF3BB3F,C05801AFE46C298C,3FFAF87BD8B398A6,3FF800000000001
$C05C2CB4B3B33B9A,C05803EF0B66C0C9,3FFBF0F64C0720B,3FF800000000001
$C05C3BE7CFB2DE7C,C058071B987A9454,3FFCE970BF5AA8CD,3FF800000000001
$C05C4AE28041D0B9,C0580B328E6293C5,3FFDE1EB32AE30D3,3FF800000000001
$C05C5996A9D23DE2,C05810301314B0AB,3FFEDA65A601B8DD,3FF800000000001
$C05C67F67342B73D,C058160F73628847,3FFFD2E0195540EB,3FF800000000001
$C05C75F452E90BDB,C0581CCB27668EF8,400065AD4654648D,3FF800000000001
$C05C83831B524923,C058245CD7B99221,4000E1EA7FFE2891,3FF800000000001
$C05C909607ABE1DD,C0582CBD636BA8A9,40015E27B9A7EC93,3FF800000000001
$C05C9D20C7CA4B55,C05835E4E6BAF20B,4001DA64F351B09D,3FF800000000001
$C05CA9178BC1BD2F,C0583FCAC281D149,400256A22CFB74A6,3FF800000000001
$C05CB46F0F0627EF,C0584A65A455A432,4002D2DF66A538B4,3FF800000000001
$C05CBF1CA307E7E9,C05855AB8F4E5134,40034F1CA04EFCBF,3FF800000000001
$C05CC9163943360B,C0586191E56E66FE,4003CB59D9F8C0C,3FF800000000001
$C05CD2526CB8DCD9,C0586E0D71A2F1EC,4004479713A284CB,3FF800000000001
$C05CDAC88AC7460F,C0587B1272519C5A,4004C3D44D4C48D5,3FF800000000001
$C05CE2709B5B8BA,C0588894A46B2901,4005401186F60CD1,3FF800000000001
$C05CE9436872D511,C05896874EF7D9CD,4005BC4EC09FD0E8,3FF800000000001
$C05CEF3A84E4EF83,C058A4DD4F12E2C6,4006388BFA4994E4,3FF800000000001
$C05CF4505271BB29,C058B3892449A036,4006B4C933F358F1,3FF800000000001
$C05CF880070BBAC6,C058C27CFD52E8E9,400731066D9D1CF9,3FF800000000001
$C05CFBC5B15AC982,C058D1AAC51282E1,4007AD43A746E101,3FF800000000001
$C05CFE1E3C72B789,C058E1042FDC78B2,40082980E0F0A509,3FF800000000001
$C05CFF8772BA4E3A,C058F07AC8EBD1DE,4008A5BE1A9A690D,3FF800000000001
$C05CFFFFFFFFFFFD,C059,400921FB54442D18,3FF800000000001
4 38 233
4 39 159
4 40 239
4 41 619
4 42 0
4 43 0
3 32 ->
4 33 616
4 34 4
4 35 0
4 36 [2]
$1,-1
4 37 [53][4]
$0,0,C05AFFFFFFFFFFFC,4058FFFFFFFFFFFF
$3FA87235DC87DB87,0,C05B004AAFFFAF25,40590C37EA9AAB29
$3FBBC0C2237C6F5A,0,C05B0180BC869624,40591BB2D98D4439
$3FC5A434AC5A781A,0,C05B03A6793F8154,40592B13B241D052
$3FCD680846F6B869,0,C05B06B9E06AC623,40593A4BF8F417EA
$3FD295EDF0C97C7F,0,C05B0AB80C729F9D,4059494D58158C85
$3FD677D7BE179CE2,0,C05B0F9D3AA59D58,40595809ADCD5067
$3FDA59C18B65BD47,0,C05B1564CEC1504A,4059667319478ADE
$3FDE3BAB58B3DD64,0,C05B1C095749DFBA,4059747C07C78016
$3FE10ECA9300FEDB,0,C05B238492AA6F4D,4059821741701D14
$3FE2FFBF79A80EEC,0,C05B2BCF75198243,40598F37F5B6EDAD
$3FE4F0B4604F1F17,0,C05B34E22F3BCF2B,40599BD1C775C30C
$3FE6E1A946F62F37,0,C05B3EB4357F441F,4059A7D8D88FACD2
$3FE8D29E2D9D3F48,0,C05B493C48274E22,4059B341D51E4D58
$3FEAC39314444F8B,0,C05B54707C02CF24,4059BE01FE1D0244
$3FECB487FAEB5F99,0,C05B604643C38E86,4059C80F3387D51F
$3FEEA57CE1926FC4,0,C05B6CB279EE57DF,4059D15FFDE4ABD6
$3FF04B38E41CBFEB,0,C05B79A96B5A6BD1,4059D9EB972DBDFA
$3FF143B357704805,0,C05B871EE2365FF9,4059E1A9F314E91
$3FF23C2DCAC3D019,0,C05B950631880D31,4059E893C6981BC4
$3FF334A83E175819,0,C05BA352411CB785,4059EEA28EDFB474
$3FF42D22B16AE01F,0,C05BB1F599DE3192,4059F3D097605AFD
$3FF5259D24BE6845,0,C05BC0E272815DD,4059F818FF3A8F67
$3FF61E179811F04C,0,C05BD00ABC821C37,4059FB77BDD2DDBD
$3FF716920B657866,0,C05BDF60316069CE,4059FDE9A69E6382
$3FF80F0C7EB90065,0,C05BEED460123A1,4059FF6C6C2012AC
$3FF90786F20C8882,0,C05BFE58BA9D60C6,4059FFFEA213E17C
$3FFA00016560108C,0,C05C0DDEA3CCBCD6,4059FF9FBEC5DC59
$3FFAF87BD8B398A6,0,C05C1D577CF3BB3F,4059FE501B93D674
$3FFBF0F64C0720B,0,C05C2CB4B3B33B9A,4059FC10F4993F37
$3FFCE970BF5AA8CD,0,C05C3BE7CFB2DE7C,4059F8E467856BAC
$3FFDE1EB32AE30D3,0,C05C4AE28041D0B9,4059F4CD719D6C3A
$3FFEDA65A601B8DD,0,C05C5996A9D23DE2,4059EFCFECEB4F55
$3FFFD2E0195540EB,0,C05C67F67342B73D,4059E9F08C9D77B9
$400065AD4654648D,0,C05C75F452E90BDB,4059E334D8997108
$4000E1EA7FFE288A,0,C05C83831B524923,4059DBA328466DDF
$40015E27B9A7EC93,0,C05C909607ABE1DD,4059D3429C945757
$4001DA64F351B09D,0,C05C9D20C7CA4B55,4059CA1B19450DF5
$400256A22CFB74A,0,C05CA9178BC1BD2F,4059C0353D7E2EB7
$4002D2DF66A538AE,0,C05CB46F0F0627EF,4059B59A5BAA5BCE
$40034F1CA04EFCB4,0,C05CBF1CA307E7E9,4059AA5470B1AECC
$4003CB59D9F8C0BA,0,C05CC9163943360B,40599E6E1A919902
$4004479713A284C6,0,C05CD2526CB8DCD9,405991F28E5D0E14
$4004C3D44D4C48CE,0,C05CDAC88AC7460F,405984ED8DAE63A6
$4005401186F60CD1,0,C05CE2709B5B8BA,4059776B5B94D6FE
$4005BC4EC09FD0DD,0,C05CE9436872D511,40596978B1082633
$4006388BFA4994E4,0,C05CEF3A84E4EF83,40595B22B0ED1D39
$4006B4C933F358E9,0,C05CF4505271BB29,40594C76DBB65FCA
$400731066D9D1CEF,0,C05CF880070BBAC6,40593D8302AD1717
$4007AD43A746E0F9,0,C05CFBC5B15AC982,40592E553AED7D1F
$40082980E0F0A502,0,C05CFE1E3C72B789,40591EFBD023874E
$4008A5BE1A9A690D,0,C05CFF8772BA4E3A,40590F8537142E21
$400921FB54442D18,0,C05CFFFFFFFFFFFD,4058FFFFFFFFFFFF
4 38 164
4 39 228
4 40 166
4 41 82
4 42 0
4 43 0
3 32 ->
4 33 615
4 34 4
4 35 0
4 36 [2]
$1,-1
4 37 [53][4]
$0,0,C05AFFFFFFFFFFFC,4058FFFFFFFFFFFF
$3FA87235DC87DB87,0,C05B004AAFFFAF25,40590C37EA9AAB29
$3FBBC0C2237C6F5A,0,C05B0180BC869624,40591BB2D98D4439
$3FC5A434AC5A781A,0,C05B03A6793F8154,40592B13B241D052
$3FCD680846F6B869,0,C05B06B9E06AC623,40593A4BF8F417EA
$3FD295EDF0C97C7F,0,C05B0AB80C729F9D,4059494D58158C85
$3FD677D7BE179CE2,0,C05B0F9D3AA59D58,40595809ADCD5067
$3FDA59C18B65BD47,0,C05B1564CEC1504A,4059667319478ADE
$3FDE3BAB58B3DD64,0,C05B1C095749DFBA,4059747C07C78016
$3FE10ECA9300FEDB,0,C05B238492AA6F4D,4059821741701D14
$3FE2FFBF79A80EEC,0,C05B2BCF75198243,40598F37F5B6EDAD
$3FE4F0B4604F1F17,0,C05B34E22F3BCF2B,40599BD1C775C30C
$3FE6E1A946F62F37,0,C05B3EB4357F441F,4059A7D8D88FACD2
$3FE8D29E2D9D3F48,0,C05B493C48274E22,4059B341D51E4D58
$3FEAC39314444F8B,0,C05B54707C02CF24,4059BE01FE1D0244
$3FECB487FAEB5F99,0,C05B604643C38E86,4059C80F3387D51F
$3FEEA57CE1926FC4,0,C05B6CB279EE57DF,4059D15FFDE4ABD6
$3FF04B38E41CBFEB,0,C05B79A96B5A6BD1,4059D9EB972DBDFA
$3FF143B357704805,0,C05B871EE2365FF9,4059E1A9F314E91
$3FF23C2DCAC3D019,0,C05B950631880D31,4059E893C6981BC4
$3FF334A83E175819,0,C05BA352411CB785,4059EEA28EDFB474
$3FF42D22B16AE01F,0,C05BB1F599DE3192,4059F3D097605AFD
$3FF5259D24BE6845,0,C05BC0E272815DD,4059F818FF3A8F67
$3FF61E179811F04C,0,C05BD00ABC821C37,4059FB77BDD2DDBD
$3FF716920B657866,0,C05BDF60316069CE,4059FDE9A69E6382
$3FF80F0C7EB90065,0,C05BEED460123A1,4059FF6C6C2012AC
$3FF90786F20C8882,0,C05BFE58BA9D60C6,4059FFFEA213E17C
$3FFA00016560108C,0,C05C0DDEA3CCBCD6,4059FF9FBEC5DC59
$3FFAF87BD8B398A6,0,C05C1D577CF3BB3F,4059FE501B93D674
$3FFBF0F64C0720B,0,C05C2CB4B3B33B9A,4059FC10F4993F37
$3FFCE970BF5AA8CD,0,C05C3BE7CFB2DE7C,4059F8E467856BAC
$3FFDE1EB32AE30D3,0,C05C4AE28041D0B9,4059F4CD719D6C3A
$3FFEDA65A601B8DD,0,C05C5996A9D23DE2,4059EFCFECEB4F55
$3FFFD2E0195540EB,0,C05C67F67342B73D,4059E9F08C9D77B9
$400065AD4654648D,0,C05C75F452E90BDB,4059E334D8997108
$4000E1EA7FFE288A,0,C05C83831B524923,4059DBA328466DDF
$40015E27B9A7EC93,0,C05C909607ABE1DD,4059D3429C945757
$4001DA64F351B09D,0,C05C9D20C7CA4B55,4059CA1B19450DF5
$400256A22CFB74A,0,C05CA9178BC1BD2F,4059C0353D7E2EB7
$4002D2DF66A538AE,0,C05CB46F0F0627EF,4059B59A5BAA5BCE
$40034F1CA04EFCB4,0,C05CBF1CA307E7E9,4059AA5470B1AECC
$4003CB59D9F8C0BA,0,C05CC9163943360B,40599E6E1A919902
$4004479713A284C6,0,C05CD2526CB8DCD9,405991F28E5D0E14
$4004C3D44D4C48CE,0,C05CDAC88AC7460F,405984ED8DAE63A6
$4005401186F60CD1,0,C05CE2709B5B8BA,4059776B5B94D6FE
$4005BC4EC09FD0DD,0,C05CE9436872D511,40596978B1082633
$4006388BFA4994E4,0,C05CEF3A84E4EF83,40595B22B0ED1D39
$4006B4C933F358E9,0,C05CF4505271BB29,40594C76DBB65FCA
$400731066D9D1CEF,0,C05CF880070BBAC6,40593D8302AD1717
$4007AD43A746E0F9,0,C05CFBC5B15AC982,40592E553AED7D1F
$40082980E0F0A502,0,C05CFE1E3C72B789,40591EFBD023874E
$4008A5BE1A9A690D,0,C05CFF8772BA4E3A,40590F8537142E21
$400921FB54442D18,0,C05CFFFFFFFFFFFD,4058FFFFFFFFFFFF
4 38 163
4 39 227
4 40 165
4 41 81
4 42 0
4 43 0
3 32 ->
4 33 618
4 34 4
4 35 0
4 36 [2]
$1,-1
4 37 [53][4]
$C05AFFFFFFFFFFFC,4058FFFFFFFFFFFF,0,3FF800000000001
$C05B004AAFFFAF25,40590C37EA9AAB29,3FA87235DC87DB87,3FF800000000001
$C05B0180BC869624,40591BB2D98D4439,3FBBC0C2237C6F5A,3FF800000000001
$C05B03A6793F8154,40592B13B241D052,3FC5A434AC5A781A,3FF800000000001
$C05B06B9E06AC623,40593A4BF8F417EA,3FCD680846F6B869,3FF800000000001
$C05B0AB80C729F9D,4059494D58158C85,3FD295EDF0C97C7F,3FF800000000001
$C05B0F9D3AA59D58,40595809ADCD5067,3FD677D7BE179CE2,3FF800000000001
$C05B1564CEC1504A,4059667319478ADE,3FDA59C18B65BD47,3FF800000000001
$C05B1C095749DFBA,4059747C07C78016,3FDE3BAB58B3DD64,3FF800000000001
$C05B238492AA6F4D,4059821741701D14,3FE10ECA9300FEDB,3FF800000000001
$C05B2BCF75198243,40598F37F5B6EDAD,3FE2FFBF79A80EEC,3FF800000000001
$C05B34E22F3BCF2B,40599BD1C775C30C,3FE4F0B4604F1F17,3FF800000000001
$C05B3EB4357F441F,4059A7D8D88FACD2,3FE6E1A946F62F37,3FF800000000001
$C05B493C48274E22,4059B341D51E4D58,3FE8D29E2D9D3F48,3FF800000000001
$C05B54707C02CF24,4059BE01FE1D0244,3FEAC39314444F8B,3FF800000000001
$C05B604643C38E86,4059C80F3387D51F,3FECB487FAEB5F99,3FF800000000001
$C05B6CB279EE57DF,4059D15FFDE4ABD6,3FEEA57CE1926FC4,3FF800000000001
$C05B79A96B5A6BD1,4059D9EB972DBDFA,3FF04B38E41CBFEB,3FF800000000001
$C05B871EE2365FF9,4059E1A9F314E91,3FF143B357704805,3FF800000000001
$C05B950631880D31,4059E893C6981BC4,3FF23C2DCAC3D019,3FF800000000001
$C05BA352411CB785,4059EEA28EDFB474,3FF334A83E175819,3FF800000000001
$C05BB1F599DE3192,4059F3D097605AFD,3FF42D22B16AE01F,3FF800000000001
$C05BC0E272815DD,4059F818FF3A8F67,3FF5259D24BE6845,3FF800000000001
$C05BD00ABC821C37,4059FB77BDD2DDBD,3FF61E179811F04C,3FF800000000001
$C05BDF60316069CE,4059FDE9A69E6382,3FF716920B657866,3FF800000000001
$C05BEED460123A1,4059FF6C6C2012AC,3FF80F0C7EB90065,3FF800000000001
$C05BFE58BA9D60C6,4059FFFEA213E17C,3FF90786F20C8882,3FF800000000001
$C05C0DDEA3CCBCD6,4059FF9FBEC5DC59,3FFA00016560108C,3FF800000000001
$C05C1D577CF3BB3F,4059FE501B93D674,3FFAF87BD8B398A6,3FF800000000001
$C05C2CB4B3B33B9A,4059FC10F4993F37,3FFBF0F64C0720B,3FF800000000001
$C05C3BE7CFB2DE7C,4059F8E467856BAC,3FFCE970BF5AA8CD,3FF800000000001
$C05C4AE28041D0B9,4059F4CD719D6C3A,3FFDE1EB32AE30D3,3FF800000000001
$C05C5996A9D23DE2,4059EFCFECEB4F55,3FFEDA65A601B8DD,3FF800000000001
$C05C67F67342B73D,4059E9F08C9D77B9,3FFFD2E0195540EB,3FF800000000001
$C05C75F452E90BDB,4059E334D8997108,400065AD4654648D,3FF800000000001
$C05C83831B524923,4059DBA328466DDF,4000E1EA7FFE288A,3FF800000000001
$C05C909607ABE1DD,4059D3429C945757,40015E27B9A7EC93,3FF800000000001
$C05C9D20C7CA4B55,4059CA1B19450DF5,4001DA64F351B09D,3FF800000000001
$C05CA9178BC1BD2F,4059C0353D7E2EB7,400256A22CFB74A,3FF800000000001
$C05CB46F0F0627EF,4059B59A5BAA5BCE,4002D2DF66A538AE,3FF800000000001
$C05CBF1CA307E7E9,4059AA5470B1AECC,40034F1CA04EFCB4,3FF800000000001
$C05CC9163943360B,40599E6E1A919902,4003CB59D9F8C0BA,3FF800000000001
$C05CD2526CB8DCD9,405991F28E5D0E14,4004479713A284C6,3FF800000000001
$C05CDAC88AC7460F,405984ED8DAE63A6,4004C3D44D4C48CE,3FF800000000001
$C05CE2709B5B8BA,4059776B5B94D6FE,4005401186F60CD1,3FF800000000001
$C05CE9436872D511,40596978B1082633,4005BC4EC09FD0DD,3FF800000000001
$C05CEF3A84E4EF83,40595B22B0ED1D39,4006388BFA4994E4,3FF800000000001
$C05CF4505271BB29,40594C76DBB65FCA,4006B4C933F358E9,3FF800000000001
$C05CF880070BBAC6,40593D8302AD1717,400731066D9D1CEF,3FF800000000001
$C05CFBC5B15AC982,40592E553AED7D1F,4007AD43A746E0F9,3FF800000000001
$C05CFE1E3C72B789,40591EFBD023874E,40082980E0F0A502,3FF800000000001
$C05CFF8772BA4E3A,40590F8537142E21,4008A5BE1A9A690D,3FF800000000001
$C05CFFFFFFFFFFFD,4058FFFFFFFFFFFF,400921FB54442D18,3FF800000000001
4 38 234
4 39 164
4 40 238
4 41 614
4 42 0
4 43 0
3 32 ->
4 33 617
4 34 4
4 35 0
4 36 [2]
$1,-1
4 37 [53][4]
$C05AFFFFFFFFFFFC,4058FFFFFFFFFFFF,0,3FF800000000001
$C05B004AAFFFAF25,40590C37EA9AAB29,3FA87235DC87DB87,3FF800000000001
$C05B0180BC869624,40591BB2D98D4439,3FBBC0C2237C6F5A,3FF800000000001
$C05B03A6793F8154,40592B13B241D052,3FC5A434AC5A781A,3FF800000000001
$C05B06B9E06AC623,40593A4BF8F417EA,3FCD680846F6B869,3FF800000000001
$C05B0AB80C729F9D,4059494D58158C85,3FD295EDF0C97C7F,3FF800000000001
$C05B0F9D3AA59D58,40595809ADCD5067,3FD677D7BE179CE2,3FF800000000001
$C05B1564CEC1504A,4059667319478ADE,3FDA59C18B65BD47,3FF800000000001
$C05B1C095749DFBA,4059747C07C78016,3FDE3BAB58B3DD64,3FF800000000001
$C05B238492AA6F4D,4059821741701D14,3FE10ECA9300FEDB,3FF800000000001
$C05B2BCF75198243,40598F37F5B6EDAD,3FE2FFBF79A80EEC,3FF800000000001
$C05B34E22F3BCF2B,40599BD1C775C30C,3FE4F0B4604F1F17,3FF800000000001
$C05B3EB4357F441F,4059A7D8D88FACD2,3FE6E1A946F62F37,3FF800000000001
$C05B493C48274E22,4059B341D51E4D58,3FE8D29E2D9D3F48,3FF800000000001
$C05B54707C02CF24,4059BE01FE1D0244,3FEAC39314444F8B,3FF800000000001
$C05B604643C38E86,4059C80F3387D51F,3FECB487FAEB5F99,3FF800000000001
$C05B6CB279EE57DF,4059D15FFDE4ABD6,3FEEA57CE1926FC4,3FF800000000001
$C05B79A96B5A6BD1,4059D9EB972DBDFA,3FF04B38E41CBFEB,3FF800000000001
$C05B871EE2365FF9,4059E1A9F314E91,3FF143B357704805,3FF800000000001
$C05B950631880D31,4059E893C6981BC4,3FF23C2DCAC3D019,3FF800000000001
$C05BA352411CB785,4059EEA28EDFB474,3FF334A83E175819,3FF800000000001
$C05BB1F599DE3192,4059F3D097605AFD,3FF42D22B16AE01F,3FF800000000001
$C05BC0E272815DD,4059F818FF3A8F67,3FF5259D24BE6845,3FF800000000001
$C05BD00ABC821C37,4059FB77BDD2DDBD,3FF61E179811F04C,3FF800000000001
$C05BDF60316069CE,4059FDE9A69E6382,3FF716920B657866,3FF800000000001
$C05BEED460123A1,4059FF6C6C2012AC,3FF80F0C7EB90065,3FF800000000001
$C05BFE58BA9D60C6,4059FFFEA213E17C,3FF90786F20C8882,3FF800000000001
$C05C0DDEA3CCBCD6,4059FF9FBEC5DC59,3FFA00016560108C,3FF800000000001
$C05C1D577CF3BB3F,4059FE501B93D674,3FFAF87BD8B398A6,3FF800000000001
$C05C2CB4B3B33B9A,4059FC10F4993F37,3FFBF0F64C0720B,3FF800000000001
$C05C3BE7CFB2DE7C,4059F8E467856BAC,3FFCE970BF5AA8CD,3FF800000000001
$C05C4AE28041D0B9,4059F4CD719D6C3A,3FFDE1EB32AE30D3,3FF800000000001
$C05C5996A9D23DE2,4059EFCFECEB4F55,3FFEDA65A601B8DD,3FF800000000001
$C05C67F67342B73D,4059E9F08C9D77B9,3FFFD2E0195540EB,3FF800000000001
$C05C75F452E90BDB,4059E334D8997108,400065AD4654648D,3FF800000000001
$C05C83831B524923,4059DBA328466DDF,4000E1EA7FFE288A,3FF800000000001
$C05C909607ABE1DD,4059D3429C945757,40015E27B9A7EC93,3FF800000000001
$C05C9D20C7CA4B55,4059CA1B19450DF5,4001DA64F351B09D,3FF800000000001
$C05CA9178BC1BD2F,4059C0353D7E2EB7,400256A22CFB74A,3FF800000000001
$C05CB46F0F0627EF,4059B59A5BAA5BCE,4002D2DF66A538AE,3FF800000000001
$C05CBF1CA307E7E9,4059AA5470B1AECC,40034F1CA04EFCB4,3FF800000000001
$C05CC9163943360B,40599E6E1A919902,4003CB59D9F8C0BA,3FF800000000001
$C05CD2526CB8DCD9,405991F28E5D0E14,4004479713A284C6,3FF800000000001
$C05CDAC88AC7460F,405984ED8DAE63A6,4004C3D44D4C48CE,3FF800000000001
$C05CE2709B5B8BA,4059776B5B94D6FE,4005401186F60CD1,3FF800000000001
$C05CE9436872D511,40596978B1082633,4005BC4EC09FD0DD,3FF800000000001
$C05CEF3A84E4EF83,40595B22B0ED1D39,4006388BFA4994E4,3FF800000000001
$C05CF4505271BB29,40594C76DBB65FCA,4006B4C933F358E9,3FF800000000001
$C05CF880070BBAC6,40593D8302AD1717,400731066D9D1CEF,3FF800000000001
$C05CFBC5B15AC982,40592E553AED7D1F,4007AD43A746E0F9,3FF800000000001
$C05CFE1E3C72B789,40591EFBD023874E,40082980E0F0A502,3FF800000000001
$C05CFF8772BA4E3A,40590F8537142E21,4008A5BE1A9A690D,3FF800000000001
$C05CFFFFFFFFFFFD,4058FFFFFFFFFFFF,400921FB54442D18,3FF800000000001
4 38 233
4 39 163
4 40 237
4 41 613
4 42 0
4 43 0
3 32 ->
4 33 170
4 34 4
4 35 0
4 36 [2]
$1,-1
4 37 [2][4]
$0,4072C,C05A400000000002,4062C
$0,0,C05A400000000002,C062C
4 38 168
4 39 228
4 40 680
4 41 682
4 42 0
4 43 0
3 32 ->
4 33 169
4 34 4
4 35 0
4 36 [2]
$1,-1
4 37 [2][4]
$0,4072C,C05A400000000002,4062C
$0,0,C05A400000000002,C062C
4 38 167
4 39 227
4 40 679
4 41 681
4 42 0
4 43 0
3 32 ->
4 33 684
4 34 4
4 35 0
4 36 [2]
$1,-1
4 37 [2][4]
$BFF800000000001,4072C,0,4033FFFFFFFFFFE8
$0,4072C,3FF800000000001,4033FFFFFFFFFFE8
4 38 168
4 39 230
4 40 170
4 41 236
4 42 0
4 43 0
3 32 ->
4 33 683
4 34 4
4 35 0
4 36 [2]
$1,-1
4 37 [2][4]
$BFF800000000001,4072C,0,4033FFFFFFFFFFE8
$0,4072C,3FF800000000001,4033FFFFFFFFFFE8
4 38 167
4 39 229
4 40 169
4 41 235
4 42 0
4 43 0
3 32 ->
4 33 686
4 34 4
4 35 0
4 36 [2]
$1,-1
4 37 [2][4]
$C05A400000000002,4062C,BFF800000000001,4072C
$C05A400000000002,C062C,BFF800000000001,0
4 38 234
4 39 168
4 40 688
4 41 684
4 42 0
4 43 0
3 32 ->
4 33 685
4 34 4
4 35 0
4 36 [2]
$1,-1
4 37 [2][4]
$C05A400000000002,4062C,BFF800000000001,4072C
$C05A400000000002,C062C,BFF800000000001,0
4 38 233
4 39 167
4 40 687
4 41 683
4 42 0
4 43 0
3 32 ->
4 33 680
4 34 4
4 35 0
4 36 [2]
$1,-1
4 37 [2][4]
$0,0,BFF800000000001,4033FFFFFFFFFFE8
$BFF800000000001,0,0,4033FFFFFFFFFFE8
4 38 168
4 39 248
4 40 686
4 41 690
4 42 0
4 43 0
3 32 ->
4 33 679
4 34 4
4 35 0
4 36 [2]
$1,-1
4 37 [2][4]
$0,0,BFF800000000001,4033FFFFFFFFFFE8
$BFF800000000001,0,0,4033FFFFFFFFFFE8
4 38 167
4 39 247
4 40 685
4 41 689
4 42 0
4 43 0
3 32 ->
4 33 174
4 34 4
4 35 0
4 36 [2]
$1,-1
4 37 [2][4]
$405E4E85B8359E7E,401D988A5DFFF5F6,0,0
$405DB17A47CA617E,401D988A5DFFF5F6,0,C003A16E0D67A
4 38 172
4 39 252
4 40 692
4 41 254
4 42 0
4 43 0
3 32 ->
4 33 173
4 34 4
4 35 0
4 36 [2]
$1,-1
4 37 [2][4]
$405E4E85B8359E7E,401D988A5DFFF5F6,0,0
$405DB17A47CA617E,401D988A5DFFF5F6,0,C003A16E0D67A
4 38 171
4 39 251
4 40 691
4 41 253
4 42 0
4 43 0
3 32 ->
4 33 694
4 34 4
4 35 0
4 36 [2]
$1,-1
4 37 [2][4]
$405E4E85B8359E7E,C01D988A5DFFF5F6,0,0
$405E4E85B8359E7E,401D988A5DFFF5F6,0,402D988A5DFFF5F6
4 38 172
4 39 264
4 40 174
4 41 266
4 42 0
4 43 0
3 32 ->
4 33 693
4 34 4
4 35 0
4 36 [2]
$1,-1
4 37 [2][4]
$405E4E85B8359E7E,C01D988A5DFFF5F6,0,0
$405E4E85B8359E7E,401D988A5DFFF5F6,0,402D988A5DFFF5F6
4 38 171
4 39 263
4 40 173
4 41 265
4 42 0
4 43 0
3 32 ->
4 33 696
4 34 4
4 35 0
4 36 [2]
$1,-1
4 37 [2][4]
$405DB17A47CA617E,C01D988A5DFFF5F6,8,C003A16E0D67A
$405E4E85B8359E7E,C01D988A5DFFF5F6,0,0
4 38 172
4 39 256
4 40 694
4 41 258
4 42 0
4 43 0
3 32 ->
4 33 695
4 34 4
4 35 0
4 36 [2]
$1,-1
4 37 [2][4]
$405DB17A47CA617E,C01D988A5DFFF5F6,8,C003A16E0D67A
$405E4E85B8359E7E,C01D988A5DFFF5F6,0,0
4 38 171
4 39 255
4 40 693
4 41 257
4 42 0
4 43 0
3 32 ->
4 33 692
4 34 4
4 35 0
4 36 [2]
$1,-1
4 37 [2][4]
$405DB17A47CA617E,401D988A5DFFF5F6,0,402D988A5DFFF5F6
$405DB17A47CA617E,C01D988A5DFFF5F6,0,0
4 38 172
4 39 260
4 40 696
4 41 262
4 42 0
4 43 0
3 32 ->
4 33 691
4 34 4
4 35 0
4 36 [2]
$1,-1
4 37 [2][4]
$405DB17A47CA617E,401D988A5DFFF5F6,0,402D988A5DFFF5F6
$405DB17A47CA617E,C01D988A5DFFF5F6,0,0
4 38 171
4 39 259
4 40 695
4 41 261
4 42 0
4 43 0
3 32 ->
4 33 178
4 34 4
4 35 0
4 36 [2]
$1,-1
4 37 [2][4]
$0,0,0,0
$C024000000000001,0,4024000000000001,0
4 38 176
4 39 180
4 40 270
4 41 668
4 42 0
4 43 0
3 32 ->
4 33 177
4 34 4
4 35 0
4 36 [2]
$1,-1
4 37 [2][4]
$0,0,0,0
$C024000000000001,0,4024000000000001,0
4 38 175
4 39 179
4 40 269
4 41 667
4 42 0
4 43 0
3 32 ->
4 33 186
4 34 4
4 35 0
4 36 [2]
$1,-1
4 37 [2][4]
$C024000000000001,C,C024000000000001,0
$0,C,0,0
4 38 176
4 39 184
4 40 666
4 41 274
4 42 0
4 43 0
3 32 ->
4 33 185
4 34 4
4 35 0
4 36 [2]
$1,-1
4 37 [2][4]
$C024000000000001,C,C024000000000001,0
$0,C,0,0
4 38 175
4 39 183
4 40 665
4 41 273
4 42 0
4 43 0
3 32 ->
4 33 270
4 34 4
4 35 0
4 36 [2]
$1,-1
4 37 [2][4]
$3FF,4021E3779B97F4A8,C024000000000001,C
$BFF,4021E3779B97F4A8,C024000000000001,0
4 38 268
4 39 176
4 40 698
4 41 186
4 42 0
4 43 0
3 32 ->
4 33 269
4 34 4
4 35 0
4 36 [2]
$1,-1
4 37 [2][4]
$3FF,4021E3779B97F4A8,C024000000000001,C
$BFF,4021E3779B97F4A8,C024000000000001,0
4 38 267
4 39 175
4 40 697
4 41 185
4 42 0
4 43 0
3 32 ->
4 33 182
4 34 4
4 35 0
4 36 [2]
$1,-1
4 37 [2][4]
$8,C021E3779B97F4A7,0,0
$4024000000000001,C021E3779B97F4A7,4024000000000001,0
4 38 180
4 39 188
4 40 700
4 41 664
4 42 0
4 43 0
3 32 ->
4 33 181
4 34 4
4 35 0
4 36 [2]
$1,-1
4 37 [2][4]
$8,C021E3779B97F4A7,0,0
$4024000000000001,C021E3779B97F4A7,4024000000000001,0
4 38 179
4 39 187
4 40 699
4 41 663
4 42 0
4 43 0
3 32 ->
4 33 700
4 34 4
4 35 0
4 36 [2]
$1,-1
4 37 [2][4]
$BFF,4021E3779B97F4A8,4024000000000001,0
$BFF,3CD8F736EAFABA2F,4024000000000001,C021E3779B97F4A7
4 38 272
4 39 180
4 40 702
4 41 178
4 42 0
4 43 0
3 32 ->
4 33 699
4 34 4
4 35 0
4 36 [2]
$1,-1
4 37 [2][4]
$BFF,4021E3779B97F4A8,4024000000000001,0
$BFF,3CD8F736EAFABA2F,4024000000000001,C021E3779B97F4A7
4 38 271
4 39 179
4 40 701
4 41 177
4 42 0
4 43 0
3 32 ->
4 33 190
4 34 4
4 35 0
4 36 [2]
$1,-1
4 37 [2][4]
$C024000000000001,C021E3779B97F4A7,4024000000000001,C
$0,C021E3779B97F4A7,8,C
4 38 184
4 39 188
4 40 122
4 41 702
4 42 0
4 43 0
3 32 ->
4 33 189
4 34 4
4 35 0
4 36 [2]
$1,-1
4 37 [2][4]
$C024000000000001,C021E3779B97F4A7,4024000000000001,C
$0,C021E3779B97F4A7,8,C
4 38 183
4 39 187
4 40 121
4 41 701
4 42 0
4 43 0
3 32 ->
4 33 274
4 34 4
4 35 0
4 36 [2]
$1,-1
4 37 [2][4]
$3FF,3CDF4,C024000000000001,C021E3779B97F4A7
$3FF,4021E3779B97F4A8,C024000000000001,0
4 38 272
4 39 184
4 40 540
4 41 190
4 42 0
4 43 0
3 32 ->
4 33 273
4 34 4
4 35 0
4 36 [2]
$1,-1
4 37 [2][4]
$3FF,3CDF4,C024000000000001,C021E3779B97F4A7
$3FF,4021E3779B97F4A8,C024000000000001,0
4 38 271
4 39 183
4 40 539
4 41 189
4 42 0
4 43 0
3 32 ->
4 33 702
4 34 4
4 35 0
4 36 [2]
$1,-1
4 37 [2][4]
$BFF,3CD8F736EAFABA2F,4024000000000001,0
$3FF,3CD8F736EAFABA2F,4024000000000001,C
4 38 272
4 39 188
4 40 274
4 41 182
4 42 0
4 43 0
3 32 ->
4 33 701
4 34 4
4 35 0
4 36 [2]
$1,-1
4 37 [2][4]
$BFF,3CD8F736EAFABA2F,4024000000000001,0
$3FF,3CD8F736EAFABA2F,4024000000000001,C
4 38 271
4 39 187
4 40 273
4 41 181
4 42 0
4 43 0
3 32 ->
4 33 194
4 34 4
4 35 0
4 36 [2]
$1,-1
4 37 [2][4]
$C05EE00000000004,4062C,3FF800000000001,0
$C05A400000000005,4062C,3FF800000000001,C0327FFFFFFFFFFC
4 38 192
4 39 224
4 40 146
4 41 226
4 42 0
4 43 0
3 32 ->
4 33 193
4 34 4
4 35 0
4 36 [2]
$1,-1
4 37 [2][4]
$C05EE00000000004,4062C,3FF800000000001,0
$C05A400000000005,4062C,3FF800000000001,C0327FFFFFFFFFFC
4 38 191
4 39 223
4 40 145
4 41 225
4 42 0
4 43 0
3 32 ->
4 33 278
4 34 4
4 35 0
4 36 [2]
$1,-1
4 37 [2][4]
$C05EE00000000004,C062C,3FF800000000001,0
$C05EE00000000004,4062C,3FF800000000001,4072C
4 38 192
4 39 276
4 40 194
4 41 704
4 42 0
4 43 0
3 32 ->
4 33 277
4 34 4
4 35 0
4 36 [2]
$1,-1
4 37 [2][4]
$C05EE00000000004,C062C,3FF800000000001,0
$C05EE00000000004,4062C,3FF800000000001,4072C
4 38 191
4 39 275
4 40 193
4 41 703
4 42 0
4 43 0
3 32 ->
4 33 670
4 34 4
4 35 0
4 36 [2]
$1,-1
4 37 [2][4]
$C05A400000000005,C062C,BFF800000000001,C0327FFFFFFFFFFC
$C05EE00000000004,C062C,BFF800000000001,0
4 38 192
4 39 206
4 40 278
4 41 674
4 42 0
4 43 0
3 32 ->
4 33 669
4 34 4
4 35 0
4 36 [2]
$1,-1
4 37 [2][4]
$C05A400000000005,C062C,BFF800000000001,C0327FFFFFFFFFFC
$C05EE00000000004,C062C,BFF800000000001,0
4 38 191
4 39 205
4 40 277
4 41 673
4 42 0
4 43 0
3 32 ->
4 33 208
4 34 4
4 35 0
4 36 [2]
$1,-1
4 37 [2][4]
$0,3FF8,0,0
$C031800000000001,3FF8,C031800000000001,0
4 38 206
4 39 280
4 40 706
4 41 708
4 42 0
4 43 0
3 32 ->
4 33 207
4 34 4
4 35 0
4 36 [2]
$1,-1
4 37 [2][4]
$0,3FF8,0,0
$C031800000000001,3FF8,C031800000000001,0
4 38 205
4 39 279
4 40 705
4 41 707
4 42 0
4 43 0
3 32 ->
4 33 212
4 34 4
4 35 0
4 36 [2]
$1,-1
4 37 [2][4]
$405F400000000004,C062C,0,3FF8
$405A400000000005,C062C,0,C0327FFFFFFFFFFC
4 38 210
4 39 206
4 40 676
4 41 208
4 42 0
4 43 0
3 32 ->
4 33 211
4 34 4
4 35 0
4 36 [2]
$1,-1
4 37 [2][4]
$405F400000000004,C062C,0,3FF8
$405A400000000005,C062C,0,C0327FFFFFFFFFFC
4 38 209
4 39 205
4 40 675
4 41 207
4 42 0
4 43 0
3 32 ->
4 33 704
4 34 4
4 35 0
4 36 [2]
$1,-1
4 37 [2][4]
$C031800000000001,0,4031800000000001,0
$BFF800000000001,0,3FF800000000001,0
4 38 206
4 39 276
4 40 670
4 41 710
4 42 0
4 43 0
3 32 ->
4 33 703
4 34 4
4 35 0
4 36 [2]
$1,-1
4 37 [2][4]
$C031800000000001,0,4031800000000001,0
$BFF800000000001,0,3FF800000000001,0
4 38 205
4 39 275
4 40 669
4 41 709
4 42 0
4 43 0
3 32 ->
4 33 706
4 34 4
4 35 0
4 36 [2]
$1,-1
4 37 [2][4]
$C05EE00000000004,C062C,C031800000000001,0
$C05F400000000004,C062C,C031800000000001,3FF8
4 38 314
4 39 206
4 40 322
4 41 704
4 42 0
4 43 0
3 32 ->
4 33 705
4 34 4
4 35 0
4 36 [2]
$1,-1
4 37 [2][4]
$C05EE00000000004,C062C,C031800000000001,0
$C05F400000000004,C062C,C031800000000001,3FF8
4 38 313
4 39 205
4 40 321
4 41 703
4 42 0
4 43 0
3 32 ->
4 33 708
4 34 4
4 35 0
4 36 [2]
$1,-1
4 37 [2][4]
$405F400000000004,4062C,0,4072C
$405F400000000004,C062C,0,0
4 38 210
4 39 280
4 40 212
4 41 282
4 42 0
4 43 0
3 32 ->
4 33 707
4 34 4
4 35 0
4 36 [2]
$1,-1
4 37 [2][4]
$405F400000000004,4062C,0,4072C
$405F400000000004,C062C,0,0
4 38 209
4 39 279
4 40 211
4 41 281
4 42 0
4 43 0
3 32 ->
4 33 678
4 34 4
4 35 0
4 36 [2]
$1,-1
4 37 [2][4]
$405A400000000005,4062C,8,C0327FFFFFFFFFFC
$405F400000000004,4062C,0,3FF8
4 38 210
4 39 224
4 40 708
4 41 672
4 42 0
4 43 0
3 32 ->
4 33 677
4 34 4
4 35 0
4 36 [2]
$1,-1
4 37 [2][4]
$405A400000000005,4062C,8,C0327FFFFFFFFFFC
$405F400000000004,4062C,0,3FF8
4 38 209
4 39 223
4 40 707
4 41 671
4 42 0
4 43 0
3 32 ->
4 33 226
4 34 4
4 35 0
4 36 [2]
$1,-1
4 37 [2][4]
$3FF800000000001,0,3FF800000000001,4072C
$4031800000000001,0,4031800000000001,4072C
4 38 224
4 39 276
4 40 712
4 41 278
4 42 0
4 43 0
3 32 ->
4 33 225
4 34 4
4 35 0
4 36 [2]
$1,-1
4 37 [2][4]
$3FF800000000001,0,3FF800000000001,4072C
$4031800000000001,0,4031800000000001,4072C
4 38 223
4 39 275
4 40 711
4 41 277
4 42 0
4 43 0
3 32 ->
4 33 282
4 34 4
4 35 0
4 36 [2]
$1,-1
4 37 [2][4]
$4031800000000001,3FF8,C031800000000001,4072C
$0,3FF8,0,4072C
4 38 224
4 39 280
4 40 678
4 41 322
4 42 0
4 43 0
3 32 ->
4 33 281
4 34 4
4 35 0
4 36 [2]
$1,-1
4 37 [2][4]
$4031800000000001,3FF8,C031800000000001,4072C
$0,3FF8,0,4072C
4 38 223
4 39 279
4 40 677
4 41 321
4 42 0
4 43 0
3 32 ->
4 33 712
4 34 4
4 35 0
4 36 [2]
$1,-1
4 37 [2][4]
$C05F400000000004,4062C,4031800000000001,3FF8
$C05EE00000000004,4062C,4031800000000001,0
4 38 314
4 39 224
4 40 710
4 41 282
4 42 0
4 43 0
3 32 ->
4 33 711
4 34 4
4 35 0
4 36 [2]
$1,-1
4 37 [2][4]
$C05F400000000004,4062C,4031800000000001,3FF8
$C05EE00000000004,4062C,4031800000000001,0
4 38 313
4 39 223
4 40 709
4 41 281
4 42 0
4 43 0
3 32 ->
4 33 690
4 34 4
4 35 0
4 36 [2]
$1,-1
4 37 [2][4]
$C05EDFFFFFFFFFFC,C062C,BFF800000000001,3FF8
$C05A400000000002,C062C,BFF800000000001,4033FFFFFFFFFFE8
4 38 228
4 39 248
4 40 170
4 41 250
4 42 0
4 43 0
3 32 ->
4 33 689
4 34 4
4 35 0
4 36 [2]
$1,-1
4 37 [2][4]
$C05EDFFFFFFFFFFC,C062C,BFF800000000001,3FF8
$C05A400000000002,C062C,BFF800000000001,4033FFFFFFFFFFE8
4 38 227
4 39 247
4 40 169
4 41 249
4 42 0
4 43 0
3 32 ->
4 33 714
4 34 4
4 35 0
4 36 [2]
$1,-1
4 37 [2][4]
$C05EDFFFFFFFFFFC,4062C,BFF800000000001,4072C
$C05EDFFFFFFFFFFC,C062C,BFF800000000001,0
4 38 228
4 39 284
4 40 690
4 41 716
4 42 0
4 43 0
3 32 ->
4 33 713
4 34 4
4 35 0
4 36 [2]
$1,-1
4 37 [2][4]
$C05EDFFFFFFFFFFC,4062C,BFF800000000001,4072C
$C05EDFFFFFFFFFFC,C062C,BFF800000000001,0
4 38 227
4 39 283
4 40 689
4 41 715
4 42 0
4 43 0
3 32 ->
4 33 682
4 34 4
4 35 0
4 36 [2]
$1,-1
4 37 [2][4]
$C05A400000000002,4062C,3FF800000000001,4033FFFFFFFFFFE8
$C05EDFFFFFFFFFFC,4062C,3FF800000000001,3FF8
4 38 228
4 39 230
4 40 714
4 41 684
4 42 0
4 43 0
3 32 ->
4 33 681
4 34 4
4 35 0
4 36 [2]
$1,-1
4 37 [2][4]
$C05A400000000002,4062C,3FF800000000001,4033FFFFFFFFFFE8
$C05EDFFFFFFFFFFC,4062C,3FF800000000001,3FF8
4 38 227
4 39 229
4 40 713
4 41 683
4 42 0
4 43 0
3 32 ->
4 33 232
4 34 4
4 35 0
4 36 [2]
$1,-1
4 37 [2][4]
$0,0,0,4072C
$4031800000000001,0,4031800000000001,4072C
4 38 230
4 39 286
4 40 718
4 41 720
4 42 0
4 43 0
3 32 ->
4 33 231
4 34 4
4 35 0
4 36 [2]
$1,-1
4 37 [2][4]
$0,0,0,4072C
$4031800000000001,0,4031800000000001,4072C
4 38 229
4 39 285
4 40 717
4 41 719
4 42 0
4 43 0
3 32 ->
4 33 236
4 34 4
4 35 0
4 36 [2]
$1,-1
4 37 [2][4]
$C05F3FFFFFFFFFFC,4062C,0,0
$C05A400000000002,4062C,0,4033FFFFFFFFFFE8
4 38 234
4 39 230
4 40 686
4 41 232
4 42 0
4 43 0
3 32 ->
4 33 235
4 34 4
4 35 0
4 36 [2]
$1,-1
4 37 [2][4]
$C05F3FFFFFFFFFFC,4062C,0,0
$C05A400000000002,4062C,0,4033FFFFFFFFFFE8
4 38 233
4 39 229
4 40 685
4 41 231
4 42 0
4 43 0
3 32 ->
4 33 716
4 34 4
4 35 0
4 36 [2]
$1,-1
4 37 [2][4]
$4031800000000001,3FF8,C031800000000001,4072C
$3FF800000000001,3FF8,BFF800000000001,4072C
4 38 230
4 39 284
4 40 682
4 41 722
4 42 0
4 43 0
3 32 ->
4 33 715
4 34 4
4 35 0
4 36 [2]
$1,-1
4 37 [2][4]
$4031800000000001,3FF8,C031800000000001,4072C
$3FF800000000001,3FF8,BFF800000000001,4072C
4 38 229
4 39 283
4 40 681
4 41 721
4 42 0
4 43 0
3 32 ->
4 33 718
4 34 4
4 35 0
4 36 [2]
$1,-1
4 37 [2][4]
$405EDFFFFFFFFFFC,4062C,4031800000000001,3FF8
$405F3FFFFFFFFFFC,4062C,4031800000000001,0
4 38 314
4 39 230
4 40 320
4 41 716
4 42 0
4 43 0
3 32 ->
4 33 717
4 34 4
4 35 0
4 36 [2]
$1,-1
4 37 [2][4]
$405EDFFFFFFFFFFC,4062C,4031800000000001,3FF8
$405F3FFFFFFFFFFC,4062C,4031800000000001,0
4 38 313
4 39 229
4 40 319
4 41 715
4 42 0
4 43 0
3 32 ->
4 33 720
4 34 4
4 35 0
4 36 [2]
$1,-1
4 37 [2][4]
$C05F3FFFFFFFFFFC,C062C,0,0
$C05F3FFFFFFFFFFC,4062C,0,4072C
4 38 234
4 39 286
4 40 236
4 41 288
4 42 0
4 43 0
3 32 ->
4 33 719
4 34 4
4 35 0
4 36 [2]
$1,-1
4 37 [2][4]
$C05F3FFFFFFFFFFC,C062C,0,0
$C05F3FFFFFFFFFFC,4062C,0,4072C
4 38 233
4 39 285
4 40 235
4 41 287
4 42 0
4 43 0
3 32 ->
4 33 688
4 34 4
4 35 0
4 36 [2]
$1,-1
4 37 [2][4]
$C05A400000000002,C062C,0,4033FFFFFFFFFFE8
$C05F3FFFFFFFFFFC,C062C,0,0
4 38 234
4 39 248
4 40 720
4 41 680
4 42 0
4 43 0
3 32 ->
4 33 687
4 34 4
4 35 0
4 36 [2]
$1,-1
4 37 [2][4]
$C05A400000000002,C062C,0,4033FFFFFFFFFFE8
$C05F3FFFFFFFFFFC,C062C,0,0
4 38 233
4 39 247
4 40 719
4 41 679
4 42 0
4 43 0
3 32 ->
4 33 250
4 34 4
4 35 0
4 36 [2]
$1,-1
4 37 [2][4]
$BFF800000000001,3FF8,BFF800000000001,0
$C031800000000001,3FF8,C031800000000001,0
4 38 248
4 39 284
4 40 724
4 41 714
4 42 0
4 43 0
3 32 ->
4 33 249
4 34 4
4 35 0
4 36 [2]
$1,-1
4 37 [2][4]
$BFF800000000001,3FF8,BFF800000000001,0
$C031800000000001,3FF8,C031800000000001,0
4 38 247
4 39 283
4 40 723
4 41 713
4 42 0
4 43 0
3 32 ->
4 33 288
4 34 4
4 35 0
4 36 [2]
$1,-1
4 37 [2][4]
$C031800000000001,0,4031800000000001,0
$0,0,0,0
4 38 248
4 39 286
4 40 688
4 41 320
4 42 0
4 43 0
3 32 ->
4 33 287
4 34 4
4 35 0
4 36 [2]
$1,-1
4 37 [2][4]
$C031800000000001,0,4031800000000001,0
$0,0,0,0
4 38 247
4 39 285
4 40 687
4 41 319
4 42 0
4 43 0
3 32 ->
4 33 724
4 34 4
4 35 0
4 36 [2]
$1,-1
4 37 [2][4]
$405F3FFFFFFFFFFC,C062C,C031800000000001,0
$405EDFFFFFFFFFFC,C062C,C031800000000001,3FF8
4 38 314
4 39 248
4 40 722
4 41 288
4 42 0
4 43 0
3 32 ->
4 33 723
4 34 4
4 35 0
4 36 [2]
$1,-1
4 37 [2][4]
$405F3FFFFFFFFFFC,C062C,C031800000000001,0
$405EDFFFFFFFFFFC,C062C,C031800000000001,3FF8
4 38 313
4 39 247
4 40 721
4 41 287
4 42 0
4 43 0
3 32 ->
4 33 254
4 34 4
4 35 0
4 36 [2]
$1,-1
4 37 [2][4]
$0,0,0,402D988A5DFFF5F6
$BFF7FFFFFFFFFFFE,0,3FF7FFFFFFFFFFFE,402D988A5DFFF5F6
4 38 252
4 39 264
4 40 292
4 41 694
4 42 0
4 43 0
3 32 ->
4 33 253
4 34 4
4 35 0
4 36 [2]
$1,-1
4 37 [2][4]
$0,0,0,402D988A5DFFF5F6
$BFF7FFFFFFFFFFFE,0,3FF7FFFFFFFFFFFE,402D988A5DFFF5F6
4 38 251
4 39 263
4 40 291
4 41 693
4 42 0
4 43 0
3 32 ->
4 33 262
4 34 4
4 35 0
4 36 [2]
$1,-1
4 37 [2][4]
$BFF7FFFFFFFFFFFE,C003A16E0D67A,BFF7FFFFFFFFFFFE,402D988A5DFFF5F6
$0,C003A16E0D67A,0,402D988A5DFFF5F6
4 38 252
4 39 260
4 40 174
4 41 612
4 42 0
4 43 0
3 32 ->
4 33 261
4 34 4
4 35 0
4 36 [2]
$1,-1
4 37 [2][4]
$BFF7FFFFFFFFFFFE,C003A16E0D67A,BFF7FFFFFFFFFFFE,402D988A5DFFF5F6
$0,C003A16E0D67A,0,402D988A5DFFF5F6
4 38 251
4 39 259
4 40 173
4 41 611
4 42 0
4 43 0
3 32 ->
4 33 292
4 34 4
4 35 0
4 36 [2]
$1,-1
4 37 [2][4]
$3FF3A16E0D67A,401D988A5DFFF5F6,BFF7FFFFFFFFFFFE,C003A16E0D67A
$BFF3A16E0D679FC,401D988A5DFFF5F6,BFF7FFFFFFFFFFFE,BD1
4 38 290
4 39 252
4 40 726
4 41 262
4 42 0
4 43 0
3 32 ->
4 33 291
4 34 4
4 35 0
4 36 [2]
$1,-1
4 37 [2][4]
$3FF3A16E0D67A,401D988A5DFFF5F6,BFF7FFFFFFFFFFFE,C003A16E0D67A
$BFF3A16E0D679FC,401D988A5DFFF5F6,BFF7FFFFFFFFFFFE,BD1
4 38 289
4 39 251
4 40 725
4 41 261
4 42 0
4 43 0
3 32 ->
4 33 258
4 34 4
4 35 0
4 36 [2]
$1,-1
4 37 [2][4]
$8,C003A16E0D67A,0,0
$3FF7FFFFFFFFFFFE,C003A16E0D67A,BFF7FFFFFFFFFFFE,0
4 38 256
4 39 260
4 40 296
4 41 692
4 42 0
4 43 0
3 32 ->
4 33 257
4 34 4
4 35 0
4 36 [2]
$1,-1
4 37 [2][4]
$8,C003A16E0D67A,0,0
$3FF7FFFFFFFFFFFE,C003A16E0D67A,BFF7FFFFFFFFFFFE,0
4 38 255
4 39 259
4 40 295
4 41 691
4 42 0
4 43 0
3 32 ->
4 33 266
4 34 4
4 35 0
4 36 [2]
$1,-1
4 37 [2][4]
$3FF7FFFFFFFFFFFE,0,3FF7FFFFFFFFFFFE,0
$0,0,0,0
4 38 256
4 39 264
4 40 696
4 41 304
4 42 0
4 43 0
3 32 ->
4 33 265
4 34 4
4 35 0
4 36 [2]
$1,-1
4 37 [2][4]
$3FF7FFFFFFFFFFFE,0,3FF7FFFFFFFFFFFE,0
$0,0,0,0
4 38 255
4 39 263
4 40 695
4 41 303
4 42 0
4 43 0
3 32 ->
4 33 296
4 34 4
4 35 0
4 36 [2]
$1,-1
4 37 [2][4]
$BFF3A16E0D679FC,C01D988A5DFFF5F6,3FF7FFFFFFFFFFFE,BD1
$3FF3A16E0D67A,C01D988A5DFFF5F6,3FF7FFFFFFFFFFFE,C003A16E0D67A
4 38 294
4 39 256
4 40 604
4 41 266
4 42 0
4 43 0
3 32 ->
4 33 295
4 34 4
4 35 0
4 36 [2]
$1,-1
4 37 [2][4]
$BFF3A16E0D679FC,C01D988A5DFFF5F6,3FF7FFFFFFFFFFFE,BD1
$3FF3A16E0D67A,C01D988A5DFFF5F6,3FF7FFFFFFFFFFFE,C003A16E0D67A
4 38 293
4 39 255
4 40 603
4 41 265
4 42 0
4 43 0
3 32 ->
4 33 612
4 34 4
4 35 0
4 36 [2]
$1,-1
4 37 [2][4]
$3FF3A16E0D67A,C01D988A5DFFF5F4,BFF7FFFFFFFFFFFE,3CE
$3FF3A16E0D67A,401D988A5DFFF5F6,BFF7FFFFFFFFFFFE,402D988A5DFFF5F6
4 38 298
4 39 260
4 40 610
4 41 258
4 42 0
4 43 0
3 32 ->
4 33 611
4 34 4
4 35 0
4 36 [2]
$1,-1
4 37 [2][4]
$3FF3A16E0D67A,C01D988A5DFFF5F4,BFF7FFFFFFFFFFFE,3CE
$3FF3A16E0D67A,401D988A5DFFF5F6,BFF7FFFFFFFFFFFE,402D988A5DFFF5F6
4 38 297
4 39 259
4 40 609
4 41 257
4 42 0
4 43 0
3 32 ->
4 33 304
4 34 4
4 35 0
4 36 [2]
$1,-1
4 37 [2][4]
$BFF3A16E0D679F4,401D988A5DFFF5FA,3FF7FFFFFFFFFFFE,402D988A5DFFF5F8
$BFF3A16E0D679F4,C01D988A5DFFF5FA,3FF7FFFFFFFFFFFE,BCF
4 38 302
4 39 264
4 40 78
4 41 254
4 42 0
4 43 0
3 32 ->
4 33 303
4 34 4
4 35 0
4 36 [2]
$1,-1
4 37 [2][4]
$BFF3A16E0D679F4,401D988A5DFFF5FA,3FF7FFFFFFFFFFFE,402D988A5DFFF5F8
$BFF3A16E0D679F4,C01D988A5DFFF5FA,3FF7FFFFFFFFFFFE,BCF
4 38 301
4 39 263
4 40 77
4 41 253
4 42 0
4 43 0
3 32 ->
4 33 698
4 34 4
4 35 19
4 36 [2]
$1,-1
4 37 [13][4]
$0,3FDE3779B97F4A7B,3FF,4021E3779B97F4A8
$0,3FDE87F2DD25C4A5,3FEA62B09B6B65C,4021EC9ED9009461
$0,3FDED8597AA72D02,3FE4C2C937327A,4021F40304814239
$3CB05E0D461652,3FDF28B18AE45D5A,3FDE41AEBDD35D8,4021F9A36419032A
$0,3FDF78FF03E02D5C,3FD2FAD1A302488,4021FD7F6A3071DD
$0,3FDFC945D987BB4D,3FBEC85B9AACC2,4021FF96B5A7A9D7
$3CBB606F178DFE,3FE0091EFE81D576,BFA485B5F8CB68,4021FFF44D087DAB
$3CA7B814A41BE3,3FE02D9B6F1B4BB7,BFC9A69E153E0E,4021FEDB88CCA4A2
$3C9D063D0C924C,3FE05219BA117F28,BFD714DC9854978,4021FC4C7FC376F4
$0,3FE0769B5B32C995,BFE0AA450D2A5F8,4021F84767244A94
$0,3FE09B21CED86AFC,BFE5C8C134DD06,4021F2CC928A2067
$3CA2334CA3082,3FE0BFAE922484DB,BFEAE5784BF80A8,4021EBDC73ECD979
$0,3FE0E44323405AC1,BFF,4021E3779B97F4A8
4 38 306
4 39 268
4 40 536
4 41 270
4 42 0
4 43 0
3 32 ->
4 33 697
4 34 4
4 35 19
4 36 [2]
$1,-1
4 37 [13][4]
$0,3FDE3779B97F4A7B,3FF,4021E3779B97F4A8
$0,3FDE87F2DD25C4A5,3FEA62B09B6B65C,4021EC9ED9009461
$0,3FDED8597AA72D02,3FE4C2C937327A,4021F40304814239
$3CB05E0D461652,3FDF28B18AE45D5A,3FDE41AEBDD35D8,4021F9A36419032A
$0,3FDF78FF03E02D5C,3FD2FAD1A302488,4021FD7F6A3071DD
$0,3FDFC945D987BB4D,3FBEC85B9AACC2,4021FF96B5A7A9D7
$3CBB606F178DFE,3FE0091EFE81D576,BFA485B5F8CB68,4021FFF44D087DAB
$3CA7B814A41BE3,3FE02D9B6F1B4BB7,BFC9A69E153E0E,4021FEDB88CCA4A2
$3C9D063D0C924C,3FE05219BA117F28,BFD714DC9854978,4021FC4C7FC376F4
$0,3FE0769B5B32C995,BFE0AA450D2A5F8,4021F84767244A94
$0,3FE09B21CED86AFC,BFE5C8C134DD06,4021F2CC928A2067
$3CA2334CA3082,3FE0BFAE922484DB,BFEAE5784BF80A8,4021EBDC73ECD979
$0,3FE0E44323405AC1,BFF,4021E3779B97F4A8
4 38 305
4 39 267
4 40 535
4 41 269
4 42 0
4 43 0
3 32 ->
4 33 536
4 34 4
4 35 19
4 36 [2]
$1,-1
4 37 [81][4]
$0,3FE0E44323405AC1,BFF,4021E3779B97F4A8
$0,3FE1088F5256F779,BFF2864B0F1A26E,4021D9B6473E6111
$3C8F74D28BE14,3FE12CE61C58FD8B,BFF50B1B8719BAC,4021CE8822DCD599
$0,3FE15148F9F41644,BFF78E3DEDCED5C,4021C1EE12F16FF6
$3C9E7DB5F10D8,3FE175B965C7A209,BFFA0F7EEB5EEFE,4021B3E91907CDF
$3CA36A574927A,3FE19AE2E43E5C67,BFFC9A451EABA8,4021A42F2736FD86
$0,3FE1C01D8F9C00E6,BFFF22AD506623E,402192FF709CA632
$0,3FE1E56AFF514B27,C000D440EB59AA9,4021805B6159E3A4
$3C9054E34721,3FE20ACCCDF8A4BB,C00215C69F28545,40216C448460C09C
$3CB6790F47808,3FE23044999E0853,C00355CD27803CB,402156BC8353872D
$3CB5A7924564,3FE255D40408243,C004943A07F8D19,40213FC5266186CC
$0,3FE27B7CB302D77B,C005D0F2E610EA7,4021276054215313
$0,3FE2A14050AB2781,C0070BDD8B5D23,40210D9011687E64
$3CA30F004DAC,3FE2C7208BBCCA88,C00844DFE7B33958,4020F2568120D3AC
$0,3FE2ED1F17E1670E,C0097BE0135242,4020D5B5E41B12E7
$0,3FE3158E2D635E8C,C00AC36AE5C89C9,4020B5D369971004
$3C95FFC43D6,3FE33E2362240EE4,C00C0877DEAE283,40209462ADD1CCCA
$0,3FE366E0D2864943,C00D4AE8BB17659,40207166CDC6E91D
$3CA6A90FF72FF23D,3FE38FC8A2E14448,C00E8A9F764BE71,40204CE30B3B6A55
$0,3FE3B8DCFFF98BC8,C00FC77E4C91BEC,402026DACC701C0C
$0,3FE3E2201F7D9474,C01080B3DEF96F5C,401FFEA337A116CB
$0,3FE408817143AC57,C01110AD9E2BC4F4,401FB2C2326035CA
$3CB236803BD1F52D,3FE42F0E99249DEF,C0119F4A99E6B578,401F64595A55688B
$3CA3D29A03,3FE455C96F0BBFAD,C0122C7F6F8D8EEC,401F136EF1F90678
$0,3FE47CB3D2EF7E03,C012B840D9440C24,401EC0096EFB2814
$0,3FE4A4862E1DBD5D,C01345039D7FEB2C,401E689A1A09237
$3CA8E7E5C59D9D8A,3FE4CC8DDD458FFB,C013D02E1D88CC38,401E0EA6800D3778
$0,3FE4F4CCF746EE0D,C01459B4D4D8EDA8,401DB23612D72FCB
$3CAD8526401202F4,3FE51D459D6B9871,C014E18C61A88E3,401D535078EB501E
$3CAA93FEF5420C54,3FE545F9FBE37BBC,C01567A985DF1378,401CF1FD8CE03CE6
$3CBD65F4D9199D5E,3FE56EEC4A45A555,C015EC0128013C8C,401C8E455CB894E
$3CD2D81AFE11112,3FE5981ECC160D18,C0166E88541C4C98,401C2830293848FF
$3CC8F8981414CBB9,3FE5C193D15079CC,C016EF343CAE1A5C,401BBFC66535C132
$3CA99211C,3FE5EB4DB6F8CAC3,C0176DFA3B89F14,401B5510B4E6DC17
$3CC5A9139FF816EB,3FE6154EE7B0F4BE,C017EACFD2BA311,401AE817ED29D8B7
$3CB3B2C9D85004BE,3FE6422C7754849,C0186D0C472972CC,401A7215B09D1418
$0,3FE66F6006B7FBAF,C018ED0296F34008,4019F99D2CE686DF
$3CA272A0A8,3FE69CECAEE1B78D,C0196AA6D8600AC8,40197EB99932F634
$0,3FE6CAD59D76F854,C019E5ED590662AC,4019017666513E98
$3CA037DEA7FFFFF1,3FE6F91E15B40F3D,C01A5ECA9EE1BABC,401881DF3DA1A9B3
$3CACE4C4DD825724,3FE727C9716FFB79,C01AD5336963EEFC,4017FFFFFFFFFFFF
$3CAC8ED738,3FE7535C1EAD9266,C01B409F9FA409D4,401785BE0645736F
$3CBC59D7B8E6D2B4,3FE77F495ADA49BC,C01BA9DEDF5FD31,4017099B511B4049
$3CC4F2D2A6643D9A,3FE7AB9407DE6221,C01C10E8C1A33D6C,40168BA1C97C98CA
$0,3FE7D83F1B78B50A,C01C75B50C9CB3B,40160BDB7DFAF5E9
$0,3FE8062048A1E61F,C01CDA00DD699C2C,401587F399FD7AF9
$3CB57BB2B5BD53F2,3FE8346BD9BC3FEE,C01D3BE966512C28,4015024387CD839E
$3CB8FA819DFD97A4,3FE8632533C0B631,C01D9B668CEEE94,40147AD657DF6E64
$0,3FE8924FD5012DFF,C01DF8706A214A08,4013F1B73F7E50FE
$0,3FE8C1EF564C337C,C01E52FF4AB1266,401366F197DE8038
$3CD9F810D9A0AF71,3FE8F2076C1F0232,C01EAB0BAFF4DBA8,4012DA90DD2D1F3A
$0,3FE9229BE7E6BF81,C01F008E506F17B4,40124CA0AD9CC9AD
$0,3FE953B0B951D59,C01F538018693D0C,4011BD2CC86F6D41
$0,3FE98549EFB26DB6,C01FA3DA2A8953F,40112C410CFD6684
$0,3FE9B76BBB731B09,C01FF195E0637B5,401099E979B9F628
$3C9E38172D8,3FE9ED31688375BA,C0202091F6CCA1C6,400FFA6697F7CFE4
$0,3FEA239AECB50EC9,C02046D8A15A8DC6,400EBE001A50D1ED
$0,3FEA5AADCD8B60BE,C0206B9B5FA04788,400D7EBCEF40CBB
$0,3FEA926FC316622C,C0208ED6C57FEF42,400C3CBACFBF7581
$0,3FEACAE6BA7F40F8,C020B0878B4A900A,400AF817B6360686
$0,3FEB0418D8BB1D2C,C020D0AA8E0E4BF,4009B0F1DBB4BCCC
$0,3FEB39BC2EA111A1,C020ED079E8B3AE8,40087FDD15B85BC5
$0,3FEB700AB5EBD538,C021080AC41E738C,40074CD39C85F7CF
$0,3FEBA709DCD6F586,C02121B1D6B9DAE8,400617EDF316181
$0,3FEBDEBF4373EFAA,C02139FACA18FD38,4004E144C26536CC
$0,3FEC18393D123A47,C021514B0B1E042C,4003A33F4D8F3E67
$3CC4F0FB8AF82DC,3FEC527C93516068,C021672C6391D3C6,40026399C7FF9C91
$3CFA8A326BD6BAD3,3FEC8D8FE5C8A8F1,C0217B9D03E03A34,4001226EA61782A6
$3CCE0172A045BD03,3FECC97A152445EF,C0218E9B3AF91C4,3FFFBFB0F8EDB2CD
$3C9528B9853642C8,3FED0642467EC2EE,C021A02576744CAC,3FFD37E3FB922D76
$0,3FED43EFE6EEC0AB,C021B03A42B2D9FE,3FFAADABF11F2DFE
$0,3FED828AAF4CC98B,C021BED84AFDD018,3FF8213EA9D3512E
$3CB23B023D32C7E1,3FEDC21AA8355B55,C021CBFE59A26AF,3FF592D224B4F138
$0,3FEE02A82E4B9B6E,C021D7AB580BB832,3FF3029C8B1A1FED
$0,3FEE443BF6C18C34,C021E1DE4ED9A594,3FF070D42C2D2119
$0,3FEE8AF1E44915D9,C021EB117BAA2452,3FEB6B658A19BF39
$3CC199428044,3FEED2E456D830BB,C021F2999D0F893C,3FE5F2953ED82749
$0,3FEF1C1F1EC078E1,C021F875FF88C5AC,3FE077B9E01EDAEA
$3CCAD6F06D8763,3FEF66AE9840F036,C021FCA617673DCE,3FD5F6AC10535C0F
$0,3FEFB29FB3FA36F7,C021FF2980DBC9AE,3FC5F7B1D6F90CCF
$0,3FF,C022,3CD3DAEAF976E788
4 38 306
4 39 272
4 40 308
4 41 700
4 42 0
4 43 0
3 32 ->
4 33 535
4 34 4
4 35 19
4 36 [2]
$1,-1
4 37 [81][4]
$0,3FE0E44323405AC1,BFF,4021E3779B97F4A8
$0,3FE1088F5256F779,BFF2864B0F1A26E,4021D9B6473E6111
$3C8F74D28BE14,3FE12CE61C58FD8B,BFF50B1B8719BAC,4021CE8822DCD599
$0,3FE15148F9F41644,BFF78E3DEDCED5C,4021C1EE12F16FF6
$3C9E7DB5F10D8,3FE175B965C7A209,BFFA0F7EEB5EEFE,4021B3E91907CDF
$3CA36A574927A,3FE19AE2E43E5C67,BFFC9A451EABA8,4021A42F2736FD86
$0,3FE1C01D8F9C00E6,BFFF22AD506623E,402192FF709CA632
$0,3FE1E56AFF514B27,C000D440EB59AA9,4021805B6159E3A4
$3C9054E34721,3FE20ACCCDF8A4BB,C00215C69F28545,40216C448460C09C
$3CB6790F47808,3FE23044999E0853,C00355CD27803CB,402156BC8353872D
$3CB5A7924564,3FE255D40408243,C004943A07F8D19,40213FC5266186CC
$0,3FE27B7CB302D77B,C005D0F2E610EA7,4021276054215313
$0,3FE2A14050AB2781,C0070BDD8B5D23,40210D9011687E64
$3CA30F004DAC,3FE2C7208BBCCA88,C00844DFE7B33958,4020F2568120D3AC
$0,3FE2ED1F17E1670E,C0097BE0135242,4020D5B5E41B12E7
$0,3FE3158E2D635E8C,C00AC36AE5C89C9,4020B5D369971004
$3C95FFC43D6,3FE33E2362240EE4,C00C0877DEAE283,40209462ADD1CCCA
$0,3FE366E0D2864943,C00D4AE8BB17659,40207166CDC6E91D
$3CA6A90FF72FF23D,3FE38FC8A2E14448,C00E8A9F764BE71,40204CE30B3B6A55
$0,3FE3B8DCFFF98BC8,C00FC77E4C91BEC,402026DACC701C0C
$0,3FE3E2201F7D9474,C01080B3DEF96F5C,401FFEA337A116CB
$0,3FE408817143AC57,C01110AD9E2BC4F4,401FB2C2326035CA
$3CB236803BD1F52D,3FE42F0E99249DEF,C0119F4A99E6B578,401F64595A55688B
$3CA3D29A03,3FE455C96F0BBFAD,C0122C7F6F8D8EEC,401F136EF1F90678
$0,3FE47CB3D2EF7E03,C012B840D9440C24,401EC0096EFB2814
$0,3FE4A4862E1DBD5D,C01345039D7FEB2C,401E689A1A09237
$3CA8E7E5C59D9D8A,3FE4CC8DDD458FFB,C013D02E1D88CC38,401E0EA6800D3778
$0,3FE4F4CCF746EE0D,C01459B4D4D8EDA8,401DB23612D72FCB
$3CAD8526401202F4,3FE51D459D6B9871,C014E18C61A88E3,401D535078EB501E
$3CAA93FEF5420C54,3FE545F9FBE37BBC,C01567A985DF1378,401CF1FD8CE03CE6
$3CBD65F4D9199D5E,3FE56EEC4A45A555,C015EC0128013C8C,401C8E455CB894E
$3CD2D81AFE11112,3FE5981ECC160D18,C0166E88541C4C98,401C2830293848FF
$3CC8F8981414CBB9,3FE5C193D15079CC,C016EF343CAE1A5C,401BBFC66535C132
$3CA99211C,3FE5EB4DB6F8CAC3,C0176DFA3B89F14,401B5510B4E6DC17
$3CC5A9139FF816EB,3FE6154EE7B0F4BE,C017EACFD2BA311,401AE817ED29D8B7
$3CB3B2C9D85004BE,3FE6422C7754849,C0186D0C472972CC,401A7215B09D1418
$0,3FE66F6006B7FBAF,C018ED0296F34008,4019F99D2CE686DF
$3CA272A0A8,3FE69CECAEE1B78D,C0196AA6D8600AC8,40197EB99932F634
$0,3FE6CAD59D76F854,C019E5ED590662AC,4019017666513E98
$3CA037DEA7FFFFF1,3FE6F91E15B40F3D,C01A5ECA9EE1BABC,401881DF3DA1A9B3
$3CACE4C4DD825724,3FE727C9716FFB79,C01AD5336963EEFC,4017FFFFFFFFFFFF
$3CAC8ED738,3FE7535C1EAD9266,C01B409F9FA409D4,401785BE0645736F
$3CBC59D7B8E6D2B4,3FE77F495ADA49BC,C01BA9DEDF5FD31,4017099B511B4049
$3CC4F2D2A6643D9A,3FE7AB9407DE6221,C01C10E8C1A33D6C,40168BA1C97C98CA
$0,3FE7D83F1B78B50A,C01C75B50C9CB3B,40160BDB7DFAF5E9
$0,3FE8062048A1E61F,C01CDA00DD699C2C,401587F399FD7AF9
$3CB57BB2B5BD53F2,3FE8346BD9BC3FEE,C01D3BE966512C28,4015024387CD839E
$3CB8FA819DFD97A4,3FE8632533C0B631,C01D9B668CEEE94,40147AD657DF6E64
$0,3FE8924FD5012DFF,C01DF8706A214A08,4013F1B73F7E50FE
$0,3FE8C1EF564C337C,C01E52FF4AB1266,401366F197DE8038
$3CD9F810D9A0AF71,3FE8F2076C1F0232,C01EAB0BAFF4DBA8,4012DA90DD2D1F3A
$0,3FE9229BE7E6BF81,C01F008E506F17B4,40124CA0AD9CC9AD
$0,3FE953B0B951D59,C01F538018693D0C,4011BD2CC86F6D41
$0,3FE98549EFB26DB6,C01FA3DA2A8953F,40112C410CFD6684
$0,3FE9B76BBB731B09,C01FF195E0637B5,401099E979B9F628
$3C9E38172D8,3FE9ED31688375BA,C0202091F6CCA1C6,400FFA6697F7CFE4
$0,3FEA239AECB50EC9,C02046D8A15A8DC6,400EBE001A50D1ED
$0,3FEA5AADCD8B60BE,C0206B9B5FA04788,400D7EBCEF40CBB
$0,3FEA926FC316622C,C0208ED6C57FEF42,400C3CBACFBF7581
$0,3FEACAE6BA7F40F8,C020B0878B4A900A,400AF817B6360686
$0,3FEB0418D8BB1D2C,C020D0AA8E0E4BF,4009B0F1DBB4BCCC
$0,3FEB39BC2EA111A1,C020ED079E8B3AE8,40087FDD15B85BC5
$0,3FEB700AB5EBD538,C021080AC41E738C,40074CD39C85F7CF
$0,3FEBA709DCD6F586,C02121B1D6B9DAE8,400617EDF316181
$0,3FEBDEBF4373EFAA,C02139FACA18FD38,4004E144C26536CC
$0,3FEC18393D123A47,C021514B0B1E042C,4003A33F4D8F3E67
$3CC4F0FB8AF82DC,3FEC527C93516068,C021672C6391D3C6,40026399C7FF9C91
$3CFA8A326BD6BAD3,3FEC8D8FE5C8A8F1,C0217B9D03E03A34,4001226EA61782A6
$3CCE0172A045BD03,3FECC97A152445EF,C0218E9B3AF91C4,3FFFBFB0F8EDB2CD
$3C9528B9853642C8,3FED0642467EC2EE,C021A02576744CAC,3FFD37E3FB922D76
$0,3FED43EFE6EEC0AB,C021B03A42B2D9FE,3FFAADABF11F2DFE
$0,3FED828AAF4CC98B,C021BED84AFDD018,3FF8213EA9D3512E
$3CB23B023D32C7E1,3FEDC21AA8355B55,C021CBFE59A26AF,3FF592D224B4F138
$0,3FEE02A82E4B9B6E,C021D7AB580BB832,3FF3029C8B1A1FED
$0,3FEE443BF6C18C34,C021E1DE4ED9A594,3FF070D42C2D2119
$0,3FEE8AF1E44915D9,C021EB117BAA2452,3FEB6B658A19BF39
$3CC199428044,3FEED2E456D830BB,C021F2999D0F893C,3FE5F2953ED82749
$0,3FEF1C1F1EC078E1,C021F875FF88C5AC,3FE077B9E01EDAEA
$3CCAD6F06D8763,3FEF66AE9840F036,C021FCA617673DCE,3FD5F6AC10535C0F
$0,3FEFB29FB3FA36F7,C021FF2980DBC9AE,3FC5F7B1D6F90CCF
$0,3FF,C022,3CD3DAEAF976E788
4 38 305
4 39 271
4 40 307
4 41 699
4 42 0
4 43 0
3 32 ->
4 33 540
4 34 4
4 35 19
4 36 [2]
$1,-1
4 37 [81][4]
$0,0,4022000000000004,0
$0,3F81ECE8A2D1C941,4021FF4810BC3C7C,3FC457B376695F1B
$0,3F91C570D0971CF7,4021FD2051A00CE,3FD456E3970C3918
$0,3F9A6E4FB413461,4021F988EEB795EC,3FDE804DC4C1CA67
$3CC304461A95C,3FA1792E4C839515,4021F482316881F,3FE453A44B5FF322
$3CD7C73E10E6,3FA5BCC038D32B2B,4021EDEB0A7E71AC,3FE97D16C64BFEE9
$0,3FA9EE81ACE5EACC,4021E5D80495C6E4,3FEEA46D399773FC
$0,3FAE0F0CC321F75A,4021DC49CAC0B44,3FF1E49D3A2B1441
$3CB2FDFEF18,3FB10F7AA414B04C,4021D1412773A06C,3FF47588BDAB8614
$0,3FB30F6487AFF8E9,4021C4BF047464A8,3FF704C2C9149357
$0,3FB50788211F9759,4021B6C46AC6F3E,3FF99215220DB285
$0,3FB6F826D56BA8E1,4021A75282976BBC,3FFC1D49B69B3B2D
$3CD7F24323366AC,3FB8E17F7CEA3F75,4021966A93219198,3FFEA62AA197FD3C
$3CEEEED0704207FE,3FBAC3CE842C338B,4021840E0295BD58,4000964117959126
$3CFE544E3576B8B4,3FBC9F4E0AF922E5,4021703E55FB349C,4001D80D709CFD3E
$3CD5D82A0AACB2C,3FBE906C1DEF36E6,402159A796C4C1C8,40032BBCD33C741B
$0,3FC03D3004D29C49,4021417355C67AB,40047DA34FF11661
$0,3FC12EB3BF971F4B,402127A3D3DB72A,4005CDA1719083BF
$3CCF3C599FEB,3FC21CDEE8D0461B,40210C3B782820F,40071B97F06752C4
$0,3FC307CE0A6649F8,4020EF3CCFE11C88,40086767B5229018
$0,3FC3EF9C9D138B51,4020D0AA8E0E4BF4,4009B0F1DBB4BCC8
$0,3FC4C39229E4B75C,4020B2F5D653566C,400ADFF9937B7942
$0,3FC595043152D925,402093EBD6755804,400C0CDC0BF79736
$0,3FC664064B9B902C,4020738F08CE24D4,400D37813FED2D45
$0,3FC730AB6BAB234B,402051E202C3C304,400E5FD157E44BBA
$0,3FC7FEAE71EFA1E7,40202E4193450A64,400F8B06B1E324C7
$0,3FC8CA6404D7EC31,4020094A516EEFA4,401059CFDECCFD4A
$0,3FC993DE42AD28C6,401FC5FE98E89A18,4010ECC1F77EC0C1
$3CD4741E7874,3FCA5B2EB5DBC5C6,401F76C75F4D1F28,40117E4D79ACFB38
$3C831F415D,3FCB20665B8B06C7,401F24F5846522A,40120E6659AB3A3B
$0,3FCBE395A9E0239C,401ED08FCDB64BE,40129D00AA79B076
$3CCE9F20523,3FCCA4CC95F201B,401E799D3762BD08,40132A109EC1E1EF
$0,3FCD641A99723A7D,401E2024F395157,4013B58A89D0B14F
$3C940C25D76926A8,3FCE218EB80FD1CA,401DC42E69E7FBE8,40143F62E08DB9C5
$0,3FCEDD378497B755,401D65C136C93C18,4014C78E3A6FE0D9
$0,3FCFA259BABB7E3A,401CFEF288D868,40155618EE7DF76E
$3CAF96A0ED,3FD032CBC7B33965,401C9570CC1746A,4015E2A720983C72
$0,3FD09380748F09CE,401C2945D30FD9F,40166D2BBAE46E46
$0,3FD0F3529B9DE2CB,401BBA7BAFB7FFB,4016F599D817663A
$3CCFE865FF07CEB8,3FD15249BBA7AE6D,401B491CB28170A,40177BE4C4A8701F
$0,3FD1B06D1D200914,401AD5336963EF,4018
$0,3FD206E2F787FDA1,401A67A2D00A5088,401878577BB0833
$3CC91A8DC1,3FD25CAECB37C43,4019F7F692C979,4018EEBADDE4E212
$3CD350F8ED12BD04,3FD2B1D5EE9EAC68,401986379BE86C98,40196320B317A1AC
$0,3FD3065D96B43B79,4019126F000CB5D8,4019D57FB0710F41
$0,3FD35BD0168E2C59,40189A7D11B24708,401A47D481FE5EC8
$0,3FD3B0A7C1E8D5AE,40182081DCB7EE28,401AB7FC846C8EBF
$3CC4AD2B58FCC43D,3FD404E9B58C6C57,4017A487798B37E,401B25EE6F77C79A
$3CCF993AD4,3FD4589AEFF6BF5F,401726982AE81D6,401B91A129B60573
$3CD3ABD17082F9C7,3FD4ABC052A5BD35,4016A6BE5CFF9FF,401BFB0BC957E185
$3C914AF4A,3FD4FE5EA354EE31,40162504A49AF58,401C622594E56B1D
$3CC292CB74,3FD5507A8D2E9786,4015A175BE3B5958,401CC6E603F70045
$0,3FD5A218A1F1308D,40151C1C8D369358,401D2944BFEA16F4
$3CCCD0FD4,3FD5F33D5B09CA9B,401495041AD04888,401D8939A491E7C1
$0,3FD643ED1AA403EC,40140C37955027D,401DE6BCC0E3EB77
$0,3FD69905AE600A73,40137950B61BA0D,401E47364610C774
$3CC7E29D688,3FD6EDA48822C84F,4012E499B81462,401EA4DE2CE8DE37
$0,3FD741CE9487A183,40124E20738AE1F,401EFFABBD537675
$0,3FD79588A7C9B22F,4011B5F2EABAFCB8,401F57968335F26A
$0,3FD7E8D77EF39EE,40111C1F487E1568,401FAC964F3D48D5
$0,3FD83BBFC104D71C,401080B3DEF96F6,401FFEA337A116CB
$0,3FD8882E58DC0434,400FDED1B58849F,402023FB2DABB19D
$0,3FD8D44C76E33432,400EB9B055DA59F,4020475AE17AF765
$3CB3227153D,3FD9201D9F188765,400D921B05AB2F5,4020696DE44D55BD
$0,3FD96BA54842C235,400C68295DDE3AA,40208A317DC10BA4
$0,3FD9B8448472A6A3,400B3678949E8A7,4020AA32464D9395
$3C79FDCEE78,3FDA049EA791C6D4,400A02873C24ABC,4020C8D1FA94030C
$0,3FDA50B733A34E46,4008CC6ED0D9918,4020E60E11BFDB67
$0,3FDA9C919F3CC4B3,40079448FCC1D32,402101E4206B0911
$0,3FDAE831562DE943,40065A2F955DECD,40211C51D8D126BB
$0,3FDB3399BA24858C,40051E3C9986E6D,402135550B004CD8
$3C94810538C6,3FDB7ECE234C7B91,4003E08A2F4790A,40214CEBA507693
$3CB8245C3FF7,3FDBC9D1E0EC4F96,4002A132A1B27DA,40216313B3221ACD
$3CB302A3278D8,3FDC14A839FE6BF8,400160505EB4F17,402177CB5FE20E9B
$3CA1688B5F3B8,3FDC5F546DC75BD2,40001DFDF4E6E97,40218B10F455D941
$0,3FDCAE5CB90ABD4D,3FFD8D5C3AB1506,40219DEB57EEA962
$3C830479D455,3FDCFD3D09C31535,3FFADBFC3AA5B24,4021AF21DECCAC9B
$0,3FDD4BF9278F5C76,3FF8281C1783E16,4021BEB2EEB34E48
$3C80356C02498,3FDD9A94D339C6C3,3FF571FC3ABD22A,4021CC9D14A2BA41
$0,3FDDE913C7710E1B,3FF2B9DD435BF78,4021D8DF04FA66E1
$0,3FDE3779B97F4A7B,3FF,4021E3779B97F4A8
4 38 306
4 39 272
4 40 698
4 41 34
4 42 0
4 43 0
3 32 ->
4 33 539
4 34 4
4 35 19
4 36 [2]
$1,-1
4 37 [81][4]
$0,0,4022000000000004,0
$0,3F81ECE8A2D1C941,4021FF4810BC3C7C,3FC457B376695F1B
$0,3F91C570D0971CF7,4021FD2051A00CE,3FD456E3970C3918
$0,3F9A6E4FB413461,4021F988EEB795EC,3FDE804DC4C1CA67
$3CC304461A95C,3FA1792E4C839515,4021F482316881F,3FE453A44B5FF322
$3CD7C73E10E6,3FA5BCC038D32B2B,4021EDEB0A7E71AC,3FE97D16C64BFEE9
$0,3FA9EE81ACE5EACC,4021E5D80495C6E4,3FEEA46D399773FC
$0,3FAE0F0CC321F75A,4021DC49CAC0B44,3FF1E49D3A2B1441
$3CB2FDFEF18,3FB10F7AA414B04C,4021D1412773A06C,3FF47588BDAB8614
$0,3FB30F6487AFF8E9,4021C4BF047464A8,3FF704C2C9149357
$0,3FB50788211F9759,4021B6C46AC6F3E,3FF99215220DB285
$0,3FB6F826D56BA8E1,4021A75282976BBC,3FFC1D49B69B3B2D
$3CD7F24323366AC,3FB8E17F7CEA3F75,4021966A93219198,3FFEA62AA197FD3C
$3CEEEED0704207FE,3FBAC3CE842C338B,4021840E0295BD58,4000964117959126
$3CFE544E3576B8B4,3FBC9F4E0AF922E5,4021703E55FB349C,4001D80D709CFD3E
$3CD5D82A0AACB2C,3FBE906C1DEF36E6,402159A796C4C1C8,40032BBCD33C741B
$0,3FC03D3004D29C49,4021417355C67AB,40047DA34FF11661
$0,3FC12EB3BF971F4B,402127A3D3DB72A,4005CDA1719083BF
$3CCF3C599FEB,3FC21CDEE8D0461B,40210C3B782820F,40071B97F06752C4
$0,3FC307CE0A6649F8,4020EF3CCFE11C88,40086767B5229018
$0,3FC3EF9C9D138B51,4020D0AA8E0E4BF4,4009B0F1DBB4BCC8
$0,3FC4C39229E4B75C,4020B2F5D653566C,400ADFF9937B7942
$0,3FC595043152D925,402093EBD6755804,400C0CDC0BF79736
$0,3FC664064B9B902C,4020738F08CE24D4,400D37813FED2D45
$0,3FC730AB6BAB234B,402051E202C3C304,400E5FD157E44BBA
$0,3FC7FEAE71EFA1E7,40202E4193450A64,400F8B06B1E324C7
$0,3FC8CA6404D7EC31,4020094A516EEFA4,401059CFDECCFD4A
$0,3FC993DE42AD28C6,401FC5FE98E89A18,4010ECC1F77EC0C1
$3CD4741E7874,3FCA5B2EB5DBC5C6,401F76C75F4D1F28,40117E4D79ACFB38
$3C831F415D,3FCB20665B8B06C7,401F24F5846522A,40120E6659AB3A3B
$0,3FCBE395A9E0239C,401ED08FCDB64BE,40129D00AA79B076
$3CCE9F20523,3FCCA4CC95F201B,401E799D3762BD08,40132A109EC1E1EF
$0,3FCD641A99723A7D,401E2024F395157,4013B58A89D0B14F
$3C940C25D76926A8,3FCE218EB80FD1CA,401DC42E69E7FBE8,40143F62E08DB9C5
$0,3FCEDD378497B755,401D65C136C93C18,4014C78E3A6FE0D9
$0,3FCFA259BABB7E3A,401CFEF288D868,40155618EE7DF76E
$3CAF96A0ED,3FD032CBC7B33965,401C9570CC1746A,4015E2A720983C72
$0,3FD09380748F09CE,401C2945D30FD9F,40166D2BBAE46E46
$0,3FD0F3529B9DE2CB,401BBA7BAFB7FFB,4016F599D817663A
$3CCFE865FF07CEB8,3FD15249BBA7AE6D,401B491CB28170A,40177BE4C4A8701F
$0,3FD1B06D1D200914,401AD5336963EF,4018
$0,3FD206E2F787FDA1,401A67A2D00A5088,401878577BB0833
$3CC91A8DC1,3FD25CAECB37C43,4019F7F692C979,4018EEBADDE4E212
$3CD350F8ED12BD04,3FD2B1D5EE9EAC68,401986379BE86C98,40196320B317A1AC
$0,3FD3065D96B43B79,4019126F000CB5D8,4019D57FB0710F41
$0,3FD35BD0168E2C59,40189A7D11B24708,401A47D481FE5EC8
$0,3FD3B0A7C1E8D5AE,40182081DCB7EE28,401AB7FC846C8EBF
$3CC4AD2B58FCC43D,3FD404E9B58C6C57,4017A487798B37E,401B25EE6F77C79A
$3CCF993AD4,3FD4589AEFF6BF5F,401726982AE81D6,401B91A129B60573
$3CD3ABD17082F9C7,3FD4ABC052A5BD35,4016A6BE5CFF9FF,401BFB0BC957E185
$3C914AF4A,3FD4FE5EA354EE31,40162504A49AF58,401C622594E56B1D
$3CC292CB74,3FD5507A8D2E9786,4015A175BE3B5958,401CC6E603F70045
$0,3FD5A218A1F1308D,40151C1C8D369358,401D2944BFEA16F4
$3CCCD0FD4,3FD5F33D5B09CA9B,401495041AD04888,401D8939A491E7C1
$0,3FD643ED1AA403EC,40140C37955027D,401DE6BCC0E3EB77
$0,3FD69905AE600A73,40137950B61BA0D,401E47364610C774
$3CC7E29D688,3FD6EDA48822C84F,4012E499B81462,401EA4DE2CE8DE37
$0,3FD741CE9487A183,40124E20738AE1F,401EFFABBD537675
$0,3FD79588A7C9B22F,4011B5F2EABAFCB8,401F57968335F26A
$0,3FD7E8D77EF39EE,40111C1F487E1568,401FAC964F3D48D5
$0,3FD83BBFC104D71C,401080B3DEF96F6,401FFEA337A116CB
$0,3FD8882E58DC0434,400FDED1B58849F,402023FB2DABB19D
$0,3FD8D44C76E33432,400EB9B055DA59F,4020475AE17AF765
$3CB3227153D,3FD9201D9F188765,400D921B05AB2F5,4020696DE44D55BD
$0,3FD96BA54842C235,400C68295DDE3AA,40208A317DC10BA4
$0,3FD9B8448472A6A3,400B3678949E8A7,4020AA32464D9395
$3C79FDCEE78,3FDA049EA791C6D4,400A02873C24ABC,4020C8D1FA94030C
$0,3FDA50B733A34E46,4008CC6ED0D9918,4020E60E11BFDB67
$0,3FDA9C919F3CC4B3,40079448FCC1D32,402101E4206B0911
$0,3FDAE831562DE943,40065A2F955DECD,40211C51D8D126BB
$0,3FDB3399BA24858C,40051E3C9986E6D,402135550B004CD8
$3C94810538C6,3FDB7ECE234C7B91,4003E08A2F4790A,40214CEBA507693
$3CB8245C3FF7,3FDBC9D1E0EC4F96,4002A132A1B27DA,40216313B3221ACD
$3CB302A3278D8,3FDC14A839FE6BF8,400160505EB4F17,402177CB5FE20E9B
$3CA1688B5F3B8,3FDC5F546DC75BD2,40001DFDF4E6E97,40218B10F455D941
$0,3FDCAE5CB90ABD4D,3FFD8D5C3AB1506,40219DEB57EEA962
$3C830479D455,3FDCFD3D09C31535,3FFADBFC3AA5B24,4021AF21DECCAC9B
$0,3FDD4BF9278F5C76,3FF8281C1783E16,4021BEB2EEB34E48
$3C80356C02498,3FDD9A94D339C6C3,3FF571FC3ABD22A,4021CC9D14A2BA41
$0,3FDDE913C7710E1B,3FF2B9DD435BF78,4021D8DF04FA66E1
$0,3FDE3779B97F4A7B,3FF,4021E3779B97F4A8
4 38 305
4 39 271
4 40 697
4 41 33
4 42 0
4 43 0
3 32 ->
4 33 710
4 34 4
4 35 0
4 36 [2]
$1,-1
4 37 [2][4]
$4031800000000001,0,C05EE00000000004,C062C
$4031800000000001,4072C,C05EE00000000004,4062C
4 38 276
4 39 314
4 40 226
4 41 706
4 42 0
4 43 0
3 32 ->
4 33 709
4 34 4
4 35 0
4 36 [2]
$1,-1
4 37 [2][4]
$4031800000000001,0,C05EE00000000004,C062C
$4031800000000001,4072C,C05EE00000000004,4062C
4 38 275
4 39 313
4 40 225
4 41 705
4 42 0
4 43 0
3 32 ->
4 33 322
4 34 4
4 35 0
4 36 [2]
$1,-1
4 37 [2][4]
$C031800000000001,4072C,C05F400000000004,4062C
$C031800000000001,0,C05F400000000004,C062C
4 38 280
4 39 314
4 40 208
4 41 712
4 42 0
4 43 0
3 32 ->
4 33 321
4 34 4
4 35 0
4 36 [2]
$1,-1
4 37 [2][4]
$C031800000000001,4072C,C05F400000000004,4062C
$C031800000000001,0,C05F400000000004,C062C
4 38 279
4 39 313
4 40 207
4 41 711
4 42 0
4 43 0
3 32 ->
4 33 722
4 34 4
4 35 0
4 36 [2]
$1,-1
4 37 [2][4]
$C031800000000001,4072C,405EDFFFFFFFFFFC,4062C
$C031800000000001,0,405EDFFFFFFFFFFC,C062C
4 38 284
4 39 314
4 40 250
4 41 718
4 42 0
4 43 0
3 32 ->
4 33 721
4 34 4
4 35 0
4 36 [2]
$1,-1
4 37 [2][4]
$C031800000000001,4072C,405EDFFFFFFFFFFC,4062C
$C031800000000001,0,405EDFFFFFFFFFFC,C062C
4 38 283
4 39 313
4 40 249
4 41 717
4 42 0
4 43 0
3 32 ->
4 33 320
4 34 4
4 35 0
4 36 [2]
$1,-1
4 37 [2][4]
$4031800000000001,0,405F3FFFFFFFFFFC,C062C
$4031800000000001,4072C,405F3FFFFFFFFFFC,4062C
4 38 286
4 39 314
4 40 232
4 41 724
4 42 0
4 43 0
3 32 ->
4 33 319
4 34 4
4 35 0
4 36 [2]
$1,-1
4 37 [2][4]
$4031800000000001,0,405F3FFFFFFFFFFC,C062C
$4031800000000001,4072C,405F3FFFFFFFFFFC,4062C
4 38 285
4 39 313
4 40 231
4 41 723
4 42 0
4 43 0
3 32 ->
4 33 726
4 34 4
4 35 0
4 36 [2]
$1,-1
4 37 [9][4]
$BFF3A16E0D679FC,401D988A5DFFF5F8,3FFBC31071218285,8
$BFED98FA9B68EE8,401DC5600A068C66,3FFB1C6725BC839E,8
$BFE3054635C76A8,401DE7D7D6B66C9E,3FFA66F0D9AF5578,8
$BFD0D0074D9ABC,401DFB4998E32D8D,3FF9B17A8DA22751,8
$3FB1CBC00F0F84,401DFFAB8BE3C071,3FF8FC044194F926,0
$3FD9B3AB2B0EB,401DF4FB7C16DE1C,3FF8468DF587CB05,0
$3FE773BE751B8C,401DDB3EC7FE2D12,3FF79117A97A9CD8,0
$3FF100EF9FED508,401DB2825D8BBFEE,3FF6DBA15D6D6EB6,0
$3FF3A16E0D67A,401D988A5DFFF5F6,3FF680E63766D7A2,0
4 38 290
4 39 324
4 40 292
4 41 602
4 42 0
4 43 0
3 32 ->
4 33 725
4 34 4
4 35 0
4 36 [2]
$1,-1
4 37 [9][4]
$BFF3A16E0D679FC,401D988A5DFFF5F8,3FFBC31071218285,8
$BFED98FA9B68EE8,401DC5600A068C66,3FFB1C6725BC839E,8
$BFE3054635C76A8,401DE7D7D6B66C9E,3FFA66F0D9AF5578,8
$BFD0D0074D9ABC,401DFB4998E32D8D,3FF9B17A8DA22751,8
$3FB1CBC00F0F84,401DFFAB8BE3C071,3FF8FC044194F926,0
$3FD9B3AB2B0EB,401DF4FB7C16DE1C,3FF8468DF587CB05,0
$3FE773BE751B8C,401DDB3EC7FE2D12,3FF79117A97A9CD8,0
$3FF100EF9FED508,401DB2825D8BBFEE,3FF6DBA15D6D6EB6,0
$3FF3A16E0D67A,401D988A5DFFF5F6,3FF680E63766D7A2,0
4 38 289
4 39 323
4 40 291
4 41 601
4 42 0
4 43 0
3 32 ->
4 33 610
4 34 4
4 35 0
4 36 [2]
$1,-1
4 37 [33][4]
$3FF3A16E0D67A,401D988A5DFFF5F6,3FF680E63766D7A2,0
$3FF7899A73473B4,401D6AD05567D0C3,3FF5F953359896BA,0
$3FFCB9C87E12DC8,401D20B5A3FA1C54,3FF543DCE98B6896,0
$4000EDC41E85BF4,401CC7F8F1C9CAD3,3FF48E669D7E3A71,0
$40037622DA2A916,401C60C6D2F3C18C,3FF3D8F051710C45,0
$4005F4BAB9C2EBE,401BEB531F0DDFDA,3FF3237A0563DE1E,0
$4008684AEE74514,401B67D8D71BCB1F,3FF26E03B956AFF6,0
$400ACF9833E88B6,401AD69A07EAACF7,3FF1B88D6D4981CF,0
$400D296D6EAEDC2,401A37DFA8E2C7C8,3FF10317213C53A6,0
$400F749C4784FD8,40198BF9775F8CFE,3FF04DA0D52F2583,0
$4010D7FEE19CF94,4018D33DCEA09F0B,3FEF30551243EEB7,0
$4011ED396B6F2D,40180E097C67DF19,3FEDC5687A299265,0
$4012F9727BFBE81,40173CBF925A517F,3FEC5A7BE20F361D,0
$4013FC23543777D,40165FC9343B44E8,3FEAEF8F49F4D9CC,0
$4014F4C9FEF8D32,40157795631ABCB,3FE984A2B1DA7D7F,0
$4015E2E99242EC2,40148498C591A751,3FE819B619C0212B,0
$4016C60A6E055DB,4013874D6D27E47E,3FE6AEC981A5C4E3,0
$40179DBA7834EED,4012803299018B6D,3FE543DCE98B689A,0
$4018698D561DBA3,40116FCC75F23FDF,3FE3D8F051710C47,0
$4019291CA2D22E5,401056A3DC16B2F6,3FE26E03B956AFF7,0
$4019DC08229B8EF,400E6A8C142B5683,3FE10317213C53A7,0
$401A81F5F3521EA,400C1888BC563A73,3FDF30551243EEBC,0
$401B1A92B984A87,4009B8681A41F327,3FDC5A7BE20F361F,0
$401BA591CA58B9B,40074B5BAEB4C281,3FD984A2B1DA7D7E,0
$401C22AD520E82F,4004D29B782DCDE3,3FD6AEC981A5C4E,0
$401C91A6771506A,40024F655628D5ED,3FD3D8F051710C42,0
$401CF245799CF62,3FFF85F8D2DBC02F,3FD10317213C53AC,0
$401D4459CF9A608,3FFA5D50E37A1623,3FCC5A7BE20F3619,0
$401D87BA3D27211,3FF5276A52503497,3FC6AEC981A5C4DD,0
$401DBC44E939CE9,3FEFCDC675B1BEE7,3FC10317213C53AC,0
$401DE1DF6EA6C19,3FE53CBE1E84AF06,3FB6AEC981A5C4E2,0
$401DF876E962A8B,3FD54215147011FA,3FA6AEC981A5C4DB,0
$401E00000000001,0,0,0
4 38 298
4 39 324
4 40 300
4 41 726
4 42 0
4 43 0
3 32 ->
4 33 609
4 34 4
4 35 0
4 36 [2]
$1,-1
4 37 [33][4]
$3FF3A16E0D67A,401D988A5DFFF5F6,3FF680E63766D7A2,0
$3FF7899A73473B4,401D6AD05567D0C3,3FF5F953359896BA,0
$3FFCB9C87E12DC8,401D20B5A3FA1C54,3FF543DCE98B6896,0
$4000EDC41E85BF4,401CC7F8F1C9CAD3,3FF48E669D7E3A71,0
$40037622DA2A916,401C60C6D2F3C18C,3FF3D8F051710C45,0
$4005F4BAB9C2EBE,401BEB531F0DDFDA,3FF3237A0563DE1E,0
$4008684AEE74514,401B67D8D71BCB1F,3FF26E03B956AFF6,0
$400ACF9833E88B6,401AD69A07EAACF7,3FF1B88D6D4981CF,0
$400D296D6EAEDC2,401A37DFA8E2C7C8,3FF10317213C53A6,0
$400F749C4784FD8,40198BF9775F8CFE,3FF04DA0D52F2583,0
$4010D7FEE19CF94,4018D33DCEA09F0B,3FEF30551243EEB7,0
$4011ED396B6F2D,40180E097C67DF19,3FEDC5687A299265,0
$4012F9727BFBE81,40173CBF925A517F,3FEC5A7BE20F361D,0
$4013FC23543777D,40165FC9343B44E8,3FEAEF8F49F4D9CC,0
$4014F4C9FEF8D32,40157795631ABCB,3FE984A2B1DA7D7F,0
$4015E2E99242EC2,40148498C591A751,3FE819B619C0212B,0
$4016C60A6E055DB,4013874D6D27E47E,3FE6AEC981A5C4E3,0
$40179DBA7834EED,4012803299018B6D,3FE543DCE98B689A,0
$4018698D561DBA3,40116FCC75F23FDF,3FE3D8F051710C47,0
$4019291CA2D22E5,401056A3DC16B2F6,3FE26E03B956AFF7,0
$4019DC08229B8EF,400E6A8C142B5683,3FE10317213C53A7,0
$401A81F5F3521EA,400C1888BC563A73,3FDF30551243EEBC,0
$401B1A92B984A87,4009B8681A41F327,3FDC5A7BE20F361F,0
$401BA591CA58B9B,40074B5BAEB4C281,3FD984A2B1DA7D7E,0
$401C22AD520E82F,4004D29B782DCDE3,3FD6AEC981A5C4E,0
$401C91A6771506A,40024F655628D5ED,3FD3D8F051710C42,0
$401CF245799CF62,3FFF85F8D2DBC02F,3FD10317213C53AC,0
$401D4459CF9A608,3FFA5D50E37A1623,3FCC5A7BE20F3619,0
$401D87BA3D27211,3FF5276A52503497,3FC6AEC981A5C4DD,0
$401DBC44E939CE9,3FEFCDC675B1BEE7,3FC10317213C53AC,0
$401DE1DF6EA6C19,3FE53CBE1E84AF06,3FB6AEC981A5C4E2,0
$401DF876E962A8B,3FD54215147011FA,3FA6AEC981A5C4DB,0
$401E00000000001,0,0,0
4 38 297
4 39 323
4 40 299
4 41 725
4 42 0
4 43 0
3 32 ->
4 33 602
4 34 4
4 35 0
4 36 [2]
$1,-1
4 37 [33][4]
$C01E,3CD08BC3CFE3164B,400921FB54442D18,8
$C01DFBCB1F86AD7,3FCFC4F8359B9C4D,4008DE31D35D0CA1,8
$C01DE9018FE755C,3FE28ECC55F08C3F,40088376AD56758E,8
$C01DC7316033E31,3FED2307F9DA1FB4,400828BB874FDE7B,8
$C01D966B8D00DFC,3FF3D4503937060D,4007CE0061494766,8
$C01D56C896C4EC6,3FF90D2649B562C6,400773453B42B053,8
$C01D08687589AB6,3FFE3966996664DE,4007188A153C193F,8
$C01CAB7288DC5E7,4001AB3BF2E45C34,4006BDCEEF35822E,8
$C01C4015840643D,400430E44687E519,40066313C92EEB18,8
$C01BC6875696A75,4006AC67EC4190EB,40060858A3285405,8
$C01B3F05114A6BA,40091C87A1316532,4005AD9D7D21BCEF,8
$C01AA9D2C75EAD3,400B8009DB56890E,400552E2571B25E1,8
$C01A073B6C5DE38,400DD5BB67123DEF,4004F82731148EC9,8
$C0195790AE78B3D,40100E3800BDE825,40049D6C0B0DF7B7,8
$C0189B2ACD7D5A2,40112981779BFC5F,400442B0E50760A2,8
$C017D2686E824B,40123C2BC7C3F35D,4003E7F5BF00C98E,8
$C016FDAE6C5A4FA,401345ACF5A309E9,40038D3A98FA327E,8
$C0161D67A4EA012,4014457F9FC4856C,4003327F72F39B6A,8
$C0153204C378168,40153B2341D33EAA,4002D7C44CED0454,8
$C0143BFC08137DB,4016261C7529AA4F,40027D0926E66D3E,8
$C0133BC90C2BAE3,401705F52ECFF01B,4002224E00DFD62B,8
$C01231EC84790E4,4017DA3CFAC8EC3,4001C792DAD93F1B,8
$C0111EEC00549B6,4018A28934904FF,40016CD7B4D2A806,8
$C0100351A69F51D,40195E753CAD8141,4001121C8ECC10F1,8
$C00DBF57E0B60F2,401A0DA2AB404E3C,4000B76168C579DF,8
$C00B691AC22F318,401AAFB97F6E1055,40005CA642BEE2CE,8
$C00905187AB0B4A,401B44684B976BA7,400001EB1CB84BB7,8
$C00694847E2D99C,401BCB645E4074C8,3FFF4E5FED636942,8
$C00418989110F76,401C4469E796B042,3FFE98E9A1563B1F,8
$C00192942A9DA7C,401CAF3C1B8211ED,3FFDE37355490CFC,8
$BFFE0777A8E2304,401D0BA5502FDF19,3FFD2DFD093BDECE,8
$BFF8DAB10EF3B08,401D597719081B7D,3FFC7886BD2EB0AE,8
$BFF3A16E0D679FC,401D988A5DFFF5F8,3FFBC31071218285,8
4 38 302
4 39 324
4 40 304
4 41 326
4 42 0
4 43 0
3 32 ->
4 33 601
4 34 4
4 35 0
4 36 [2]
$1,-1
4 37 [33][4]
$C01E,3CD08BC3CFE3164B,400921FB54442D18,8
$C01DFBCB1F86AD7,3FCFC4F8359B9C4D,4008DE31D35D0CA1,8
$C01DE9018FE755C,3FE28ECC55F08C3F,40088376AD56758E,8
$C01DC7316033E31,3FED2307F9DA1FB4,400828BB874FDE7B,8
$C01D966B8D00DFC,3FF3D4503937060D,4007CE0061494766,8
$C01D56C896C4EC6,3FF90D2649B562C6,400773453B42B053,8
$C01D08687589AB6,3FFE3966996664DE,4007188A153C193F,8
$C01CAB7288DC5E7,4001AB3BF2E45C34,4006BDCEEF35822E,8
$C01C4015840643D,400430E44687E519,40066313C92EEB18,8
$C01BC6875696A75,4006AC67EC4190EB,40060858A3285405,8
$C01B3F05114A6BA,40091C87A1316532,4005AD9D7D21BCEF,8
$C01AA9D2C75EAD3,400B8009DB56890E,400552E2571B25E1,8
$C01A073B6C5DE38,400DD5BB67123DEF,4004F82731148EC9,8
$C0195790AE78B3D,40100E3800BDE825,40049D6C0B0DF7B7,8
$C0189B2ACD7D5A2,40112981779BFC5F,400442B0E50760A2,8
$C017D2686E824B,40123C2BC7C3F35D,4003E7F5BF00C98E,8
$C016FDAE6C5A4FA,401345ACF5A309E9,40038D3A98FA327E,8
$C0161D67A4EA012,4014457F9FC4856C,4003327F72F39B6A,8
$C0153204C378168,40153B2341D33EAA,4002D7C44CED0454,8
$C0143BFC08137DB,4016261C7529AA4F,40027D0926E66D3E,8
$C0133BC90C2BAE3,401705F52ECFF01B,4002224E00DFD62B,8
$C01231EC84790E4,4017DA3CFAC8EC3,4001C792DAD93F1B,8
$C0111EEC00549B6,4018A28934904FF,40016CD7B4D2A806,8
$C0100351A69F51D,40195E753CAD8141,4001121C8ECC10F1,8
$C00DBF57E0B60F2,401A0DA2AB404E3C,4000B76168C579DF,8
$C00B691AC22F318,401AAFB97F6E1055,40005CA642BEE2CE,8
$C00905187AB0B4A,401B44684B976BA7,400001EB1CB84BB7,8
$C00694847E2D99C,401BCB645E4074C8,3FFF4E5FED636942,8
$C00418989110F76,401C4469E796B042,3FFE98E9A1563B1F,8
$C00192942A9DA7C,401CAF3C1B8211ED,3FFDE37355490CFC,8
$BFFE0777A8E2304,401D0BA5502FDF19,3FFD2DFD093BDECE,8
$BFF8DAB10EF3B08,401D597719081B7D,3FFC7886BD2EB0AE,8
$BFF3A16E0D679FC,401D988A5DFFF5F8,3FFBC31071218285,8
4 38 301
4 39 323
4 40 303
4 41 325
4 42 0
4 43 0
3 32 ->
4 33 312
4 34 4
4 35 0
4 36 [2]
$1,-1
4 37 [2][4]
$4042FFFFFFFFFFFD,402D64D51E0DB1C4,0,0
$403FFFFFFFFFFFF4,402D64D51E0DB1C4,8,C018000000000018
4 38 310
4 39 344
4 40 728
4 41 346
4 42 0
4 43 0
3 32 ->
4 33 311
4 34 4
4 35 0
4 36 [2]
$1,-1
4 37 [2][4]
$4042FFFFFFFFFFFD,402D64D51E0DB1C4,0,0
$403FFFFFFFFFFFF4,402D64D51E0DB1C4,8,C018000000000018
4 38 309
4 39 343
4 40 727
4 41 345
4 42 0
4 43 0
3 32 ->
4 33 730
4 34 4
4 35 0
4 36 [2]
$1,-1
4 37 [2][4]
$4042FFFFFFFFFFFD,C02D64D51E0DB1C4,0,0
$4042FFFFFFFFFFFD,402D64D51E0DB1C4,0,403D64D51E0DB1C4
4 38 310
4 39 340
4 40 312
4 41 342
4 42 0
4 43 0
3 32 ->
4 33 729
4 34 4
4 35 0
4 36 [2]
$1,-1
4 37 [2][4]
$4042FFFFFFFFFFFD,C02D64D51E0DB1C4,0,0
$4042FFFFFFFFFFFD,402D64D51E0DB1C4,0,403D64D51E0DB1C4
4 38 309
4 39 339
4 40 311
4 41 341
4 42 0
4 43 0
3 32 ->
4 33 732
4 34 4
4 35 0
4 36 [2]
$1,-1
4 37 [2][4]
$403FFFFFFFFFFFF8,C02D64D51E0DB1C4,0,C018000000000008
$4042FFFFFFFFFFFD,C02D64D51E0DB1C4,0,0
4 38 310
4 39 332
4 40 730
4 41 334
4 42 0
4 43 0
3 32 ->
4 33 731
4 34 4
4 35 0
4 36 [2]
$1,-1
4 37 [2][4]
$403FFFFFFFFFFFF8,C02D64D51E0DB1C4,0,C018000000000008
$4042FFFFFFFFFFFD,C02D64D51E0DB1C4,0,0
4 38 309
4 39 331
4 40 729
4 41 333
4 42 0
4 43 0
3 32 ->
4 33 728
4 34 4
4 35 0
4 36 [2]
$1,-1
4 37 [2][4]
$403FFFFFFFFFFFF8,402D64D51E0DB1C4,0,403D64D51E0DB1C4
$403FFFFFFFFFFFF8,C02D64D51E0DB1C4,0,0
4 38 310
4 39 336
4 40 732
4 41 338
4 42 0
4 43 0
3 32 ->
4 33 727
4 34 4
4 35 0
4 36 [2]
$1,-1
4 37 [2][4]
$403FFFFFFFFFFFF8,402D64D51E0DB1C4,0,403D64D51E0DB1C4
$403FFFFFFFFFFFF8,C02D64D51E0DB1C4,0,0
4 38 309
4 39 335
4 40 731
4 41 337
4 42 0
4 43 0
3 32 ->
4 33 318
4 34 4
4 35 0
4 36 [2]
$1,-1
4 37 [102][4]
$C02DFFFFFFFFFFF,405822B17DD7484A,400921FB54442D18,4021
$C02DFDAC26F852DB,40583A538F9BADD1,4008EF8F35DDF051,4021
$C02DF3FBDC86036E,4058585FC40AB113,4008AF672D9B62F7,4021
$C02DE2C55A54F07A,4058765E7C6140B8,40086F3F2558D59D,4021
$C02DCA0CF3524D8B,405894482FB5314A,40082F171D164844,4021
$C02DA9D8DD34367E,4058B2155A6410A9,4007EEEF14D3BAEA,4021
$C02D82312EEA5892,4058CFBE7FF65EE3,4007AEC70C912D91,4021
$C02D531FDE95B8E3,4058ED3C2D00FA1E,40076E9F044EA038,4021
$C02D1CB0BF081B05,40590A86F904449F,40072E76FC0C12DD,4021
$C02CDEF17CCBA8BA,4059279788488C92,4006EE4EF3C98584,4021
$C02C99F19AB399A5,405944668DB73DED,4006AE26EB86F82A,4021
$C02C4DC26DF6B7FC,405960ECCCB06783,40066DFEE3446AD1,4021
$C02BFA7719D4BCBE,40597D231ADC1D65,40062DD6DB01DD79,4021
$C02BA0248AC79B5E,4059990261F74398,4005EDAED2BF501E,4021
$C02B3EE17141F232,4059B483A19B4D71,4005AD86CA7CC2C6,4021
$C02AD6C63BFBF18,4059CF9FF1007F0C,40056D5EC23A356A,4021
$C02A67ED11D027C2,4059EA5080BA3FC9,40052D36B9F7A811,4021
$C029F271CB29BDE,405A048E9C6D0E38,4004ED0EB1B51AB7,4021
$C0297671EB05C9B,405A1E53AC7DA765,4004ACE6A9728D5E,4021
$C028F40C978978BD,405A379937B8F538,40046CBEA1300005,4021
$C0286B62922EEFEA,405A5058E4F45972,40042C9698ED72AB,4021
$C027DC962F8AD73F,405A688C7CA5ECAF,4003EC6E90AAE552,4021
$C02747CB4EACA2F6,405A802DEA744ADD,4003AC46886857F8,4021
$C026AD27501BC463,405A97373EBD88BF,40036C1E8025CA9D,4021
$C0260CD10C74062A,405AADA2B014F041,40032BF677E33D45,4021
$C02566F0CAA36FA2,405AC36A9CB723C1,4002EBCE6FA0AFEC,4021
$C024BBB035CC22D2,405AD8898BF44AC9,4002ABA6675E2291,4021
$C0240B3A52CCBFCA,405AECFA2F8FED39,40026B7E5F1B9536,4021
$C02355BB7571EE5E,405B00B765162498,40022B5656D907DE,4021
$C0229B613553C54F,405B13BC3725CDC1,4001EB2E4E967A85,4021
$C021DC5A6261DADC,405B2603DEAF67EE,4001AB064653ED2B,4021
$C02118D6F920DF53,405B3789C4285131,40016ADE3E115FD1,4021
$C0205108169CB5CB,405B484980B21301,40012AB635CED278,4021
$C01F0A3FD8242476,405B583EDF3574CC,4000EA8E2D8C451E,4021
$C01D6AA364A56CBB,405B6765DD710D5C,4000AA662549B7C3,4021
$C01BC3A339CEF044,405B75BAACFB0F29,40006A3E1D072A6B,4021
$C01A15A999E69A51,405B8339B4360ECF,40002A1614C49D11,4021
$C018612287B54D2E,405B8FDF8F38862,3FFFD3DC19041F6E,4021
$C016A67BAB64EEF4,405B9BA910A6D9C,3FFF538C087F04BC,4021
$C014E62436F49C5F,405BA693427FAA75,3FFED33BF7F9EA08,4021
$C013208CCA49ED11,405BB09B66DA3EDA,3FFE52EBE774CF55,4021
$C011562756E64D85,405BB9BEF896D5AC,3FFDD29BD6EFB4A1,4021
$C00F0ECE068F1459,405BC1FBAC00B455,3FFD524BC66A99ED,4021
$C00B69801BF57899,405BC94F6F61C90C,3FFCD1FBB5E57F3C,4021
$C007BD4F60D1B998,405BCFB86B87BB72,3FFC51ABA5606488,4021
$C0040B2802C8A599,405BD535043A4A34,3FFBD15B94DB49D5,4021
$C00053F7AEFDC791,405BD9C3D8A2D80A,3FFB510B84562F22,4021
$BFF9315AACBDE30C,405BDD63C3A50DFE,3FFAD0BB73D1146F,4021
$BFF1B471E33CE185,405BE013DC287CC,3FFA506B634BF9BB,4021
$BFE4662D13ABFEA1,405BE1D375532A82,3FF9D01B52C6DF08,4021
$BFC5795A37499C4A,405BE2A21EB4FEB4,3FF94FCB4241C455,4021
$3FD355B26994E373,405BE27FA46400A3,3FF8CF7B31BCA9A2,4021
$3FE8B19B47287ED4,405BE16C0F0961F6,3FF84F2B21378EEF,4021
$3FF3D914AC3894FF,405BDF67A3DF51B5,3FF7CEDB10B2743C,4021
$3FFB545F535B8534,405BDC72E49F986D,3FF74E8B002D5989,4021
$400164663C53D999,405BD88E8F6301CE,3FF6CE3AEFA83ED5,4021
$40051A3E5AA2A7BB,405BD3BB9E719BF4,3FF64DEADF232422,4021
$4008CAC96A23B324,405BCDFB4803D84E,3FF5CD9ACE9E096F,4021
$400C751A25460341,405BC74EFDF49E09,3FF54D4ABE18EEBB,4021
$40100C226B7C48E8,405BBFB86D64617,3FF4CCFAAD93D408,4021
$4011D9AFCAF01056,405BB7397E4D57B5,3FF44CAA9D0EB955,4021
$4013A2C13F8CCA3E,405BADD45308E225,3FF3CC5A8C899EA2,4021
$401566E3F83D08F6,405BA38B47C64F9C,3FF34C0A7C0483F1,4021
$401725A6611F1D94,405B9860F1F316AC,3FF2CBBA6B7F693D,4021
$4018DE98400D080C,405B8C581F94AEA1,3FF24B6A5AFA4E8B,4021
$401A914AD0CD8E08,405B7F73D694310D,3FF1CB1A4A7533D6,4021
$401C3D50E0E76359,405B71B753FBF143,3FF14ACA39F01922,4021
$401DE23EEB0F66C6,405B63260B273A81,3FF0CA7A296AFE7,4021
$401F7FAB322B0F34,405B53C3A4E46927,3FF04A2A18E5E3BC,4021
$40208A96EDF02012,405B4393FE8996B7,3FEF93B410C19219,4021
$402151308555ECC4,405B329B28FC13B2,3FEE9313EFB75CB,4021
$402213707BBC3A94,405B20DD67AAEDD4,3FED9273CEAD274C,4021
$4022D12605577202,405B0E5F2F7CC443,3FEC91D3ADA2F1E1,4021
$40238A217A5D0FFD,405AFB2525B12EAB,3FEB91338C98BC79,4021
$40243E3462FC4486,405AE7341EB5FF32,3FEA90936B8E8713,4021
$4024ED31830A3553,405AD2911CF0AA59,3FE98FF34A8451AB,4021
$402596ECE55EF5B9,405ABD414F7C22CE,3FE88F53297A1C3F,4021
$40263B3BE6E05948,405AA74A10DB7A1C,3FE78EB3086FE6DA,4021
$4026D9F54137DAC5,405A90B0E5A199F1,3FE68E12E765B176,4021
$402772F11530E6EE,405A797B7B0E6C8,3FE58D72C65B7C13,4021
$40280608F4BCF026,405A61AFA5A1CD1B,3FE48CD2A55146AA,4021
$40289317EC9AC702,405A49535FA49CBD,3FE38C3284471146,4021
$402919FA8D9ECAD3,405A306CC7A858AB,3FE28B92633CDBDF,4021
$40299A8EF5999D5B,405A17021EFD93CA,3FE18AF24232A678,4021
$402A14B4D7DB1D37,4059FD19C821B578,3FE08A522128711A,4021
$402A884D854F8397,4059E2BA452462F6,3FDF1364003C7759,4021
$402AF53BF4349B9C,4059C7EA3604FA97,3FDD1223BE280C8A,4021
$402B5B64C765238A,4059ACB0570889BA,3FDB10E37C13A1CB,4021
$402BBAAE553882CF,405991137F08A8AA,3FD90FA339FF36F5,4021
$402C1300ADF51ACD,4059751A9DBBA934,3FD70E62F7EACC31,4021
$402C6445A1D393D2,405958CCB9F68657,3FD50D22B5D66154,4021
$402CAE68C691A399,40593C30EFE9053E,3FD30BE273C1F68E,4021
$402CF1577C92E6E2,40591F4E6F5478E2,3FD10AA231AD8BC7,4021
$402D2D00F38E8466,4059022C79BD9B5,3FCE12C3DF3241E6,4021
$402D61562EC86C2F,4058E4D26099F09A,3FCA10435B096C62,4021
$402D8E4A08D523E7,4058C747837928A5,3FC60DC2D6E096B5,4021
$402DB3D136E72DCE,4058A9934E2AF623,3FC20B4252B7C11D,4021
$402DD1E24BA5361A,40588BBD36E1D1B9,3FBC11839D1DD72,4021
$402DE875B9885057,40586DCCBC532148,3FB40C8294CC2BE1,4021
$402DF785D4C1AC62,40584FC963D53BDD,3FA80F0318F50167,4021
$402DFF0ED4A74917,405831BAB77BC355,3F900A0210A355C7,4021
$402E00000000000F,405822B17DD7484A,0,4021
4 38 314
4 39 530
4 40 38
4 41 532
4 42 0
4 43 0
3 32 ->
4 33 317
4 34 4
4 35 0
4 36 [2]
$1,-1
4 37 [102][4]
$C02DFFFFFFFFFFF,405822B17DD7484A,400921FB54442D18,4021
$C02DFDAC26F852DB,40583A538F9BADD1,4008EF8F35DDF051,4021
$C02DF3FBDC86036E,4058585FC40AB113,4008AF672D9B62F7,4021
$C02DE2C55A54F07A,4058765E7C6140B8,40086F3F2558D59D,4021
$C02DCA0CF3524D8B,405894482FB5314A,40082F171D164844,4021
$C02DA9D8DD34367E,4058B2155A6410A9,4007EEEF14D3BAEA,4021
$C02D82312EEA5892,4058CFBE7FF65EE3,4007AEC70C912D91,4021
$C02D531FDE95B8E3,4058ED3C2D00FA1E,40076E9F044EA038,4021
$C02D1CB0BF081B05,40590A86F904449F,40072E76FC0C12DD,4021
$C02CDEF17CCBA8BA,4059279788488C92,4006EE4EF3C98584,4021
$C02C99F19AB399A5,405944668DB73DED,4006AE26EB86F82A,4021
$C02C4DC26DF6B7FC,405960ECCCB06783,40066DFEE3446AD1,4021
$C02BFA7719D4BCBE,40597D231ADC1D65,40062DD6DB01DD79,4021
$C02BA0248AC79B5E,4059990261F74398,4005EDAED2BF501E,4021
$C02B3EE17141F232,4059B483A19B4D71,4005AD86CA7CC2C6,4021
$C02AD6C63BFBF18,4059CF9FF1007F0C,40056D5EC23A356A,4021
$C02A67ED11D027C2,4059EA5080BA3FC9,40052D36B9F7A811,4021
$C029F271CB29BDE,405A048E9C6D0E38,4004ED0EB1B51AB7,4021
$C0297671EB05C9B,405A1E53AC7DA765,4004ACE6A9728D5E,4021
$C028F40C978978BD,405A379937B8F538,40046CBEA1300005,4021
$C0286B62922EEFEA,405A5058E4F45972,40042C9698ED72AB,4021
$C027DC962F8AD73F,405A688C7CA5ECAF,4003EC6E90AAE552,4021
$C02747CB4EACA2F6,405A802DEA744ADD,4003AC46886857F8,4021
$C026AD27501BC463,405A97373EBD88BF,40036C1E8025CA9D,4021
$C0260CD10C74062A,405AADA2B014F041,40032BF677E33D45,4021
$C02566F0CAA36FA2,405AC36A9CB723C1,4002EBCE6FA0AFEC,4021
$C024BBB035CC22D2,405AD8898BF44AC9,4002ABA6675E2291,4021
$C0240B3A52CCBFCA,405AECFA2F8FED39,40026B7E5F1B9536,4021
$C02355BB7571EE5E,405B00B765162498,40022B5656D907DE,4021
$C0229B613553C54F,405B13BC3725CDC1,4001EB2E4E967A85,4021
$C021DC5A6261DADC,405B2603DEAF67EE,4001AB064653ED2B,4021
$C02118D6F920DF53,405B3789C4285131,40016ADE3E115FD1,4021
$C0205108169CB5CB,405B484980B21301,40012AB635CED278,4021
$C01F0A3FD8242476,405B583EDF3574CC,4000EA8E2D8C451E,4021
$C01D6AA364A56CBB,405B6765DD710D5C,4000AA662549B7C3,4021
$C01BC3A339CEF044,405B75BAACFB0F29,40006A3E1D072A6B,4021
$C01A15A999E69A51,405B8339B4360ECF,40002A1614C49D11,4021
$C018612287B54D2E,405B8FDF8F38862,3FFFD3DC19041F6E,4021
$C016A67BAB64EEF4,405B9BA910A6D9C,3FFF538C087F04BC,4021
$C014E62436F49C5F,405BA693427FAA75,3FFED33BF7F9EA08,4021
$C013208CCA49ED11,405BB09B66DA3EDA,3FFE52EBE774CF55,4021
$C011562756E64D85,405BB9BEF896D5AC,3FFDD29BD6EFB4A1,4021
$C00F0ECE068F1459,405BC1FBAC00B455,3FFD524BC66A99ED,4021
$C00B69801BF57899,405BC94F6F61C90C,3FFCD1FBB5E57F3C,4021
$C007BD4F60D1B998,405BCFB86B87BB72,3FFC51ABA5606488,4021
$C0040B2802C8A599,405BD535043A4A34,3FFBD15B94DB49D5,4021
$C00053F7AEFDC791,405BD9C3D8A2D80A,3FFB510B84562F22,4021
$BFF9315AACBDE30C,405BDD63C3A50DFE,3FFAD0BB73D1146F,4021
$BFF1B471E33CE185,405BE013DC287CC,3FFA506B634BF9BB,4021
$BFE4662D13ABFEA1,405BE1D375532A82,3FF9D01B52C6DF08,4021
$BFC5795A37499C4A,405BE2A21EB4FEB4,3FF94FCB4241C455,4021
$3FD355B26994E373,405BE27FA46400A3,3FF8CF7B31BCA9A2,4021
$3FE8B19B47287ED4,405BE16C0F0961F6,3FF84F2B21378EEF,4021
$3FF3D914AC3894FF,405BDF67A3DF51B5,3FF7CEDB10B2743C,4021
$3FFB545F535B8534,405BDC72E49F986D,3FF74E8B002D5989,4021
$400164663C53D999,405BD88E8F6301CE,3FF6CE3AEFA83ED5,4021
$40051A3E5AA2A7BB,405BD3BB9E719BF4,3FF64DEADF232422,4021
$4008CAC96A23B324,405BCDFB4803D84E,3FF5CD9ACE9E096F,4021
$400C751A25460341,405BC74EFDF49E09,3FF54D4ABE18EEBB,4021
$40100C226B7C48E8,405BBFB86D64617,3FF4CCFAAD93D408,4021
$4011D9AFCAF01056,405BB7397E4D57B5,3FF44CAA9D0EB955,4021
$4013A2C13F8CCA3E,405BADD45308E225,3FF3CC5A8C899EA2,4021
$401566E3F83D08F6,405BA38B47C64F9C,3FF34C0A7C0483F1,4021
$401725A6611F1D94,405B9860F1F316AC,3FF2CBBA6B7F693D,4021
$4018DE98400D080C,405B8C581F94AEA1,3FF24B6A5AFA4E8B,4021
$401A914AD0CD8E08,405B7F73D694310D,3FF1CB1A4A7533D6,4021
$401C3D50E0E76359,405B71B753FBF143,3FF14ACA39F01922,4021
$401DE23EEB0F66C6,405B63260B273A81,3FF0CA7A296AFE7,4021
$401F7FAB322B0F34,405B53C3A4E46927,3FF04A2A18E5E3BC,4021
$40208A96EDF02012,405B4393FE8996B7,3FEF93B410C19219,4021
$402151308555ECC4,405B329B28FC13B2,3FEE9313EFB75CB,4021
$402213707BBC3A94,405B20DD67AAEDD4,3FED9273CEAD274C,4021
$4022D12605577202,405B0E5F2F7CC443,3FEC91D3ADA2F1E1,4021
$40238A217A5D0FFD,405AFB2525B12EAB,3FEB91338C98BC79,4021
$40243E3462FC4486,405AE7341EB5FF32,3FEA90936B8E8713,4021
$4024ED31830A3553,405AD2911CF0AA59,3FE98FF34A8451AB,4021
$402596ECE55EF5B9,405ABD414F7C22CE,3FE88F53297A1C3F,4021
$40263B3BE6E05948,405AA74A10DB7A1C,3FE78EB3086FE6DA,4021
$4026D9F54137DAC5,405A90B0E5A199F1,3FE68E12E765B176,4021
$402772F11530E6EE,405A797B7B0E6C8,3FE58D72C65B7C13,4021
$40280608F4BCF026,405A61AFA5A1CD1B,3FE48CD2A55146AA,4021
$40289317EC9AC702,405A49535FA49CBD,3FE38C3284471146,4021
$402919FA8D9ECAD3,405A306CC7A858AB,3FE28B92633CDBDF,4021
$40299A8EF5999D5B,405A17021EFD93CA,3FE18AF24232A678,4021
$402A14B4D7DB1D37,4059FD19C821B578,3FE08A522128711A,4021
$402A884D854F8397,4059E2BA452462F6,3FDF1364003C7759,4021
$402AF53BF4349B9C,4059C7EA3604FA97,3FDD1223BE280C8A,4021
$402B5B64C765238A,4059ACB0570889BA,3FDB10E37C13A1CB,4021
$402BBAAE553882CF,405991137F08A8AA,3FD90FA339FF36F5,4021
$402C1300ADF51ACD,4059751A9DBBA934,3FD70E62F7EACC31,4021
$402C6445A1D393D2,405958CCB9F68657,3FD50D22B5D66154,4021
$402CAE68C691A399,40593C30EFE9053E,3FD30BE273C1F68E,4021
$402CF1577C92E6E2,40591F4E6F5478E2,3FD10AA231AD8BC7,4021
$402D2D00F38E8466,4059022C79BD9B5,3FCE12C3DF3241E6,4021
$402D61562EC86C2F,4058E4D26099F09A,3FCA10435B096C62,4021
$402D8E4A08D523E7,4058C747837928A5,3FC60DC2D6E096B5,4021
$402DB3D136E72DCE,4058A9934E2AF623,3FC20B4252B7C11D,4021
$402DD1E24BA5361A,40588BBD36E1D1B9,3FBC11839D1DD72,4021
$402DE875B9885057,40586DCCBC532148,3FB40C8294CC2BE1,4021
$402DF785D4C1AC62,40584FC963D53BDD,3FA80F0318F50167,4021
$402DFF0ED4A74917,405831BAB77BC355,3F900A0210A355C7,4021
$402E00000000000F,405822B17DD7484A,0,4021
4 38 313
4 39 529
4 40 37
4 41 531
4 42 0
4 43 0
3 32 ->
4 33 316
4 34 4
4 35 0
4 36 [2]
$1,-1
4 37 [2][4]
$4031800000000001,4052DFFFFFFFFFF9,4063D79435E50D78,C05C400000000003
$4031800000000001,0,4063D79435E50D78,C0678FFFFFFFFFFE
4 38 358
4 39 314
4 40 734
4 41 736
4 42 0
4 43 0
3 32 ->
4 33 315
4 34 4
4 35 0
4 36 [2]
$1,-1
4 37 [2][4]
$4031800000000001,4052DFFFFFFFFFF9,4063D79435E50D78,C05C400000000003
$4031800000000001,0,4063D79435E50D78,C0678FFFFFFFFFFE
4 38 357
4 39 313
4 40 733
4 41 735
4 42 0
4 43 0
3 32 ->
4 33 738
4 34 4
4 35 0
4 36 [2]
$1,-1
4 37 [2][4]
$C031800000000001,0,4063D79435E50D78,C0678FFFFFFFFFFE
$C031800000000001,4073D79435E50D78,C063D79435E50D78,C0678FFFFFFFFFFE
4 38 362
4 39 314
4 40 740
4 41 316
4 42 0
4 43 0
3 32 ->
4 33 737
4 34 4
4 35 0
4 36 [2]
$1,-1
4 37 [2][4]
$C031800000000001,0,4063D79435E50D78,C0678FFFFFFFFFFE
$C031800000000001,4073D79435E50D78,C063D79435E50D78,C0678FFFFFFFFFFE
4 38 361
4 39 313
4 40 739
4 41 315
4 42 0
4 43 0
3 32 ->
4 33 742
4 34 4
4 35 0
4 36 [2]
$1,-1
4 37 [2][4]
$C031800000000001,0,C063D79435E50D78,C0678FFFFFFFFFFE
$C031800000000001,40778FFFFFFFFFFE,C063D79435E50D78,40678FFFFFFFFFFE
4 38 366
4 39 314
4 40 744
4 41 738
4 42 0
4 43 0
3 32 ->
4 33 741
4 34 4
4 35 0
4 36 [2]
$1,-1
4 37 [2][4]
$C031800000000001,0,C063D79435E50D78,C0678FFFFFFFFFFE
$C031800000000001,40778FFFFFFFFFFE,C063D79435E50D78,40678FFFFFFFFFFE
4 38 365
4 39 313
4 40 743
4 41 737
4 42 0
4 43 0
3 32 ->
4 33 746
4 34 4
4 35 0
4 36 [2]
$1,-1
4 37 [2][4]
$4031800000000001,4073D79435E50D78,C063D79435E50D78,40678FFFFFFFFFFE
$4031800000000001,0,4063D79435E50D78,40678FFFFFFFFFFE
4 38 370
4 39 314
4 40 748
4 41 742
4 42 0
4 43 0
3 32 ->
4 33 745
4 34 4
4 35 0
4 36 [2]
$1,-1
4 37 [2][4]
$4031800000000001,4073D79435E50D78,C063D79435E50D78,40678FFFFFFFFFFE
$4031800000000001,0,4063D79435E50D78,40678FFFFFFFFFFE
4 38 369
4 39 313
4 40 747
4 41 741
4 42 0
4 43 0
3 32 ->
4 33 376
4 34 4
4 35 0
4 36 [2]
$1,-1
4 37 [2][4]
$4031800000000001,40778FFFFFFFFFFE,4063D79435E50D78,40678FFFFFFFFFFE
$4031800000000001,4072D7FFFFFFFFFF,4063D79435E50D78,405C3FFFFFFFFFFF
4 38 374
4 39 314
4 40 380
4 41 746
4 42 0
4 43 0
3 32 ->
4 33 375
4 34 4
4 35 0
4 36 [2]
$1,-1
4 37 [2][4]
$4031800000000001,40778FFFFFFFFFFE,4063D79435E50D78,40678FFFFFFFFFFE
$4031800000000001,4072D7FFFFFFFFFF,4063D79435E50D78,405C3FFFFFFFFFFF
4 38 373
4 39 313
4 40 379
4 41 745
4 42 0
4 43 0
3 32 ->
4 33 750
4 34 4
4 35 0
4 36 [2]
$1,-1
4 37 [2][4]
$4062600000000001,405C3FFFFFFFFFFD,4031800000000001,402779435E50D77
$4063D79435E50D78,405C3FFFFFFFFFFD,4031800000000001,0
4 38 314
4 39 378
4 40 376
4 41 386
4 42 0
4 43 0
3 32 ->
4 33 749
4 34 4
4 35 0
4 36 [2]
$1,-1
4 37 [2][4]
$4062600000000001,405C3FFFFFFFFFFD,4031800000000001,402779435E50D77
$4063D79435E50D78,405C3FFFFFFFFFFD,4031800000000001,0
4 38 313
4 39 377
4 40 375
4 41 385
4 42 0
4 43 0
3 32 ->
4 33 752
4 34 4
4 35 0
4 36 [2]
$1,-1
4 37 [2][4]
$4062600000000001,4055BFFFFFFFFFFC,C031800000000001,C03A000000000004
$4062600000000001,405C3FFFFFFFFFFD,C031800000000001,0
4 38 314
4 39 384
4 40 750
4 41 390
4 42 0
4 43 0
3 32 ->
4 33 751
4 34 4
4 35 0
4 36 [2]
$1,-1
4 37 [2][4]
$4062600000000001,4055BFFFFFFFFFFC,C031800000000001,C03A000000000004
$4062600000000001,405C3FFFFFFFFFFD,C031800000000001,0
4 38 313
4 39 383
4 40 749
4 41 389
4 42 0
4 43 0
3 32 ->
4 33 754
4 34 4
4 35 0
4 36 [2]
$1,-1
4 37 [2][4]
$4063D79435E50D78,4055BFFFFFFFFFFC,C031800000000001,C02779435E50D77
$4062600000000001,4055BFFFFFFFFFFC,C031800000000001,0
4 38 314
4 39 388
4 40 752
4 41 756
4 42 0
4 43 0
3 32 ->
4 33 753
4 34 4
4 35 0
4 36 [2]
$1,-1
4 37 [2][4]
$4063D79435E50D78,4055BFFFFFFFFFFC,C031800000000001,C02779435E50D77
$4062600000000001,4055BFFFFFFFFFFC,C031800000000001,0
4 38 313
4 39 387
4 40 751
4 41 755
4 42 0
4 43 0
3 32 ->
4 33 396
4 34 4
4 35 0
4 36 [2]
$1,-1
4 37 [2][4]
$4031800000000001,407137FFFFFFFFFE,4063D79435E50D78,4055BFFFFFFFFFFA
$4031800000000001,40595FFFFFFFFFF9,4063D79435E50D78,C055C00000000003
4 38 394
4 39 314
4 40 400
4 41 754
4 42 0
4 43 0
3 32 ->
4 33 395
4 34 4
4 35 0
4 36 [2]
$1,-1
4 37 [2][4]
$4031800000000001,407137FFFFFFFFFE,4063D79435E50D78,4055BFFFFFFFFFFA
$4031800000000001,40595FFFFFFFFFF9,4063D79435E50D78,C055C00000000003
4 38 393
4 39 313
4 40 399
4 41 753
4 42 0
4 43 0
3 32 ->
4 33 758
4 34 4
4 35 0
4 36 [2]
$1,-1
4 37 [2][4]
$4062600000000001,C055C00000000004,402779435E50D77,C031800000000001
$4063D79435E50D78,C055C00000000003,0,C031800000000001
4 38 314
4 39 398
4 40 396
4 41 350
4 42 0
4 43 0
3 32 ->
4 33 757
4 34 4
4 35 0
4 36 [2]
$1,-1
4 37 [2][4]
$4062600000000001,C055C00000000004,402779435E50D77,C031800000000001
$4063D79435E50D78,C055C00000000003,0,C031800000000001
4 38 313
4 39 397
4 40 395
4 41 349
4 42 0
4 43 0
3 32 ->
4 33 760
4 34 4
4 35 0
4 36 [2]
$1,-1
4 37 [2][4]
$4062600000000001,C05C400000000003,C031800000000001,C03A
$4062600000000001,C055C00000000003,C031800000000001,0
4 38 314
4 39 348
4 40 758
4 41 354
4 42 0
4 43 0
3 32 ->
4 33 759
4 34 4
4 35 0
4 36 [2]
$1,-1
4 37 [2][4]
$4062600000000001,C05C400000000003,C031800000000001,C03A
$4062600000000001,C055C00000000003,C031800000000001,0
4 38 313
4 39 347
4 40 757
4 41 353
4 42 0
4 43 0
3 32 ->
4 33 736
4 34 4
4 35 0
4 36 [2]
$1,-1
4 37 [2][4]
$4063D79435E50D78,C05C400000000003,C031800000000001,C02779435E50D77
$4062600000000001,C05C400000000003,C031800000000001,0
4 38 314
4 39 352
4 40 760
4 41 762
4 42 0
4 43 0
3 32 ->
4 33 735
4 34 4
4 35 0
4 36 [2]
$1,-1
4 37 [2][4]
$4063D79435E50D78,C05C400000000003,C031800000000001,C02779435E50D77
$4062600000000001,C05C400000000003,C031800000000001,0
4 38 313
4 39 351
4 40 759
4 41 761
4 42 0
4 43 0
3 32 ->
4 33 606
4 34 4
4 35 0
4 36 [2]
$1,-1
4 37 [72][4]
$401E00000000001,0,0,3FB99999999999C
$401DF9B90EEAF72,3FD3672556EBDF5D,3FA4B3BB9DB76FEE,3FB99999999999C
$401DE471CE0C4BF,3FE44FF408CE9DE7,3FB5B1428FAE9A66,3FB99999999999C
$401DC02637BDFB6,3FEEE2211D8A6921,3FC08453A840BE6E,3FB99999999999C
$401D8CE887C8D8C,3FF4B26535BD2E22,3FC6300608AA2FB1,3FB99999999999C
$401D4AD27C10BC5,3FF9E9541FDCAE8A,3FCBDBB86913A0DE,3FB99999999999C
$401CFA0547A5F83,3FFF133EACDC4CBC,3FD0C3B564BE8906,3FB99999999999C
$401C9AA98217B31,400216C663431D5B,3FD3998E94F341A2,3FB99999999999C
$401C2CEF130F886,40049AD71729DEA5,3FD66F67C527FA4A,3FB99999999999C
$401BB10D1A40AD4,4007148DE38D0607,3FD94540F55CB2DC,3FB99999999999C
$401B2741D3B6B05,400982AC6D107D7E,3FDC1B1A25916B7C,3FB99999999999C
$401A8FD27891BF6,400BE3FA2B800EDF,3FDEF0F355C6241B,3FB99999999999C
$4019EB0B1C40262,400E374506D0DA0F,3FE0E36642FD6E5A,3FB99999999999C
$4019393E86467EE,40103DB0F87367F7,3FE24E52DB17CAA4,3FB99999999999C
$40187AC608A9C8B,40115796BDE87911,3FE3B93F733226F1,3FB99999999999C
$4017B0015310469,401268C636186F42,3FE5242C0B4C8341,3FB99999999999C
$4016D95642AFB2D,401370B623C20CDE,3FE68F18A366DF8C,3FB99999999999C
$4015F730AF20EC,40146EE1EF03CF1D,3FE7FA053B813BE3,3FB99999999999C
$40150A023432D1A,401562C9E7F83515,3FE964F1D39B9823,3FB99999999999C
$40141241F8D786D,40164BF386DB0FC,3FEACFDE6BB5F474,3FB99999999999C
$4013106C7348C85,401729E9A997A171,3FEC3ACB03D050CE,3FB99999999999C
$401205032A81665,4017FC3CCEA0A071,3FEDA5B79BEAAD14,3FB99999999999C
$4010F08C752B4C4,4018C2834CF48D1D,3FEF10A43405096C,3FB99999999999C
$400FA7266C458EA,40197C598932374E,3FF03DC8660FB2DE,3FB99999999999C
$400D5D4D2D61E36,401A296227A2C8C6,3FF0F33EB21CE102,3FB99999999999C
$400B04B37D40A14,401AC9463B20312E,3FF1A8B4FE2A0F29,3FB99999999999C
$40089E87149F8CC,401B5BB570C0640B,3FF25E2B4A373D52,3FB99999999999C
$40062BFC7DD1F6,401BE066382F78A5,3FF313A196446B79,3FB99999999999C
$4003AE4E79C09E2,401C5715E8A46641,3FF3C917E25199A,3FB99999999999C
$400126BD61CA8E4,401CBF88E25DCC0B,3FF47E8E2E5EC7C5,3FB99999999999C
$3FFD2D1D0DAC9E8,401D198AAC95F1E7,3FF534047A6BF5E4,3FB99999999999C
$3FF7FE171BC8B74,401D64EE0FDEF614,3FF5E97AC679241,3FB99999999999C
$3FF2C30394E9CA,401DA18D2CD9E98C,3FF69EF112865236,3FB99999999999C
$3FEAFD065C50788,401DCF498F3D71CB,3FF754675E938063,3FB99999999999C
$3FE06676B184AA,401DEE0C3D22612F,3FF809DDAAA0AE81,3FB99999999999C
$3FC71EA76E4936,401DFDC5C28E9651,3FF8BF53F6ADDCB,3FB99999999999C
$BFC368293F43D6,401DFE6E393855FF,3FF974CA42BB0ADA,3FB99999999999C
$BFDEF29D0B04BF,401DF0054C7E395F,3FFA2A408EC838FC,3FB99999999999C
$BFEA10CCB3D4178,401DD2923991B1E6,3FFADFB6DAD5672,3FB99999999999C
$BFF24D995868D84,401DA623CBD40DD3,3FFB952D26E29547,3FB99999999999C
$BFF7899A73473B4,401D6AD05567D0C2,3FFC4AA372EFC376,3FB99999999999C
$BFFCB9C87E12DC8,401D20B5A3FA1C53,3FFD0019BEFCF19B,3FB99999999999C
$C000EDC41E85BF4,401CC7F8F1C9CAD2,3FFDB5900B0A1FC,3FB99999999999C
$C0037622DA2A916,401C60C6D2F3C18B,3FFE6B0657174DEC,3FB99999999999C
$C005F4BAB9C2EBE,401BEB531F0DDFD9,3FFF207CA3247C13,3FB99999999999C
$C008684AEE74512,401B67D8D71BCB1E,3FFFD5F2EF31AA39,3FB99999999999C
$C00ACF9833E88B4,401AD69A07EAACF6,400045B49D9F6C2C,3FB99999999999C
$C00D296D6EAEDC,401A37DFA8E2C7C8,4000A06FC3A6034,3FB99999999999C
$C00F749C4784FD6,40198BF9775F8CFD,4000FB2AE9AC9A56,3FB99999999999C
$C010D7FEE19CF94,4018D33DCEA09F0A,400155E60FB3316B,3FB99999999999C
$C011ED396B6F2D,40180E097C67DF19,4001B0A135B9C87F,3FB99999999999C
$C012F9727BFBE8,40173CBF925A517E,40020B5C5BC05F9,3FB99999999999C
$C013FC23543777D,40165FC9343B44E7,4002661781C6F6A5,3FB99999999999C
$C014F4C9FEF8D33,40157795631ABCAF,4002C0D2A7CD8DBA,3FB99999999999C
$C015E2E99242EC1,40148498C591A75,40031B8DCDD424CC,3FB99999999999C
$C016C60A6E055DB,4013874D6D27E47D,40037648F3DABBE,3FB99999999999C
$C0179DBA7834EED,4012803299018B6C,4003D10419E152F2,3FB99999999999C
$C018698D561DBA3,40116FCC75F23FDE,40042BBF3FE7EA07,3FB99999999999C
$C019291CA2D22E4,401056A3DC16B2F5,4004867A65EE8119,3FB99999999999C
$C019DC08229B8EE,400E6A8C142B5682,4004E1358BF5182D,3FB99999999999C
$C01A81F5F3521EA,400C1888BC563A71,40053BF0B1FBAF41,3FB99999999999C
$C01B1A92B984A87,4009B8681A41F325,400596ABD8024655,3FB99999999999C
$C01BA591CA58B9A,40074B5BAEB4C27F,4005F166FE08DD67,3FB99999999999C
$C01C22AD520E82E,4004D29B782DCDE1,40064C22240F747B,3FB99999999999C
$C01C91A6771506A,40024F655628D5EB,4006A6DD4A160B9,3FB99999999999C
$C01CF245799CF62,3FFF85F8D2DBC02B,40070198701CA2A3,3FB99999999999C
$C01D4459CF9A608,3FFA5D50E37A161F,40075C53962339B7,3FB99999999999C
$C01D87BA3D2721,3FF5276A52503492,4007B70EBC29D0CA,3FB99999999999C
$C01DBC44E939CE8,3FEFCDC675B1BEDD,400811C9E23067DD,3FB99999999999C
$C01DE1DF6EA6C18,3FE53CBE1E84AEFE,40086C850836FEF1,3FB99999999999C
$C01DF876E962A8B,3FD54215147011E9,4008C7402E3D9605,3FB99999999999C
$C01E,BCD08BC3CFE3164B,400921FB54442D18,3FB99999999999C
4 38 404
4 39 324
4 40 406
4 41 608
4 42 0
4 43 0
3 32 ->
4 33 605
4 34 4
4 35 0
4 36 [2]
$1,-1
4 37 [72][4]
$401E00000000001,0,0,3FB99999999999C
$401DF9B90EEAF72,3FD3672556EBDF5D,3FA4B3BB9DB76FEE,3FB99999999999C
$401DE471CE0C4BF,3FE44FF408CE9DE7,3FB5B1428FAE9A66,3FB99999999999C
$401DC02637BDFB6,3FEEE2211D8A6921,3FC08453A840BE6E,3FB99999999999C
$401D8CE887C8D8C,3FF4B26535BD2E22,3FC6300608AA2FB1,3FB99999999999C
$401D4AD27C10BC5,3FF9E9541FDCAE8A,3FCBDBB86913A0DE,3FB99999999999C
$401CFA0547A5F83,3FFF133EACDC4CBC,3FD0C3B564BE8906,3FB99999999999C
$401C9AA98217B31,400216C663431D5B,3FD3998E94F341A2,3FB99999999999C
$401C2CEF130F886,40049AD71729DEA5,3FD66F67C527FA4A,3FB99999999999C
$401BB10D1A40AD4,4007148DE38D0607,3FD94540F55CB2DC,3FB99999999999C
$401B2741D3B6B05,400982AC6D107D7E,3FDC1B1A25916B7C,3FB99999999999C
$401A8FD27891BF6,400BE3FA2B800EDF,3FDEF0F355C6241B,3FB99999999999C
$4019EB0B1C40262,400E374506D0DA0F,3FE0E36642FD6E5A,3FB99999999999C
$4019393E86467EE,40103DB0F87367F7,3FE24E52DB17CAA4,3FB99999999999C
$40187AC608A9C8B,40115796BDE87911,3FE3B93F733226F1,3FB99999999999C
$4017B0015310469,401268C636186F42,3FE5242C0B4C8341,3FB99999999999C
$4016D95642AFB2D,401370B623C20CDE,3FE68F18A366DF8C,3FB99999999999C
$4015F730AF20EC,40146EE1EF03CF1D,3FE7FA053B813BE3,3FB99999999999C
$40150A023432D1A,401562C9E7F83515,3FE964F1D39B9823,3FB99999999999C
$40141241F8D786D,40164BF386DB0FC,3FEACFDE6BB5F474,3FB99999999999C
$4013106C7348C85,401729E9A997A171,3FEC3ACB03D050CE,3FB99999999999C
$401205032A81665,4017FC3CCEA0A071,3FEDA5B79BEAAD14,3FB99999999999C
$4010F08C752B4C4,4018C2834CF48D1D,3FEF10A43405096C,3FB99999999999C
$400FA7266C458EA,40197C598932374E,3FF03DC8660FB2DE,3FB99999999999C
$400D5D4D2D61E36,401A296227A2C8C6,3FF0F33EB21CE102,3FB99999999999C
$400B04B37D40A14,401AC9463B20312E,3FF1A8B4FE2A0F29,3FB99999999999C
$40089E87149F8CC,401B5BB570C0640B,3FF25E2B4A373D52,3FB99999999999C
$40062BFC7DD1F6,401BE066382F78A5,3FF313A196446B79,3FB99999999999C
$4003AE4E79C09E2,401C5715E8A46641,3FF3C917E25199A,3FB99999999999C
$400126BD61CA8E4,401CBF88E25DCC0B,3FF47E8E2E5EC7C5,3FB99999999999C
$3FFD2D1D0DAC9E8,401D198AAC95F1E7,3FF534047A6BF5E4,3FB99999999999C
$3FF7FE171BC8B74,401D64EE0FDEF614,3FF5E97AC679241,3FB99999999999C
$3FF2C30394E9CA,401DA18D2CD9E98C,3FF69EF112865236,3FB99999999999C
$3FEAFD065C50788,401DCF498F3D71CB,3FF754675E938063,3FB99999999999C
$3FE06676B184AA,401DEE0C3D22612F,3FF809DDAAA0AE81,3FB99999999999C
$3FC71EA76E4936,401DFDC5C28E9651,3FF8BF53F6ADDCB,3FB99999999999C
$BFC368293F43D6,401DFE6E393855FF,3FF974CA42BB0ADA,3FB99999999999C
$BFDEF29D0B04BF,401DF0054C7E395F,3FFA2A408EC838FC,3FB99999999999C
$BFEA10CCB3D4178,401DD2923991B1E6,3FFADFB6DAD5672,3FB99999999999C
$BFF24D995868D84,401DA623CBD40DD3,3FFB952D26E29547,3FB99999999999C
$BFF7899A73473B4,401D6AD05567D0C2,3FFC4AA372EFC376,3FB99999999999C
$BFFCB9C87E12DC8,401D20B5A3FA1C53,3FFD0019BEFCF19B,3FB99999999999C
$C000EDC41E85BF4,401CC7F8F1C9CAD2,3FFDB5900B0A1FC,3FB99999999999C
$C0037622DA2A916,401C60C6D2F3C18B,3FFE6B0657174DEC,3FB99999999999C
$C005F4BAB9C2EBE,401BEB531F0DDFD9,3FFF207CA3247C13,3FB99999999999C
$C008684AEE74512,401B67D8D71BCB1E,3FFFD5F2EF31AA39,3FB99999999999C
$C00ACF9833E88B4,401AD69A07EAACF6,400045B49D9F6C2C,3FB99999999999C
$C00D296D6EAEDC,401A37DFA8E2C7C8,4000A06FC3A6034,3FB99999999999C
$C00F749C4784FD6,40198BF9775F8CFD,4000FB2AE9AC9A56,3FB99999999999C
$C010D7FEE19CF94,4018D33DCEA09F0A,400155E60FB3316B,3FB99999999999C
$C011ED396B6F2D,40180E097C67DF19,4001B0A135B9C87F,3FB99999999999C
$C012F9727BFBE8,40173CBF925A517E,40020B5C5BC05F9,3FB99999999999C
$C013FC23543777D,40165FC9343B44E7,4002661781C6F6A5,3FB99999999999C
$C014F4C9FEF8D33,40157795631ABCAF,4002C0D2A7CD8DBA,3FB99999999999C
$C015E2E99242EC1,40148498C591A75,40031B8DCDD424CC,3FB99999999999C
$C016C60A6E055DB,4013874D6D27E47D,40037648F3DABBE,3FB99999999999C
$C0179DBA7834EED,4012803299018B6C,4003D10419E152F2,3FB99999999999C
$C018698D561DBA3,40116FCC75F23FDE,40042BBF3FE7EA07,3FB99999999999C
$C019291CA2D22E4,401056A3DC16B2F5,4004867A65EE8119,3FB99999999999C
$C019DC08229B8EE,400E6A8C142B5682,4004E1358BF5182D,3FB99999999999C
$C01A81F5F3521EA,400C1888BC563A71,40053BF0B1FBAF41,3FB99999999999C
$C01B1A92B984A87,4009B8681A41F325,400596ABD8024655,3FB99999999999C
$C01BA591CA58B9A,40074B5BAEB4C27F,4005F166FE08DD67,3FB99999999999C
$C01C22AD520E82E,4004D29B782DCDE1,40064C22240F747B,3FB99999999999C
$C01C91A6771506A,40024F655628D5EB,4006A6DD4A160B9,3FB99999999999C
$C01CF245799CF62,3FFF85F8D2DBC02B,40070198701CA2A3,3FB99999999999C
$C01D4459CF9A608,3FFA5D50E37A161F,40075C53962339B7,3FB99999999999C
$C01D87BA3D2721,3FF5276A52503492,4007B70EBC29D0CA,3FB99999999999C
$C01DBC44E939CE8,3FEFCDC675B1BEDD,400811C9E23067DD,3FB99999999999C
$C01DE1DF6EA6C18,3FE53CBE1E84AEFE,40086C850836FEF1,3FB99999999999C
$C01DF876E962A8B,3FD54215147011E9,4008C7402E3D9605,3FB99999999999C
$C01E,BCD08BC3CFE3164B,400921FB54442D18,3FB99999999999C
4 38 403
4 39 323
4 40 405
4 41 607
4 42 0
4 43 0
3 32 ->
4 33 600
4 34 4
4 35 0
4 36 [2]
$1,-1
4 37 [98][4]
$C02BFFFFFFFFFFFE,0,401921FB54442D18,4024
$C02BFD0BCDCD5514,BFD9B8675FAFC46E,40190495432CCA06,4024
$C02BF29BD916B9F4,BFEB5F251950F58A,4018E361043F5827,4024
$C02BE0A64544A314,BFF4ED5C4A09E532,4018C22CC551E648,4024
$C02BC72FE7C05D9E,BFFC2584205DD5E9,4018A0F88664746A,4024
$C02BA63F9AEB42AA,C001AB0C52032D79,40187FC44777028B,4024
$C02B7DDE3C4688B4,C0053E9539AD51A,40185E90088990AD,4024
$C02B4E16AA1070CC,C008CC665DFD9DD8,40183D5BC99C1ECE,4024
$C02B16F5C0577358,C00C538ADFBAF72B,40181C278AAEACEF,4024
$C02AD88A55843674,C00FD30FAB8AC85F,4017FAF34BC13B11,4024
$C02A92E5365B3C16,C011A501DDAE91DD,4017D9BF0CD3C932,4024
$C02A461921775B2A,C0135BBC2BA5C1DD,4017B88ACDE65754,4024
$C029F23AC23E3B5A,C0150D40AAEC5A82,401797568EF8E575,4024
$C0299760AB502EF2,C016B91AADC04F71,40177622500B7396,4024
$C02935A35074EA2C,C0185ED70CC36758,401754EE111E01B8,4024
$C028CD1D0006BAA8,C019FE0445F96F7,401733B9D2308FD9,4024
$C0285DE9DBDE045,C01B96329B55054F,4017128593431DFB,4024
$C027E827D1BEEB94,C01D26F430CABE27,4016F1515455AC1C,4024
$C0276BF6934B36C,C01EAFDD29E2933C,4016D01D15683A3D,4024
$C026E9778D7A9146,C0201841E35FCF2B,4016AEE8D67AC85E,4024
$C02660CDDF9B7CD4,C020D440404B2AF5,40168DB4978D568,4024
$C025D21E51DF5C06,C0218BB712C4D003,40166C80589FE4A2,4024
$C0253D8F4B742228,C0223E74F9F39E08,40164B4C19B272C3,4024
$C024A348C82E51DC,C022EC49DA5E176B,40162A17DAC500E4,4024
$C02403744DC61308,C0239506EADD04C4,401608E39BD78F06,4024
$C0235E3CE0AA456C,C024387EC13309B9,4015E7AF5CEA1D27,4024
$C022B3CEF86C91E6,C024D6855E45C78D,4015C67B1DFCAB48,4024
$C022045873C9981C,C0256EF039F54341,4015A546DF0F396A,4024
$C02150088C50711A,C02601964E8E5F64,40158412A021C78B,4024
$C020970FC9ACD9B,C0268E5023D554C8,401562DE613455AC,4024
$C01FB33FE92EE03,C02714F7D9A5317E,401541AA2246E3CE,4024
$C01E2FD812DF11E8,C02795693221821,40152075E35971F,4024
$C01CA45055046DD8,C0280F819B7766A4,4014FF41A46C0011,4024
$C01B111324046C94,C0288320392B73FC,4014DE0D657E8E32,4024
$C019768D076906C8,C028F025ECF1DF25,4014BCD926911C54,4024
$C017D52C7CAAEDFC,C02956755F0E929D,40149BA4E7A3AA75,4024
$C0162D61D974AD94,C029B5F3063AEBB7,40147A70A8B63896,4024
$C0147F9F2D66B54C,C02A0E852F0F002F,4014593C69C8C6B8,4024
$C012CC5823647018,C02A601402EC6D4B,401438082ADB54D9,4024
$C0111401E272AAD8,C02AAA898E68D3D5,401416D3EBEDE2FA,4024
$C00EAE25DC5F573,C02AEDD1C7364706,4013F59FAD00711C,4024
$C00B2C060DDAEC08,C02B29DA91881734,4013D46B6E12FF3D,4024
$C007A29612EDA5D,C02B5E93C4F284A3,4013B3372F258D5E,4024
$C00412C99D0F8E6,C02B8BEF30C40ABC,40139202F0381B8,4024
$C0007D961404778,C02BB1E09FD717F7,401370CEB14AA9A1,4024
$BFF9C7E4A79EA8E,C02BD05DDBDB2B5,40134F9A725D37C2,4024
$BFF28DACD482C48,C02BE75EB01474F2,40132E66336FC5E4,4024
$BFE69CED50DC0AC,C02BF6DCEB913CB5,40130D31F4825406,4024
$BFD030D5D4A201,C02BFED462D47636,4012EBFDB594E227,4024
$3FC9B9150ECFAF,C02BFF42F0F50FC8,4012CAC976A77048,4024
$3FE4F33A5C2B90C,C02BF8287831AEE3,4012A99537B9FE6A,4024
$3FF1B945FCA7D6C,C02BE986E1F8B24D,40128860F8CC8C8B,4024
$3FF8F4299CED9BC,C02BD3621E6477DC,4012672CB9DF1AAD,4024
$4000142AF37886E,C02BB5C0232C0939,401245F87AF1A8CE,4024
$4003A9ED40BE03C,C02B90A8EA0878B8,401224C43C0436EF,4024
$40073A64B3D792E,C02B64266E8F5CC6,4012038FFD16C51,4024
$400AC49BB6FC127,C02B3044AB82FDCB,4011E25BBE295332,4024
$400E479E6321FA4,C02AF5119798EFA9,4011C1277F3BE153,4024
$4010E13D60D23B6,C02AB29D21B7F5,40119FF3404E6F75,4024
$40129A2086B175,C02A68F92CAE2F1D,40117EBF0160FD96,4024
$40144E01F9A4A5B8,C02A18398A60C21F,40115D8AC2738BB8,4024
$4015FC6C69180468,C029C073F67638E8,40113C56838619D9,4024
$4017A4EBFD011B18,C02961C0107D1888,40111B224498A7FA,4024
$4019470E750C877,C028FC37559035FA,4010F9EE05AB361C,4024
$401AE263475DFF38,C0288FF5197A8481,4010D8B9C6BDC43D,4024
$401C767BBEDA52,C0281D167F5C350F,4010B78587D0525E,4024
$401E02EB18F341A,C027A3BA71D321B,4010965148E2E08,4024
$401F8746A2ED2B98,C02724019AA8A131,4010751D09F56EA2,4024
$40208192EB4B519C,C0269E0E5A070062,401053E8CB07FCC3,4024
$40213B113B3520F,C0261204BD38FE9A,401032B48C1A8AE4,4024
$4021EFEC54898D3,C025800A74F5CB0E,401011804D2D1906,4024
$40229FF38A26342C,C024E846CB3C1F73,400FE0981C7F4E4F,4024
$40234AF77B8A9FA8,C0244AE298BF32EB,400F9E2F9EA46A91,4024
$4023F0CA2198963C,C023A80839E85DCD,400F5BC720C986D4,4024
$4024913EDAF7770C,C022FFE3837063BB,400F195EA2EEA316,4024
$40252C2A78174A78,C02252A1B693759E,400ED6F62513BF5A,4024
$4025C16346D04CC,C021A07174E31855,400E948DA738DB9C,4024
$402650C11D9BD0C8,C020E982B3B93746,400E5225295DF7E,4024
$4026DA1D666376F4,C0202E06AF4FC3A1,400E0FBCAB831422,4024
$40275D5328E3CE5,C01EDC5FBB00B33D,400DCD542DA83065,4024
$4027DA3F149F94F,C01D5463C05EF97D,400D8AEBAFCD4CA8,4024
$402850BF8A60EA1C,C01BC482EECE25CE,400D488331F268EA,4024
$4028C0B4A545E2D8,C01A2D28E647B772,400D061AB417852E,4024
$40292A00435611E8,C0188EC349B36CCA,400CC3B2363CA16F,4024
$40298C860D9EB348,C016E9C1A16537D9,400C8149B861BDB3,4024
$4029E82B7FD34D08,C0153E953D188CAD,400C3EE13A86D9F6,4024
$402A3CD7EF70B70C,C0138DB115711E05,400BFC78BCABF639,4024
$402A8A7492609EE,C011D789AD093D6E,400BBA103ED1127B,4024
$402AD0EC851BBDA,C0101C94F116330B,400B77A7C0F62EBE,4024
$402B102CD04919A4,C00CBA943355FAB9,400B353F431B4B01,4024
$402B48246DD8D054,C00934431344086D,400AF2D6C5406744,4024
$402B78C44D9908B,C005A7295C6CC2F3,400AB06E47658387,4024
$402BA1FF5943D29C,C002143BBCAAF052,400A6E05C98A9FCA,4024
$402BC3CA7804DBDC,BFFCF8E0E6C6966A,400A2B9D4BAFBC0C,4024
$402BDE1C917607B8,BFF5C17E1E7BA5C7,4009E934CDD4D84F,4024
$402BF0EE90121BD8,BFED0880AE137D32,4009A6CC4FF9F492,4024
$402BFC3B631CD99,BFDD0C6969DF3FB,40096463D21F10D5,4024
$402C,3CDEE2C2D963A10C,400921FB54442D18,4024
4 38 408
4 39 328
4 40 410
4 41 598
4 42 0
4 43 0
3 32 ->
4 33 599
4 34 4
4 35 0
4 36 [2]
$1,-1
4 37 [98][4]
$C02BFFFFFFFFFFFE,0,401921FB54442D18,4024
$C02BFD0BCDCD5514,BFD9B8675FAFC46E,40190495432CCA06,4024
$C02BF29BD916B9F4,BFEB5F251950F58A,4018E361043F5827,4024
$C02BE0A64544A314,BFF4ED5C4A09E532,4018C22CC551E648,4024
$C02BC72FE7C05D9E,BFFC2584205DD5E9,4018A0F88664746A,4024
$C02BA63F9AEB42AA,C001AB0C52032D79,40187FC44777028B,4024
$C02B7DDE3C4688B4,C0053E9539AD51A,40185E90088990AD,4024
$C02B4E16AA1070CC,C008CC665DFD9DD8,40183D5BC99C1ECE,4024
$C02B16F5C0577358,C00C538ADFBAF72B,40181C278AAEACEF,4024
$C02AD88A55843674,C00FD30FAB8AC85F,4017FAF34BC13B11,4024
$C02A92E5365B3C16,C011A501DDAE91DD,4017D9BF0CD3C932,4024
$C02A461921775B2A,C0135BBC2BA5C1DD,4017B88ACDE65754,4024
$C029F23AC23E3B5A,C0150D40AAEC5A82,401797568EF8E575,4024
$C0299760AB502EF2,C016B91AADC04F71,40177622500B7396,4024
$C02935A35074EA2C,C0185ED70CC36758,401754EE111E01B8,4024
$C028CD1D0006BAA8,C019FE0445F96F7,401733B9D2308FD9,4024
$C0285DE9DBDE045,C01B96329B55054F,4017128593431DFB,4024
$C027E827D1BEEB94,C01D26F430CABE27,4016F1515455AC1C,4024
$C0276BF6934B36C,C01EAFDD29E2933C,4016D01D15683A3D,4024
$C026E9778D7A9146,C0201841E35FCF2B,4016AEE8D67AC85E,4024
$C02660CDDF9B7CD4,C020D440404B2AF5,40168DB4978D568,4024
$C025D21E51DF5C06,C0218BB712C4D003,40166C80589FE4A2,4024
$C0253D8F4B742228,C0223E74F9F39E08,40164B4C19B272C3,4024
$C024A348C82E51DC,C022EC49DA5E176B,40162A17DAC500E4,4024
$C02403744DC61308,C0239506EADD04C4,401608E39BD78F06,4024
$C0235E3CE0AA456C,C024387EC13309B9,4015E7AF5CEA1D27,4024
$C022B3CEF86C91E6,C024D6855E45C78D,4015C67B1DFCAB48,4024
$C022045873C9981C,C0256EF039F54341,4015A546DF0F396A,4024
$C02150088C50711A,C02601964E8E5F64,40158412A021C78B,4024
$C020970FC9ACD9B,C0268E5023D554C8,401562DE613455AC,4024
$C01FB33FE92EE03,C02714F7D9A5317E,401541AA2246E3CE,4024
$C01E2FD812DF11E8,C02795693221821,40152075E35971F,4024
$C01CA45055046DD8,C0280F819B7766A4,4014FF41A46C0011,4024
$C01B111324046C94,C0288320392B73FC,4014DE0D657E8E32,4024
$C019768D076906C8,C028F025ECF1DF25,4014BCD926911C54,4024
$C017D52C7CAAEDFC,C02956755F0E929D,40149BA4E7A3AA75,4024
$C0162D61D974AD94,C029B5F3063AEBB7,40147A70A8B63896,4024
$C0147F9F2D66B54C,C02A0E852F0F002F,4014593C69C8C6B8,4024
$C012CC5823647018,C02A601402EC6D4B,401438082ADB54D9,4024
$C0111401E272AAD8,C02AAA898E68D3D5,401416D3EBEDE2FA,4024
$C00EAE25DC5F573,C02AEDD1C7364706,4013F59FAD00711C,4024
$C00B2C060DDAEC08,C02B29DA91881734,4013D46B6E12FF3D,4024
$C007A29612EDA5D,C02B5E93C4F284A3,4013B3372F258D5E,4024
$C00412C99D0F8E6,C02B8BEF30C40ABC,40139202F0381B8,4024
$C0007D961404778,C02BB1E09FD717F7,401370CEB14AA9A1,4024
$BFF9C7E4A79EA8E,C02BD05DDBDB2B5,40134F9A725D37C2,4024
$BFF28DACD482C48,C02BE75EB01474F2,40132E66336FC5E4,4024
$BFE69CED50DC0AC,C02BF6DCEB913CB5,40130D31F4825406,4024
$BFD030D5D4A201,C02BFED462D47636,4012EBFDB594E227,4024
$3FC9B9150ECFAF,C02BFF42F0F50FC8,4012CAC976A77048,4024
$3FE4F33A5C2B90C,C02BF8287831AEE3,4012A99537B9FE6A,4024
$3FF1B945FCA7D6C,C02BE986E1F8B24D,40128860F8CC8C8B,4024
$3FF8F4299CED9BC,C02BD3621E6477DC,4012672CB9DF1AAD,4024
$4000142AF37886E,C02BB5C0232C0939,401245F87AF1A8CE,4024
$4003A9ED40BE03C,C02B90A8EA0878B8,401224C43C0436EF,4024
$40073A64B3D792E,C02B64266E8F5CC6,4012038FFD16C51,4024
$400AC49BB6FC127,C02B3044AB82FDCB,4011E25BBE295332,4024
$400E479E6321FA4,C02AF5119798EFA9,4011C1277F3BE153,4024
$4010E13D60D23B6,C02AB29D21B7F5,40119FF3404E6F75,4024
$40129A2086B175,C02A68F92CAE2F1D,40117EBF0160FD96,4024
$40144E01F9A4A5B8,C02A18398A60C21F,40115D8AC2738BB8,4024
$4015FC6C69180468,C029C073F67638E8,40113C56838619D9,4024
$4017A4EBFD011B18,C02961C0107D1888,40111B224498A7FA,4024
$4019470E750C877,C028FC37559035FA,4010F9EE05AB361C,4024
$401AE263475DFF38,C0288FF5197A8481,4010D8B9C6BDC43D,4024
$401C767BBEDA52,C0281D167F5C350F,4010B78587D0525E,4024
$401E02EB18F341A,C027A3BA71D321B,4010965148E2E08,4024
$401F8746A2ED2B98,C02724019AA8A131,4010751D09F56EA2,4024
$40208192EB4B519C,C0269E0E5A070062,401053E8CB07FCC3,4024
$40213B113B3520F,C0261204BD38FE9A,401032B48C1A8AE4,4024
$4021EFEC54898D3,C025800A74F5CB0E,401011804D2D1906,4024
$40229FF38A26342C,C024E846CB3C1F73,400FE0981C7F4E4F,4024
$40234AF77B8A9FA8,C0244AE298BF32EB,400F9E2F9EA46A91,4024
$4023F0CA2198963C,C023A80839E85DCD,400F5BC720C986D4,4024
$4024913EDAF7770C,C022FFE3837063BB,400F195EA2EEA316,4024
$40252C2A78174A78,C02252A1B693759E,400ED6F62513BF5A,4024
$4025C16346D04CC,C021A07174E31855,400E948DA738DB9C,4024
$402650C11D9BD0C8,C020E982B3B93746,400E5225295DF7E,4024
$4026DA1D666376F4,C0202E06AF4FC3A1,400E0FBCAB831422,4024
$40275D5328E3CE5,C01EDC5FBB00B33D,400DCD542DA83065,4024
$4027DA3F149F94F,C01D5463C05EF97D,400D8AEBAFCD4CA8,4024
$402850BF8A60EA1C,C01BC482EECE25CE,400D488331F268EA,4024
$4028C0B4A545E2D8,C01A2D28E647B772,400D061AB417852E,4024
$40292A00435611E8,C0188EC349B36CCA,400CC3B2363CA16F,4024
$40298C860D9EB348,C016E9C1A16537D9,400C8149B861BDB3,4024
$4029E82B7FD34D08,C0153E953D188CAD,400C3EE13A86D9F6,4024
$402A3CD7EF70B70C,C0138DB115711E05,400BFC78BCABF639,4024
$402A8A7492609EE,C011D789AD093D6E,400BBA103ED1127B,4024
$402AD0EC851BBDA,C0101C94F116330B,400B77A7C0F62EBE,4024
$402B102CD04919A4,C00CBA943355FAB9,400B353F431B4B01,4024
$402B48246DD8D054,C00934431344086D,400AF2D6C5406744,4024
$402B78C44D9908B,C005A7295C6CC2F3,400AB06E47658387,4024
$402BA1FF5943D29C,C002143BBCAAF052,400A6E05C98A9FCA,4024
$402BC3CA7804DBDC,BFFCF8E0E6C6966A,400A2B9D4BAFBC0C,4024
$402BDE1C917607B8,BFF5C17E1E7BA5C7,4009E934CDD4D84F,4024
$402BF0EE90121BD8,BFED0880AE137D32,4009A6CC4FF9F492,4024
$402BFC3B631CD99,BFDD0C6969DF3FB,40096463D21F10D5,4024
$402C,3CDEE2C2D963A10C,400921FB54442D18,4024
4 38 407
4 39 327
4 40 409
4 41 597
4 42 0
4 43 0
3 32 ->
4 33 334
4 34 4
4 35 0
4 36 [2]
$1,-1
4 37 [2][4]
$0,C018000000000008,0,0
$402E,C018000000000008,C02E,0
4 38 332
4 39 336
4 40 414
4 41 728
4 42 0
4 43 0
3 32 ->
4 33 333
4 34 4
4 35 0
4 36 [2]
$1,-1
4 37 [2][4]
$0,C018000000000008,0,0
$402E,C018000000000008,C02E,0
4 38 331
4 39 335
4 40 413
4 41 727
4 42 0
4 43 0
3 32 ->
4 33 342
4 34 4
4 35 0
4 36 [2]
$1,-1
4 37 [2][4]
$402E,0,402E,0
$0,0,0,0
4 38 332
4 39 340
4 40 732
4 41 566
4 42 0
4 43 0
3 32 ->
4 33 341
4 34 4
4 35 0
4 36 [2]
$1,-1
4 37 [2][4]
$402E,0,402E,0
$0,0,0,0
4 38 331
4 39 339
4 40 731
4 41 565
4 42 0
4 43 0
3 32 ->
4 33 414
4 34 4
4 35 0
4 36 [2]
$1,-1
4 37 [2][4]
$C00800000000001,C02D64D51E0DB1C4,402E,3D1
$400800000000004,C02D64D51E0DB1C4,402E,C018000000000018
4 38 412
4 39 332
4 40 764
4 41 342
4 42 0
4 43 0
3 32 ->
4 33 413
4 34 4
4 35 0
4 36 [2]
$1,-1
4 37 [2][4]
$C00800000000001,C02D64D51E0DB1C4,402E,3D1
$400800000000004,C02D64D51E0DB1C4,402E,C018000000000018
4 38 411
4 39 331
4 40 763
4 41 341
4 42 0
4 43 0
3 32 ->
4 33 338
4 34 4
4 35 0
4 36 [2]
$1,-1
4 37 [2][4]
$0,403D64D51E0DB1C4,8,C018000000000018
$C02E,403D64D51E0DB1C4,C02E,C018000000000018
4 38 336
4 39 344
4 40 418
4 41 312
4 42 0
4 43 0
3 32 ->
4 33 337
4 34 4
4 35 0
4 36 [2]
$1,-1
4 37 [2][4]
$0,403D64D51E0DB1C4,8,C018000000000018
$C02E,403D64D51E0DB1C4,C02E,C018000000000018
4 38 335
4 39 343
4 40 417
4 41 311
4 42 0
4 43 0
3 32 ->
4 33 418
4 34 4
4 35 0
4 36 [2]
$1,-1
4 37 [2][4]
$400800000000004,C02D64D51E0DB1C2,C02E,3CF
$400800000000004,402D64D51E0DB1C4,C02E,403D64D51E0DB1C4
4 38 416
4 39 336
4 40 46
4 41 334
4 42 0
4 43 0
3 32 ->
4 33 417
4 34 4
4 35 0
4 36 [2]
$1,-1
4 37 [2][4]
$400800000000004,C02D64D51E0DB1C2,C02E,3CF
$400800000000004,402D64D51E0DB1C4,C02E,403D64D51E0DB1C4
4 38 415
4 39 335
4 40 45
4 41 333
4 42 0
4 43 0
3 32 ->
4 33 346
4 34 4
4 35 0
4 36 [2]
$1,-1
4 37 [2][4]
$402E,403D64D51E0DB1C4,C02E,0
$0,403D64D51E0DB1C4,0,0
4 38 340
4 39 344
4 40 730
4 41 426
4 42 0
4 43 0
3 32 ->
4 33 345
4 34 4
4 35 0
4 36 [2]
$1,-1
4 37 [2][4]
$402E,403D64D51E0DB1C4,C02E,0
$0,403D64D51E0DB1C4,0,0
4 38 339
4 39 343
4 40 729
4 41 425
4 42 0
4 43 0
3 32 ->
4 33 566
4 34 4
4 35 0
4 36 [2]
$1,-1
4 37 [2][4]
$C007FFFFFFFFFFF,402D64D51E0DB1C5,402E,403D64D51E0DB1C4
$C007FFFFFFFFFFF,C02D64D51E0DB1C5,402E,BCE
4 38 420
4 39 340
4 40 422
4 41 346
4 42 0
4 43 0
3 32 ->
4 33 565
4 34 4
4 35 0
4 36 [2]
$1,-1
4 37 [2][4]
$C007FFFFFFFFFFF,402D64D51E0DB1C5,402E,403D64D51E0DB1C4
$C007FFFFFFFFFFF,C02D64D51E0DB1C5,402E,BCE
4 38 419
4 39 339
4 40 421
4 41 345
4 42 0
4 43 0
3 32 ->
4 33 426
4 34 4
4 35 0
4 36 [2]
$1,-1
4 37 [2][4]
$400800000000004,402D64D51E0DB1C4,C02E,C018000000000018
$C00800000000001,402D64D51E0DB1C4,C02E,3D1
4 38 424
4 39 344
4 40 556
4 41 338
4 42 0
4 43 0
3 32 ->
4 33 425
4 34 4
4 35 0
4 36 [2]
$1,-1
4 37 [2][4]
$400800000000004,402D64D51E0DB1C4,C02E,C018000000000018
$C00800000000001,402D64D51E0DB1C4,C02E,3D1
4 38 423
4 39 343
4 40 555
4 41 337
4 42 0
4 43 0
3 32 ->
4 33 350
4 34 4
4 35 0
4 36 [2]
$1,-1
4 37 [2][4]
$0,BD1,402779435E50D77,0
$C031800000000001,BD1,402779435E50D77,C031800000000001
4 38 348
4 39 398
4 40 760
4 41 766
4 42 0
4 43 0
3 32 ->
4 33 349
4 34 4
4 35 0
4 36 [2]
$1,-1
4 37 [2][4]
$0,BD1,402779435E50D77,0
$C031800000000001,BD1,402779435E50D77,C031800000000001
4 38 347
4 39 397
4 40 759
4 41 765
4 42 0
4 43 0
3 32 ->
4 33 768
4 34 4
4 35 0
4 36 [2]
$1,-1
4 37 [2][4]
$0,C03A,4062600000000001,C05C400000000003
$0,0,4062600000000001,C055C00000000003
4 38 348
4 39 444
4 40 350
4 41 770
4 42 0
4 43 0
3 32 ->
4 33 767
4 34 4
4 35 0
4 36 [2]
$1,-1
4 37 [2][4]
$0,C03A,4062600000000001,C05C400000000003
$0,0,4062600000000001,C055C00000000003
4 38 347
4 39 443
4 40 349
4 41 769
4 42 0
4 43 0
3 32 ->
4 33 354
4 34 4
4 35 0
4 36 [2]
$1,-1
4 37 [2][4]
$C031800000000001,C03A,C031800000000001,0
$0,C03A,0,0
4 38 348
4 39 352
4 40 768
4 41 736
4 42 0
4 43 0
3 32 ->
4 33 353
4 34 4
4 35 0
4 36 [2]
$1,-1
4 37 [2][4]
$C031800000000001,C03A,C031800000000001,0
$0,C03A,0,0
4 38 347
4 39 351
4 40 767
4 41 735
4 42 0
4 43 0
3 32 ->
4 33 770
4 34 4
4 35 0
4 36 [2]
$1,-1
4 37 [2][4]
$0,C02779435E50D77,4063D79435E50D78,C05C400000000003
$0,0,4062600000000001,C05C400000000003
4 38 352
4 39 444
4 40 354
4 41 360
4 42 0
4 43 0
3 32 ->
4 33 769
4 34 4
4 35 0
4 36 [2]
$1,-1
4 37 [2][4]
$0,C02779435E50D77,4063D79435E50D78,C05C400000000003
$0,0,4062600000000001,C05C400000000003
4 38 351
4 39 443
4 40 353
4 41 359
4 42 0
4 43 0
3 32 ->
4 33 762
4 34 4
4 35 0
4 36 [2]
$1,-1
4 37 [2][4]
$0,4052DFFFFFFFFFF9,0,C02779435E50D77
$4031800000000001,4052DFFFFFFFFFF9,C031800000000001,C02779435E50D77
4 38 358
4 39 352
4 40 316
4 41 770
4 42 0
4 43 0
3 32 ->
4 33 761
4 34 4
4 35 0
4 36 [2]
$1,-1
4 37 [2][4]
$0,4052DFFFFFFFFFF9,0,C02779435E50D77
$4031800000000001,4052DFFFFFFFFFF9,C031800000000001,C02779435E50D77
4 38 357
4 39 351
4 40 315
4 41 769
4 42 0
4 43 0
3 32 ->
4 33 356
4 34 4
4 35 0
4 36 [2]
$1,-1
4 37 [38][4]
$C02D23D70A3D70A2,C02,400921FB54442D18,4016A09E667F3BD
$C02D2265EA647806,C01F935AF6C86D6,4008B5493B373E49,4016A09E667F3BD
$C02D19FB8737D84A,C01EE483DC6125A,400805956B5943BC,4016A09E667F3BD
$C02D0A1B6DA10174,C01E37C29531B52,400755E19B7B4915,4016A09E667F3BD
$C02CF2E382A781A7,C01D8E5C710248E,4006A62DCB9D4E8,4016A09E667F3BD
$C02CD47F7F2C5BDB,C01CE9906DC8188,4005F679FBBF53EB,4016A09E667F3BD
$C02CAF289D94EECB,C01C4A94DEF5512,400546C62BE1593A,4016A09E667F3BD
$C02C83252E0712FF,C01BB295251AA3A,400497125C035EA7,4016A09E667F3BD
$C02C50C812015E2A,C01B22AF7A26DF,4003E75E8C2563F5,4016A09E667F3BD
$C02C18702048E04C,C01A9BF2D66A30A,400337AABC476965,4016A09E667F3BD
$C02BDA8772523FAC,C01A1F5CF253FBE,400287F6EC696EC5,4016A09E667F3BD
$C02B97829C768017,C019ADD868AC28,4001D8431C8B7423,4016A09E667F3BD
$C02B4FDFD26BAFB3,C019483AFCCB936,4001288F4CAD7999,4016A09E667F3BD
$C02B0425F99EDD52,C018EF440813932,400078DB7CCF7EE1,4016A09E667F3BD
$C02AB4E3AB2EDB32,C018A39B119A846,3FFF924F59E3089F,4016A09E667F3BD
$C02A62AE27662585,C01865CE92B3EE4,3FFE32E7BA271357,4016A09E667F3BD
$C02A0E203CAD93AA,C0183652EAA6488,3FFCD3801A6B1E1B,4016A09E667F3BD
$C029B7D924091284,C01815818387984,3FFB74187AAF28DC,4016A09E667F3BD
$C029607B5543590D,C018039829DD8D8,3FFA14B0DAF3339E,4016A09E667F3BD
$C02908AB54FD3194,C01800B8983E2FA,3FF8B5493B373E61,4016A09E667F3BD
$C028B10E7EE073CA,C0180CE837CC3CE,3FF755E19B7B492,4016A09E667F3BD
$C0285A49CE3E1101,C01828101606D8C,3FF5F679FBBF53F2,4016A09E667F3BD
$C0280500A7618E6A,C01851FD0FFFB6,3FF497125C035EA6,4016A09E667F3BD
$C027B1D3A3E2F38A,C0188A6032A65E8,3FF337AABC47696,4016A09E667F3BD
$C027615F643A8FB8,C018D0CF4F7346C,3FF1D8431C8B743D,4016A09E667F3BD
$C027143B68D01348,C01924C5C45AB52,3FF078DB7CCF7EEF,4016A09E667F3BD
$C026CAF8F4B0623,C01985A5758EF9C,3FEE32E7BA27137A,4016A09E667F3BD
$C0268621FC03597,C019F2B7F73BA6C,3FEB74187AAF28DB,4016A09E667F3BD
$C02646382044A04B,C01A6B2FE5091FE,3FE8B5493B373EC4,4016A09E667F3BD
$C0260BB3BC28B43D,C01AEE2A64E1A6C,3FE5F679FBBF53ED,4016A09E667F3BD
$C025D70300F9DB1F,C01B7AB0D21F8EE,3FE337AABC476981,4016A09E667F3BD
$C025A8892717C22D,C01C0FBA8E0033,3FE078DB7CCF7EEE,4016A09E667F3BD
$C025809DB32087C3,C01CAC2EF1F10FE,3FDB74187AAF2807,4016A09E667F3BD
$C0255F8BD123058C,C01D4EE7600CAEC,3FD5F679FBBF5442,4016A09E667F3BD
$C0254591C710B1A8,C01DF6B16DE4312,3FD078DB7CCF7F58,4016A09E667F3BD
$C02532E07F79A625,C01EA2512580C4A,3FC5F679FBBF54CA,4016A09E667F3BD
$C025279B2D6FA0E1,C01F5083585E76A,3FB5F679FBBF55E1,4016A09E667F3BD
$C02523D70A3D70A6,C02,0,4016A09E667F3BD
4 38 352
4 39 436
4 40 62
4 41 438
4 42 0
4 43 0
3 32 ->
4 33 355
4 34 4
4 35 0
4 36 [2]
$1,-1
4 37 [38][4]
$C02D23D70A3D70A2,C02,400921FB54442D18,4016A09E667F3BD
$C02D2265EA647806,C01F935AF6C86D6,4008B5493B373E49,4016A09E667F3BD
$C02D19FB8737D84A,C01EE483DC6125A,400805956B5943BC,4016A09E667F3BD
$C02D0A1B6DA10174,C01E37C29531B52,400755E19B7B4915,4016A09E667F3BD
$C02CF2E382A781A7,C01D8E5C710248E,4006A62DCB9D4E8,4016A09E667F3BD
$C02CD47F7F2C5BDB,C01CE9906DC8188,4005F679FBBF53EB,4016A09E667F3BD
$C02CAF289D94EECB,C01C4A94DEF5512,400546C62BE1593A,4016A09E667F3BD
$C02C83252E0712FF,C01BB295251AA3A,400497125C035EA7,4016A09E667F3BD
$C02C50C812015E2A,C01B22AF7A26DF,4003E75E8C2563F5,4016A09E667F3BD
$C02C18702048E04C,C01A9BF2D66A30A,400337AABC476965,4016A09E667F3BD
$C02BDA8772523FAC,C01A1F5CF253FBE,400287F6EC696EC5,4016A09E667F3BD
$C02B97829C768017,C019ADD868AC28,4001D8431C8B7423,4016A09E667F3BD
$C02B4FDFD26BAFB3,C019483AFCCB936,4001288F4CAD7999,4016A09E667F3BD
$C02B0425F99EDD52,C018EF440813932,400078DB7CCF7EE1,4016A09E667F3BD
$C02AB4E3AB2EDB32,C018A39B119A846,3FFF924F59E3089F,4016A09E667F3BD
$C02A62AE27662585,C01865CE92B3EE4,3FFE32E7BA271357,4016A09E667F3BD
$C02A0E203CAD93AA,C0183652EAA6488,3FFCD3801A6B1E1B,4016A09E667F3BD
$C029B7D924091284,C01815818387984,3FFB74187AAF28DC,4016A09E667F3BD
$C029607B5543590D,C018039829DD8D8,3FFA14B0DAF3339E,4016A09E667F3BD
$C02908AB54FD3194,C01800B8983E2FA,3FF8B5493B373E61,4016A09E667F3BD
$C028B10E7EE073CA,C0180CE837CC3CE,3FF755E19B7B492,4016A09E667F3BD
$C0285A49CE3E1101,C01828101606D8C,3FF5F679FBBF53F2,4016A09E667F3BD
$C0280500A7618E6A,C01851FD0FFFB6,3FF497125C035EA6,4016A09E667F3BD
$C027B1D3A3E2F38A,C0188A6032A65E8,3FF337AABC47696,4016A09E667F3BD
$C027615F643A8FB8,C018D0CF4F7346C,3FF1D8431C8B743D,4016A09E667F3BD
$C027143B68D01348,C01924C5C45AB52,3FF078DB7CCF7EEF,4016A09E667F3BD
$C026CAF8F4B0623,C01985A5758EF9C,3FEE32E7BA27137A,4016A09E667F3BD
$C0268621FC03597,C019F2B7F73BA6C,3FEB74187AAF28DB,4016A09E667F3BD
$C02646382044A04B,C01A6B2FE5091FE,3FE8B5493B373EC4,4016A09E667F3BD
$C0260BB3BC28B43D,C01AEE2A64E1A6C,3FE5F679FBBF53ED,4016A09E667F3BD
$C025D70300F9DB1F,C01B7AB0D21F8EE,3FE337AABC476981,4016A09E667F3BD
$C025A8892717C22D,C01C0FBA8E0033,3FE078DB7CCF7EEE,4016A09E667F3BD
$C025809DB32087C3,C01CAC2EF1F10FE,3FDB74187AAF2807,4016A09E667F3BD
$C0255F8BD123058C,C01D4EE7600CAEC,3FD5F679FBBF5442,4016A09E667F3BD
$C0254591C710B1A8,C01DF6B16DE4312,3FD078DB7CCF7F58,4016A09E667F3BD
$C02532E07F79A625,C01EA2512580C4A,3FC5F679FBBF54CA,4016A09E667F3BD
$C025279B2D6FA0E1,C01F5083585E76A,3FB5F679FBBF55E1,4016A09E667F3BD
$C02523D70A3D70A6,C02,0,4016A09E667F3BD
4 38 351
4 39 435
4 40 61
4 41 437
4 42 0
4 43 0
3 32 ->
4 33 360
4 34 4
4 35 0
4 36 [2]
$1,-1
4 37 [2][4]
$0,0,4063D79435E50D78,C0678FFFFFFFFFFE
$0,4052DFFFFFFFFFF9,4063D79435E50D78,C05C400000000003
4 38 358
4 39 444
4 40 762
4 41 364
4 42 0
4 43 0
3 32 ->
4 33 359
4 34 4
4 35 0
4 36 [2]
$1,-1
4 37 [2][4]
$0,0,4063D79435E50D78,C0678FFFFFFFFFFE
$0,4052DFFFFFFFFFF9,4063D79435E50D78,C05C400000000003
4 38 357
4 39 443
4 40 761
4 41 363
4 42 0
4 43 0
3 32 ->
4 33 734
4 34 4
4 35 0
4 36 [2]
$1,-1
4 37 [2][4]
$0,0,0,0
$C031800000000001,0,4031800000000001,0
4 38 362
4 39 358
4 40 738
4 41 360
4 42 0
4 43 0
3 32 ->
4 33 733
4 34 4
4 35 0
4 36 [2]
$1,-1
4 37 [2][4]
$0,0,0,0
$C031800000000001,0,4031800000000001,0
4 38 361
4 39 357
4 40 737
4 41 359
4 42 0
4 43 0
3 32 ->
4 33 364
4 34 4
4 35 0
4 36 [2]
$1,-1
4 37 [2][4]
$0,4073D79435E50D78,C063D79435E50D78,C0678FFFFFFFFFFE
$0,0,4063D79435E50D78,C0678FFFFFFFFFFE
4 38 362
4 39 444
4 40 734
4 41 368
4 42 0
4 43 0
3 32 ->
4 33 363
4 34 4
4 35 0
4 36 [2]
$1,-1
4 37 [2][4]
$0,4073D79435E50D78,C063D79435E50D78,C0678FFFFFFFFFFE
$0,0,4063D79435E50D78,C0678FFFFFFFFFFE
4 38 361
4 39 443
4 40 733
4 41 367
4 42 0
4 43 0
3 32 ->
4 33 740
4 34 4
4 35 0
4 36 [2]
$1,-1
4 37 [2][4]
$0,0,0,4073D79435E50D78
$C031800000000001,0,C031800000000001,4073D79435E50D78
4 38 366
4 39 362
4 40 742
4 41 364
4 42 0
4 43 0
3 32 ->
4 33 739
4 34 4
4 35 0
4 36 [2]
$1,-1
4 37 [2][4]
$0,0,0,4073D79435E50D78
$C031800000000001,0,C031800000000001,4073D79435E50D78
4 38 365
4 39 361
4 40 741
4 41 363
4 42 0
4 43 0
3 32 ->
4 33 368
4 34 4
4 35 0
4 36 [2]
$1,-1
4 37 [2][4]
$0,40778FFFFFFFFFFE,C063D79435E50D78,40678FFFFFFFFFFE
$0,0,C063D79435E50D78,C0678FFFFFFFFFFE
4 38 366
4 39 444
4 40 740
4 41 372
4 42 0
4 43 0
3 32 ->
4 33 367
4 34 4
4 35 0
4 36 [2]
$1,-1
4 37 [2][4]
$0,40778FFFFFFFFFFE,C063D79435E50D78,40678FFFFFFFFFFE
$0,0,C063D79435E50D78,C0678FFFFFFFFFFE
4 38 365
4 39 443
4 40 739
4 41 371
4 42 0
4 43 0
3 32 ->
4 33 744
4 34 4
4 35 0
4 36 [2]
$1,-1
4 37 [2][4]
$0,4073D79435E50D78,0,40778FFFFFFFFFFE
$4031800000000001,4073D79435E50D78,C031800000000001,40778FFFFFFFFFFE
4 38 370
4 39 366
4 40 746
4 41 368
4 42 0
4 43 0
3 32 ->
4 33 743
4 34 4
4 35 0
4 36 [2]
$1,-1
4 37 [2][4]
$0,4073D79435E50D78,0,40778FFFFFFFFFFE
$4031800000000001,4073D79435E50D78,C031800000000001,40778FFFFFFFFFFE
4 38 369
4 39 365
4 40 745
4 41 367
4 42 0
4 43 0
3 32 ->
4 33 372
4 34 4
4 35 0
4 36 [2]
$1,-1
4 37 [2][4]
$0,0,4063D79435E50D78,40678FFFFFFFFFFE
$0,4073D79435E50D78,C063D79435E50D78,40678FFFFFFFFFFE
4 38 370
4 39 444
4 40 744
4 41 772
4 42 0
4 43 0
3 32 ->
4 33 371
4 34 4
4 35 0
4 36 [2]
$1,-1
4 37 [2][4]
$0,0,4063D79435E50D78,40678FFFFFFFFFFE
$0,4073D79435E50D78,C063D79435E50D78,40678FFFFFFFFFFE
4 38 369
4 39 443
4 40 743
4 41 771
4 42 0
4 43 0
3 32 ->
4 33 748
4 34 4
4 35 0
4 36 [2]
$1,-1
4 37 [2][4]
$0,40778FFFFFFFFFFE,0,0
$4031800000000001,40778FFFFFFFFFFE,4031800000000001,0
4 38 374
4 39 370
4 40 376
4 41 372
4 42 0
4 43 0
3 32 ->
4 33 747
4 34 4
4 35 0
4 36 [2]
$1,-1
4 37 [2][4]
$0,40778FFFFFFFFFFE,0,0
$4031800000000001,40778FFFFFFFFFFE,4031800000000001,0
4 38 373
4 39 369
4 40 375
4 41 371
4 42 0
4 43 0
3 32 ->
4 33 772
4 34 4
4 35 0
4 36 [2]
$1,-1
4 37 [2][4]
$0,4072D7FFFFFFFFFF,4063D79435E50D78,405C3FFFFFFFFFFF
$0,40778FFFFFFFFFFE,4063D79435E50D78,40678FFFFFFFFFFE
4 38 374
4 39 444
4 40 748
4 41 774
4 42 0
4 43 0
3 32 ->
4 33 771
4 34 4
4 35 0
4 36 [2]
$1,-1
4 37 [2][4]
$0,4072D7FFFFFFFFFF,4063D79435E50D78,405C3FFFFFFFFFFF
$0,40778FFFFFFFFFFE,4063D79435E50D78,40678FFFFFFFFFFE
4 38 373
4 39 443
4 40 747
4 41 773
4 42 0
4 43 0
3 32 ->
4 33 380
4 34 4
4 35 0
4 36 [2]
$1,-1
4 37 [2][4]
$4031800000000001,4072D7FFFFFFFFFE,4031800000000001,0
$0,4072D7FFFFFFFFFE,0,0
4 38 374
4 39 378
4 40 772
4 41 750
4 42 0
4 43 0
3 32 ->
4 33 379
4 34 4
4 35 0
4 36 [2]
$1,-1
4 37 [2][4]
$4031800000000001,4072D7FFFFFFFFFE,4031800000000001,0
$0,4072D7FFFFFFFFFE,0,0
4 38 373
4 39 377
4 40 771
4 41 749
4 42 0
4 43 0
3 32 ->
4 33 774
4 34 4
4 35 0
4 36 [2]
$1,-1
4 37 [2][4]
$0,402779435E50D77,4062600000000001,405C3FFFFFFFFFFF
$0,0,4063D79435E50D78,405C3FFFFFFFFFFF
4 38 378
4 39 444
4 40 380
4 41 776
4 42 0
4 43 0
3 32 ->
4 33 773
4 34 4
4 35 0
4 36 [2]
$1,-1
4 37 [2][4]
$0,402779435E50D77,4062600000000001,405C3FFFFFFFFFFF
$0,0,4063D79435E50D78,405C3FFFFFFFFFFF
4 38 377
4 39 443
4 40 379
4 41 775
4 42 0
4 43 0
3 32 ->
4 33 386
4 34 4
4 35 0
4 36 [2]
$1,-1
4 37 [2][4]
$4031800000000001,402779435E50D77,C031800000000001,0
$0,402779435E50D77,0,0
4 38 378
4 39 384
4 40 774
4 41 752
4 42 0
4 43 0
3 32 ->
4 33 385
4 34 4
4 35 0
4 36 [2]
$1,-1
4 37 [2][4]
$4031800000000001,402779435E50D77,C031800000000001,0
$0,402779435E50D77,0,0
4 38 377
4 39 383
4 40 773
4 41 751
4 42 0
4 43 0
3 32 ->
4 33 592
4 34 4
4 35 0
4 36 [2]
$1,-1
4 37 [38][4]
$402523D70A3D70A6,400DE50D79435DC,0,406CF504F333F9DF
$402525482A166942,400EBE578BB283,3FAB2C86433BB3E4,406CF504F333F9DF
$40252DB28D4308FE,40100E02E040894,3FC1C65E8EAE95C2,406CF504F333F9DF
$40253D92A6D9DFD4,4010BAC4276FF9C,3FCCC19B8C8E402D,406CF504F333F9DF
$402554CA91D35FA1,4011642A4B9F66,3FD3DE6C4536F4BF,406CF504F333F9DF
$4025732E954E856E,401208F64ED9966,3FD95C0AC426C96C,406CF504F333F9DF
$4025988576E5F27D,4012A7F1DDAC5DC,3FDED9A943169EF5,406CF504F333F9DF
$4025C488E673CE49,40133FF197870B4,3FE22BA3E10339C3,406CF504F333F9DF
$4025F6E60279831E,4013CFD7427ACFE,3FE4EA73207B2491,406CF504F333F9DF
$40262F3DF43200FD,40145693E6377E4,3FE7A9425FF30ECF,406CF504F333F9DF
$40266D26A228A19C,4014D329CA4DB3,3FEA68119F6AF94E,406CF504F333F9DF
$4026B02B78046132,401544AE53F586C,3FED26E0DEE2E3A8,406CF504F333F9DF
$4026F7CE420F3194,4015AA4BBFD61B8,3FEFE5B01E5ACDFC,406CF504F333F9DF
$402743881ADC03F6,40160342B48E1BC,3FF1523FAEE95C6E,406CF504F333F9DF
$402792CA694C0616,40164EEBAB072A8,3FF2B1A74EA5519,406CF504F333F9DF
$4027E4FFED14BBC4,40168CB829EDC0A,3FF4110EEE6146DB,406CF504F333F9DF
$4028398DD7CD4D9E,4016BC33D1FB666,3FF570768E1D3C14,406CF504F333F9DF
$40288FD4F071CEC4,4016DD05391A16A,3FF6CFDE2DD93155,406CF504F333F9DF
$4028E732BF37883B,4016EEEE92C4216,3FF82F45CD952692,406CF504F333F9DF
$40293F02BF7DAFB4,4016F1CE24637F4,3FF98EAD6D511BD,406CF504F333F9DF
$4029969F959A6D7E,4016E59E84D572,3FFAEE150D0D111,406CF504F333F9DF
$4029ED64463CD047,4016CA76A69AD62,3FFC4D7CACC9063F,406CF504F333F9DF
$402A42AD6D1952DE,4016A089ACA1F8E,3FFDACE44C84FB8A,406CF504F333F9DF
$402A95DA7097EDBE,4016682689FB506,3FFF0C4BEC40F0D,406CF504F333F9DF
$402AE64EB040519,401621B76D2E682,400035D9C5FE72FA,406CF504F333F9DF
$402B3372ABAACE,4015CDC0F846F9C,4000E58D95DC6DA1,406CF504F333F9DF
$402B7CB51FCA7F18,40156CE14712B52,4001954165BA683A,406CF504F333F9DF
$402BC18C187787D8,4014FFCEC566082,400244F5359862E2,406CF504F333F9DF
$402C0175F43640FD,40148756D7988F,4002F4A905765D67,406CF504F333F9DF
$402C3BFA58522D0C,4014045C57C0082,4003A45CD554581D,406CF504F333F9DF
$402C70AB13810629,401377D5EA822,40045410A53252B8,406CF504F333F9DF
$402C9F24ED631F1C,4012E2CC2EA17BE,400503C475104D5D,406CF504F333F9DF
$402CC710615A5986,40124657CAB09F,4005B37844EE4817,406CF504F333F9DF
$402CE8224357DBBC,4011A39F5C95002,4006632C14CC429,406CF504F333F9DF
$402D021C4D6A2FA,4010FBD54EBD7DC,400712DFE4AA3D2E,406CF504F333F9DF
$402D14CD95013B22,401050359720EA4,4007C293B48837CC,406CF504F333F9DF
$402D2012E70B4068,400F4406C886708,4008724784663269,406CF504F333F9DF
$402D23D70A3D70A2,400DE50D79435DC,400921FB54442D18,406CF504F333F9DF
4 38 378
4 39 432
4 40 382
4 41 588
4 42 0
4 43 0
3 32 ->
4 33 591
4 34 4
4 35 0
4 36 [2]
$1,-1
4 37 [38][4]
$402523D70A3D70A6,400DE50D79435DC,0,406CF504F333F9DF
$402525482A166942,400EBE578BB283,3FAB2C86433BB3E4,406CF504F333F9DF
$40252DB28D4308FE,40100E02E040894,3FC1C65E8EAE95C2,406CF504F333F9DF
$40253D92A6D9DFD4,4010BAC4276FF9C,3FCCC19B8C8E402D,406CF504F333F9DF
$402554CA91D35FA1,4011642A4B9F66,3FD3DE6C4536F4BF,406CF504F333F9DF
$4025732E954E856E,401208F64ED9966,3FD95C0AC426C96C,406CF504F333F9DF
$4025988576E5F27D,4012A7F1DDAC5DC,3FDED9A943169EF5,406CF504F333F9DF
$4025C488E673CE49,40133FF197870B4,3FE22BA3E10339C3,406CF504F333F9DF
$4025F6E60279831E,4013CFD7427ACFE,3FE4EA73207B2491,406CF504F333F9DF
$40262F3DF43200FD,40145693E6377E4,3FE7A9425FF30ECF,406CF504F333F9DF
$40266D26A228A19C,4014D329CA4DB3,3FEA68119F6AF94E,406CF504F333F9DF
$4026B02B78046132,401544AE53F586C,3FED26E0DEE2E3A8,406CF504F333F9DF
$4026F7CE420F3194,4015AA4BBFD61B8,3FEFE5B01E5ACDFC,406CF504F333F9DF
$402743881ADC03F6,40160342B48E1BC,3FF1523FAEE95C6E,406CF504F333F9DF
$402792CA694C0616,40164EEBAB072A8,3FF2B1A74EA5519,406CF504F333F9DF
$4027E4FFED14BBC4,40168CB829EDC0A,3FF4110EEE6146DB,406CF504F333F9DF
$4028398DD7CD4D9E,4016BC33D1FB666,3FF570768E1D3C14,406CF504F333F9DF
$40288FD4F071CEC4,4016DD05391A16A,3FF6CFDE2DD93155,406CF504F333F9DF
$4028E732BF37883B,4016EEEE92C4216,3FF82F45CD952692,406CF504F333F9DF
$40293F02BF7DAFB4,4016F1CE24637F4,3FF98EAD6D511BD,406CF504F333F9DF
$4029969F959A6D7E,4016E59E84D572,3FFAEE150D0D111,406CF504F333F9DF
$4029ED64463CD047,4016CA76A69AD62,3FFC4D7CACC9063F,406CF504F333F9DF
$402A42AD6D1952DE,4016A089ACA1F8E,3FFDACE44C84FB8A,406CF504F333F9DF
$402A95DA7097EDBE,4016682689FB506,3FFF0C4BEC40F0D,406CF504F333F9DF
$402AE64EB040519,401621B76D2E682,400035D9C5FE72FA,406CF504F333F9DF
$402B3372ABAACE,4015CDC0F846F9C,4000E58D95DC6DA1,406CF504F333F9DF
$402B7CB51FCA7F18,40156CE14712B52,4001954165BA683A,406CF504F333F9DF
$402BC18C187787D8,4014FFCEC566082,400244F5359862E2,406CF504F333F9DF
$402C0175F43640FD,40148756D7988F,4002F4A905765D67,406CF504F333F9DF
$402C3BFA58522D0C,4014045C57C0082,4003A45CD554581D,406CF504F333F9DF
$402C70AB13810629,401377D5EA822,40045410A53252B8,406CF504F333F9DF
$402C9F24ED631F1C,4012E2CC2EA17BE,400503C475104D5D,406CF504F333F9DF
$402CC710615A5986,40124657CAB09F,4005B37844EE4817,406CF504F333F9DF
$402CE8224357DBBC,4011A39F5C95002,4006632C14CC429,406CF504F333F9DF
$402D021C4D6A2FA,4010FBD54EBD7DC,400712DFE4AA3D2E,406CF504F333F9DF
$402D14CD95013B22,401050359720EA4,4007C293B48837CC,406CF504F333F9DF
$402D2012E70B4068,400F4406C886708,4008724784663269,406CF504F333F9DF
$402D23D70A3D70A2,400DE50D79435DC,400921FB54442D18,406CF504F333F9DF
4 38 377
4 39 431
4 40 381
4 41 587
4 42 0
4 43 0
3 32 ->
4 33 776
4 34 4
4 35 0
4 36 [2]
$1,-1
4 37 [2][4]
$0,C03A000000000004,4062600000000001,4055BFFFFFFFFFFC
$0,0,4062600000000001,405C3FFFFFFFFFFD
4 38 384
4 39 444
4 40 386
4 41 778
4 42 0
4 43 0
3 32 ->
4 33 775
4 34 4
4 35 0
4 36 [2]
$1,-1
4 37 [2][4]
$0,C03A000000000004,4062600000000001,4055BFFFFFFFFFFC
$0,0,4062600000000001,405C3FFFFFFFFFFD
4 38 383
4 39 443
4 40 385
4 41 777
4 42 0
4 43 0
3 32 ->
4 33 390
4 34 4
4 35 0
4 36 [2]
$1,-1
4 37 [2][4]
$C031800000000001,C03A000000000004,C031800000000001,0
$0,C03A000000000004,0,0
4 38 384
4 39 388
4 40 776
4 41 754
4 42 0
4 43 0
3 32 ->
4 33 389
4 34 4
4 35 0
4 36 [2]
$1,-1
4 37 [2][4]
$C031800000000001,C03A000000000004,C031800000000001,0
$0,C03A000000000004,0,0
4 38 383
4 39 387
4 40 775
4 41 753
4 42 0
4 43 0
3 32 ->
4 33 778
4 34 4
4 35 0
4 36 [2]
$1,-1
4 37 [2][4]
$0,C02779435E50D77,4063D79435E50D78,4055BFFFFFFFFFFC
$0,0,4062600000000001,4055BFFFFFFFFFFC
4 38 388
4 39 444
4 40 390
4 41 448
4 42 0
4 43 0
3 32 ->
4 33 777
4 34 4
4 35 0
4 36 [2]
$1,-1
4 37 [2][4]
$0,C02779435E50D77,4063D79435E50D78,4055BFFFFFFFFFFC
$0,0,4062600000000001,4055BFFFFFFFFFFC
4 38 387
4 39 443
4 40 389
4 41 447
4 42 0
4 43 0
3 32 ->
4 33 756
4 34 4
4 35 0
4 36 [2]
$1,-1
4 37 [2][4]
$0,407137FFFFFFFFFE,0,C02779435E50D77
$4031800000000001,407137FFFFFFFFFE,C031800000000001,C02779435E50D77
4 38 394
4 39 388
4 40 396
4 41 778
4 42 0
4 43 0
3 32 ->
4 33 755
4 34 4
4 35 0
4 36 [2]
$1,-1
4 37 [2][4]
$0,407137FFFFFFFFFE,0,C02779435E50D77
$4031800000000001,407137FFFFFFFFFE,C031800000000001,C02779435E50D77
4 38 393
4 39 387
4 40 395
4 41 777
4 42 0
4 43 0
3 32 ->
4 33 392
4 34 4
4 35 0
4 36 [2]
$1,-1
4 37 [38][4]
$C02D23D70A3D70A2,C02,400921FB54442D18,4069B504F333F9DE
$C02D2265EA647806,C01F935AF6C86D6,4008B5493B373E49,4069B504F333F9DE
$C02D19FB8737D84A,C01EE483DC6125A,400805956B5943BC,4069B504F333F9DE
$C02D0A1B6DA10174,C01E37C29531B52,400755E19B7B4915,4069B504F333F9DE
$C02CF2E382A781A7,C01D8E5C710248E,4006A62DCB9D4E8,4069B504F333F9DE
$C02CD47F7F2C5BDB,C01CE9906DC8188,4005F679FBBF53EB,4069B504F333F9DE
$C02CAF289D94EECB,C01C4A94DEF5512,400546C62BE1593A,4069B504F333F9DE
$C02C83252E0712FF,C01BB295251AA3A,400497125C035EA7,4069B504F333F9DE
$C02C50C812015E2A,C01B22AF7A26DF,4003E75E8C2563F5,4069B504F333F9DE
$C02C18702048E04C,C01A9BF2D66A30A,400337AABC476965,4069B504F333F9DE
$C02BDA8772523FAC,C01A1F5CF253FBE,400287F6EC696EC5,4069B504F333F9DE
$C02B97829C768017,C019ADD868AC28,4001D8431C8B7423,4069B504F333F9DE
$C02B4FDFD26BAFB3,C019483AFCCB936,4001288F4CAD7999,4069B504F333F9DE
$C02B0425F99EDD52,C018EF440813932,400078DB7CCF7EE1,4069B504F333F9DE
$C02AB4E3AB2EDB32,C018A39B119A846,3FFF924F59E3089F,4069B504F333F9DE
$C02A62AE27662585,C01865CE92B3EE4,3FFE32E7BA271357,4069B504F333F9DE
$C02A0E203CAD93AA,C0183652EAA6488,3FFCD3801A6B1E1B,4069B504F333F9DE
$C029B7D924091284,C01815818387984,3FFB74187AAF28DC,4069B504F333F9DE
$C029607B5543590D,C018039829DD8D8,3FFA14B0DAF3339E,4069B504F333F9DE
$C02908AB54FD3194,C01800B8983E2FA,3FF8B5493B373E61,4069B504F333F9DE
$C028B10E7EE073CA,C0180CE837CC3CE,3FF755E19B7B492,4069B504F333F9DE
$C0285A49CE3E1101,C01828101606D8C,3FF5F679FBBF53F2,4069B504F333F9DE
$C0280500A7618E6A,C01851FD0FFFB6,3FF497125C035EA6,4069B504F333F9DE
$C027B1D3A3E2F38A,C0188A6032A65E8,3FF337AABC47696,4069B504F333F9DE
$C027615F643A8FB8,C018D0CF4F7346C,3FF1D8431C8B743D,4069B504F333F9DE
$C027143B68D01348,C01924C5C45AB52,3FF078DB7CCF7EEF,4069B504F333F9DE
$C026CAF8F4B0623,C01985A5758EF9C,3FEE32E7BA27137A,4069B504F333F9DE
$C0268621FC03597,C019F2B7F73BA6C,3FEB74187AAF28DB,4069B504F333F9DE
$C02646382044A04B,C01A6B2FE5091FE,3FE8B5493B373EC4,4069B504F333F9DE
$C0260BB3BC28B43D,C01AEE2A64E1A6C,3FE5F679FBBF53ED,4069B504F333F9DE
$C025D70300F9DB1F,C01B7AB0D21F8EE,3FE337AABC476981,4069B504F333F9DE
$C025A8892717C22D,C01C0FBA8E0033,3FE078DB7CCF7EEE,4069B504F333F9DE
$C025809DB32087C3,C01CAC2EF1F10FE,3FDB74187AAF2807,4069B504F333F9DE
$C0255F8BD123058C,C01D4EE7600CAEC,3FD5F679FBBF5442,4069B504F333F9DE
$C0254591C710B1A8,C01DF6B16DE4312,3FD078DB7CCF7F58,4069B504F333F9DE
$C02532E07F79A625,C01EA2512580C4A,3FC5F679FBBF54CA,4069B504F333F9DE
$C025279B2D6FA0E1,C01F5083585E76A,3FB5F679FBBF55E1,4069B504F333F9DE
$C02523D70A3D70A6,C02,0,4069B504F333F9DE
4 38 388
4 39 428
4 40 70
4 41 430
4 42 0
4 43 0
3 32 ->
4 33 391
4 34 4
4 35 0
4 36 [2]
$1,-1
4 37 [38][4]
$C02D23D70A3D70A2,C02,400921FB54442D18,4069B504F333F9DE
$C02D2265EA647806,C01F935AF6C86D6,4008B5493B373E49,4069B504F333F9DE
$C02D19FB8737D84A,C01EE483DC6125A,400805956B5943BC,4069B504F333F9DE
$C02D0A1B6DA10174,C01E37C29531B52,400755E19B7B4915,4069B504F333F9DE
$C02CF2E382A781A7,C01D8E5C710248E,4006A62DCB9D4E8,4069B504F333F9DE
$C02CD47F7F2C5BDB,C01CE9906DC8188,4005F679FBBF53EB,4069B504F333F9DE
$C02CAF289D94EECB,C01C4A94DEF5512,400546C62BE1593A,4069B504F333F9DE
$C02C83252E0712FF,C01BB295251AA3A,400497125C035EA7,4069B504F333F9DE
$C02C50C812015E2A,C01B22AF7A26DF,4003E75E8C2563F5,4069B504F333F9DE
$C02C18702048E04C,C01A9BF2D66A30A,400337AABC476965,4069B504F333F9DE
$C02BDA8772523FAC,C01A1F5CF253FBE,400287F6EC696EC5,4069B504F333F9DE
$C02B97829C768017,C019ADD868AC28,4001D8431C8B7423,4069B504F333F9DE
$C02B4FDFD26BAFB3,C019483AFCCB936,4001288F4CAD7999,4069B504F333F9DE
$C02B0425F99EDD52,C018EF440813932,400078DB7CCF7EE1,4069B504F333F9DE
$C02AB4E3AB2EDB32,C018A39B119A846,3FFF924F59E3089F,4069B504F333F9DE
$C02A62AE27662585,C01865CE92B3EE4,3FFE32E7BA271357,4069B504F333F9DE
$C02A0E203CAD93AA,C0183652EAA6488,3FFCD3801A6B1E1B,4069B504F333F9DE
$C029B7D924091284,C01815818387984,3FFB74187AAF28DC,4069B504F333F9DE
$C029607B5543590D,C018039829DD8D8,3FFA14B0DAF3339E,4069B504F333F9DE
$C02908AB54FD3194,C01800B8983E2FA,3FF8B5493B373E61,4069B504F333F9DE
$C028B10E7EE073CA,C0180CE837CC3CE,3FF755E19B7B492,4069B504F333F9DE
$C0285A49CE3E1101,C01828101606D8C,3FF5F679FBBF53F2,4069B504F333F9DE
$C0280500A7618E6A,C01851FD0FFFB6,3FF497125C035EA6,4069B504F333F9DE
$C027B1D3A3E2F38A,C0188A6032A65E8,3FF337AABC47696,4069B504F333F9DE
$C027615F643A8FB8,C018D0CF4F7346C,3FF1D8431C8B743D,4069B504F333F9DE
$C027143B68D01348,C01924C5C45AB52,3FF078DB7CCF7EEF,4069B504F333F9DE
$C026CAF8F4B0623,C01985A5758EF9C,3FEE32E7BA27137A,4069B504F333F9DE
$C0268621FC03597,C019F2B7F73BA6C,3FEB74187AAF28DB,4069B504F333F9DE
$C02646382044A04B,C01A6B2FE5091FE,3FE8B5493B373EC4,4069B504F333F9DE
$C0260BB3BC28B43D,C01AEE2A64E1A6C,3FE5F679FBBF53ED,4069B504F333F9DE
$C025D70300F9DB1F,C01B7AB0D21F8EE,3FE337AABC476981,4069B504F333F9DE
$C025A8892717C22D,C01C0FBA8E0033,3FE078DB7CCF7EEE,4069B504F333F9DE
$C025809DB32087C3,C01CAC2EF1F10FE,3FDB74187AAF2807,4069B504F333F9DE
$C0255F8BD123058C,C01D4EE7600CAEC,3FD5F679FBBF5442,4069B504F333F9DE
$C0254591C710B1A8,C01DF6B16DE4312,3FD078DB7CCF7F58,4069B504F333F9DE
$C02532E07F79A625,C01EA2512580C4A,3FC5F679FBBF54CA,4069B504F333F9DE
$C025279B2D6FA0E1,C01F5083585E76A,3FB5F679FBBF55E1,4069B504F333F9DE
$C02523D70A3D70A6,C02,0,4069B504F333F9DE
4 38 387
4 39 427
4 40 69
4 41 429
4 42 0
4 43 0
3 32 ->
4 33 448
4 34 4
4 35 0
4 36 [2]
$1,-1
4 37 [2][4]
$0,40595FFFFFFFFFF9,4063D79435E50D78,C055C00000000003
$0,407137FFFFFFFFFE,4063D79435E50D78,4055BFFFFFFFFFFC
4 38 394
4 39 444
4 40 756
4 41 766
4 42 0
4 43 0
3 32 ->
4 33 447
4 34 4
4 35 0
4 36 [2]
$1,-1
4 37 [2][4]
$0,40595FFFFFFFFFF9,4063D79435E50D78,C055C00000000003
$0,407137FFFFFFFFFE,4063D79435E50D78,4055BFFFFFFFFFFC
4 38 393
4 39 443
4 40 755
4 41 765
4 42 0
4 43 0
3 32 ->
4 33 400
4 34 4
4 35 0
4 36 [2]
$1,-1
4 37 [2][4]
$4031800000000001,40595FFFFFFFFFF9,0,C031800000000001
$0,40595FFFFFFFFFF9,0,0
4 38 394
4 39 398
4 40 448
4 41 758
4 42 0
4 43 0
3 32 ->
4 33 399
4 34 4
4 35 0
4 36 [2]
$1,-1
4 37 [2][4]
$4031800000000001,40595FFFFFFFFFF9,0,C031800000000001
$0,40595FFFFFFFFFF9,0,0
4 38 393
4 39 397
4 40 447
4 41 757
4 42 0
4 43 0
3 32 ->
4 33 766
4 34 4
4 35 0
4 36 [2]
$1,-1
4 37 [2][4]
$402779435E50D77,0,4062600000000001,C055C00000000003
$0,0,4063D79435E50D78,C055C00000000003
4 38 398
4 39 444
4 40 400
4 41 768
4 42 0
4 43 0
3 32 ->
4 33 765
4 34 4
4 35 0
4 36 [2]
$1,-1
4 37 [2][4]
$402779435E50D77,0,4062600000000001,C055C00000000003
$0,0,4063D79435E50D78,C055C00000000003
4 38 397
4 39 443
4 40 399
4 41 767
4 42 0
4 43 0
3 32 ->
4 33 582
4 34 4
4 35 0
4 36 [2]
$1,-1
4 37 [38][4]
$400DE50D79435DC,C02523D70A3D70A6,0,403FA827999FCEF4
$400EBE578BB283,C02525482A166942,3FAB2C86433BB3E4,403FA827999FCEF4
$40100E02E040894,C0252DB28D4308FE,3FC1C65E8EAE95C2,403FA827999FCEF4
$4010BAC4276FF9C,C0253D92A6D9DFD4,3FCCC19B8C8E402D,403FA827999FCEF4
$4011642A4B9F66,C02554CA91D35FA1,3FD3DE6C4536F4BF,403FA827999FCEF4
$401208F64ED9966,C025732E954E856E,3FD95C0AC426C96C,403FA827999FCEF4
$4012A7F1DDAC5DC,C025988576E5F27D,3FDED9A943169EF5,403FA827999FCEF4
$40133FF197870B4,C025C488E673CE49,3FE22BA3E10339C3,403FA827999FCEF4
$4013CFD7427ACFE,C025F6E60279831E,3FE4EA73207B2491,403FA827999FCEF4
$40145693E6377E4,C0262F3DF43200FD,3FE7A9425FF30ECF,403FA827999FCEF4
$4014D329CA4DB3,C0266D26A228A19C,3FEA68119F6AF94E,403FA827999FCEF4
$401544AE53F586C,C026B02B78046132,3FED26E0DEE2E3A8,403FA827999FCEF4
$4015AA4BBFD61B8,C026F7CE420F3194,3FEFE5B01E5ACDFC,403FA827999FCEF4
$40160342B48E1BC,C02743881ADC03F6,3FF1523FAEE95C6E,403FA827999FCEF4
$40164EEBAB072A8,C02792CA694C0616,3FF2B1A74EA5519,403FA827999FCEF4
$40168CB829EDC0A,C027E4FFED14BBC4,3FF4110EEE6146DB,403FA827999FCEF4
$4016BC33D1FB666,C028398DD7CD4D9E,3FF570768E1D3C14,403FA827999FCEF4
$4016DD05391A16A,C0288FD4F071CEC4,3FF6CFDE2DD93155,403FA827999FCEF4
$4016EEEE92C4216,C028E732BF37883B,3FF82F45CD952692,403FA827999FCEF4
$4016F1CE24637F4,C0293F02BF7DAFB4,3FF98EAD6D511BD,403FA827999FCEF4
$4016E59E84D572,C029969F959A6D7E,3FFAEE150D0D111,403FA827999FCEF4
$4016CA76A69AD62,C029ED64463CD047,3FFC4D7CACC9063F,403FA827999FCEF4
$4016A089ACA1F8E,C02A42AD6D1952DE,3FFDACE44C84FB8A,403FA827999FCEF4
$4016682689FB506,C02A95DA7097EDBE,3FFF0C4BEC40F0D,403FA827999FCEF4
$401621B76D2E682,C02AE64EB040519,400035D9C5FE72FA,403FA827999FCEF4
$4015CDC0F846F9C,C02B3372ABAACE,4000E58D95DC6DA1,403FA827999FCEF4
$40156CE14712B52,C02B7CB51FCA7F18,4001954165BA683A,403FA827999FCEF4
$4014FFCEC566082,C02BC18C187787D8,400244F5359862E2,403FA827999FCEF4
$40148756D7988F,C02C0175F43640FD,4002F4A905765D67,403FA827999FCEF4
$4014045C57C0082,C02C3BFA58522D0C,4003A45CD554581D,403FA827999FCEF4
$401377D5EA822,C02C70AB13810629,40045410A53252B8,403FA827999FCEF4
$4012E2CC2EA17BE,C02C9F24ED631F1C,400503C475104D5D,403FA827999FCEF4
$40124657CAB09F,C02CC710615A5986,4005B37844EE4817,403FA827999FCEF4
$4011A39F5C95002,C02CE8224357DBBC,4006632C14CC429,403FA827999FCEF4
$4010FBD54EBD7DC,C02D021C4D6A2FA,400712DFE4AA3D2E,403FA827999FCEF4
$401050359720EA4,C02D14CD95013B22,4007C293B48837CC,403FA827999FCEF4
$400F4406C886708,C02D2012E70B4068,4008724784663269,403FA827999FCEF4
$400DE50D79435DC,C02D23D70A3D70A2,400921FB54442D18,403FA827999FCEF4
4 38 398
4 39 440
4 40 402
4 41 578
4 42 0
4 43 0
3 32 ->
4 33 581
4 34 4
4 35 0
4 36 [2]
$1,-1
4 37 [38][4]
$400DE50D79435DC,C02523D70A3D70A6,0,403FA827999FCEF4
$400EBE578BB283,C02525482A166942,3FAB2C86433BB3E4,403FA827999FCEF4
$40100E02E040894,C0252DB28D4308FE,3FC1C65E8EAE95C2,403FA827999FCEF4
$4010BAC4276FF9C,C0253D92A6D9DFD4,3FCCC19B8C8E402D,403FA827999FCEF4
$4011642A4B9F66,C02554CA91D35FA1,3FD3DE6C4536F4BF,403FA827999FCEF4
$401208F64ED9966,C025732E954E856E,3FD95C0AC426C96C,403FA827999FCEF4
$4012A7F1DDAC5DC,C025988576E5F27D,3FDED9A943169EF5,403FA827999FCEF4
$40133FF197870B4,C025C488E673CE49,3FE22BA3E10339C3,403FA827999FCEF4
$4013CFD7427ACFE,C025F6E60279831E,3FE4EA73207B2491,403FA827999FCEF4
$40145693E6377E4,C0262F3DF43200FD,3FE7A9425FF30ECF,403FA827999FCEF4
$4014D329CA4DB3,C0266D26A228A19C,3FEA68119F6AF94E,403FA827999FCEF4
$401544AE53F586C,C026B02B78046132,3FED26E0DEE2E3A8,403FA827999FCEF4
$4015AA4BBFD61B8,C026F7CE420F3194,3FEFE5B01E5ACDFC,403FA827999FCEF4
$40160342B48E1BC,C02743881ADC03F6,3FF1523FAEE95C6E,403FA827999FCEF4
$40164EEBAB072A8,C02792CA694C0616,3FF2B1A74EA5519,403FA827999FCEF4
$40168CB829EDC0A,C027E4FFED14BBC4,3FF4110EEE6146DB,403FA827999FCEF4
$4016BC33D1FB666,C028398DD7CD4D9E,3FF570768E1D3C14,403FA827999FCEF4
$4016DD05391A16A,C0288FD4F071CEC4,3FF6CFDE2DD93155,403FA827999FCEF4
$4016EEEE92C4216,C028E732BF37883B,3FF82F45CD952692,403FA827999FCEF4
$4016F1CE24637F4,C0293F02BF7DAFB4,3FF98EAD6D511BD,403FA827999FCEF4
$4016E59E84D572,C029969F959A6D7E,3FFAEE150D0D111,403FA827999FCEF4
$4016CA76A69AD62,C029ED64463CD047,3FFC4D7CACC9063F,403FA827999FCEF4
$4016A089ACA1F8E,C02A42AD6D1952DE,3FFDACE44C84FB8A,403FA827999FCEF4
$4016682689FB506,C02A95DA7097EDBE,3FFF0C4BEC40F0D,403FA827999FCEF4
$401621B76D2E682,C02AE64EB040519,400035D9C5FE72FA,403FA827999FCEF4
$4015CDC0F846F9C,C02B3372ABAACE,4000E58D95DC6DA1,403FA827999FCEF4
$40156CE14712B52,C02B7CB51FCA7F18,4001954165BA683A,403FA827999FCEF4
$4014FFCEC566082,C02BC18C187787D8,400244F5359862E2,403FA827999FCEF4
$40148756D7988F,C02C0175F43640FD,4002F4A905765D67,403FA827999FCEF4
$4014045C57C0082,C02C3BFA58522D0C,4003A45CD554581D,403FA827999FCEF4
$401377D5EA822,C02C70AB13810629,40045410A53252B8,403FA827999FCEF4
$4012E2CC2EA17BE,C02C9F24ED631F1C,400503C475104D5D,403FA827999FCEF4
$40124657CAB09F,C02CC710615A5986,4005B37844EE4817,403FA827999FCEF4
$4011A39F5C95002,C02CE8224357DBBC,4006632C14CC429,403FA827999FCEF4
$4010FBD54EBD7DC,C02D021C4D6A2FA,400712DFE4AA3D2E,403FA827999FCEF4
$401050359720EA4,C02D14CD95013B22,4007C293B48837CC,403FA827999FCEF4
$400F4406C886708,C02D2012E70B4068,4008724784663269,403FA827999FCEF4
$400DE50D79435DC,C02D23D70A3D70A2,400921FB54442D18,403FA827999FCEF4
4 38 397
4 39 439
4 40 401
4 41 577
4 42 0
4 43 0
3 32 ->
4 33 576
4 34 4
4 35 0
4 36 [2]
$1,-1
4 37 [85][4]
$401921FB54442D18,4017E73C251D1D28,8,C024B369B4875D04
$401902E1EF629E4A,4017E73C251D1D0C,3FD41D7127FC02,C024B0F818B6D33E
$4018DC4404445B7A,4017E73C251D1D0C,3FE6884374F1058,C024A722C47598
$4018B5A6192618AC,4017E73C251D1D0C,3FF17CCD3E721A8,C02495C8BCDF84CE
$40188F082E07D5DD,4017E73C251D1D0E,3FF7AF1B0C716CC,C0247CF0530210F2
$4018686A42E9930D,4017E73C251D1D0E,3FFDD8C9AC418AC,C0245CA2924664A1
$401841CC57CB503E,4017E73C251D1D0F,4001FBCD64957E,C02434EB3D26753D
$40181B2E6CAD0D7,4017E73C251D1D0C,400504AA0183A54,C02405D8C8E51A6
$4017F490818ECAA1,4017E73C251D1D0C,400805DFDEF1F94,C023CF7C584AAAC5
$4017CDF2967087D1,4017E73C251D1D1,400AFE56F7F48F4,C02391E9B5680B71
$4017A754AB524503,4017E73C251D1D0C,400DECFA769C9EA,C0234D374A627676
$401780B6C0340233,4017E73C251D1D0F,4010685C8C5FCF1,C023017E194A98CE
$40175A18D515BF64,4017E73C251D1D0E,4011D442C9B87FB,C022AED9B301FF7F
$4017337AE9F77C96,4017E73C251D1D0F,401339AB7A852C1,C02255682D3224B5
$40170CDCFED939C6,4017E73C251D1D11,4014981482CF22,C021F54A1758C3C3
$4016E63F13BAF6F7,4017E73C251D1D1,4015EEFE52D972E,C0218EA26EED70E1
$4016BFA1289CB428,4017E73C251D1D11,40173DEC1590C58,C021219692A4C521
$401699033D7E7159,4017E73C251D1D14,40188463DDFCD19,C020AE4E34D5C1C5
$4016726552602E89,4017E73C251D1D14,4019C1EED3A2F99,C02034F34D065EA5
$40164BC76741EBBA,4017E73C251D1D14,401AF6195DC9DB,C01F6B6411490D06
$401625297C23A8EA,4017E73C251D1D17,401C20734D8E15B,C01E617175E221D5
$4015FE8B9105661C,4017E73C251D1D14,401D409006B8F6A,C01D4C6F984528C2
$4015D7EDA5E7234C,4017E73C251D1D16,401E5606A74A2A9,C01C2CC34F8C6928
$4015B14FBAC8E07E,4017E73C251D1D17,401F60722DA6127,C01B02D554C9AD4A
$40158AB1CFAA9DAE,4017E73C251D1D1A,40202FB8CEAD6A2,C019CF121CE6D461
$40156413E48C5AE,4017E73C251D1D14,4020A95411376238,C01891E9B12A6EBF
$40153D75F96E1811,4017E73C251D1D14,40211CDE9995A788,C0174BCF866EC39B
$401516D80E4FD541,4017E73C251D1D1A,40218A2E582C0968,C015FD3A531A1944
$4014F03A23319272,4017E73C251D1D16,4021F11B81ED38A8,C014A6A3E3E78CC9
$4014C99C38134FA3,4017E73C251D1D1C,402251809ED73848,C0134888EF90344C
$4014A2FE4CF50CD4,4017E73C251D1D18,4022AB3A97973038,C011E368E964B045
$40147C6061D6CA05,4017E73C251D1D17,4022FE28C24FAAC8,C01077C5D2E7B289
$401455C276B88736,4017E73C251D1D1A,40234A2CEE7C972,C00E0C4818F4BE0F
$40142F248B9A4466,4017E73C251D1D1F,40238F2B6FF0BB78,C00B1E144A57812D
$40140886A07C0198,4017E73C251D1D17,4023CD0B28E897F,C00826015379B9CB
$4013E1E8B55DBEC9,4017E73C251D1D1A,402403B5932F0ED8,C0052523E5D678E6
$4013BB4ACA3F7BFA,4017E73C251D1D17,40243316C8507DA8,C0021C93E627FE13
$401394ACDF21392A,4017E73C251D1D1A,40245B1D88D94C,BFFE1AD80D07493B
$40136E0EF402F65C,4017E73C251D1D1C,40247BBB429D4BE8,BFF7F192BEE15841
$4013477108E4B38C,4017E73C251D1D18,402494E41605A388,BFF1BF96103EA689
$401320D31DC670BD,4017E73C251D1D1E,4024A68EDA6350E8,BFE70E46B7983269
$4012FA3532A82DEE,4017E73C251D1D1C,4024B0B52144B6,BFD529F95956CA06
$4012D3974789EB1F,4017E73C251D1D1A,4024B35338CCF56,3FAE8278883D4B3B
$4012ACF95C6BA85,4017E73C251D1D18,4024AE682D0C45D,3FDCC93412614FD5
$4012865B714D6581,4017E73C251D1D1E,4024A1F5C858BFA,3FEADBCF37471B17
$40125FBD862F22B2,4017E73C251D1D1C,40248E0092A782E8,3FF3A49EAE7E736D
$4012391F9B10DFE2,4017E73C251D1D17,4024728FCFE673A,3FF9D42F29DC4701
$40121281AFF29D13,4017E73C251D1D18,40244FAD7D5725C8,3FFFFA5894D66088
$4011EBE3C4D45A44,4017E73C251D1D2,402425664DEBEF28,40030A6EF163A49A
$4011C545D9B61776,4017E73C251D1D22,4023F3C9A5A87248,400610C321F36C59
$40119EA7EE97D4A6,4017E73C251D1D18,4023BAE994075158,40090F0EFA2DB27D
$4011780A037991D7,4017E73C251D1D1C,40237ADACD6712F8,400C043B84BA51A4
$4011516C185B4F08,4017E73C251D1D1F,402333B4A3809D68,400EEF351E62C237
$40112ACE2D3D0C39,4017E73C251D1D1E,4022E590FCEA073,4010E775ED34C72D
$40110430421EC96A,4017E73C251D1D1E,4022908C4BA8D3C8,40125129F2C3E24A
$4010DD925700869A,4017E73C251D1D1C,402234C582D70B18,4013B432F3B63002
$4010B6F46BE243CC,4017E73C251D1D1F,4021D25E0B5EF0F8,4015100FB14D1403
$4010905680C400FC,4017E73C251D1D1A,40216979B7D17678,4016644189409099
$401069B895A5BE2E,4017E73C251D1D1F,4020FA3EB75BD2B,4017B04CA3D8A72A
$4010431AAA877B5F,4017E73C251D1D25,402084D587E101D8,4018F3B8210298A3
$40101C7CBF69388E,4017E73C251D1D1C,40200968E73C3AA8,401A2E0E44519C2E
$400FEBBDA895EB7E,4017E73C251D1D1C,401F104B87636F5,401B5EDC9FDB07DA
$400F9E81D25965E,4017E73C251D1D1E,401E02765726FB5,401C85B43DDE508A
$400F5145FC1CE045,4017E73C251D1D25,401CE9B4784029D,401DA229C929B762
$400F040A25E05AA2,4017E73C251D1D1C,401BC66C1F42E06,401EB3D5B42CF041
$400EB6CE4FA3D508,4017E73C251D1D24,401A990755A50AA,401FBA545EAB87E3
$400E699279674F69,4017E73C251D1D22,401961F3D324B5C,40205AA31D00A85D
$400E1C56A32AC9CA,4017E73C251D1D22,401821A2D5D7286,4020D227F5F5D148
$400DCF1ACCEE442E,4017E73C251D1D27,4016D888F8EF7D3,4021438D37E5618D
$400D81DEF6B1BE8E,4017E73C251D1D24,4015871E0A4BC41,4021AEA99B27AE2B
$400D34A3207538F,4017E73C251D1D25,40142DDCDED81DB,4022135621C43C58
$400CE7674A38B351,4017E73C251D1D24,4012CD4325D7B0B,4022716E25A389EA
$400C9A2B73FC2DB3,4017E73C251D1D25,401165D13B23C12,4022C8CF65E6755D
$400C4CEF9DBFA815,4017E73C251D1D25,400FF013F0E321A,4023195A135E6A16
$400BFFB3C7832277,4017E73C251D1D26,400D08E50B60184,402362F0DC21C6D8
$400BB277F1469CD8,4017E73C251D1D26,400A1724511D338,4023A578F638473E
$400B653C1B0A173A,4017E73C251D1D26,40071BE4267D666,4023E0DA295B8D9D
$400B180044CD919D,4017E73C251D1D27,4004183A650465E,402414FED7C8405E
$400ACAC46E910BFD,4017E73C251D1D27,40010D3FF6310D8,402441D4061C853E
$400A7D8898548662,4017E73C251D1D27,3FFBF820DA74BF,402467496240FD08
$400A304CC21800C3,4017E73C251D1D27,3FF5CB933FA8AEC,402485514959BBE9
$4009E310EBDB7B23,4017E73C251D1D28,3FEF2E2CF888A1,40249BE0CCBD1493
$400995D5159EF584,4017E73C251D1D2A,3FE2B9D9A7EF0E,4024AAEFB5EE67A3
$400948993F626FE8,4017E73C251D1D28,3FC8FAD4DACC9A,4024B278899B8468
$400921FB54442D18,4017E73C251D1D28,0,4024B369B4875D04
4 38 450
4 39 404
4 40 452
4 41 54
4 42 0
4 43 0
3 32 ->
4 33 575
4 34 4
4 35 0
4 36 [2]
$1,-1
4 37 [85][4]
$401921FB54442D18,4017E73C251D1D28,8,C024B369B4875D04
$401902E1EF629E4A,4017E73C251D1D0C,3FD41D7127FC02,C024B0F818B6D33E
$4018DC4404445B7A,4017E73C251D1D0C,3FE6884374F1058,C024A722C47598
$4018B5A6192618AC,4017E73C251D1D0C,3FF17CCD3E721A8,C02495C8BCDF84CE
$40188F082E07D5DD,4017E73C251D1D0E,3FF7AF1B0C716CC,C0247CF0530210F2
$4018686A42E9930D,4017E73C251D1D0E,3FFDD8C9AC418AC,C0245CA2924664A1
$401841CC57CB503E,4017E73C251D1D0F,4001FBCD64957E,C02434EB3D26753D
$40181B2E6CAD0D7,4017E73C251D1D0C,400504AA0183A54,C02405D8C8E51A6
$4017F490818ECAA1,4017E73C251D1D0C,400805DFDEF1F94,C023CF7C584AAAC5
$4017CDF2967087D1,4017E73C251D1D1,400AFE56F7F48F4,C02391E9B5680B71
$4017A754AB524503,4017E73C251D1D0C,400DECFA769C9EA,C0234D374A627676
$401780B6C0340233,4017E73C251D1D0F,4010685C8C5FCF1,C023017E194A98CE
$40175A18D515BF64,4017E73C251D1D0E,4011D442C9B87FB,C022AED9B301FF7F
$4017337AE9F77C96,4017E73C251D1D0F,401339AB7A852C1,C02255682D3224B5
$40170CDCFED939C6,4017E73C251D1D11,4014981482CF22,C021F54A1758C3C3
$4016E63F13BAF6F7,4017E73C251D1D1,4015EEFE52D972E,C0218EA26EED70E1
$4016BFA1289CB428,4017E73C251D1D11,40173DEC1590C58,C021219692A4C521
$401699033D7E7159,4017E73C251D1D14,40188463DDFCD19,C020AE4E34D5C1C5
$4016726552602E89,4017E73C251D1D14,4019C1EED3A2F99,C02034F34D065EA5
$40164BC76741EBBA,4017E73C251D1D14,401AF6195DC9DB,C01F6B6411490D06
$401625297C23A8EA,4017E73C251D1D17,401C20734D8E15B,C01E617175E221D5
$4015FE8B9105661C,4017E73C251D1D14,401D409006B8F6A,C01D4C6F984528C2
$4015D7EDA5E7234C,4017E73C251D1D16,401E5606A74A2A9,C01C2CC34F8C6928
$4015B14FBAC8E07E,4017E73C251D1D17,401F60722DA6127,C01B02D554C9AD4A
$40158AB1CFAA9DAE,4017E73C251D1D1A,40202FB8CEAD6A2,C019CF121CE6D461
$40156413E48C5AE,4017E73C251D1D14,4020A95411376238,C01891E9B12A6EBF
$40153D75F96E1811,4017E73C251D1D14,40211CDE9995A788,C0174BCF866EC39B
$401516D80E4FD541,4017E73C251D1D1A,40218A2E582C0968,C015FD3A531A1944
$4014F03A23319272,4017E73C251D1D16,4021F11B81ED38A8,C014A6A3E3E78CC9
$4014C99C38134FA3,4017E73C251D1D1C,402251809ED73848,C0134888EF90344C
$4014A2FE4CF50CD4,4017E73C251D1D18,4022AB3A97973038,C011E368E964B045
$40147C6061D6CA05,4017E73C251D1D17,4022FE28C24FAAC8,C01077C5D2E7B289
$401455C276B88736,4017E73C251D1D1A,40234A2CEE7C972,C00E0C4818F4BE0F
$40142F248B9A4466,4017E73C251D1D1F,40238F2B6FF0BB78,C00B1E144A57812D
$40140886A07C0198,4017E73C251D1D17,4023CD0B28E897F,C00826015379B9CB
$4013E1E8B55DBEC9,4017E73C251D1D1A,402403B5932F0ED8,C0052523E5D678E6
$4013BB4ACA3F7BFA,4017E73C251D1D17,40243316C8507DA8,C0021C93E627FE13
$401394ACDF21392A,4017E73C251D1D1A,40245B1D88D94C,BFFE1AD80D07493B
$40136E0EF402F65C,4017E73C251D1D1C,40247BBB429D4BE8,BFF7F192BEE15841
$4013477108E4B38C,4017E73C251D1D18,402494E41605A388,BFF1BF96103EA689
$401320D31DC670BD,4017E73C251D1D1E,4024A68EDA6350E8,BFE70E46B7983269
$4012FA3532A82DEE,4017E73C251D1D1C,4024B0B52144B6,BFD529F95956CA06
$4012D3974789EB1F,4017E73C251D1D1A,4024B35338CCF56,3FAE8278883D4B3B
$4012ACF95C6BA85,4017E73C251D1D18,4024AE682D0C45D,3FDCC93412614FD5
$4012865B714D6581,4017E73C251D1D1E,4024A1F5C858BFA,3FEADBCF37471B17
$40125FBD862F22B2,4017E73C251D1D1C,40248E0092A782E8,3FF3A49EAE7E736D
$4012391F9B10DFE2,4017E73C251D1D17,4024728FCFE673A,3FF9D42F29DC4701
$40121281AFF29D13,4017E73C251D1D18,40244FAD7D5725C8,3FFFFA5894D66088
$4011EBE3C4D45A44,4017E73C251D1D2,402425664DEBEF28,40030A6EF163A49A
$4011C545D9B61776,4017E73C251D1D22,4023F3C9A5A87248,400610C321F36C59
$40119EA7EE97D4A6,4017E73C251D1D18,4023BAE994075158,40090F0EFA2DB27D
$4011780A037991D7,4017E73C251D1D1C,40237ADACD6712F8,400C043B84BA51A4
$4011516C185B4F08,4017E73C251D1D1F,402333B4A3809D68,400EEF351E62C237
$40112ACE2D3D0C39,4017E73C251D1D1E,4022E590FCEA073,4010E775ED34C72D
$40110430421EC96A,4017E73C251D1D1E,4022908C4BA8D3C8,40125129F2C3E24A
$4010DD925700869A,4017E73C251D1D1C,402234C582D70B18,4013B432F3B63002
$4010B6F46BE243CC,4017E73C251D1D1F,4021D25E0B5EF0F8,4015100FB14D1403
$4010905680C400FC,4017E73C251D1D1A,40216979B7D17678,4016644189409099
$401069B895A5BE2E,4017E73C251D1D1F,4020FA3EB75BD2B,4017B04CA3D8A72A
$4010431AAA877B5F,4017E73C251D1D25,402084D587E101D8,4018F3B8210298A3
$40101C7CBF69388E,4017E73C251D1D1C,40200968E73C3AA8,401A2E0E44519C2E
$400FEBBDA895EB7E,4017E73C251D1D1C,401F104B87636F5,401B5EDC9FDB07DA
$400F9E81D25965E,4017E73C251D1D1E,401E02765726FB5,401C85B43DDE508A
$400F5145FC1CE045,4017E73C251D1D25,401CE9B4784029D,401DA229C929B762
$400F040A25E05AA2,4017E73C251D1D1C,401BC66C1F42E06,401EB3D5B42CF041
$400EB6CE4FA3D508,4017E73C251D1D24,401A990755A50AA,401FBA545EAB87E3
$400E699279674F69,4017E73C251D1D22,401961F3D324B5C,40205AA31D00A85D
$400E1C56A32AC9CA,4017E73C251D1D22,401821A2D5D7286,4020D227F5F5D148
$400DCF1ACCEE442E,4017E73C251D1D27,4016D888F8EF7D3,4021438D37E5618D
$400D81DEF6B1BE8E,4017E73C251D1D24,4015871E0A4BC41,4021AEA99B27AE2B
$400D34A3207538F,4017E73C251D1D25,40142DDCDED81DB,4022135621C43C58
$400CE7674A38B351,4017E73C251D1D24,4012CD4325D7B0B,4022716E25A389EA
$400C9A2B73FC2DB3,4017E73C251D1D25,401165D13B23C12,4022C8CF65E6755D
$400C4CEF9DBFA815,4017E73C251D1D25,400FF013F0E321A,4023195A135E6A16
$400BFFB3C7832277,4017E73C251D1D26,400D08E50B60184,402362F0DC21C6D8
$400BB277F1469CD8,4017E73C251D1D26,400A1724511D338,4023A578F638473E
$400B653C1B0A173A,4017E73C251D1D26,40071BE4267D666,4023E0DA295B8D9D
$400B180044CD919D,4017E73C251D1D27,4004183A650465E,402414FED7C8405E
$400ACAC46E910BFD,4017E73C251D1D27,40010D3FF6310D8,402441D4061C853E
$400A7D8898548662,4017E73C251D1D27,3FFBF820DA74BF,402467496240FD08
$400A304CC21800C3,4017E73C251D1D27,3FF5CB933FA8AEC,402485514959BBE9
$4009E310EBDB7B23,4017E73C251D1D28,3FEF2E2CF888A1,40249BE0CCBD1493
$400995D5159EF584,4017E73C251D1D2A,3FE2B9D9A7EF0E,4024AAEFB5EE67A3
$400948993F626FE8,4017E73C251D1D28,3FC8FAD4DACC9A,4024B278899B8468
$400921FB54442D18,4017E73C251D1D28,0,4024B369B4875D04
4 38 449
4 39 403
4 40 451
4 41 53
4 42 0
4 43 0
3 32 ->
4 33 570
4 34 4
4 35 0
4 36 [2]
$1,-1
4 37 [102][4]
$401921FB54442D18,0,C02DFFFFFFFFFFFE,0
$401908C545110EB3,0,C02DFDAC26F852E8,BFD7A211C46587EB
$4018E8B140EFC807,0,C02DF3FBDC86037C,BFEAD72319B464E6
$4018C89D3CCE815A,0,C02DE2C55A54F086,BFF4EB3FA27E1BAD
$4018A88938AD3AAD,0,C02DCA0CF3524D98,BFFC65AC777A4034
$40188875348BF4,0,C02DA9D8DD34368A,C001EC7B91990BF7
$40186861306AAD54,0,C02D82312EEA58A,C005A1A043E2D33D
$4018484D2C4966A7,0,C02D531FDE95B8F,C0095155E5363AA5
$4018283928281FFA,0,C02D1CB0BF081B12,C00CFAAF659F8ABE
$401808252406D94D,0,C02CDEF17CCBA8C6,C0104E60A7144492
$4017E8111FE592A,0,C02C99F19AB399B,C0121B50FDFF5A3E
$4017C7FD1BC44BF4,0,C02C4DC26DF6B80A,C013E3B4ED91F3A4
$4017A7E917A30547,0,C02BFA7719D4BCCC,C015A719D04D51BF
$401787D51381BE9A,0,C02BA0248AC79B6C,C017650E41FFB4F2
$401767C10F6077ED,0,C02B3EE17141F23E,C0191D223C405282
$401747AD0B3F314,0,C02AD6C63BFBF18C,C01ACEE732936C25
$40172799071DEA93,0,C02A67ED11D027CE,C01C79F02E2F77F8
$4017078502FCA3E7,0,C029F271CB29BDEC,C01E1DD1E95C5EF3
$4016E770FEDB5D3A,0,C0297671EB05C9BC,C01FBA22EA65F1C1
$4016C75CFABA168D,0,C028F40C978978C8,C020A73DCF0D6776
$4016A748F698CFE,0,C0286B62922EEFF4,C0216D3B38E88944
$40168734F2778934,0,C027DC962F8AD74C,C0222ED7F675232C
$40166720EE564287,0,C02747CB4EACA302,C022EBE364E8149B
$4016470CEA34FBDA,0,C026AD27501BC47,C023A42E073203A7
$401626F8E613B52D,0,C0260CD10C740638,C024578991ED3FBC
$401606E4E1F26E81,0,C02566F0CAA36FB,C02505C8F6FEDBC4
$4015E6D0DDD127D4,0,C024BBB035CC22DE,C025AEC070E813F9
$4015C6BCD9AFE127,0,C0240B3A52CCBFD6,C02652458DC52776
$4015A6A8D58E9A7A,0,C02355BB7571EE6A,C026F02F39F6E279
$40158694D16D53CD,0,C0229B613553C55C,C0278855CA742BBC
$40156680CD4C0D21,0,C021DC5A6261DAEA,C0281A9306C0FD24
$4015466CC92AC674,0,C02118D6F920DF6,C028A6C232884739
$40152658C5097FC7,0,C0205108169CB5D8,C0292CC016D655BC
$40150644C0E8391A,0,C01F0A3FD824248C,C029AC6B0AF16412
$4014E630BCC6F26E,0,C01D6AA364A56CD4,C02A25A2FCCE288F
$4014C61CB8A5ABC,0,C01BC3A339CEF05C,C02A9849791E36FD
$4014A608B4846514,0,C01A15A999E69A68,C02B0441B2F6342C
$401485F4B0631E67,0,C018612287B54D44,C02B69708B09EEB4
$401465E0AC41D7BA,0,C016A67BAB64EF0C,C02BC7BC967C8BB5
$401445CCA820910D,0,C014E62436F49C78,C02C1F0E25431159
$401425B8A3FF4A6,0,C013208CCA49ED28,C02C6F4F4817B481
$401405A49FDE03B4,0,C011562756E64D9C,C02CB86BD5FC6B0F
$4013E5909BBCBD07,0,C00F0ECE068F1488,C02CFA51714B6056
$4013C57C979B765A,0,C00B69801BF578C8,C02D34EF8C540612
$4013A568937A2FAE,0,C007BD4F60D1B9D,C02D68376D83994
$401385548F58E901,0,C0040B2802C8A5D,C02D941C33180F5
$401365408B37A254,0,C00053F7AEFDC7D,C02DB892D65C7E
$4013452C87165BA7,0,BFF9315AACBDE36,C02DD5922E6E2DA3
$4013251882F514FA,0,BFF1B471E33CE1E,C02DEB12F289A3AE
$401305047ED3CE4D,0,BFE4662D13ABFF4,C02DF90FBBDF11C
$4012E4F07AB287A1,0,BFC5795A3749A,C02DFF8506EDB351
$4012C4DC769140F4,0,3FD355B26994E2,C02DFE713465C2CD
$4012A4C8726FFA47,0,3FE8B19B47287E,C02DF5D48990CD65
$401284B46E4EB39A,0,3FF3D914AC3894A,C02DE5B130404B5A
$401264A06A2D6CEE,0,3FFB545F535B84C,C02DCE0B36428118
$4012448C660C2641,0,400164663C53D96,C02DAEE88C5DCC24
$4012247861EADF94,0,40051A3E5AA2A78,C02D885104D29D4D
$401204645DC998E7,0,4008CAC96A23B2F,C02D5A4E51648022
$4011E45059A8523A,0,400C751A2546031,C02D24EC00EAADFB
$4011C43C55870B8E,0,40100C226B7C48C8,C02CE8377C68C937
$4011A4285165C4E1,0,4011D9AFCAF01038,C02CA44003B07B5E
$401184144D447E34,0,4013A2C13F8CCA2,C02C5916A98CCEDA
$4011640049233788,0,401566E3F83D08D8,C02C06CE4F783A8D
$401143EC4501F0DB,0,401725A6611F1D78,C02BAD7BA0DE7311
$401123D840E0AA2E,0,4018DE98400D07F,C02B4D350DEB32B7
$401103C43CBF6381,0,401A914AD0CD8DF,C02AE612C5E7461B
$4010E3B0389E1CD4,0,401C3D50E0E76338,C02A782EB12547CA
$4010C39C347CD628,0,401DE23EEB0F66A8,C02A03A46A7F91B9
$4010A388305B8F7B,0,401F7FAB322B0F18,C0298891386906EB
$401083742C3A48CE,0,40208A96EDF02004,C029071405927365
$4010636028190222,0,402151308555ECB8,C0287F4D59265B4
$4010434C23F7BB75,0,402213707BBC3A84,C027F15F4E9D2C4E
$401023381FD674C8,0,4022D126055771F4,C0275D6D8D2BDFC8
$401003241BB52E1B,0,40238A217A5D0FF,C026C39D3ECF330A
$400FC6202F27CEDD,0,40243E3462FC4478,C026241506F5B742
$400F85F826E54183,0,4024ED31830A3544,C0257EFCF8CB107C
$400F45D01EA2B429,0,402596ECE55EF5AC,C024D47E8D26D428
$400F05A8166026D,0,40263B3BE6E0593C,C02424C498218E98
$400EC5800E1D9977,0,4026D9F54137DAB4,C0236FFB3E528D3D
$400E855805DB0C1D,0,402772F11530E6E,C022B64FE9B921B3
$400E452FFD987EC3,0,40280608F4BCF018,C021F7F13E54268D
$400E0507F555F16A,0,40289317EC9AC6F4,C021350F0E6AA39B
$400DC4DFED136411,0,402919FA8D9ECAC4,C0206DDA4E88830C
$400D84B7E4D0D6B6,0,40299A8EF5999D5,C01F450A1264B80B
$400D448FDC8E495D,0,402A14B4D7DB1D2C,C01DA684A4A6D2DC
$400D0467D44BBC04,0,402A884D854F8388,C01C008C74D1AAC7
$400CC43FCC092EAA,0,402AF53BF4349B8C,C01A538B82DB24DA
$400C8417C3C6A151,0,402B5B64C765237C,C0189FED931416FE
$400C43EFBB8413F7,0,402BBAAE553882C,C016E62013160606
$400C03C7B341869D,0,402C1300ADF51AC,C0152691FE460E9F
$400BC39FAAFEF944,0,402C6445A1D393C4,C01361B3C1F3E0DD
$400B8377A2BC6BEA,0,402CAE68C691A38C,C01197F7211BCF46
$400B434F9A79DE91,0,402CF1577C92E6D4,C00F939E2FA61302
$400B032792375137,0,402D2D00F38E8458,C00BEF5F7CCA60D
$400AC2FF89F4C3DD,0,402D61562EC86C2,C008441C585509FC
$400A82D781B23684,0,402D8E4A08D523D8,C00492C0B43C0B6E
$400A42AF796FA92A,0,402DB3D136E72DC,C000DC3A0A75BB2E
$400A0287712D1BD1,0,402DD1E24BA5360C,BFFA42EE42A25BC5
$4009C25F68EA8E77,0,402DE875B9885048,BFF2C6CF9EF63F8F
$4009823760A8011E,0,402DF785D4C1AC54,BFE68BF2FEF9C99A
$4009420F586573C4,0,402DFF0ED4A74908,BFCE127348F616E2
$400921FB54442D18,0,402E,3CE08BC3CFE31646
4 38 454
4 39 408
4 40 456
4 41 50
4 42 0
4 43 0
3 32 ->
4 33 569
4 34 4
4 35 0
4 36 [2]
$1,-1
4 37 [102][4]
$401921FB54442D18,0,C02DFFFFFFFFFFFE,0
$401908C545110EB3,0,C02DFDAC26F852E8,BFD7A211C46587EB
$4018E8B140EFC807,0,C02DF3FBDC86037C,BFEAD72319B464E6
$4018C89D3CCE815A,0,C02DE2C55A54F086,BFF4EB3FA27E1BAD
$4018A88938AD3AAD,0,C02DCA0CF3524D98,BFFC65AC777A4034
$40188875348BF4,0,C02DA9D8DD34368A,C001EC7B91990BF7
$40186861306AAD54,0,C02D82312EEA58A,C005A1A043E2D33D
$4018484D2C4966A7,0,C02D531FDE95B8F,C0095155E5363AA5
$4018283928281FFA,0,C02D1CB0BF081B12,C00CFAAF659F8ABE
$401808252406D94D,0,C02CDEF17CCBA8C6,C0104E60A7144492
$4017E8111FE592A,0,C02C99F19AB399B,C0121B50FDFF5A3E
$4017C7FD1BC44BF4,0,C02C4DC26DF6B80A,C013E3B4ED91F3A4
$4017A7E917A30547,0,C02BFA7719D4BCCC,C015A719D04D51BF
$401787D51381BE9A,0,C02BA0248AC79B6C,C017650E41FFB4F2
$401767C10F6077ED,0,C02B3EE17141F23E,C0191D223C405282
$401747AD0B3F314,0,C02AD6C63BFBF18C,C01ACEE732936C25
$40172799071DEA93,0,C02A67ED11D027CE,C01C79F02E2F77F8
$4017078502FCA3E7,0,C029F271CB29BDEC,C01E1DD1E95C5EF3
$4016E770FEDB5D3A,0,C0297671EB05C9BC,C01FBA22EA65F1C1
$4016C75CFABA168D,0,C028F40C978978C8,C020A73DCF0D6776
$4016A748F698CFE,0,C0286B62922EEFF4,C0216D3B38E88944
$40168734F2778934,0,C027DC962F8AD74C,C0222ED7F675232C
$40166720EE564287,0,C02747CB4EACA302,C022EBE364E8149B
$4016470CEA34FBDA,0,C026AD27501BC47,C023A42E073203A7
$401626F8E613B52D,0,C0260CD10C740638,C024578991ED3FBC
$401606E4E1F26E81,0,C02566F0CAA36FB,C02505C8F6FEDBC4
$4015E6D0DDD127D4,0,C024BBB035CC22DE,C025AEC070E813F9
$4015C6BCD9AFE127,0,C0240B3A52CCBFD6,C02652458DC52776
$4015A6A8D58E9A7A,0,C02355BB7571EE6A,C026F02F39F6E279
$40158694D16D53CD,0,C0229B613553C55C,C0278855CA742BBC
$40156680CD4C0D21,0,C021DC5A6261DAEA,C0281A9306C0FD24
$4015466CC92AC674,0,C02118D6F920DF6,C028A6C232884739
$40152658C5097FC7,0,C0205108169CB5D8,C0292CC016D655BC
$40150644C0E8391A,0,C01F0A3FD824248C,C029AC6B0AF16412
$4014E630BCC6F26E,0,C01D6AA364A56CD4,C02A25A2FCCE288F
$4014C61CB8A5ABC,0,C01BC3A339CEF05C,C02A9849791E36FD
$4014A608B4846514,0,C01A15A999E69A68,C02B0441B2F6342C
$401485F4B0631E67,0,C018612287B54D44,C02B69708B09EEB4
$401465E0AC41D7BA,0,C016A67BAB64EF0C,C02BC7BC967C8BB5
$401445CCA820910D,0,C014E62436F49C78,C02C1F0E25431159
$401425B8A3FF4A6,0,C013208CCA49ED28,C02C6F4F4817B481
$401405A49FDE03B4,0,C011562756E64D9C,C02CB86BD5FC6B0F
$4013E5909BBCBD07,0,C00F0ECE068F1488,C02CFA51714B6056
$4013C57C979B765A,0,C00B69801BF578C8,C02D34EF8C540612
$4013A568937A2FAE,0,C007BD4F60D1B9D,C02D68376D83994
$401385548F58E901,0,C0040B2802C8A5D,C02D941C33180F5
$401365408B37A254,0,C00053F7AEFDC7D,C02DB892D65C7E
$4013452C87165BA7,0,BFF9315AACBDE36,C02DD5922E6E2DA3
$4013251882F514FA,0,BFF1B471E33CE1E,C02DEB12F289A3AE
$401305047ED3CE4D,0,BFE4662D13ABFF4,C02DF90FBBDF11C
$4012E4F07AB287A1,0,BFC5795A3749A,C02DFF8506EDB351
$4012C4DC769140F4,0,3FD355B26994E2,C02DFE713465C2CD
$4012A4C8726FFA47,0,3FE8B19B47287E,C02DF5D48990CD65
$401284B46E4EB39A,0,3FF3D914AC3894A,C02DE5B130404B5A
$401264A06A2D6CEE,0,3FFB545F535B84C,C02DCE0B36428118
$4012448C660C2641,0,400164663C53D96,C02DAEE88C5DCC24
$4012247861EADF94,0,40051A3E5AA2A78,C02D885104D29D4D
$401204645DC998E7,0,4008CAC96A23B2F,C02D5A4E51648022
$4011E45059A8523A,0,400C751A2546031,C02D24EC00EAADFB
$4011C43C55870B8E,0,40100C226B7C48C8,C02CE8377C68C937
$4011A4285165C4E1,0,4011D9AFCAF01038,C02CA44003B07B5E
$401184144D447E34,0,4013A2C13F8CCA2,C02C5916A98CCEDA
$4011640049233788,0,401566E3F83D08D8,C02C06CE4F783A8D
$401143EC4501F0DB,0,401725A6611F1D78,C02BAD7BA0DE7311
$401123D840E0AA2E,0,4018DE98400D07F,C02B4D350DEB32B7
$401103C43CBF6381,0,401A914AD0CD8DF,C02AE612C5E7461B
$4010E3B0389E1CD4,0,401C3D50E0E76338,C02A782EB12547CA
$4010C39C347CD628,0,401DE23EEB0F66A8,C02A03A46A7F91B9
$4010A388305B8F7B,0,401F7FAB322B0F18,C0298891386906EB
$401083742C3A48CE,0,40208A96EDF02004,C029071405927365
$4010636028190222,0,402151308555ECB8,C0287F4D59265B4
$4010434C23F7BB75,0,402213707BBC3A84,C027F15F4E9D2C4E
$401023381FD674C8,0,4022D126055771F4,C0275D6D8D2BDFC8
$401003241BB52E1B,0,40238A217A5D0FF,C026C39D3ECF330A
$400FC6202F27CEDD,0,40243E3462FC4478,C026241506F5B742
$400F85F826E54183,0,4024ED31830A3544,C0257EFCF8CB107C
$400F45D01EA2B429,0,402596ECE55EF5AC,C024D47E8D26D428
$400F05A8166026D,0,40263B3BE6E0593C,C02424C498218E98
$400EC5800E1D9977,0,4026D9F54137DAB4,C0236FFB3E528D3D
$400E855805DB0C1D,0,402772F11530E6E,C022B64FE9B921B3
$400E452FFD987EC3,0,40280608F4BCF018,C021F7F13E54268D
$400E0507F555F16A,0,40289317EC9AC6F4,C021350F0E6AA39B
$400DC4DFED136411,0,402919FA8D9ECAC4,C0206DDA4E88830C
$400D84B7E4D0D6B6,0,40299A8EF5999D5,C01F450A1264B80B
$400D448FDC8E495D,0,402A14B4D7DB1D2C,C01DA684A4A6D2DC
$400D0467D44BBC04,0,402A884D854F8388,C01C008C74D1AAC7
$400CC43FCC092EAA,0,402AF53BF4349B8C,C01A538B82DB24DA
$400C8417C3C6A151,0,402B5B64C765237C,C0189FED931416FE
$400C43EFBB8413F7,0,402BBAAE553882C,C016E62013160606
$400C03C7B341869D,0,402C1300ADF51AC,C0152691FE460E9F
$400BC39FAAFEF944,0,402C6445A1D393C4,C01361B3C1F3E0DD
$400B8377A2BC6BEA,0,402CAE68C691A38C,C01197F7211BCF46
$400B434F9A79DE91,0,402CF1577C92E6D4,C00F939E2FA61302
$400B032792375137,0,402D2D00F38E8458,C00BEF5F7CCA60D
$400AC2FF89F4C3DD,0,402D61562EC86C2,C008441C585509FC
$400A82D781B23684,0,402D8E4A08D523D8,C00492C0B43C0B6E
$400A42AF796FA92A,0,402DB3D136E72DC,C000DC3A0A75BB2E
$400A0287712D1BD1,0,402DD1E24BA5360C,BFFA42EE42A25BC5
$4009C25F68EA8E77,0,402DE875B9885048,BFF2C6CF9EF63F8F
$4009823760A8011E,0,402DF785D4C1AC54,BFE68BF2FEF9C99A
$4009420F586573C4,0,402DFF0ED4A74908,BFCE127348F616E2
$400921FB54442D18,0,402E,3CE08BC3CFE31646
4 38 453
4 39 407
4 40 455
4 41 49
4 42 0
4 43 0
3 32 ->
4 33 764
4 34 4
4 35 0
4 36 [2]
$1,-1
4 37 [14][4]
$4013A7AD448578E3,0,C007FFFFFFFFFFF,C02D64D51E0DB1C6
$40138C3BEB701AD7,0,C004D73DB57C1E3,C02D8B4A25DE2855
$40136C27E74ED42A,0,C001210EA5EC554,C02DB15AFE5375F9
$40134C13E32D8D7E,0,BFFACD24194D00A,C02DCFF65BC4EE6F
$40132BFFDF0C46D,0,BFF3516F5D5B7C2,C02DE7148DEEE563
$40130BEBDAEB0024,0,BFE7A1C0A5FEADC,C02DF6AFC626BFF7
$4012EBD7D6C9B977,0,BFD13565B51778,C02DFEC418D0691
$4012CBC3D2A872CA,0,3FC9BA110F16C3,C02DFF4F7E5A6D61
$4012ABAFCE872C1D,0,3FE5761DC61A5AC,C02DF851D3C07FBA
$40128B9BCA65E571,0,3FF23C2992BEACE,C02DE9CCDA9444E5
$40126B87C6449EC4,0,3FF9B8AF9AD5B5E,C02DD3C4388C64D1
$40124B73C2235817,0,4000975FC5E1CAC,C02DB63D7699FD75
$40122B5FBE02116A,0,40044E3CCABE52,C02D913FFF84B249
$40120B4BB9E0CABE,0,4008000000000048,C02D64D51E0DB1C2
4 38 458
4 39 412
4 40 558
4 41 414
4 42 0
4 43 0
3 32 ->
4 33 763
4 34 4
4 35 0
4 36 [2]
$1,-1
4 37 [14][4]
$4013A7AD448578E3,0,C007FFFFFFFFFFF,C02D64D51E0DB1C6
$40138C3BEB701AD7,0,C004D73DB57C1E3,C02D8B4A25DE2855
$40136C27E74ED42A,0,C001210EA5EC554,C02DB15AFE5375F9
$40134C13E32D8D7E,0,BFFACD24194D00A,C02DCFF65BC4EE6F
$40132BFFDF0C46D,0,BFF3516F5D5B7C2,C02DE7148DEEE563
$40130BEBDAEB0024,0,BFE7A1C0A5FEADC,C02DF6AFC626BFF7
$4012EBD7D6C9B977,0,BFD13565B51778,C02DFEC418D0691
$4012CBC3D2A872CA,0,3FC9BA110F16C3,C02DFF4F7E5A6D61
$4012ABAFCE872C1D,0,3FE5761DC61A5AC,C02DF851D3C07FBA
$40128B9BCA65E571,0,3FF23C2992BEACE,C02DE9CCDA9444E5
$40126B87C6449EC4,0,3FF9B8AF9AD5B5E,C02DD3C4388C64D1
$40124B73C2235817,0,4000975FC5E1CAC,C02DB63D7699FD75
$40122B5FBE02116A,0,40044E3CCABE52,C02D913FFF84B249
$40120B4BB9E0CABE,0,4008000000000048,C02D64D51E0DB1C2
4 38 457
4 39 411
4 40 557
4 41 413
4 42 0
4 43 0
3 32 ->
4 33 558
4 34 4
4 35 0
4 36 [2]
$1,-1
4 37 [45][4]
$40120B4BB9E0CABE,0,4008000000000048,C02D64D51E0DB1C2
$4011F45A5BB8F591,0,400AA0C7D7A6EB1,C02D4088514C573E
$4011D4465797AEE4,0,400E47A2E95A19C,C02D077B1C2B8CD
$4011B43253766837,0,4010F3715FE513F,C02CC723184C4B2A
$4011941E4F55218A,0,4012BECF36C3B47,C02C7F906F7EDC14
$4011740A4B33DADE,0,401485779465CA34,C02C30D51C76893
$401153F647129431,0,401646F842B9A2CC,C02BDB04E6456627
$401133E242F14D84,0,401802E0572FAB88,C02B7E355B64754F
$401113CE3ED006D8,0,4019B8C04F17D908,C02B1A7DCC49666F
$4010F3BA3AAEC02A,0,401B682A2BA4A814,C02AAFF7458B4BC5
$4010D3A6368D797E,0,401D10B18D8CAE44,C02A3EBC8997BE04
$4010B392326C32D2,0,401EB1EBD043C9FC,C029C6EA09FA03D
$4010937E2E4AEC24,0,402025B812628D3C,C029489DE035ED26
$4010736A2A29A578,0,4020EE6BD5F382D8,C028C3F7C6382E0B
$4010535626085ECB,0,4021B2DEC819574C,C02839190E5E1EDE
$4010334221E7181E,0,402272DF8F9C2F2A,C027A8249B16E2B2
$4010132E1DC5D172,0,40232E3DF12D4166,C027113ED6200E16
$400FE63433491589,0,4023E4CADB84849E,C026748DA76001BD
$400FA60C2B06883,0,4024965873337E9A,C025D2386B604553
$400F65E422C3FAD6,0,402542BA1E2A3E5E,C0252A67E96A46C6
$400F25BC1A816D7D,0,4025E9C48EEB9B58,C0247D464948F9F3
$400EE594123EE023,0,40268B4DCF6DE9B4,C023CAFF08B1EB5A
$400EA56C09FC52C9,0,4027272D4BA567F,C02313BEF0586EFE
$400E654401B9C57,0,4027BD3BDBB5C006,C02257B408ADA9D2
$400E251BF9773816,0,40284D53CDC80C98,C021970D8E504954
$400DE4F3F134AABD,0,4028D750EF82E9A4,C020D1FBE62ED0DB
$400DA4CBE8F21D63,0,40295B1097222FB,C02008B0915F77B9
$400D64A3E0AF900A,0,4029D871AC2C10E2,C01E76BC41614BEC
$400D247BD86D02B1,0,402A4F54AFC167DC,C01CD4704FEA5EA3
$400CE453D02A7557,0,402ABF9BC48721F8,C01B2AE6621EFADE
$400CA42BC7E7E7FD,0,402B292AB626C7C4,C0197A895D7DD4B1
$400C6403BFA55AA4,0,402B8BE70064419E,C017C3C5DE65382B
$400C23DBB762CD4A,0,402BE7B7D5C710B,C016070A1CCA818
$400BE3B3AF203FF,0,402C3C8625D54FE2,C01444C5D08A30B2
$400BA38BA6DDB297,0,402C8A3CA2DEEC1E,C0127D6A15578D49
$400B63639E9B253D,0,402CD0C7C7579F7C,C010B1694E52E6BE
$400B233B965897E4,0,402D1015DABE56DA,C00DC26E129B29C6
$400AE3138E160A8A,0,402D4816F610C6DC,C00A1A8FC385E014
$400AA2EB85D37D3,0,402D78BD07CA11D4,C0066C22C71B1752
$400A62C37D90EFD7,0,402DA1FBD76B7DCC,C002B813DAC01E62
$400A229B754E627E,0,402DC3C9088E576A,BFFDFEA24C245FC3
$4009E2736D0BD524,0,402DDE1C1D7E3C36,BFF68593FE2670EA
$4009A24B64C947CB,0,402DF0EE795B24E4,BFEE0DBAB82A9B4C
$400962235C86BA71,0,402DFC3B61C2A69,BFDE1181894AFE62
$400921FB54442D18,0,402E000000000002,3CE08BC3CFE31646
4 38 458
4 39 416
4 40 460
4 41 418
4 42 0
4 43 0
3 32 ->
4 33 557
4 34 4
4 35 0
4 36 [2]
$1,-1
4 37 [45][4]
$40120B4BB9E0CABE,0,4008000000000048,C02D64D51E0DB1C2
$4011F45A5BB8F591,0,400AA0C7D7A6EB1,C02D4088514C573E
$4011D4465797AEE4,0,400E47A2E95A19C,C02D077B1C2B8CD
$4011B43253766837,0,4010F3715FE513F,C02CC723184C4B2A
$4011941E4F55218A,0,4012BECF36C3B47,C02C7F906F7EDC14
$4011740A4B33DADE,0,401485779465CA34,C02C30D51C76893
$401153F647129431,0,401646F842B9A2CC,C02BDB04E6456627
$401133E242F14D84,0,401802E0572FAB88,C02B7E355B64754F
$401113CE3ED006D8,0,4019B8C04F17D908,C02B1A7DCC49666F
$4010F3BA3AAEC02A,0,401B682A2BA4A814,C02AAFF7458B4BC5
$4010D3A6368D797E,0,401D10B18D8CAE44,C02A3EBC8997BE04
$4010B392326C32D2,0,401EB1EBD043C9FC,C029C6EA09FA03D
$4010937E2E4AEC24,0,402025B812628D3C,C029489DE035ED26
$4010736A2A29A578,0,4020EE6BD5F382D8,C028C3F7C6382E0B
$4010535626085ECB,0,4021B2DEC819574C,C02839190E5E1EDE
$4010334221E7181E,0,402272DF8F9C2F2A,C027A8249B16E2B2
$4010132E1DC5D172,0,40232E3DF12D4166,C027113ED6200E16
$400FE63433491589,0,4023E4CADB84849E,C026748DA76001BD
$400FA60C2B06883,0,4024965873337E9A,C025D2386B604553
$400F65E422C3FAD6,0,402542BA1E2A3E5E,C0252A67E96A46C6
$400F25BC1A816D7D,0,4025E9C48EEB9B58,C0247D464948F9F3
$400EE594123EE023,0,40268B4DCF6DE9B4,C023CAFF08B1EB5A
$400EA56C09FC52C9,0,4027272D4BA567F,C02313BEF0586EFE
$400E654401B9C57,0,4027BD3BDBB5C006,C02257B408ADA9D2
$400E251BF9773816,0,40284D53CDC80C98,C021970D8E504954
$400DE4F3F134AABD,0,4028D750EF82E9A4,C020D1FBE62ED0DB
$400DA4CBE8F21D63,0,40295B1097222FB,C02008B0915F77B9
$400D64A3E0AF900A,0,4029D871AC2C10E2,C01E76BC41614BEC
$400D247BD86D02B1,0,402A4F54AFC167DC,C01CD4704FEA5EA3
$400CE453D02A7557,0,402ABF9BC48721F8,C01B2AE6621EFADE
$400CA42BC7E7E7FD,0,402B292AB626C7C4,C0197A895D7DD4B1
$400C6403BFA55AA4,0,402B8BE70064419E,C017C3C5DE65382B
$400C23DBB762CD4A,0,402BE7B7D5C710B,C016070A1CCA818
$400BE3B3AF203FF,0,402C3C8625D54FE2,C01444C5D08A30B2
$400BA38BA6DDB297,0,402C8A3CA2DEEC1E,C0127D6A15578D49
$400B63639E9B253D,0,402CD0C7C7579F7C,C010B1694E52E6BE
$400B233B965897E4,0,402D1015DABE56DA,C00DC26E129B29C6
$400AE3138E160A8A,0,402D4816F610C6DC,C00A1A8FC385E014
$400AA2EB85D37D3,0,402D78BD07CA11D4,C0066C22C71B1752
$400A62C37D90EFD7,0,402DA1FBD76B7DCC,C002B813DAC01E62
$400A229B754E627E,0,402DC3C9088E576A,BFFDFEA24C245FC3
$4009E2736D0BD524,0,402DDE1C1D7E3C36,BFF68593FE2670EA
$4009A24B64C947CB,0,402DF0EE795B24E4,BFEE0DBAB82A9B4C
$400962235C86BA71,0,402DFC3B61C2A69,BFDE1181894AFE62
$400921FB54442D18,0,402E000000000002,3CE08BC3CFE31646
4 38 457
4 39 415
4 40 459
4 41 417
4 42 0
4 43 0
3 32 ->
4 33 422
4 34 4
4 35 0
4 36 [2]
$1,-1
4 37 [45][4]
$401921FB54442D18,0,C02DFFFFFFFFFFFC,0
$40190B09F61C57E9,0,C02DFE128B83AD28,BFD581D256CEF9D2
$4018EAF5F1FB113C,0,C02DF4EA9375FBE8,BFE9C758E0E971B
$4018CAE1EDD9CA8F,0,C02DE43C27B24CA,BFF463A76836971B
$4018AACDE9B883E2,0,C02DCC0B78F6519C,BFFBDE832F1E48A9
$40188AB9E5973D36,0,C02DAC5E9AE04C3,C001A92F60585124
$40186AA5E175F689,0,C02D853D8268462C,C0055EAD6D53CA5B
$40184A91DD54AFDC,0,C02D56B203E060C,C0090ECD3AAB25B7
$40182A7DD933692F,0,C02D20C7D07CB93,C00CB8A19DBEFAC
$40180A69D5122282,0,C02CE38C73638258,C0102D9F805D478F
$4017EA55D0F0DBD6,0,C02C9F0F4E460F9C,C011FADDCEE0E9D7
$4017CA41CCCF9529,0,C02C53619583AC4C,C013C397DCD56A48
$4017AA2DC8AE4E7C,0,C02C00964BD737C8,C015875AEF19EDDC
$40178A19C48D07CF,0,C02BA6C23D909C78,C01745B589D3D356
$40176A05C06BC122,0,C02B45FBFB5B54A4,C018FE378CF09A3E
$401749F1BC4A7A76,0,C02ADE5BD4934CFC,C01AB07250506CC4
$401729DDB82933C9,0,C02A6FFBD12991A4,C01C5BF8BF92393C
$401709C9B407ED1C,0,C029FAF7AB1A4E5C,C01E005F757A5F96
$4016E9B5AFE6A66F,0,C0297F6CC775C60C,C01F9D3CD6ED10C7
$4016C9A1ABC55FC2,0,C028FD7A2EFE01F8,C020991496BACC8E
$4016A98DA7A41916,0,C0287540865B1354,C0215F5F60A9F5DE
$40168979A382D269,0,C027E6E205E7DC48,C022214CF984F1C2
$401669659F618BBC,0,C027528271197044,C022DEACAA30E746
$401649519B40450F,0,C026B8470D8333EC,C023974EE073FD53
$4016293D971EFE63,0,C02618569979FEB4,C0244B053AE88E78
$4016092992FDB7B6,0,C02572D9425897F,C024F9A294A3C9EC
$4015E9158EDC7109,0,C024C7F89A6801A8,C025A2FB108CD449
$4015C9018ABB2A5C,0,C02417DF8E6E19C4,C02646E424618EF2
$4015A8ED8699E3B,0,C02362BA5AE5318,C026E534A366416A
$401588D982789D03,0,C022A8B680DF503,C0277DC4C8BD7589
$401568C57E575656,0,C021EA02BA97EC6C,C028106E41656D3B
$401548B17A360FA9,0,C02126CEEFB6FA3C,C0289D0C35D8AF88
$4015289D7614C8FC,0,C0205F4C2948417C,C029237B534F41A7
$4015088971F3825,0,C01F27590AD40448,C029A399D49E390E
$4014E8756DD23BA2,0,C01D8846556BFD28,C02A1D478AB36BCB
$4014C86169B0F4F6,0,C01BE1C876D02B98,C02A9065E4AB1DA8
$4014A84D658FAE4A,0,C01A3449908B4E8,C02AFCD7F77DA234
$40148839616E679C,0,C0188035869216B,C02B6282854305DE
$401468255D4D20F,0,C016C5F9E428F1E,C02BC14C040AEB0E
$40144811592BDA43,0,C0150605C05F7FD,C02C191CA446E319
$401427FD550A9396,0,C01340C9A2289AD,C02C69DE56C5A683
$401407E950E94CEA,0,C01176B76415F6,C02CB37CD23DABFB
$4013E7D54CC8063D,0,C00F50842F7CD6E,C02CF5E59865B996
$4013C7C148A6BF9,0,C00BABBBD1AC525,C02D3107FA9A28B8
$4013A7AD448578E3,0,C007FFFFFFFFFFF,C02D64D51E0DB1C6
4 38 458
4 39 420
4 40 764
4 41 564
4 42 0
4 43 0
3 32 ->
4 33 421
4 34 4
4 35 0
4 36 [2]
$1,-1
4 37 [45][4]
$401921FB54442D18,0,C02DFFFFFFFFFFFC,0
$40190B09F61C57E9,0,C02DFE128B83AD28,BFD581D256CEF9D2
$4018EAF5F1FB113C,0,C02DF4EA9375FBE8,BFE9C758E0E971B
$4018CAE1EDD9CA8F,0,C02DE43C27B24CA,BFF463A76836971B
$4018AACDE9B883E2,0,C02DCC0B78F6519C,BFFBDE832F1E48A9
$40188AB9E5973D36,0,C02DAC5E9AE04C3,C001A92F60585124
$40186AA5E175F689,0,C02D853D8268462C,C0055EAD6D53CA5B
$40184A91DD54AFDC,0,C02D56B203E060C,C0090ECD3AAB25B7
$40182A7DD933692F,0,C02D20C7D07CB93,C00CB8A19DBEFAC
$40180A69D5122282,0,C02CE38C73638258,C0102D9F805D478F
$4017EA55D0F0DBD6,0,C02C9F0F4E460F9C,C011FADDCEE0E9D7
$4017CA41CCCF9529,0,C02C53619583AC4C,C013C397DCD56A48
$4017AA2DC8AE4E7C,0,C02C00964BD737C8,C015875AEF19EDDC
$40178A19C48D07CF,0,C02BA6C23D909C78,C01745B589D3D356
$40176A05C06BC122,0,C02B45FBFB5B54A4,C018FE378CF09A3E
$401749F1BC4A7A76,0,C02ADE5BD4934CFC,C01AB07250506CC4
$401729DDB82933C9,0,C02A6FFBD12991A4,C01C5BF8BF92393C
$401709C9B407ED1C,0,C029FAF7AB1A4E5C,C01E005F757A5F96
$4016E9B5AFE6A66F,0,C0297F6CC775C60C,C01F9D3CD6ED10C7
$4016C9A1ABC55FC2,0,C028FD7A2EFE01F8,C020991496BACC8E
$4016A98DA7A41916,0,C0287540865B1354,C0215F5F60A9F5DE
$40168979A382D269,0,C027E6E205E7DC48,C022214CF984F1C2
$401669659F618BBC,0,C027528271197044,C022DEACAA30E746
$401649519B40450F,0,C026B8470D8333EC,C023974EE073FD53
$4016293D971EFE63,0,C02618569979FEB4,C0244B053AE88E78
$4016092992FDB7B6,0,C02572D9425897F,C024F9A294A3C9EC
$4015E9158EDC7109,0,C024C7F89A6801A8,C025A2FB108CD449
$4015C9018ABB2A5C,0,C02417DF8E6E19C4,C02646E424618EF2
$4015A8ED8699E3B,0,C02362BA5AE5318,C026E534A366416A
$401588D982789D03,0,C022A8B680DF503,C0277DC4C8BD7589
$401568C57E575656,0,C021EA02BA97EC6C,C028106E41656D3B
$401548B17A360FA9,0,C02126CEEFB6FA3C,C0289D0C35D8AF88
$4015289D7614C8FC,0,C0205F4C2948417C,C029237B534F41A7
$4015088971F3825,0,C01F27590AD40448,C029A399D49E390E
$4014E8756DD23BA2,0,C01D8846556BFD28,C02A1D478AB36BCB
$4014C86169B0F4F6,0,C01BE1C876D02B98,C02A9065E4AB1DA8
$4014A84D658FAE4A,0,C01A3449908B4E8,C02AFCD7F77DA234
$40148839616E679C,0,C0188035869216B,C02B6282854305DE
$401468255D4D20F,0,C016C5F9E428F1E,C02BC14C040AEB0E
$40144811592BDA43,0,C0150605C05F7FD,C02C191CA446E319
$401427FD550A9396,0,C01340C9A2289AD,C02C69DE56C5A683
$401407E950E94CEA,0,C01176B76415F6,C02CB37CD23DABFB
$4013E7D54CC8063D,0,C00F50842F7CD6E,C02CF5E59865B996
$4013C7C148A6BF9,0,C00BABBBD1AC525,C02D3107FA9A28B8
$4013A7AD448578E3,0,C007FFFFFFFFFFF,C02D64D51E0DB1C6
4 38 457
4 39 419
4 40 763
4 41 563
4 42 0
4 43 0
3 32 ->
4 33 466
4 34 4
4 35 0
4 36 [2]
$1,-1
4 37 [38][4]
$400921FB54442D18,406A1504F333F9DE,4014,C02D23D70A3D70A2
$4008B5493B373E49,406A1504F333F9DE,40146CA5093792A,C02D2265EA647806
$400805956B5943BC,406A1504F333F9DE,40151B7C239EDA6,C02D19FB8737D84A
$400755E19B7B4915,406A1504F333F9DE,4015C83D6ACE4AE,C02D0A1B6DA10174
$4006A62DCB9D4E8,406A1504F333F9DE,401671A38EFDB72,C02CF2E382A781A7
$4005F679FBBF53EB,406A1504F333F9DE,4017166F9237E78,C02CD47F7F2C5BDB
$400546C62BE1593A,406A1504F333F9DE,4017B56B210AAEE,C02CAF289D94EECB
$400497125C035EA7,406A1504F333F9DE,40184D6ADAE55C6,C02C83252E0712FF
$4003E75E8C2563F5,406A1504F333F9DE,4018DD5085D921,C02C50C812015E2A
$400337AABC476965,406A1504F333F9DE,4019640D2995CF6,C02C18702048E04C
$400287F6EC696EC5,406A1504F333F9DE,4019E0A30DAC042,C02BDA8772523FAC
$4001D8431C8B7423,406A1504F333F9DE,401A52279753D8,C02B97829C768017
$4001288F4CAD7999,406A1504F333F9DE,401AB7C503346CA,C02B4FDFD26BAFB3
$400078DB7CCF7EE1,406A1504F333F9DE,401B10BBF7EC6CE,C02B0425F99EDD52
$3FFF924F59E3089F,406A1504F333F9DE,401B5C64EE657BA,C02AB4E3AB2EDB32
$3FFE32E7BA271357,406A1504F333F9DE,401B9A316D4C11C,C02A62AE27662585
$3FFCD3801A6B1E1B,406A1504F333F9DE,401BC9AD1559B78,C02A0E203CAD93AA
$3FFB74187AAF28DC,406A1504F333F9DE,401BEA7E7C7867C,C029B7D924091284
$3FFA14B0DAF3339E,406A1504F333F9DE,401BFC67D622728,C029607B5543590D
$3FF8B5493B373E61,406A1504F333F9DE,401BFF4767C1D06,C02908AB54FD3194
$3FF755E19B7B492,406A1504F333F9DE,401BF317C833C32,C028B10E7EE073CA
$3FF5F679FBBF53F2,406A1504F333F9DE,401BD7EFE9F9274,C0285A49CE3E1101
$3FF497125C035EA6,406A1504F333F9DE,401BAE02F0004A,C0280500A7618E6A
$3FF337AABC47696,406A1504F333F9DE,401B759FCD59A18,C027B1D3A3E2F38A
$3FF1D8431C8B743D,406A1504F333F9DE,401B2F30B08CB94,C027615F643A8FB8
$3FF078DB7CCF7EEF,406A1504F333F9DE,401ADB3A3BA54AE,C027143B68D01348
$3FEE32E7BA27137A,406A1504F333F9DE,401A7A5A8A71064,C026CAF8F4B0623
$3FEB74187AAF28DB,406A1504F333F9DE,401A0D4808C4594,C0268621FC03597
$3FE8B5493B373EC4,406A1504F333F9DE,401994D01AF6E02,C02646382044A04B
$3FE5F679FBBF53ED,406A1504F333F9DE,401911D59B1E594,C0260BB3BC28B43D
$3FE337AABC476981,406A1504F333F9DE,4018854F2DE0712,C025D70300F9DB1F
$3FE078DB7CCF7EEE,406A1504F333F9DE,4017F04571FFCD,C025A8892717C22D
$3FDB74187AAF2807,406A1504F333F9DE,401753D10E0EF02,C025809DB32087C3
$3FD5F679FBBF5442,406A1504F333F9DE,4016B1189FF3514,C0255F8BD123058C
$3FD078DB7CCF7F58,406A1504F333F9DE,4016094E921BCEE,C0254591C710B1A8
$3FC5F679FBBF54CA,406A1504F333F9DE,40155DAEDA7F3B6,C02532E07F79A625
$3FB5F679FBBF55E1,406A1504F333F9DE,4014AF7CA7A1896,C025279B2D6FA0E1
$0,406A1504F333F9DE,4014,C02523D70A3D70A6
4 38 428
4 39 462
4 40 594
4 41 596
4 42 0
4 43 0
3 32 ->
4 33 465
4 34 4
4 35 0
4 36 [2]
$1,-1
4 37 [38][4]
$400921FB54442D18,406A1504F333F9DE,4014,C02D23D70A3D70A2
$4008B5493B373E49,406A1504F333F9DE,40146CA5093792A,C02D2265EA647806
$400805956B5943BC,406A1504F333F9DE,40151B7C239EDA6,C02D19FB8737D84A
$400755E19B7B4915,406A1504F333F9DE,4015C83D6ACE4AE,C02D0A1B6DA10174
$4006A62DCB9D4E8,406A1504F333F9DE,401671A38EFDB72,C02CF2E382A781A7
$4005F679FBBF53EB,406A1504F333F9DE,4017166F9237E78,C02CD47F7F2C5BDB
$400546C62BE1593A,406A1504F333F9DE,4017B56B210AAEE,C02CAF289D94EECB
$400497125C035EA7,406A1504F333F9DE,40184D6ADAE55C6,C02C83252E0712FF
$4003E75E8C2563F5,406A1504F333F9DE,4018DD5085D921,C02C50C812015E2A
$400337AABC476965,406A1504F333F9DE,4019640D2995CF6,C02C18702048E04C
$400287F6EC696EC5,406A1504F333F9DE,4019E0A30DAC042,C02BDA8772523FAC
$4001D8431C8B7423,406A1504F333F9DE,401A52279753D8,C02B97829C768017
$4001288F4CAD7999,406A1504F333F9DE,401AB7C503346CA,C02B4FDFD26BAFB3
$400078DB7CCF7EE1,406A1504F333F9DE,401B10BBF7EC6CE,C02B0425F99EDD52
$3FFF924F59E3089F,406A1504F333F9DE,401B5C64EE657BA,C02AB4E3AB2EDB32
$3FFE32E7BA271357,406A1504F333F9DE,401B9A316D4C11C,C02A62AE27662585
$3FFCD3801A6B1E1B,406A1504F333F9DE,401BC9AD1559B78,C02A0E203CAD93AA
$3FFB74187AAF28DC,406A1504F333F9DE,401BEA7E7C7867C,C029B7D924091284
$3FFA14B0DAF3339E,406A1504F333F9DE,401BFC67D622728,C029607B5543590D
$3FF8B5493B373E61,406A1504F333F9DE,401BFF4767C1D06,C02908AB54FD3194
$3FF755E19B7B492,406A1504F333F9DE,401BF317C833C32,C028B10E7EE073CA
$3FF5F679FBBF53F2,406A1504F333F9DE,401BD7EFE9F9274,C0285A49CE3E1101
$3FF497125C035EA6,406A1504F333F9DE,401BAE02F0004A,C0280500A7618E6A
$3FF337AABC47696,406A1504F333F9DE,401B759FCD59A18,C027B1D3A3E2F38A
$3FF1D8431C8B743D,406A1504F333F9DE,401B2F30B08CB94,C027615F643A8FB8
$3FF078DB7CCF7EEF,406A1504F333F9DE,401ADB3A3BA54AE,C027143B68D01348
$3FEE32E7BA27137A,406A1504F333F9DE,401A7A5A8A71064,C026CAF8F4B0623
$3FEB74187AAF28DB,406A1504F333F9DE,401A0D4808C4594,C0268621FC03597
$3FE8B5493B373EC4,406A1504F333F9DE,401994D01AF6E02,C02646382044A04B
$3FE5F679FBBF53ED,406A1504F333F9DE,401911D59B1E594,C0260BB3BC28B43D
$3FE337AABC476981,406A1504F333F9DE,4018854F2DE0712,C025D70300F9DB1F
$3FE078DB7CCF7EEE,406A1504F333F9DE,4017F04571FFCD,C025A8892717C22D
$3FDB74187AAF2807,406A1504F333F9DE,401753D10E0EF02,C025809DB32087C3
$3FD5F679FBBF5442,406A1504F333F9DE,4016B1189FF3514,C0255F8BD123058C
$3FD078DB7CCF7F58,406A1504F333F9DE,4016094E921BCEE,C0254591C710B1A8
$3FC5F679FBBF54CA,406A1504F333F9DE,40155DAEDA7F3B6,C02532E07F79A625
$3FB5F679FBBF55E1,406A1504F333F9DE,4014AF7CA7A1896,C025279B2D6FA0E1
$0,406A1504F333F9DE,4014,C02523D70A3D70A6
4 38 427
4 39 461
4 40 593
4 41 595
4 42 0
4 43 0
3 32 ->
4 33 590
4 34 4
4 35 0
4 36 [2]
$1,-1
4 37 [38][4]
$0,406C9504F333F9DF,C02523D70A3D70A6,4014
$3FAB2C86433BB3E4,406C9504F333F9DF,C02525482A166942,40146CA5093792A
$3FC1C65E8EAE95C2,406C9504F333F9DF,C0252DB28D4308FE,40151B7C239EDA6
$3FCCC19B8C8E402D,406C9504F333F9DF,C0253D92A6D9DFD4,4015C83D6ACE4AE
$3FD3DE6C4536F4BF,406C9504F333F9DF,C02554CA91D35FA1,401671A38EFDB72
$3FD95C0AC426C96C,406C9504F333F9DF,C025732E954E856E,4017166F9237E78
$3FDED9A943169EF5,406C9504F333F9DF,C025988576E5F27D,4017B56B210AAEE
$3FE22BA3E10339C3,406C9504F333F9DF,C025C488E673CE49,40184D6ADAE55C6
$3FE4EA73207B2491,406C9504F333F9DF,C025F6E60279831E,4018DD5085D921
$3FE7A9425FF30ECF,406C9504F333F9DF,C0262F3DF43200FD,4019640D2995CF6
$3FEA68119F6AF94E,406C9504F333F9DF,C0266D26A228A19C,4019E0A30DAC042
$3FED26E0DEE2E3A8,406C9504F333F9DF,C026B02B78046132,401A52279753D7E
$3FEFE5B01E5ACDFC,406C9504F333F9DF,C026F7CE420F3194,401AB7C503346CA
$3FF1523FAEE95C6E,406C9504F333F9DF,C02743881ADC03F6,401B10BBF7EC6CE
$3FF2B1A74EA5519,406C9504F333F9DF,C02792CA694C0616,401B5C64EE657BA
$3FF4110EEE6146DB,406C9504F333F9DF,C027E4FFED14BBC4,401B9A316D4C11C
$3FF570768E1D3C14,406C9504F333F9DF,C028398DD7CD4D9E,401BC9AD1559B78
$3FF6CFDE2DD93155,406C9504F333F9DF,C0288FD4F071CEC4,401BEA7E7C7867C
$3FF82F45CD952692,406C9504F333F9DF,C028E732BF37883B,401BFC67D622728
$3FF98EAD6D511BD,406C9504F333F9DF,C0293F02BF7DAFB4,401BFF4767C1D06
$3FFAEE150D0D111,406C9504F333F9DF,C029969F959A6D7E,401BF317C833C32
$3FFC4D7CACC9063F,406C9504F333F9DF,C029ED64463CD047,401BD7EFE9F9274
$3FFDACE44C84FB8A,406C9504F333F9DF,C02A42AD6D1952DE,401BAE02F0004A
$3FFF0C4BEC40F0D,406C9504F333F9DF,C02A95DA7097EDBE,401B759FCD59A18
$400035D9C5FE72FA,406C9504F333F9DF,C02AE64EB040519,401B2F30B08CB94
$4000E58D95DC6DA1,406C9504F333F9DF,C02B3372ABAACE,401ADB3A3BA54AE
$4001954165BA683A,406C9504F333F9DF,C02B7CB51FCA7F18,401A7A5A8A71064
$400244F5359862E2,406C9504F333F9DF,C02BC18C187787D8,401A0D4808C4594
$4002F4A905765D67,406C9504F333F9DF,C02C0175F43640FD,401994D01AF6E02
$4003A45CD554581D,406C9504F333F9DF,C02C3BFA58522D0C,401911D59B1E594
$40045410A53252B8,406C9504F333F9DF,C02C70AB13810629,4018854F2DE0712
$400503C475104D5D,406C9504F333F9DF,C02C9F24ED631F1C,4017F04571FFCD
$4005B37844EE4817,406C9504F333F9DF,C02CC710615A5986,401753D10E0EF02
$4006632C14CC429,406C9504F333F9DF,C02CE8224357DBBC,4016B1189FF3514
$400712DFE4AA3D2E,406C9504F333F9DF,C02D021C4D6A2FA,4016094E921BCEE
$4007C293B48837CC,406C9504F333F9DF,C02D14CD95013B22,40155DAEDA7F3B6
$4008724784663269,406C9504F333F9DF,C02D2012E70B4068,4014AF7CA7A1896
$400921FB54442D18,406C9504F333F9DF,C02D23D70A3D70A2,4014
4 38 432
4 39 472
4 40 434
4 41 66
4 42 0
4 43 0
3 32 ->
4 33 589
4 34 4
4 35 0
4 36 [2]
$1,-1
4 37 [38][4]
$0,406C9504F333F9DF,C02523D70A3D70A6,4014
$3FAB2C86433BB3E4,406C9504F333F9DF,C02525482A166942,40146CA5093792A
$3FC1C65E8EAE95C2,406C9504F333F9DF,C0252DB28D4308FE,40151B7C239EDA6
$3FCCC19B8C8E402D,406C9504F333F9DF,C0253D92A6D9DFD4,4015C83D6ACE4AE
$3FD3DE6C4536F4BF,406C9504F333F9DF,C02554CA91D35FA1,401671A38EFDB72
$3FD95C0AC426C96C,406C9504F333F9DF,C025732E954E856E,4017166F9237E78
$3FDED9A943169EF5,406C9504F333F9DF,C025988576E5F27D,4017B56B210AAEE
$3FE22BA3E10339C3,406C9504F333F9DF,C025C488E673CE49,40184D6ADAE55C6
$3FE4EA73207B2491,406C9504F333F9DF,C025F6E60279831E,4018DD5085D921
$3FE7A9425FF30ECF,406C9504F333F9DF,C0262F3DF43200FD,4019640D2995CF6
$3FEA68119F6AF94E,406C9504F333F9DF,C0266D26A228A19C,4019E0A30DAC042
$3FED26E0DEE2E3A8,406C9504F333F9DF,C026B02B78046132,401A52279753D7E
$3FEFE5B01E5ACDFC,406C9504F333F9DF,C026F7CE420F3194,401AB7C503346CA
$3FF1523FAEE95C6E,406C9504F333F9DF,C02743881ADC03F6,401B10BBF7EC6CE
$3FF2B1A74EA5519,406C9504F333F9DF,C02792CA694C0616,401B5C64EE657BA
$3FF4110EEE6146DB,406C9504F333F9DF,C027E4FFED14BBC4,401B9A316D4C11C
$3FF570768E1D3C14,406C9504F333F9DF,C028398DD7CD4D9E,401BC9AD1559B78
$3FF6CFDE2DD93155,406C9504F333F9DF,C0288FD4F071CEC4,401BEA7E7C7867C
$3FF82F45CD952692,406C9504F333F9DF,C028E732BF37883B,401BFC67D622728
$3FF98EAD6D511BD,406C9504F333F9DF,C0293F02BF7DAFB4,401BFF4767C1D06
$3FFAEE150D0D111,406C9504F333F9DF,C029969F959A6D7E,401BF317C833C32
$3FFC4D7CACC9063F,406C9504F333F9DF,C029ED64463CD047,401BD7EFE9F9274
$3FFDACE44C84FB8A,406C9504F333F9DF,C02A42AD6D1952DE,401BAE02F0004A
$3FFF0C4BEC40F0D,406C9504F333F9DF,C02A95DA7097EDBE,401B759FCD59A18
$400035D9C5FE72FA,406C9504F333F9DF,C02AE64EB040519,401B2F30B08CB94
$4000E58D95DC6DA1,406C9504F333F9DF,C02B3372ABAACE,401ADB3A3BA54AE
$4001954165BA683A,406C9504F333F9DF,C02B7CB51FCA7F18,401A7A5A8A71064
$400244F5359862E2,406C9504F333F9DF,C02BC18C187787D8,401A0D4808C4594
$4002F4A905765D67,406C9504F333F9DF,C02C0175F43640FD,401994D01AF6E02
$4003A45CD554581D,406C9504F333F9DF,C02C3BFA58522D0C,401911D59B1E594
$40045410A53252B8,406C9504F333F9DF,C02C70AB13810629,4018854F2DE0712
$400503C475104D5D,406C9504F333F9DF,C02C9F24ED631F1C,4017F04571FFCD
$4005B37844EE4817,406C9504F333F9DF,C02CC710615A5986,401753D10E0EF02
$4006632C14CC429,406C9504F333F9DF,C02CE8224357DBBC,4016B1189FF3514
$400712DFE4AA3D2E,406C9504F333F9DF,C02D021C4D6A2FA,4016094E921BCEE
$4007C293B48837CC,406C9504F333F9DF,C02D14CD95013B22,40155DAEDA7F3B6
$4008724784663269,406C9504F333F9DF,C02D2012E70B4068,4014AF7CA7A1896
$400921FB54442D18,406C9504F333F9DF,C02D23D70A3D70A2,4014
4 38 431
4 39 471
4 40 433
4 41 65
4 42 0
4 43 0
3 32 ->
4 33 500
4 34 4
4 35 0
4 36 [2]
$1,-1
4 37 [38][4]
$400921FB54442D18,4021504F333F9DE8,4014,C02D23D70A3D70A2
$4008B5493B373E49,4021504F333F9DE8,40146CA5093792A,C02D2265EA647806
$400805956B5943BC,4021504F333F9DE8,40151B7C239EDA6,C02D19FB8737D84A
$400755E19B7B4915,4021504F333F9DE8,4015C83D6ACE4AE,C02D0A1B6DA10174
$4006A62DCB9D4E8,4021504F333F9DE8,401671A38EFDB72,C02CF2E382A781A7
$4005F679FBBF53EB,4021504F333F9DE8,4017166F9237E78,C02CD47F7F2C5BDB
$400546C62BE1593A,4021504F333F9DE8,4017B56B210AAEE,C02CAF289D94EECB
$400497125C035EA7,4021504F333F9DE8,40184D6ADAE55C6,C02C83252E0712FF
$4003E75E8C2563F5,4021504F333F9DE8,4018DD5085D921,C02C50C812015E2A
$400337AABC476965,4021504F333F9DE8,4019640D2995CF6,C02C18702048E04C
$400287F6EC696EC5,4021504F333F9DE8,4019E0A30DAC042,C02BDA8772523FAC
$4001D8431C8B7423,4021504F333F9DE8,401A52279753D8,C02B97829C768017
$4001288F4CAD7999,4021504F333F9DE8,401AB7C503346CA,C02B4FDFD26BAFB3
$400078DB7CCF7EE1,4021504F333F9DE8,401B10BBF7EC6CE,C02B0425F99EDD52
$3FFF924F59E3089F,4021504F333F9DE8,401B5C64EE657BA,C02AB4E3AB2EDB32
$3FFE32E7BA271357,4021504F333F9DE8,401B9A316D4C11C,C02A62AE27662585
$3FFCD3801A6B1E1B,4021504F333F9DE8,401BC9AD1559B78,C02A0E203CAD93AA
$3FFB74187AAF28DC,4021504F333F9DE8,401BEA7E7C7867C,C029B7D924091284
$3FFA14B0DAF3339E,4021504F333F9DE8,401BFC67D622728,C029607B5543590D
$3FF8B5493B373E61,4021504F333F9DE8,401BFF4767C1D06,C02908AB54FD3194
$3FF755E19B7B492,4021504F333F9DE8,401BF317C833C32,C028B10E7EE073CA
$3FF5F679FBBF53F2,4021504F333F9DE8,401BD7EFE9F9274,C0285A49CE3E1101
$3FF497125C035EA6,4021504F333F9DE8,401BAE02F0004A,C0280500A7618E6A
$3FF337AABC47696,4021504F333F9DE8,401B759FCD59A18,C027B1D3A3E2F38A
$3FF1D8431C8B743D,4021504F333F9DE8,401B2F30B08CB94,C027615F643A8FB8
$3FF078DB7CCF7EEF,4021504F333F9DE8,401ADB3A3BA54AE,C027143B68D01348
$3FEE32E7BA27137A,4021504F333F9DE8,401A7A5A8A71064,C026CAF8F4B0623
$3FEB74187AAF28DB,4021504F333F9DE8,401A0D4808C4594,C0268621FC03597
$3FE8B5493B373EC4,4021504F333F9DE8,401994D01AF6E02,C02646382044A04B
$3FE5F679FBBF53ED,4021504F333F9DE8,401911D59B1E594,C0260BB3BC28B43D
$3FE337AABC476981,4021504F333F9DE8,4018854F2DE0712,C025D70300F9DB1F
$3FE078DB7CCF7EEE,4021504F333F9DE8,4017F04571FFCD,C025A8892717C22D
$3FDB74187AAF2807,4021504F333F9DE8,401753D10E0EF02,C025809DB32087C3
$3FD5F679FBBF5442,4021504F333F9DE8,4016B1189FF3514,C0255F8BD123058C
$3FD078DB7CCF7F58,4021504F333F9DE8,4016094E921BCEE,C0254591C710B1A8
$3FC5F679FBBF54CA,4021504F333F9DE8,40155DAEDA7F3B6,C02532E07F79A625
$3FB5F679FBBF55E1,4021504F333F9DE8,4014AF7CA7A1896,C025279B2D6FA0E1
$0,4021504F333F9DE8,4014,C02523D70A3D70A6
4 38 436
4 39 496
4 40 584
4 41 586
4 42 0
4 43 0
3 32 ->
4 33 499
4 34 4
4 35 0
4 36 [2]
$1,-1
4 37 [38][4]
$400921FB54442D18,4021504F333F9DE8,4014,C02D23D70A3D70A2
$4008B5493B373E49,4021504F333F9DE8,40146CA5093792A,C02D2265EA647806
$400805956B5943BC,4021504F333F9DE8,40151B7C239EDA6,C02D19FB8737D84A
$400755E19B7B4915,4021504F333F9DE8,4015C83D6ACE4AE,C02D0A1B6DA10174
$4006A62DCB9D4E8,4021504F333F9DE8,401671A38EFDB72,C02CF2E382A781A7
$4005F679FBBF53EB,4021504F333F9DE8,4017166F9237E78,C02CD47F7F2C5BDB
$400546C62BE1593A,4021504F333F9DE8,4017B56B210AAEE,C02CAF289D94EECB
$400497125C035EA7,4021504F333F9DE8,40184D6ADAE55C6,C02C83252E0712FF
$4003E75E8C2563F5,4021504F333F9DE8,4018DD5085D921,C02C50C812015E2A
$400337AABC476965,4021504F333F9DE8,4019640D2995CF6,C02C18702048E04C
$400287F6EC696EC5,4021504F333F9DE8,4019E0A30DAC042,C02BDA8772523FAC
$4001D8431C8B7423,4021504F333F9DE8,401A52279753D8,C02B97829C768017
$4001288F4CAD7999,4021504F333F9DE8,401AB7C503346CA,C02B4FDFD26BAFB3
$400078DB7CCF7EE1,4021504F333F9DE8,401B10BBF7EC6CE,C02B0425F99EDD52
$3FFF924F59E3089F,4021504F333F9DE8,401B5C64EE657BA,C02AB4E3AB2EDB32
$3FFE32E7BA271357,4021504F333F9DE8,401B9A316D4C11C,C02A62AE27662585
$3FFCD3801A6B1E1B,4021504F333F9DE8,401BC9AD1559B78,C02A0E203CAD93AA
$3FFB74187AAF28DC,4021504F333F9DE8,401BEA7E7C7867C,C029B7D924091284
$3FFA14B0DAF3339E,4021504F333F9DE8,401BFC67D622728,C029607B5543590D
$3FF8B5493B373E61,4021504F333F9DE8,401BFF4767C1D06,C02908AB54FD3194
$3FF755E19B7B492,4021504F333F9DE8,401BF317C833C32,C028B10E7EE073CA
$3FF5F679FBBF53F2,4021504F333F9DE8,401BD7EFE9F9274,C0285A49CE3E1101
$3FF497125C035EA6,4021504F333F9DE8,401BAE02F0004A,C0280500A7618E6A
$3FF337AABC47696,4021504F333F9DE8,401B759FCD59A18,C027B1D3A3E2F38A
$3FF1D8431C8B743D,4021504F333F9DE8,401B2F30B08CB94,C027615F643A8FB8
$3FF078DB7CCF7EEF,4021504F333F9DE8,401ADB3A3BA54AE,C027143B68D01348
$3FEE32E7BA27137A,4021504F333F9DE8,401A7A5A8A71064,C026CAF8F4B0623
$3FEB74187AAF28DB,4021504F333F9DE8,401A0D4808C4594,C0268621FC03597
$3FE8B5493B373EC4,4021504F333F9DE8,401994D01AF6E02,C02646382044A04B
$3FE5F679FBBF53ED,4021504F333F9DE8,401911D59B1E594,C0260BB3BC28B43D
$3FE337AABC476981,4021504F333F9DE8,4018854F2DE0712,C025D70300F9DB1F
$3FE078DB7CCF7EEE,4021504F333F9DE8,4017F04571FFCD,C025A8892717C22D
$3FDB74187AAF2807,4021504F333F9DE8,401753D10E0EF02,C025809DB32087C3
$3FD5F679FBBF5442,4021504F333F9DE8,4016B1189FF3514,C0255F8BD123058C
$3FD078DB7CCF7F58,4021504F333F9DE8,4016094E921BCEE,C0254591C710B1A8
$3FC5F679FBBF54CA,4021504F333F9DE8,40155DAEDA7F3B6,C02532E07F79A625
$3FB5F679FBBF55E1,4021504F333F9DE8,4014AF7CA7A1896,C025279B2D6FA0E1
$0,4021504F333F9DE8,4014,C02523D70A3D70A6
4 38 435
4 39 495
4 40 583
4 41 585
4 42 0
4 43 0
3 32 ->
4 33 580
4 34 4
4 35 0
4 36 [2]
$1,-1
4 37 [38][4]
$0,403CA827999FCEF,C02523D70A3D70A6,4014
$3FAB2C86433BB3E4,403CA827999FCEF,C02525482A166942,40146CA5093792A
$3FC1C65E8EAE95C2,403CA827999FCEF,C0252DB28D4308FE,40151B7C239EDA6
$3FCCC19B8C8E402D,403CA827999FCEF,C0253D92A6D9DFD4,4015C83D6ACE4AE
$3FD3DE6C4536F4BF,403CA827999FCEF,C02554CA91D35FA1,401671A38EFDB72
$3FD95C0AC426C96C,403CA827999FCEF,C025732E954E856E,4017166F9237E78
$3FDED9A943169EF5,403CA827999FCEF,C025988576E5F27D,4017B56B210AAEE
$3FE22BA3E10339C3,403CA827999FCEF,C025C488E673CE49,40184D6ADAE55C6
$3FE4EA73207B2491,403CA827999FCEF,C025F6E60279831E,4018DD5085D921
$3FE7A9425FF30ECF,403CA827999FCEF,C0262F3DF43200FD,4019640D2995CF6
$3FEA68119F6AF94E,403CA827999FCEF,C0266D26A228A19C,4019E0A30DAC042
$3FED26E0DEE2E3A8,403CA827999FCEF,C026B02B78046132,401A52279753D7E
$3FEFE5B01E5ACDFC,403CA827999FCEF,C026F7CE420F3194,401AB7C503346CA
$3FF1523FAEE95C6E,403CA827999FCEF,C02743881ADC03F6,401B10BBF7EC6CE
$3FF2B1A74EA5519,403CA827999FCEF,C02792CA694C0616,401B5C64EE657BA
$3FF4110EEE6146DB,403CA827999FCEF,C027E4FFED14BBC4,401B9A316D4C11C
$3FF570768E1D3C14,403CA827999FCEF,C028398DD7CD4D9E,401BC9AD1559B78
$3FF6CFDE2DD93155,403CA827999FCEF,C0288FD4F071CEC4,401BEA7E7C7867C
$3FF82F45CD952692,403CA827999FCEF,C028E732BF37883B,401BFC67D622728
$3FF98EAD6D511BD,403CA827999FCEF,C0293F02BF7DAFB4,401BFF4767C1D06
$3FFAEE150D0D111,403CA827999FCEF,C029969F959A6D7E,401BF317C833C32
$3FFC4D7CACC9063F,403CA827999FCEF,C029ED64463CD047,401BD7EFE9F9274
$3FFDACE44C84FB8A,403CA827999FCEF,C02A42AD6D1952DE,401BAE02F0004A
$3FFF0C4BEC40F0D,403CA827999FCEF,C02A95DA7097EDBE,401B759FCD59A18
$400035D9C5FE72FA,403CA827999FCEF,C02AE64EB040519,401B2F30B08CB94
$4000E58D95DC6DA1,403CA827999FCEF,C02B3372ABAACE,401ADB3A3BA54AE
$4001954165BA683A,403CA827999FCEF,C02B7CB51FCA7F18,401A7A5A8A71064
$400244F5359862E2,403CA827999FCEF,C02BC18C187787D8,401A0D4808C4594
$4002F4A905765D67,403CA827999FCEF,C02C0175F43640FD,401994D01AF6E02
$4003A45CD554581D,403CA827999FCEF,C02C3BFA58522D0C,401911D59B1E594
$40045410A53252B8,403CA827999FCEF,C02C70AB13810629,4018854F2DE0712
$400503C475104D5D,403CA827999FCEF,C02C9F24ED631F1C,4017F04571FFCD
$4005B37844EE4817,403CA827999FCEF,C02CC710615A5986,401753D10E0EF02
$4006632C14CC429,403CA827999FCEF,C02CE8224357DBBC,4016B1189FF3514
$400712DFE4AA3D2E,403CA827999FCEF,C02D021C4D6A2FA,4016094E921BCEE
$4007C293B48837CC,403CA827999FCEF,C02D14CD95013B22,40155DAEDA7F3B6
$4008724784663269,403CA827999FCEF,C02D2012E70B4068,4014AF7CA7A1896
$400921FB54442D18,403CA827999FCEF,C02D23D70A3D70A2,4014
4 38 440
4 39 506
4 40 442
4 41 58
4 42 0
4 43 0
3 32 ->
4 33 579
4 34 4
4 35 0
4 36 [2]
$1,-1
4 37 [38][4]
$0,403CA827999FCEF,C02523D70A3D70A6,4014
$3FAB2C86433BB3E4,403CA827999FCEF,C02525482A166942,40146CA5093792A
$3FC1C65E8EAE95C2,403CA827999FCEF,C0252DB28D4308FE,40151B7C239EDA6
$3FCCC19B8C8E402D,403CA827999FCEF,C0253D92A6D9DFD4,4015C83D6ACE4AE
$3FD3DE6C4536F4BF,403CA827999FCEF,C02554CA91D35FA1,401671A38EFDB72
$3FD95C0AC426C96C,403CA827999FCEF,C025732E954E856E,4017166F9237E78
$3FDED9A943169EF5,403CA827999FCEF,C025988576E5F27D,4017B56B210AAEE
$3FE22BA3E10339C3,403CA827999FCEF,C025C488E673CE49,40184D6ADAE55C6
$3FE4EA73207B2491,403CA827999FCEF,C025F6E60279831E,4018DD5085D921
$3FE7A9425FF30ECF,403CA827999FCEF,C0262F3DF43200FD,4019640D2995CF6
$3FEA68119F6AF94E,403CA827999FCEF,C0266D26A228A19C,4019E0A30DAC042
$3FED26E0DEE2E3A8,403CA827999FCEF,C026B02B78046132,401A52279753D7E
$3FEFE5B01E5ACDFC,403CA827999FCEF,C026F7CE420F3194,401AB7C503346CA
$3FF1523FAEE95C6E,403CA827999FCEF,C02743881ADC03F6,401B10BBF7EC6CE
$3FF2B1A74EA5519,403CA827999FCEF,C02792CA694C0616,401B5C64EE657BA
$3FF4110EEE6146DB,403CA827999FCEF,C027E4FFED14BBC4,401B9A316D4C11C
$3FF570768E1D3C14,403CA827999FCEF,C028398DD7CD4D9E,401BC9AD1559B78
$3FF6CFDE2DD93155,403CA827999FCEF,C0288FD4F071CEC4,401BEA7E7C7867C
$3FF82F45CD952692,403CA827999FCEF,C028E732BF37883B,401BFC67D622728
$3FF98EAD6D511BD,403CA827999FCEF,C0293F02BF7DAFB4,401BFF4767C1D06
$3FFAEE150D0D111,403CA827999FCEF,C029969F959A6D7E,401BF317C833C32
$3FFC4D7CACC9063F,403CA827999FCEF,C029ED64463CD047,401BD7EFE9F9274
$3FFDACE44C84FB8A,403CA827999FCEF,C02A42AD6D1952DE,401BAE02F0004A
$3FFF0C4BEC40F0D,403CA827999FCEF,C02A95DA7097EDBE,401B759FCD59A18
$400035D9C5FE72FA,403CA827999FCEF,C02AE64EB040519,401B2F30B08CB94
$4000E58D95DC6DA1,403CA827999FCEF,C02B3372ABAACE,401ADB3A3BA54AE
$4001954165BA683A,403CA827999FCEF,C02B7CB51FCA7F18,401A7A5A8A71064
$400244F5359862E2,403CA827999FCEF,C02BC18C187787D8,401A0D4808C4594
$4002F4A905765D67,403CA827999FCEF,C02C0175F43640FD,401994D01AF6E02
$4003A45CD554581D,403CA827999FCEF,C02C3BFA58522D0C,401911D59B1E594
$40045410A53252B8,403CA827999FCEF,C02C70AB13810629,4018854F2DE0712
$400503C475104D5D,403CA827999FCEF,C02C9F24ED631F1C,4017F04571FFCD
$4005B37844EE4817,403CA827999FCEF,C02CC710615A5986,401753D10E0EF02
$4006632C14CC429,403CA827999FCEF,C02CE8224357DBBC,4016B1189FF3514
$400712DFE4AA3D2E,403CA827999FCEF,C02D021C4D6A2FA,4016094E921BCEE
$4007C293B48837CC,403CA827999FCEF,C02D14CD95013B22,40155DAEDA7F3B6
$4008724784663269,403CA827999FCEF,C02D2012E70B4068,4014AF7CA7A1896
$400921FB54442D18,403CA827999FCEF,C02D23D70A3D70A2,4014
4 38 439
4 39 505
4 40 441
4 41 57
4 42 0
4 43 0
3 32 ->
4 33 446
4 34 4
4 35 0
4 36 [2]
$1,-1
4 37 [2][4]
$4062C00000000001,C05B800000000003,8,C033FFFFFFFFFFFC
$4062C00000000001,C056800000000004,0,0
4 38 444
4 39 502
4 40 508
4 41 498
4 42 0
4 43 0
3 32 ->
4 33 445
4 34 4
4 35 0
4 36 [2]
$1,-1
4 37 [2][4]
$4062C00000000001,C05B800000000003,8,C033FFFFFFFFFFFC
$4062C00000000001,C056800000000004,0,0
4 38 443
4 39 501
4 40 507
4 41 497
4 42 0
4 43 0
3 32 ->
4 33 780
4 34 4
4 35 0
4 36 [2]
$1,-1
4 37 [2][4]
$4064000000000001,C05B800000000004,0,0
$4062C00000000001,C05B800000000003,4024,0
4 38 444
4 39 496
4 40 446
4 41 494
4 42 0
4 43 0
3 32 ->
4 33 779
4 34 4
4 35 0
4 36 [2]
$1,-1
4 37 [2][4]
$4064000000000001,C05B800000000004,0,0
$4062C00000000001,C05B800000000003,4024,0
4 38 443
4 39 495
4 40 445
4 41 493
4 42 0
4 43 0
3 32 ->
4 33 782
4 34 4
4 35 0
4 36 [2]
$1,-1
4 37 [2][4]
$4064000000000001,C067C,C031800000000001,3D3
$4064000000000001,C05B800000000004,C031800000000001,4054
4 38 444
4 39 492
4 40 780
4 41 784
4 42 0
4 43 0
3 32 ->
4 33 781
4 34 4
4 35 0
4 36 [2]
$1,-1
4 37 [2][4]
$4064000000000001,C067C,C031800000000001,3D3
$4064000000000001,C05B800000000004,C031800000000001,4054
4 38 443
4 39 491
4 40 779
4 41 783
4 42 0
4 43 0
3 32 ->
4 33 786
4 34 4
4 35 0
4 36 [2]
$1,-1
4 37 [2][4]
$C063FFFFFFFFFFFF,C067C00000000002,4031800000000001,4074
$4064000000000001,C067C00000000002,4031800000000001,0
4 38 444
4 39 488
4 40 782
4 41 490
4 42 0
4 43 0
3 32 ->
4 33 785
4 34 4
4 35 0
4 36 [2]
$1,-1
4 37 [2][4]
$C063FFFFFFFFFFFF,C067C00000000002,4031800000000001,4074
$4064000000000001,C067C00000000002,4031800000000001,0
4 38 443
4 39 487
4 40 781
4 41 489
4 42 0
4 43 0
3 32 ->
4 33 788
4 34 4
4 35 0
4 36 [2]
$1,-1
4 37 [2][4]
$C063FFFFFFFFFFFF,4067BFFFFFFFFFFE,4031800000000001,4077C
$C063FFFFFFFFFFFF,C067C,4031800000000001,3D3
4 38 444
4 39 484
4 40 786
4 41 486
4 42 0
4 43 0
3 32 ->
4 33 787
4 34 4
4 35 0
4 36 [2]
$1,-1
4 37 [2][4]
$C063FFFFFFFFFFFF,4067BFFFFFFFFFFE,4031800000000001,4077C
$C063FFFFFFFFFFFF,C067C,4031800000000001,3D3
4 38 443
4 39 483
4 40 785
4 41 485
4 42 0
4 43 0
3 32 ->
4 33 790
4 34 4
4 35 0
4 36 [2]
$1,-1
4 37 [2][4]
$4064000000000001,4067BFFFFFFFFFFE,C031800000000001,0
$C063FFFFFFFFFFFF,4067BFFFFFFFFFFE,C031800000000001,4074
4 38 444
4 39 480
4 40 788
4 41 482
4 42 0
4 43 0
3 32 ->
4 33 789
4 34 4
4 35 0
4 36 [2]
$1,-1
4 37 [2][4]
$4064000000000001,4067BFFFFFFFFFFE,C031800000000001,0
$C063FFFFFFFFFFFF,4067BFFFFFFFFFFE,C031800000000001,4074
4 38 443
4 39 479
4 40 787
4 41 481
4 42 0
4 43 0
3 32 ->
4 33 792
4 34 4
4 35 0
4 36 [2]
$1,-1
4 37 [2][4]
$4064000000000001,405B7FFFFFFFFFFF,C031800000000001,4072C00000000001
$4064000000000001,4067BFFFFFFFFFFE,C031800000000001,4077C
4 38 444
4 39 476
4 40 790
4 41 478
4 42 0
4 43 0
3 32 ->
4 33 791
4 34 4
4 35 0
4 36 [2]
$1,-1
4 37 [2][4]
$4064000000000001,405B7FFFFFFFFFFF,C031800000000001,4072C00000000001
$4064000000000001,4067BFFFFFFFFFFE,C031800000000001,4077C
4 38 443
4 39 475
4 40 789
4 41 477
4 42 0
4 43 0
3 32 ->
4 33 474
4 34 4
4 35 0
4 36 [2]
$1,-1
4 37 [2][4]
$4062C00000000001,405B7FFFFFFFFFFD,0,4024
$4064000000000001,405B7FFFFFFFFFFD,0,0
4 38 444
4 39 472
4 40 792
4 41 794
4 42 0
4 43 0
3 32 ->
4 33 473
4 34 4
4 35 0
4 36 [2]
$1,-1
4 37 [2][4]
$4062C00000000001,405B7FFFFFFFFFFD,0,4024
$4064000000000001,405B7FFFFFFFFFFD,0,0
4 38 443
4 39 471
4 40 791
4 41 793
4 42 0
4 43 0
3 32 ->
4 33 796
4 34 4
4 35 0
4 36 [2]
$1,-1
4 37 [2][4]
$4062C00000000001,40567FFFFFFFFFFC,8,C034000000000004
$4062C00000000001,405B7FFFFFFFFFFD,0,0
4 38 444
4 39 468
4 40 474
4 41 464
4 42 0
4 43 0
3 32 ->
4 33 795
4 34 4
4 35 0
4 36 [2]
$1,-1
4 37 [2][4]
$4062C00000000001,40567FFFFFFFFFFC,8,C034000000000004
$4062C00000000001,405B7FFFFFFFFFFD,0,0
4 38 443
4 39 467
4 40 473
4 41 463
4 42 0
4 43 0
3 32 ->
4 33 798
4 34 4
4 35 0
4 36 [2]
$1,-1
4 37 [2][4]
$4064000000000001,40567FFFFFFFFFFD,0,0
$4062C00000000001,40567FFFFFFFFFFC,4024,0
4 38 444
4 39 462
4 40 796
4 41 512
4 42 0
4 43 0
3 32 ->
4 33 797
4 34 4
4 35 0
4 36 [2]
$1,-1
4 37 [2][4]
$4064000000000001,40567FFFFFFFFFFD,0,0
$4062C00000000001,40567FFFFFFFFFFC,4024,0
4 38 443
4 39 461
4 40 795
4 41 511
4 42 0
4 43 0
3 32 ->
4 33 800
4 34 4
4 35 0
4 36 [2]
$1,-1
4 37 [2][4]
$4064000000000001,C056800000000004,C031800000000001,4059
$4064000000000001,40567FFFFFFFFFFE,C031800000000001,40718
4 38 444
4 39 510
4 40 798
4 41 802
4 42 0
4 43 0
3 32 ->
4 33 799
4 34 4
4 35 0
4 36 [2]
$1,-1
4 37 [2][4]
$4064000000000001,C056800000000004,C031800000000001,4059
$4064000000000001,40567FFFFFFFFFFE,C031800000000001,40718
4 38 443
4 39 509
4 40 797
4 41 801
4 42 0
4 43 0
3 32 ->
4 33 508
4 34 4
4 35 0
4 36 [2]
$1,-1
4 37 [2][4]
$4062C00000000001,C056800000000004,0,4024
$4064000000000001,C056800000000004,0,0
4 38 444
4 39 506
4 40 800
4 41 804
4 42 0
4 43 0
3 32 ->
4 33 507
4 34 4
4 35 0
4 36 [2]
$1,-1
4 37 [2][4]
$4062C00000000001,C056800000000004,0,4024
$4064000000000001,C056800000000004,0,0
4 38 443
4 39 505
4 40 799
4 41 803
4 42 0
4 43 0
3 32 ->
4 33 548
4 34 4
4 35 0
4 36 [2]
$1,-1
4 37 [50][4]
$4012D97C7F3321D2,4000DB51293E7832,401921FB54442D18,40202A725CDE2CA4
$4012BA2F5730B759,4000DB51293E7832,401902AE2C41C29F,40202A725CDE2CB
$401298FB1843457B,4000DB51293E7832,4018E179ED5450C1,40202A725CDE2CAF
$401277C6D955D39A,4000DB51293E7832,4018C045AE66DEE1,40202A725CDE2CB
$401256929A6861BC,4000DB51293E7832,40189F116F796D03,40202A725CDE2CAF
$4012355E5B7AEFDE,4000DB51293E7832,40187DDD308BFB24,40202A725CDE2CAF
$4012142A1C8D7E,4000DB51293E7832,40185CA8F19E8946,40202A725CDE2CAF
$4011F2F5DDA00C21,4000DB51293E7832,40183B74B2B11766,40202A725CDE2CB
$4011D1C19EB29A42,4000DB51293E7832,40181A4073C3A588,40202A725CDE2CB
$4011B08D5FC52864,4000DB51293E7832,4017F90C34D633AA,40202A725CDE2CAF
$40118F5920D7B685,4000DB51293E7832,4017D7D7F5E8C1CA,40202A725CDE2CB
$40116E24E1EA44A7,4000DB51293E7832,4017B6A3B6FB4FED,40202A725CDE2CAE
$40114CF0A2FCD2C8,4000DB51293E7832,4017956F780DDE0E,40202A725CDE2CAE
$40112BBC640F60EA,4000DB51293E7832,4017743B39206C2F,40202A725CDE2CAE
$40110A882521EF0C,4000DB51293E7832,40175306FA32FA51,40202A725CDE2CAE
$4010E953E6347D2D,4000DB51293E7832,401731D2BB458873,40202A725CDE2CAD
$4010C81FA7470B4E,4000DB51293E7832,4017109E7C581694,40202A725CDE2CAE
$4010A6EB6859996F,4000DB51293E7832,4016EF6A3D6AA4B5,40202A725CDE2CAD
$401085B7296C279,4000DB51293E7832,4016CE35FE7D32D6,40202A725CDE2CAE
$40106482EA7EB5B2,4000DB51293E7832,4016AD01BF8FC0F8,40202A725CDE2CAB
$4010434EAB9143D4,4000DB51293E7832,40168BCD80A24F1A,40202A725CDE2CAB
$4010221A6CA3D1F4,4000DB51293E7832,40166A9941B4DD3B,40202A725CDE2CAB
$401000E62DB66016,4000DB51293E7832,4016496502C76B5D,40202A725CDE2CAA
$400FBF63DD91DC6E,4000DB51293E7832,40162830C3D9F97E,40202A725CDE2CAA
$400F7CFB5FB6F8B3,4000DB51293E7832,401606FC84EC879F,40202A725CDE2CAB
$400F3A92E1DC14F4,4000DB51293E7832,4015E5C845FF15C1,40202A725CDE2CAA
$400EF82A64013138,4000DB51293E7832,4015C4940711A3E2,40202A725CDE2CAA
$400EB5C1E6264D7A,4000DB51293E7832,4015A35FC8243204,40202A725CDE2CA9
$400E7359684B69BD,4000DB51293E7832,4015822B8936C025,40202A725CDE2CA8
$400E30F0EA7086,4000DB51293E7832,401560F74A494E47,40202A725CDE2CA8
$400DEE886C95A242,4000DB51293E7832,40153FC30B5BDC68,40202A725CDE2CA9
$400DAC1FEEBABE86,4000DB51293E7832,40151E8ECC6E6A89,40202A725CDE2CAB
$400D69B770DFDAC9,4000DB51293E7832,4014FD5A8D80F8AA,40202A725CDE2CAA
$400D274EF304F70A,4000DB51293E7832,4014DC264E9386CC,40202A725CDE2CA8
$400CE4E6752A134E,4000DB51293E7832,4014BAF20FA614ED,40202A725CDE2CA7
$400CA27DF74F2F92,4000DB51293E7832,401499BDD0B8A30E,40202A725CDE2CA9
$400C601579744BD5,4000DB51293E7832,4014788991CB313,40202A725CDE2CA8
$400C1DACFB996817,4000DB51293E7832,4014575552DDBF51,40202A725CDE2CAA
$400BDB447DBE845A,4000DB51293E7832,4014362113F04D73,40202A725CDE2CA9
$400B98DBFFE3A09D,4000DB51293E7832,401414ECD502DB94,40202A725CDE2CA7
$400B56738208BCE,4000DB51293E7832,4013F3B8961569B6,40202A725CDE2CA8
$400B140B042DD922,4000DB51293E7832,4013D2845727F7D7,40202A725CDE2CAA
$400AD1A28652F565,4000DB51293E7832,4013B150183A85F8,40202A725CDE2CA7
$400A8F3A087811A8,4000DB51293E7832,4013901BD94D141A,40202A725CDE2CA7
$400A4CD18A9D2DEB,4000DB51293E7832,40136EE79A5FA23B,40202A725CDE2CA7
$400A0A690CC24A2E,4000DB51293E7832,40134DB35B72305D,40202A725CDE2CA7
$4009C8008EE7667,4000DB51293E7832,40132C7F1C84BE7E,40202A725CDE2CA8
$40098598110C82B3,4000DB51293E7832,40130B4ADD974CA,40202A725CDE2CA6
$4009432F93319EF6,4000DB51293E7832,4012EA169EA9DAC1,40202A725CDE2CA8
$400921FB54442D18,4000DB51293E7832,4012D97C7F3321D2,40202A725CDE2CA6
4 38 514
4 39 450
4 40 516
4 41 574
4 42 0
4 43 0
3 32 ->
4 33 547
4 34 4
4 35 0
4 36 [2]
$1,-1
4 37 [50][4]
$4012D97C7F3321D2,4000DB51293E7832,401921FB54442D18,40202A725CDE2CA4
$4012BA2F5730B759,4000DB51293E7832,401902AE2C41C29F,40202A725CDE2CB
$401298FB1843457B,4000DB51293E7832,4018E179ED5450C1,40202A725CDE2CAF
$401277C6D955D39A,4000DB51293E7832,4018C045AE66DEE1,40202A725CDE2CB
$401256929A6861BC,4000DB51293E7832,40189F116F796D03,40202A725CDE2CAF
$4012355E5B7AEFDE,4000DB51293E7832,40187DDD308BFB24,40202A725CDE2CAF
$4012142A1C8D7E,4000DB51293E7832,40185CA8F19E8946,40202A725CDE2CAF
$4011F2F5DDA00C21,4000DB51293E7832,40183B74B2B11766,40202A725CDE2CB
$4011D1C19EB29A42,4000DB51293E7832,40181A4073C3A588,40202A725CDE2CB
$4011B08D5FC52864,4000DB51293E7832,4017F90C34D633AA,40202A725CDE2CAF
$40118F5920D7B685,4000DB51293E7832,4017D7D7F5E8C1CA,40202A725CDE2CB
$40116E24E1EA44A7,4000DB51293E7832,4017B6A3B6FB4FED,40202A725CDE2CAE
$40114CF0A2FCD2C8,4000DB51293E7832,4017956F780DDE0E,40202A725CDE2CAE
$40112BBC640F60EA,4000DB51293E7832,4017743B39206C2F,40202A725CDE2CAE
$40110A882521EF0C,4000DB51293E7832,40175306FA32FA51,40202A725CDE2CAE
$4010E953E6347D2D,4000DB51293E7832,401731D2BB458873,40202A725CDE2CAD
$4010C81FA7470B4E,4000DB51293E7832,4017109E7C581694,40202A725CDE2CAE
$4010A6EB6859996F,4000DB51293E7832,4016EF6A3D6AA4B5,40202A725CDE2CAD
$401085B7296C279,4000DB51293E7832,4016CE35FE7D32D6,40202A725CDE2CAE
$40106482EA7EB5B2,4000DB51293E7832,4016AD01BF8FC0F8,40202A725CDE2CAB
$4010434EAB9143D4,4000DB51293E7832,40168BCD80A24F1A,40202A725CDE2CAB
$4010221A6CA3D1F4,4000DB51293E7832,40166A9941B4DD3B,40202A725CDE2CAB
$401000E62DB66016,4000DB51293E7832,4016496502C76B5D,40202A725CDE2CAA
$400FBF63DD91DC6E,4000DB51293E7832,40162830C3D9F97E,40202A725CDE2CAA
$400F7CFB5FB6F8B3,4000DB51293E7832,401606FC84EC879F,40202A725CDE2CAB
$400F3A92E1DC14F4,4000DB51293E7832,4015E5C845FF15C1,40202A725CDE2CAA
$400EF82A64013138,4000DB51293E7832,4015C4940711A3E2,40202A725CDE2CAA
$400EB5C1E6264D7A,4000DB51293E7832,4015A35FC8243204,40202A725CDE2CA9
$400E7359684B69BD,4000DB51293E7832,4015822B8936C025,40202A725CDE2CA8
$400E30F0EA7086,4000DB51293E7832,401560F74A494E47,40202A725CDE2CA8
$400DEE886C95A242,4000DB51293E7832,40153FC30B5BDC68,40202A725CDE2CA9
$400DAC1FEEBABE86,4000DB51293E7832,40151E8ECC6E6A89,40202A725CDE2CAB
$400D69B770DFDAC9,4000DB51293E7832,4014FD5A8D80F8AA,40202A725CDE2CAA
$400D274EF304F70A,4000DB51293E7832,4014DC264E9386CC,40202A725CDE2CA8
$400CE4E6752A134E,4000DB51293E7832,4014BAF20FA614ED,40202A725CDE2CA7
$400CA27DF74F2F92,4000DB51293E7832,401499BDD0B8A30E,40202A725CDE2CA9
$400C601579744BD5,4000DB51293E7832,4014788991CB313,40202A725CDE2CA8
$400C1DACFB996817,4000DB51293E7832,4014575552DDBF51,40202A725CDE2CAA
$400BDB447DBE845A,4000DB51293E7832,4014362113F04D73,40202A725CDE2CA9
$400B98DBFFE3A09D,4000DB51293E7832,401414ECD502DB94,40202A725CDE2CA7
$400B56738208BCE,4000DB51293E7832,4013F3B8961569B6,40202A725CDE2CA8
$400B140B042DD922,4000DB51293E7832,4013D2845727F7D7,40202A725CDE2CAA
$400AD1A28652F565,4000DB51293E7832,4013B150183A85F8,40202A725CDE2CA7
$400A8F3A087811A8,4000DB51293E7832,4013901BD94D141A,40202A725CDE2CA7
$400A4CD18A9D2DEB,4000DB51293E7832,40136EE79A5FA23B,40202A725CDE2CA7
$400A0A690CC24A2E,4000DB51293E7832,40134DB35B72305D,40202A725CDE2CA7
$4009C8008EE7667,4000DB51293E7832,40132C7F1C84BE7E,40202A725CDE2CA8
$40098598110C82B3,4000DB51293E7832,40130B4ADD974CA,40202A725CDE2CA6
$4009432F93319EF6,4000DB51293E7832,4012EA169EA9DAC1,40202A725CDE2CA8
$400921FB54442D18,4000DB51293E7832,4012D97C7F3321D2,40202A725CDE2CA6
4 38 513
4 39 449
4 40 515
4 41 573
4 42 0
4 43 0
3 32 ->
4 33 572
4 34 4
4 35 0
4 36 [2]
$1,-1
4 37 [102][4]
$4034000000000009,0,401921FB54442D18,4028
$40340129EC83D694,BFD7A211C46587EB,401908C545110EB3,4028
$4034060211BCFE4A,BFEAD72319B464E6,4018E8B140EFC807,4028
$40340E9D52D587C5,BFF4EB3FA27E1BAD,4018C89D3CCE815A,4028
$40341AF98656D93C,BFFC65AC777A4034,4018A88938AD3AAD,4028
$40342B139165E4C3,C001EC7B91990BF7,40188875348BF4,4028
$40343EE7688AD3B8,C005A1A043E2D33D,40186861306AAD54,4028
$4034567010B5239,C0095155E5363AA5,4018484D2C4966A7,4028
$403471A7A07BF27F,C00CFAAF659F8ABE,4018283928281FFA,4028
$40349087419A2BA5,C0104E60A7144492,401808252406D94D,4028
$4034B30732A6333,C0121B50FDFF5A3E,4017E8111FE592A,4028
$4034D91EC904A403,C013E3B4ED91F3A4,4017C7FD1BC44BF4,4028
$403502C47315A1A2,C015A719D04D51BF,4017A7E917A30547,4028
$40352FEDBA9C3252,C017650E41FFB4F2,401787D51381BE9A,4028
$4035608F475F06E9,C0191D223C405282,401767C10F6077ED,4028
$4035949CE2020742,C01ACEE732936C25,401747AD0B3F314,4028
$4035CC097717EC21,C01C79F02E2F77F8,40172799071DEA93,4028
$403606C71A6B2112,C01E1DD1E95C5EF3,4017078502FCA3E7,4028
$403644C70A7D1B2A,C01FBA22EA65F1C1,4016E770FEDB5D3A,4028
$403685F9B43B43A4,C020A73DCF0D6776,4016C75CFABA168D,4028
$4036CA4EB6E8880E,C0216D3B38E88944,4016A748F698CFE,4028
$403711B4E83A9462,C0222ED7F675232C,40168734F2778934,4028
$40375C1A58A9AE87,C022EBE364E8149B,40166720EE564287,4028
$4037A96C57F21DD,C023A42E073203A7,4016470CEA34FBDA,4028
$4037F99779C5FCEC,C024578991ED3FBC,401626F8E613B52D,4028
$40384C879AAE483,C02505C8F6FEDBC4,401606E4E1F26E81,4028
$4038A227E519EE99,C025AEC070E813F9,4015E6D0DDD127D4,4028
$4038FA62D699A01D,C02652458DC52776,4015C6BCD9AFE127,4028
$40395522454708D3,C026F02F39F6E279,4015A6A8D58E9A7A,4028
$4039B24F65561D5A,C0278855CA742BBC,40158694D16D53CD,4028
$403A11D2CECF1293,C0281A9306C0FD24,40156680CD4C0D21,4028
$403A7394836F9058,C028A6C232884739,4015466CC92AC674,4028
$403AD77BF4B1A51C,C0292CC016D655BC,40152658C5097FC7,4028
$403B3D7009F6F6E5,C029AC6B0AF16412,40150644C0E8391A,4028
$403BA55726D6A4D3,C02A25A2FCCE288F,4014E630BCC6F26E,4028
$403C0F17318C43F1,C02A9849791E36FD,4014C61CB8A5ABC,4028
$403C7A959986596E,C02B0441B2F6342C,4014A608B4846514,4028
$403CE7B75E12ACB7,C02B69708B09EEB4,401485F4B0631E67,4028
$403D56611526C445,C02BC7BC967C8BB5,401465E0AC41D7BA,4028
$403DC676F242D8EA,C02C1F0E25431159,401445CCA820910D,4028
$403E37DCCD6D84BE,C02C6F4F4817B481,401425B8A3FF4A6,4028
$403EAA762A466CA1,C02CB86BD5FC6B0F,401405A49FDE03B4,4028
$403F1E263F2E1D77,C02CFA51714B6056,4013E5909BBCBD07,4028
$403F92CFFC8150EF,C02D34EF8C540612,4013C57C979B765A,4028
$4040042B09F2E467,C02D68376D83994,4013A568937A2FAE,4028
$40403F4D7FD375A7,C02D941C33180F5,401385548F58E901,4028
$40407AC085102387,C02DB892D65C7E,401365408B37A254,4028
$4040B6752A9A10E9,C02DD5922E6E2DA3,4013452C87165BA7,4028
$4040F25C70E618F5,C02DEB12F289A3AE,4013251882F514FA,4028
$40412E674BB15007,C02DF90FBBDF11C,401305047ED3CE4D,4028
$40416A86A5C8B664,C02DFF8506EDB351,4012E4F07AB287A1,4028
$4041A6AB64D329C8,C02DFE713465C2CD,4012C4DC769140F4,4028
$4041E2C66D1CA1FC,C02DF5D48990CD65,4012A4C8726FFA47,4028
$40421EC8A561C4A9,C02DE5B130404B5A,401284B46E4EB39A,4028
$40425AA2FA9ADC2A,C02DCE0B36428118,401264A06A2D6CEE,4028
$4042964663C53D9A,C02DAEE88C5DCC24,4012448C660C2641,4028
$4042D1A3E5AA2A7C,C02D885104D29D4D,4012247861EADF94,4028
$40430CAC96A23B33,C02D5A4E51648022,401204645DC998E7,4028
$40434751A2546035,C02D24EC00EAADFB,4011E45059A8523A,4028
$404381844D6F891D,C02CE8377C68C937,4011C43C55870B8E,4028
$4043BB35F95E020B,C02CA44003B07B5E,4011A4285165C4E1,4028
$4043F45827F19948,C02C5916A98CCEDA,401184144D447E34,4028
$40442CDC7F07A11F,C02C06CE4F783A8D,4011640049233788,4028
$404464B4CC23E3B3,C02BAD7BA0DE7311,401143EC4501F0DB,4028
$40449BD30801A102,C02B4D350DEB32B7,401123D840E0AA2E,4028
$4044D2295A19B1C2,C02AE612C5E7461B,401103C43CBF6381,4028
$404507AA1C1CEC6B,C02A782EB12547CA,4010E3B0389E1CD4,4028
$40453C47DD61ECD9,C02A03A46A7F91B9,4010C39C347CD628,4028
$40456FF5664561E7,C0298891386906EB,4010A388305B8F7B,4028
$4045A2A5BB7C0805,C029071405927365,401083742C3A48CE,4028
$4045D44C21557B32,C0287F4D59265B4,4010636028190222,4028
$404604DC1EEF0EA5,C027F15F4E9D2C4E,4010434C23F7BB75,4028
$404634498155DC81,C0275D6D8D2BDFC8,401023381FD674C8,4028
$404662885E9744,C026C39D3ECF330A,401003241BB52E1B,4028
$40468F8D18BF1122,C026241506F5B742,400FC6202F27CEDD,4028
$4046BB4C60C28D55,C0257EFCF8CB107C,400F85F826E54183,4028
$4046E5BB3957BD6F,C024D47E8D26D428,400F45D01EA2B429,4028
$40470ECEF9B81653,C02424C498218E98,400F05A8166026D,4028
$4047367D504DF6B1,C0236FFB3E528D3D,400EC5800E1D9977,4028
$40475CBC454C39BC,C022B64FE9B921B3,400E855805DB0C1D,4028
$404781823D2F3C0A,C021F7F13E54268D,400E452FFD987EC3,4028
$4047A4C5FB26B1C1,C021350F0E6AA39B,400E0507F555F16A,4028
$4047C67EA367B2B5,C0206DDA4E88830C,400DC4DFED136411,4028
$4047E6A3BD666758,C01F450A1264B80B,400D84B7E4D0D6B6,4028
$4048052D35F6C74F,C01DA684A4A6D2DC,400D448FDC8E495D,4028
$404822136153E0E6,C01C008C74D1AAC7,400D0467D44BBC04,4028
$40483D4EFD0D26E7,C01A538B82DB24DA,400CC43FCC092EAA,4028
$404856D931D948E3,C0189FED931416FE,400C8417C3C6A151,4028
$40486EAB954E20B4,C016E62013160606,400C43EFBB8413F7,4028
$404884C02B7D46B4,C0152691FE460E9F,400C03C7B341869D,4028
$404899116874E4F5,C01361B3C1F3E0DD,400BC39FAAFEF944,4028
$4048AB9A31A468E7,C01197F7211BCF46,400B8377A2BC6BEA,4028
$4048BC55DF24B9B9,C00F939E2FA61302,400B434F9A79DE91,4028
$4048CB403CE3A11A,C00BEF5F7CCA60D,400B032792375137,4028
$4048D8558BB21B0C,C008441C585509FC,400AC2FF89F4C3DD,4028
$4048E392823548FA,C00492C0B43C0B6E,400A82D781B23684,4028
$4048ECF44DB9CB74,C000DC3A0A75BB2E,400A42AF796FA92A,4028
$4048F47892E94D87,BFFA42EE42A25BC5,400A0287712D1BD1,4028
$4048FA1D6E621416,BFF2C6CF9EF63F8F,4009C25F68EA8E77,4028
$4048FDE175306B19,BFE68BF2FEF9C99A,4009823760A8011E,4028
$4048FFC3B529D246,BFCE127348F616E2,4009420F586573C4,4028
$4049000000000004,3CE08BC3CFE31646,400921FB54442D18,4028
4 38 518
4 39 454
4 40 528
4 41 568
4 42 0
4 43 0
3 32 ->
4 33 571
4 34 4
4 35 0
4 36 [2]
$1,-1
4 37 [102][4]
$4034000000000009,0,401921FB54442D18,4028
$40340129EC83D694,BFD7A211C46587EB,401908C545110EB3,4028
$4034060211BCFE4A,BFEAD72319B464E6,4018E8B140EFC807,4028
$40340E9D52D587C5,BFF4EB3FA27E1BAD,4018C89D3CCE815A,4028
$40341AF98656D93C,BFFC65AC777A4034,4018A88938AD3AAD,4028
$40342B139165E4C3,C001EC7B91990BF7,40188875348BF4,4028
$40343EE7688AD3B8,C005A1A043E2D33D,40186861306AAD54,4028
$4034567010B5239,C0095155E5363AA5,4018484D2C4966A7,4028
$403471A7A07BF27F,C00CFAAF659F8ABE,4018283928281FFA,4028
$40349087419A2BA5,C0104E60A7144492,401808252406D94D,4028
$4034B30732A6333,C0121B50FDFF5A3E,4017E8111FE592A,4028
$4034D91EC904A403,C013E3B4ED91F3A4,4017C7FD1BC44BF4,4028
$403502C47315A1A2,C015A719D04D51BF,4017A7E917A30547,4028
$40352FEDBA9C3252,C017650E41FFB4F2,401787D51381BE9A,4028
$4035608F475F06E9,C0191D223C405282,401767C10F6077ED,4028
$4035949CE2020742,C01ACEE732936C25,401747AD0B3F314,4028
$4035CC097717EC21,C01C79F02E2F77F8,40172799071DEA93,4028
$403606C71A6B2112,C01E1DD1E95C5EF3,4017078502FCA3E7,4028
$403644C70A7D1B2A,C01FBA22EA65F1C1,4016E770FEDB5D3A,4028
$403685F9B43B43A4,C020A73DCF0D6776,4016C75CFABA168D,4028
$4036CA4EB6E8880E,C0216D3B38E88944,4016A748F698CFE,4028
$403711B4E83A9462,C0222ED7F675232C,40168734F2778934,4028
$40375C1A58A9AE87,C022EBE364E8149B,40166720EE564287,4028
$4037A96C57F21DD,C023A42E073203A7,4016470CEA34FBDA,4028
$4037F99779C5FCEC,C024578991ED3FBC,401626F8E613B52D,4028
$40384C879AAE483,C02505C8F6FEDBC4,401606E4E1F26E81,4028
$4038A227E519EE99,C025AEC070E813F9,4015E6D0DDD127D4,4028
$4038FA62D699A01D,C02652458DC52776,4015C6BCD9AFE127,4028
$40395522454708D3,C026F02F39F6E279,4015A6A8D58E9A7A,4028
$4039B24F65561D5A,C0278855CA742BBC,40158694D16D53CD,4028
$403A11D2CECF1293,C0281A9306C0FD24,40156680CD4C0D21,4028
$403A7394836F9058,C028A6C232884739,4015466CC92AC674,4028
$403AD77BF4B1A51C,C0292CC016D655BC,40152658C5097FC7,4028
$403B3D7009F6F6E5,C029AC6B0AF16412,40150644C0E8391A,4028
$403BA55726D6A4D3,C02A25A2FCCE288F,4014E630BCC6F26E,4028
$403C0F17318C43F1,C02A9849791E36FD,4014C61CB8A5ABC,4028
$403C7A959986596E,C02B0441B2F6342C,4014A608B4846514,4028
$403CE7B75E12ACB7,C02B69708B09EEB4,401485F4B0631E67,4028
$403D56611526C445,C02BC7BC967C8BB5,401465E0AC41D7BA,4028
$403DC676F242D8EA,C02C1F0E25431159,401445CCA820910D,4028
$403E37DCCD6D84BE,C02C6F4F4817B481,401425B8A3FF4A6,4028
$403EAA762A466CA1,C02CB86BD5FC6B0F,401405A49FDE03B4,4028
$403F1E263F2E1D77,C02CFA51714B6056,4013E5909BBCBD07,4028
$403F92CFFC8150EF,C02D34EF8C540612,4013C57C979B765A,4028
$4040042B09F2E467,C02D68376D83994,4013A568937A2FAE,4028
$40403F4D7FD375A7,C02D941C33180F5,401385548F58E901,4028
$40407AC085102387,C02DB892D65C7E,401365408B37A254,4028
$4040B6752A9A10E9,C02DD5922E6E2DA3,4013452C87165BA7,4028
$4040F25C70E618F5,C02DEB12F289A3AE,4013251882F514FA,4028
$40412E674BB15007,C02DF90FBBDF11C,401305047ED3CE4D,4028
$40416A86A5C8B664,C02DFF8506EDB351,4012E4F07AB287A1,4028
$4041A6AB64D329C8,C02DFE713465C2CD,4012C4DC769140F4,4028
$4041E2C66D1CA1FC,C02DF5D48990CD65,4012A4C8726FFA47,4028
$40421EC8A561C4A9,C02DE5B130404B5A,401284B46E4EB39A,4028
$40425AA2FA9ADC2A,C02DCE0B36428118,401264A06A2D6CEE,4028
$4042964663C53D9A,C02DAEE88C5DCC24,4012448C660C2641,4028
$4042D1A3E5AA2A7C,C02D885104D29D4D,4012247861EADF94,4028
$40430CAC96A23B33,C02D5A4E51648022,401204645DC998E7,4028
$40434751A2546035,C02D24EC00EAADFB,4011E45059A8523A,4028
$404381844D6F891D,C02CE8377C68C937,4011C43C55870B8E,4028
$4043BB35F95E020B,C02CA44003B07B5E,4011A4285165C4E1,4028
$4043F45827F19948,C02C5916A98CCEDA,401184144D447E34,4028
$40442CDC7F07A11F,C02C06CE4F783A8D,4011640049233788,4028
$404464B4CC23E3B3,C02BAD7BA0DE7311,401143EC4501F0DB,4028
$40449BD30801A102,C02B4D350DEB32B7,401123D840E0AA2E,4028
$4044D2295A19B1C2,C02AE612C5E7461B,401103C43CBF6381,4028
$404507AA1C1CEC6B,C02A782EB12547CA,4010E3B0389E1CD4,4028
$40453C47DD61ECD9,C02A03A46A7F91B9,4010C39C347CD628,4028
$40456FF5664561E7,C0298891386906EB,4010A388305B8F7B,4028
$4045A2A5BB7C0805,C029071405927365,401083742C3A48CE,4028
$4045D44C21557B32,C0287F4D59265B4,4010636028190222,4028
$404604DC1EEF0EA5,C027F15F4E9D2C4E,4010434C23F7BB75,4028
$404634498155DC81,C0275D6D8D2BDFC8,401023381FD674C8,4028
$404662885E9744,C026C39D3ECF330A,401003241BB52E1B,4028
$40468F8D18BF1122,C026241506F5B742,400FC6202F27CEDD,4028
$4046BB4C60C28D55,C0257EFCF8CB107C,400F85F826E54183,4028
$4046E5BB3957BD6F,C024D47E8D26D428,400F45D01EA2B429,4028
$40470ECEF9B81653,C02424C498218E98,400F05A8166026D,4028
$4047367D504DF6B1,C0236FFB3E528D3D,400EC5800E1D9977,4028
$40475CBC454C39BC,C022B64FE9B921B3,400E855805DB0C1D,4028
$404781823D2F3C0A,C021F7F13E54268D,400E452FFD987EC3,4028
$4047A4C5FB26B1C1,C021350F0E6AA39B,400E0507F555F16A,4028
$4047C67EA367B2B5,C0206DDA4E88830C,400DC4DFED136411,4028
$4047E6A3BD666758,C01F450A1264B80B,400D84B7E4D0D6B6,4028
$4048052D35F6C74F,C01DA684A4A6D2DC,400D448FDC8E495D,4028
$404822136153E0E6,C01C008C74D1AAC7,400D0467D44BBC04,4028
$40483D4EFD0D26E7,C01A538B82DB24DA,400CC43FCC092EAA,4028
$404856D931D948E3,C0189FED931416FE,400C8417C3C6A151,4028
$40486EAB954E20B4,C016E62013160606,400C43EFBB8413F7,4028
$404884C02B7D46B4,C0152691FE460E9F,400C03C7B341869D,4028
$404899116874E4F5,C01361B3C1F3E0DD,400BC39FAAFEF944,4028
$4048AB9A31A468E7,C01197F7211BCF46,400B8377A2BC6BEA,4028
$4048BC55DF24B9B9,C00F939E2FA61302,400B434F9A79DE91,4028
$4048CB403CE3A11A,C00BEF5F7CCA60D,400B032792375137,4028
$4048D8558BB21B0C,C008441C585509FC,400AC2FF89F4C3DD,4028
$4048E392823548FA,C00492C0B43C0B6E,400A82D781B23684,4028
$4048ECF44DB9CB74,C000DC3A0A75BB2E,400A42AF796FA92A,4028
$4048F47892E94D87,BFFA42EE42A25BC5,400A0287712D1BD1,4028
$4048FA1D6E621416,BFF2C6CF9EF63F8F,4009C25F68EA8E77,4028
$4048FDE175306B19,BFE68BF2FEF9C99A,4009823760A8011E,4028
$4048FFC3B529D246,BFCE127348F616E2,4009420F586573C4,4028
$4049000000000004,3CE08BC3CFE31646,400921FB54442D18,4028
4 38 517
4 39 453
4 40 527
4 41 567
4 42 0
4 43 0
3 32 ->
4 33 560
4 34 4
4 35 0
4 36 [2]
$1,-1
4 37 [102][4]
$C048FFFFFFFFFFFD,0,401921FB54442D18,4028
$C048FF6B09BE14B8,BFD7A211C46587EB,401908C545110EB3,4028
$C048FCFEF72180DD,BFEAD72319B464E6,4018E8B140EFC807,4028
$C048F8B156953C2,BFF4EB3FA27E1BAD,4018C89D3CCE815A,4028
$C048F2833CD49364,BFFC65AC777A4034,4018A88938AD3AAD,4028
$C048EA76374D0DA,C001EC7B91990BF7,40188875348BF4,4028
$C048E08C4BBA9626,C005A1A043E2D33D,40186861306AAD54,4028
$C048D4C7F7A56E3A,C0095155E5363AA5,4018484D2C4966A7,4028
$C048C72C2FC206C3,C00CFAAF659F8ABE,4018283928281FFA,4028
$C048B7BC5F32EA3,C0104E60A7144492,401808252406D94D,4028
$C048A67C66ACE66B,C0121B50FDFF5A3E,4017E8111FE592A,4028
$C04893709B7DAE,C013E3B4ED91F3A4,4017C7FD1BC44BF3,4028
$C0487E9DC6752F31,C015A719D04D51BF,4017A7E917A30547,4028
$C048680922B1E6D9,C017650E41FFB4F2,401787D51381BE9A,4028
$C0484FB85C507C8D,C0191D223C405282,401767C10F6077ED,4028
$C04835B18EFEFC61,C01ACEE732936C25,401747AD0B3F314,4028
$C04819FB447409F2,C01C79F02E2F77F8,40172799071DEA94,4028
$C047FC9C72CA6F79,C01E1DD1E95C5EF3,4017078502FCA3E7,4028
$C047DD9C7AC1726E,C01FBA22EA65F1C1,4016E770FEDB5D3A,4028
$C047BD0325E25E3,C020A73DCF0D6776,4016C75CFABA168D,4028
$C0479AD8A48BBBFB,C0216D3B38E88944,4016A748F698CFE,4028
$C04777258BE2B5D1,C0222ED7F675232C,40168734F2778934,4028
$C04751F2D3AB28BE,C022EBE364E8149B,40166720EE564287,4028
$C0472B49D406F11A,C023A42E073203A7,4016470CEA34FBDA,4028
$C0470334431D018C,C024578991ED3FBC,401626F8E613B52D,4028
$C046D9BC32A8DBE9,C02505C8F6FEDBC4,401606E4E1F26E8,4028
$C046AEEC0D7308B5,C025AEC070E813F9,4015E6D0DDD127D3,4028
$C04682CE94B32FF4,C02652458DC52776,4015C6BCD9AFE127,4028
$C046556EDD5C7B99,C026F02F39F6E279,4015A6A8D58E9A7A,4028
$C04626D84D54F155,C0278855CA742BBC,40158694D16D53CE,4028
$C045F716989876B8,C0281A9306C0FD24,40156680CD4C0D2,4028
$C045C635BE4837D6,C028A6C232884739,4015466CC92AC674,4028
$C045944205A72D74,C0292CC016D655BC,40152658C5097FC7,4028
$C0456147FB04848F,C029AC6B0AF16412,40150644C0E8391A,4028
$C0452D546C94AD98,C02A25A2FCCE288F,4014E630BCC6F26D,4028
$C044F8746739DE09,C02A9849791E36FD,4014C61CB8A5ABC,4028
$C044C2B5333CD34B,C02B0441B2F6342C,4014A608B4846514,4028
$C0448C2450F6A9A6,C02B69708B09EEB4,401485F4B0631E67,4028
$C04454CF756C9DDF,C02BC7BC967C8BB5,401465E0AC41D7BA,4028
$C0441CC486DE938D,C02C1F0E25431159,401445CCA820910D,4028
$C043E41199493DA3,C02C6F4F4817B481,401425B8A3FF4A6,4028
$C043AAC4EADCC9B1,C02CB86BD5FC6B0F,401405A49FDE03B4,4028
$C04370ECE068F147,C02CFA51714B6056,4013E5909BBCBD07,4028
$C043369801BF578A,C02D34EF8C540612,4013C57C979B765A,4028
$C042FBD4F60D1B9B,C02D68376D83994,4013A568937A2FAE,4028
$C042C0B2802C8A5B,C02D941C33180F5,401385548F58E901,4028
$C042853F7AEFDC7A,C02DB892D65C7E,401365408B37A254,4028
$C042498AD565EF19,C02DD5922E6E2DA3,4013452C87165BA7,4028
$C0420DA38F19E70D,C02DEB12F289A3AE,4013251882F514FA,4028
$C041D198B44EAFFB,C02DF90FBBDF11C,401305047ED3CE4D,4028
$C04195795A37499D,C02DFF8506EDB351,4012E4F07AB287A,4028
$C04159549B2CD63A,C02DFE713465C2CD,4012C4DC769140F4,4028
$C0411D3992E35E06,C02DF5D48990CD65,4012A4C8726FFA47,4028
$C040E1375A9E3B59,C02DE5B130404B5A,401284B46E4EB39A,4028
$C040A55D056523D8,C02DCE0B36428118,401264A06A2D6CEE,4028
$C04069B99C3AC268,C02DAEE88C5DCC24,4012448C660C2641,4028
$C0402E5C1A55D586,C02D885104D29D4D,4012247861EADF94,4028
$C03FE6A6D2BB899D,C02D5A4E51648022,401204645DC998E7,4028
$C03F715CBB573F9A,C02D24EC00EAADFB,4011E45059A8523A,4028
$C03EFCF76520EDC9,C02CE8377C68C937,4011C43C55870B8E,4028
$C03E89940D43FBEE,C02CA44003B07B5E,4011A4285165C4E1,4028
$C03E174FB01CCD73,C02C5916A98CCEDA,401184144D447E34,4028
$C03DA64701F0BDC5,C02C06CE4F783A8D,4011640049233788,4028
$C03D369667B8389D,C02BAD7BA0DE7311,401143EC4501F0DB,4028
$C03CC859EFFCBE,C02B4D350DEB32B7,401123D840E0AA2E,4028
$C03C5BAD4BCC9C81,C02AE612C5E7461B,401103C43CBF6382,4028
$C03BF0ABC7C6272D,C02A782EB12547CA,4010E3B0389E1CD4,4028
$C03B8770453C2651,C02A03A46A7F91B9,4010C39C347CD628,4028
$C03B201533753C36,C0298891386906EB,4010A388305B8F7B,4028
$C03ABAB48907EFF9,C029071405927365,401083742C3A48CE,4028
$C03A5767BD5509A,C0287F4D59265B4,4010636028190222,4028
$C039F647C221E2B9,C027F15F4E9D2C4E,4010434C23F7BB75,4028
$C039976CFD544703,C0275D6D8D2BDFC8,401023381FD674C8,4028
$C0393AEF42D17804,C026C39D3ECF330A,401003241BB52E1B,4028
$C038E0E5CE81DDC,C026241506F5B742,400FC6202F27CEDD,4028
$C03889673E7AE559,C0257EFCF8CB107C,400F85F826E54183,4028
$C03834898D508526,C024D47E8D26D428,400F45D01EA2B429,4028
$C037E2620C8FD35E,C02424C498218E98,400F05A8166026D,4028
$C03793055F6412A,C0236FFB3E528D3D,400EC5800E1D9976,4028
$C037468775678C8C,C022B64FE9B921B3,400E855805DB0C1D,4028
$C036FCFB85A187F,C021F7F13E54268D,400E452FFD987EC3,4028
$C036B67409B29C82,C021350F0E6AA39B,400E0507F555F16A,4028
$C0367302B9309A99,C0206DDA4E88830C,400DC4DFED13641,4028
$C03632B885333155,C01F450A1264B80B,400D84B7E4D0D6B7,4028
$C035F5A594127167,C01DA684A4A6D2DC,400D448FDC8E495D,4028
$C035BBD93D583E38,C01C008C74D1AAC7,400D0467D44BBC04,4028
$C035856205E5B236,C01A538B82DB24DA,400CC43FCC092EAA,4028
$C035524D9C4D6E3F,C0189FED931416FE,400C8417C3C6A151,4028
$C03522A8D563BE9C,C016E62013160606,400C43EFBB8413F7,4028
$C034F67FA905729D,C0152691FE460E9F,400C03C7B341869E,4028
$C034CDDD2F16361A,C01361B3C1F3E0DD,400BC39FAAFEF944,4028
$C034A8CB9CB72E36,C01197F7211BCF46,400B8377A2BC6BEA,4028
$C034875441B68C92,C00F939E2FA61302,400B434F9A79DE91,4028
$C034697F8638BDD,C00BEF5F7CCA60D,400B032792375137,4028
$C0344F54E89BC9EC,C008441C585509FC,400AC2FF89F4C3DD,4028
$C03438DAFB956E0F,C00492C0B43C0B6E,400A82D781B23684,4028
$C0342617648C691C,C000DC3A0A75BB2E,400A42AF796FA92A,4028
$C034170EDA2D64F6,BFFA42EE42A25BC5,400A0287712D1BD1,4028
$C0340BC5233BD7D7,BFF2C6CF9EF63F8F,4009C25F68EA8E77,4028
$C034043D159F29D2,BFE68BF2FEF9C99A,4009823760A8011E,4028
$C034007895AC5B78,BFCE127348F616E2,4009420F586573C4,4028
$C033FFFFFFFFFFFB,3CE08BC3CFE31646,400921FB54442D18,4028
4 38 518
4 39 458
4 40 526
4 41 562
4 42 0
4 43 0
3 32 ->
4 33 559
4 34 4
4 35 0
4 36 [2]
$1,-1
4 37 [102][4]
$C048FFFFFFFFFFFD,0,401921FB54442D18,4028
$C048FF6B09BE14B8,BFD7A211C46587EB,401908C545110EB3,4028
$C048FCFEF72180DD,BFEAD72319B464E6,4018E8B140EFC807,4028
$C048F8B156953C2,BFF4EB3FA27E1BAD,4018C89D3CCE815A,4028
$C048F2833CD49364,BFFC65AC777A4034,4018A88938AD3AAD,4028
$C048EA76374D0DA,C001EC7B91990BF7,40188875348BF4,4028
$C048E08C4BBA9626,C005A1A043E2D33D,40186861306AAD54,4028
$C048D4C7F7A56E3A,C0095155E5363AA5,4018484D2C4966A7,4028
$C048C72C2FC206C3,C00CFAAF659F8ABE,4018283928281FFA,4028
$C048B7BC5F32EA3,C0104E60A7144492,401808252406D94D,4028
$C048A67C66ACE66B,C0121B50FDFF5A3E,4017E8111FE592A,4028
$C04893709B7DAE,C013E3B4ED91F3A4,4017C7FD1BC44BF3,4028
$C0487E9DC6752F31,C015A719D04D51BF,4017A7E917A30547,4028
$C048680922B1E6D9,C017650E41FFB4F2,401787D51381BE9A,4028
$C0484FB85C507C8D,C0191D223C405282,401767C10F6077ED,4028
$C04835B18EFEFC61,C01ACEE732936C25,401747AD0B3F314,4028
$C04819FB447409F2,C01C79F02E2F77F8,40172799071DEA94,4028
$C047FC9C72CA6F79,C01E1DD1E95C5EF3,4017078502FCA3E7,4028
$C047DD9C7AC1726E,C01FBA22EA65F1C1,4016E770FEDB5D3A,4028
$C047BD0325E25E3,C020A73DCF0D6776,4016C75CFABA168D,4028
$C0479AD8A48BBBFB,C0216D3B38E88944,4016A748F698CFE,4028
$C04777258BE2B5D1,C0222ED7F675232C,40168734F2778934,4028
$C04751F2D3AB28BE,C022EBE364E8149B,40166720EE564287,4028
$C0472B49D406F11A,C023A42E073203A7,4016470CEA34FBDA,4028
$C0470334431D018C,C024578991ED3FBC,401626F8E613B52D,4028
$C046D9BC32A8DBE9,C02505C8F6FEDBC4,401606E4E1F26E8,4028
$C046AEEC0D7308B5,C025AEC070E813F9,4015E6D0DDD127D3,4028
$C04682CE94B32FF4,C02652458DC52776,4015C6BCD9AFE127,4028
$C046556EDD5C7B99,C026F02F39F6E279,4015A6A8D58E9A7A,4028
$C04626D84D54F155,C0278855CA742BBC,40158694D16D53CE,4028
$C045F716989876B8,C0281A9306C0FD24,40156680CD4C0D2,4028
$C045C635BE4837D6,C028A6C232884739,4015466CC92AC674,4028
$C045944205A72D74,C0292CC016D655BC,40152658C5097FC7,4028
$C0456147FB04848F,C029AC6B0AF16412,40150644C0E8391A,4028
$C0452D546C94AD98,C02A25A2FCCE288F,4014E630BCC6F26D,4028
$C044F8746739DE09,C02A9849791E36FD,4014C61CB8A5ABC,4028
$C044C2B5333CD34B,C02B0441B2F6342C,4014A608B4846514,4028
$C0448C2450F6A9A6,C02B69708B09EEB4,401485F4B0631E67,4028
$C04454CF756C9DDF,C02BC7BC967C8BB5,401465E0AC41D7BA,4028
$C0441CC486DE938D,C02C1F0E25431159,401445CCA820910D,4028
$C043E41199493DA3,C02C6F4F4817B481,401425B8A3FF4A6,4028
$C043AAC4EADCC9B1,C02CB86BD5FC6B0F,401405A49FDE03B4,4028
$C04370ECE068F147,C02CFA51714B6056,4013E5909BBCBD07,4028
$C043369801BF578A,C02D34EF8C540612,4013C57C979B765A,4028
$C042FBD4F60D1B9B,C02D68376D83994,4013A568937A2FAE,4028
$C042C0B2802C8A5B,C02D941C33180F5,401385548F58E901,4028
$C042853F7AEFDC7A,C02DB892D65C7E,401365408B37A254,4028
$C042498AD565EF19,C02DD5922E6E2DA3,4013452C87165BA7,4028
$C0420DA38F19E70D,C02DEB12F289A3AE,4013251882F514FA,4028
$C041D198B44EAFFB,C02DF90FBBDF11C,401305047ED3CE4D,4028
$C04195795A37499D,C02DFF8506EDB351,4012E4F07AB287A,4028
$C04159549B2CD63A,C02DFE713465C2CD,4012C4DC769140F4,4028
$C0411D3992E35E06,C02DF5D48990CD65,4012A4C8726FFA47,4028
$C040E1375A9E3B59,C02DE5B130404B5A,401284B46E4EB39A,4028
$C040A55D056523D8,C02DCE0B36428118,401264A06A2D6CEE,4028
$C04069B99C3AC268,C02DAEE88C5DCC24,4012448C660C2641,4028
$C0402E5C1A55D586,C02D885104D29D4D,4012247861EADF94,4028
$C03FE6A6D2BB899D,C02D5A4E51648022,401204645DC998E7,4028
$C03F715CBB573F9A,C02D24EC00EAADFB,4011E45059A8523A,4028
$C03EFCF76520EDC9,C02CE8377C68C937,4011C43C55870B8E,4028
$C03E89940D43FBEE,C02CA44003B07B5E,4011A4285165C4E1,4028
$C03E174FB01CCD73,C02C5916A98CCEDA,401184144D447E34,4028
$C03DA64701F0BDC5,C02C06CE4F783A8D,4011640049233788,4028
$C03D369667B8389D,C02BAD7BA0DE7311,401143EC4501F0DB,4028
$C03CC859EFFCBE,C02B4D350DEB32B7,401123D840E0AA2E,4028
$C03C5BAD4BCC9C81,C02AE612C5E7461B,401103C43CBF6382,4028
$C03BF0ABC7C6272D,C02A782EB12547CA,4010E3B0389E1CD4,4028
$C03B8770453C2651,C02A03A46A7F91B9,4010C39C347CD628,4028
$C03B201533753C36,C0298891386906EB,4010A388305B8F7B,4028
$C03ABAB48907EFF9,C029071405927365,401083742C3A48CE,4028
$C03A5767BD5509A,C0287F4D59265B4,4010636028190222,4028
$C039F647C221E2B9,C027F15F4E9D2C4E,4010434C23F7BB75,4028
$C039976CFD544703,C0275D6D8D2BDFC8,401023381FD674C8,4028
$C0393AEF42D17804,C026C39D3ECF330A,401003241BB52E1B,4028
$C038E0E5CE81DDC,C026241506F5B742,400FC6202F27CEDD,4028
$C03889673E7AE559,C0257EFCF8CB107C,400F85F826E54183,4028
$C03834898D508526,C024D47E8D26D428,400F45D01EA2B429,4028
$C037E2620C8FD35E,C02424C498218E98,400F05A8166026D,4028
$C03793055F6412A,C0236FFB3E528D3D,400EC5800E1D9976,4028
$C037468775678C8C,C022B64FE9B921B3,400E855805DB0C1D,4028
$C036FCFB85A187F,C021F7F13E54268D,400E452FFD987EC3,4028
$C036B67409B29C82,C021350F0E6AA39B,400E0507F555F16A,4028
$C0367302B9309A99,C0206DDA4E88830C,400DC4DFED13641,4028
$C03632B885333155,C01F450A1264B80B,400D84B7E4D0D6B7,4028
$C035F5A594127167,C01DA684A4A6D2DC,400D448FDC8E495D,4028
$C035BBD93D583E38,C01C008C74D1AAC7,400D0467D44BBC04,4028
$C035856205E5B236,C01A538B82DB24DA,400CC43FCC092EAA,4028
$C035524D9C4D6E3F,C0189FED931416FE,400C8417C3C6A151,4028
$C03522A8D563BE9C,C016E62013160606,400C43EFBB8413F7,4028
$C034F67FA905729D,C0152691FE460E9F,400C03C7B341869E,4028
$C034CDDD2F16361A,C01361B3C1F3E0DD,400BC39FAAFEF944,4028
$C034A8CB9CB72E36,C01197F7211BCF46,400B8377A2BC6BEA,4028
$C034875441B68C92,C00F939E2FA61302,400B434F9A79DE91,4028
$C034697F8638BDD,C00BEF5F7CCA60D,400B032792375137,4028
$C0344F54E89BC9EC,C008441C585509FC,400AC2FF89F4C3DD,4028
$C03438DAFB956E0F,C00492C0B43C0B6E,400A82D781B23684,4028
$C0342617648C691C,C000DC3A0A75BB2E,400A42AF796FA92A,4028
$C034170EDA2D64F6,BFFA42EE42A25BC5,400A0287712D1BD1,4028
$C0340BC5233BD7D7,BFF2C6CF9EF63F8F,4009C25F68EA8E77,4028
$C034043D159F29D2,BFE68BF2FEF9C99A,4009823760A8011E,4028
$C034007895AC5B78,BFCE127348F616E2,4009420F586573C4,4028
$C033FFFFFFFFFFFB,3CE08BC3CFE31646,400921FB54442D18,4028
4 38 517
4 39 457
4 40 525
4 41 561
4 42 0
4 43 0
3 32 ->
4 33 464
4 34 4
4 35 0
4 36 [2]
$1,-1
4 37 [2][4]
$4024,C033000000000001,4033000000000001,C034000000000004
$4024,0,8,C034000000000004
4 38 462
4 39 468
4 40 798
4 41 470
4 42 0
4 43 0
3 32 ->
4 33 463
4 34 4
4 35 0
4 36 [2]
$1,-1
4 37 [2][4]
$4024,C033000000000001,4033000000000001,C034000000000004
$4024,0,8,C034000000000004
4 38 461
4 39 467
4 40 797
4 41 469
4 42 0
4 43 0
3 32 ->
4 33 806
4 34 4
4 35 0
4 36 [2]
$1,-1
4 37 [2][4]
$4062C00000000001,40567FFFFFFFFFFD,4024,C033000000000001
$4064000000000001,40567FFFFFFFFFFD,0,C033000000000001
4 38 518
4 39 462
4 40 808
4 41 464
4 42 0
4 43 0
3 32 ->
4 33 805
4 34 4
4 35 0
4 36 [2]
$1,-1
4 37 [2][4]
$4062C00000000001,40567FFFFFFFFFFD,4024,C033000000000001
$4064000000000001,40567FFFFFFFFFFD,0,C033000000000001
4 38 517
4 39 461
4 40 807
4 41 463
4 42 0
4 43 0
3 32 ->
4 33 512
4 34 4
4 35 0
4 36 [2]
$1,-1
4 37 [2][4]
$0,0,C031800000000001,40718
$0,C033000000000001,3FF8,40718
4 38 462
4 39 510
4 40 806
4 41 800
4 42 0
4 43 0
3 32 ->
4 33 511
4 34 4
4 35 0
4 36 [2]
$1,-1
4 37 [2][4]
$0,0,C031800000000001,40718
$0,C033000000000001,3FF8,40718
4 38 461
4 39 509
4 40 805
4 41 799
4 42 0
4 43 0
3 32 ->
4 33 470
4 34 4
4 35 0
4 36 [2]
$1,-1
4 37 [2][4]
$4062C00000000001,405B7FFFFFFFFFFD,4033000000000001,0
$4062C00000000001,40567FFFFFFFFFFC,4033000000000001,C034000000000004
4 38 518
4 39 468
4 40 806
4 41 794
4 42 0
4 43 0
3 32 ->
4 33 469
4 34 4
4 35 0
4 36 [2]
$1,-1
4 37 [2][4]
$4062C00000000001,405B7FFFFFFFFFFD,4033000000000001,0
$4062C00000000001,40567FFFFFFFFFFC,4033000000000001,C034000000000004
4 38 517
4 39 467
4 40 805
4 41 793
4 42 0
4 43 0
3 32 ->
4 33 794
4 34 4
4 35 0
4 36 [2]
$1,-1
4 37 [2][4]
$4033000000000001,0,C033000000000001,4024
$0,0,0,4024
4 38 468
4 39 472
4 40 796
4 41 810
4 42 0
4 43 0
3 32 ->
4 33 793
4 34 4
4 35 0
4 36 [2]
$1,-1
4 37 [2][4]
$4033000000000001,0,C033000000000001,4024
$0,0,0,4024
4 38 467
4 39 471
4 40 795
4 41 809
4 42 0
4 43 0
3 32 ->
4 33 478
4 34 4
4 35 0
4 36 [2]
$1,-1
4 37 [2][4]
$C033000000000001,0,3FF8000000000006,4072C00000000001
$0,0,C031800000000001,4072C00000000001
4 38 472
4 39 476
4 40 474
4 41 812
4 42 0
4 43 0
3 32 ->
4 33 477
4 34 4
4 35 0
4 36 [2]
$1,-1
4 37 [2][4]
$C033000000000001,0,3FF8000000000006,4072C00000000001
$0,0,C031800000000001,4072C00000000001
4 38 471
4 39 475
4 40 473
4 41 811
4 42 0
4 43 0
3 32 ->
4 33 810
4 34 4
4 35 0
4 36 [2]
$1,-1
4 37 [2][4]
$4064000000000001,405B7FFFFFFFFFFD,C033000000000001,0
$4062C00000000001,405B7FFFFFFFFFFD,C033000000000001,4024
4 38 518
4 39 472
4 40 470
4 41 478
4 42 0
4 43 0
3 32 ->
4 33 809
4 34 4
4 35 0
4 36 [2]
$1,-1
4 37 [2][4]
$4064000000000001,405B7FFFFFFFFFFD,C033000000000001,0
$4062C00000000001,405B7FFFFFFFFFFD,C033000000000001,4024
4 38 517
4 39 471
4 40 469
4 41 477
4 42 0
4 43 0
3 32 ->
4 33 482
4 34 4
4 35 0
4 36 [2]
$1,-1
4 37 [2][4]
$3FF8000000000006,4077C,3FF8000000000006,3D3
$C031800000000001,4077C,C031800000000001,3D3
4 38 476
4 39 480
4 40 792
4 41 814
4 42 0
4 43 0
3 32 ->
4 33 481
4 34 4
4 35 0
4 36 [2]
$1,-1
4 37 [2][4]
$3FF8000000000006,4077C,3FF8000000000006,3D3
$C031800000000001,4077C,C031800000000001,3D3
4 38 475
4 39 479
4 40 791
4 41 813
4 42 0
4 43 0
3 32 ->
4 33 812
4 34 4
4 35 0
4 36 [2]
$1,-1
4 37 [2][4]
$4064000000000001,4067BFFFFFFFFFFE,3FF8,4077C
$4064000000000001,405B7FFFFFFFFFFD,3FF8,4072C
4 38 518
4 39 476
4 40 810
4 41 482
4 42 0
4 43 0
3 32 ->
4 33 811
4 34 4
4 35 0
4 36 [2]
$1,-1
4 37 [2][4]
$4064000000000001,4067BFFFFFFFFFFE,3FF8,4077C
$4064000000000001,405B7FFFFFFFFFFD,3FF8,4072C
4 38 517
4 39 475
4 40 809
4 41 481
4 42 0
4 43 0
3 32 ->
4 33 486
4 34 4
4 35 0
4 36 [2]
$1,-1
4 37 [2][4]
$3FF8000000000006,4074,BFF8000000000006,4077C
$C031800000000001,4074,4031800000000001,4077C
4 38 480
4 39 484
4 40 790
4 41 816
4 42 0
4 43 0
3 32 ->
4 33 485
4 34 4
4 35 0
4 36 [2]
$1,-1
4 37 [2][4]
$3FF8000000000006,4074,BFF8000000000006,4077C
$C031800000000001,4074,4031800000000001,4077C
4 38 479
4 39 483
4 40 789
4 41 815
4 42 0
4 43 0
3 32 ->
4 33 814
4 34 4
4 35 0
4 36 [2]
$1,-1
4 37 [2][4]
$C063FFFFFFFFFFFF,4067BFFFFFFFFFFE,3FF8,4074
$4064000000000001,4067BFFFFFFFFFFE,3FF8,0
4 38 518
4 39 480
4 40 812
4 41 486
4 42 0
4 43 0
3 32 ->
4 33 813
4 34 4
4 35 0
4 36 [2]
$1,-1
4 37 [2][4]
$C063FFFFFFFFFFFF,4067BFFFFFFFFFFE,3FF8,4074
$4064000000000001,4067BFFFFFFFFFFE,3FF8,0
4 38 517
4 39 479
4 40 811
4 41 485
4 42 0
4 43 0
3 32 ->
4 33 490
4 34 4
4 35 0
4 36 [2]
$1,-1
4 37 [2][4]
$BFF8000000000006,0,BFF8000000000006,4074
$4031800000000001,0,4031800000000001,4074
4 38 484
4 39 488
4 40 788
4 41 818
4 42 0
4 43 0
3 32 ->
4 33 489
4 34 4
4 35 0
4 36 [2]
$1,-1
4 37 [2][4]
$BFF8000000000006,0,BFF8000000000006,4074
$4031800000000001,0,4031800000000001,4074
4 38 483
4 39 487
4 40 787
4 41 817
4 42 0
4 43 0
3 32 ->
4 33 816
4 34 4
4 35 0
4 36 [2]
$1,-1
4 37 [2][4]
$C063FFFFFFFFFFFF,C067C00000000002,BFF8,0
$C063FFFFFFFFFFFF,4067BFFFFFFFFFFE,BFF8,4077C
4 38 518
4 39 484
4 40 814
4 41 490
4 42 0
4 43 0
3 32 ->
4 33 815
4 34 4
4 35 0
4 36 [2]
$1,-1
4 37 [2][4]
$C063FFFFFFFFFFFF,C067C00000000002,BFF8,0
$C063FFFFFFFFFFFF,4067BFFFFFFFFFFE,BFF8,4077C
4 38 517
4 39 483
4 40 813
4 41 489
4 42 0
4 43 0
3 32 ->
4 33 784
4 34 4
4 35 0
4 36 [2]
$1,-1
4 37 [2][4]
$BFF8000000000006,0,3FF8000000000006,3D4
$4031800000000001,0,C031800000000001,3D4
4 38 488
4 39 492
4 40 786
4 41 820
4 42 0
4 43 0
3 32 ->
4 33 783
4 34 4
4 35 0
4 36 [2]
$1,-1
4 37 [2][4]
$BFF8000000000006,0,3FF8000000000006,3D4
$4031800000000001,0,C031800000000001,3D4
4 38 487
4 39 491
4 40 785
4 41 819
4 42 0
4 43 0
3 32 ->
4 33 818
4 34 4
4 35 0
4 36 [2]
$1,-1
4 37 [2][4]
$4064000000000001,C067C00000000002,BFF8,0
$C063FFFFFFFFFFFF,C067C00000000002,BFF8,4074
4 38 518
4 39 488
4 40 816
4 41 784
4 42 0
4 43 0
3 32 ->
4 33 817
4 34 4
4 35 0
4 36 [2]
$1,-1
4 37 [2][4]
$4064000000000001,C067C00000000002,BFF8,0
$C063FFFFFFFFFFFF,C067C00000000002,BFF8,4074
4 38 517
4 39 487
4 40 815
4 41 783
4 42 0
4 43 0
3 32 ->
4 33 494
4 34 4
4 35 0
4 36 [2]
$1,-1
4 37 [2][4]
$3FF8,4054,0,C033000000000001
$C031800000000001,4054,0,0
4 38 492
4 39 496
4 40 782
4 41 822
4 42 0
4 43 0
3 32 ->
4 33 493
4 34 4
4 35 0
4 36 [2]
$1,-1
4 37 [2][4]
$3FF8,4054,0,C033000000000001
$C031800000000001,4054,0,0
4 38 491
4 39 495
4 40 781
4 41 821
4 42 0
4 43 0
3 32 ->
4 33 820
4 34 4
4 35 0
4 36 [2]
$1,-1
4 37 [2][4]
$4064000000000001,C05B800000000004,3FF8,4054
$4064000000000001,C067C00000000001,3FF8,3D2
4 38 518
4 39 492
4 40 818
4 41 494
4 42 0
4 43 0
3 32 ->
4 33 819
4 34 4
4 35 0
4 36 [2]
$1,-1
4 37 [2][4]
$4064000000000001,C05B800000000004,3FF8,4054
$4064000000000001,C067C00000000001,3FF8,3D2
4 38 517
4 39 491
4 40 817
4 41 493
4 42 0
4 43 0
3 32 ->
4 33 498
4 34 4
4 35 0
4 36 [2]
$1,-1
4 37 [2][4]
$4024,C033000000000001,4033000000000001,C033FFFFFFFFFFFC
$4024,0,8,C033FFFFFFFFFFFC
4 38 496
4 39 502
4 40 780
4 41 504
4 42 0
4 43 0
3 32 ->
4 33 497
4 34 4
4 35 0
4 36 [2]
$1,-1
4 37 [2][4]
$4024,C033000000000001,4033000000000001,C033FFFFFFFFFFFC
$4024,0,8,C033FFFFFFFFFFFC
4 38 495
4 39 501
4 40 779
4 41 503
4 42 0
4 43 0
3 32 ->
4 33 822
4 34 4
4 35 0
4 36 [2]
$1,-1
4 37 [2][4]
$4062C00000000001,C05B800000000004,4024,C033000000000001
$4064000000000001,C05B800000000004,0,C033000000000001
4 38 518
4 39 496
4 40 820
4 41 498
4 42 0
4 43 0
3 32 ->
4 33 821
4 34 4
4 35 0
4 36 [2]
$1,-1
4 37 [2][4]
$4062C00000000001,C05B800000000004,4024,C033000000000001
$4064000000000001,C05B800000000004,0,C033000000000001
4 38 517
4 39 495
4 40 819
4 41 497
4 42 0
4 43 0
3 32 ->
4 33 504
4 34 4
4 35 0
4 36 [2]
$1,-1
4 37 [2][4]
$4062C00000000001,C056800000000004,4033000000000001,0
$4062C00000000001,C05B800000000003,4033000000000001,C033FFFFFFFFFFFC
4 38 518
4 39 502
4 40 822
4 41 804
4 42 0
4 43 0
3 32 ->
4 33 503
4 34 4
4 35 0
4 36 [2]
$1,-1
4 37 [2][4]
$4062C00000000001,C056800000000004,4033000000000001,0
$4062C00000000001,C05B800000000003,4033000000000001,C033FFFFFFFFFFFC
4 38 517
4 39 501
4 40 821
4 41 803
4 42 0
4 43 0
3 32 ->
4 33 804
4 34 4
4 35 0
4 36 [2]
$1,-1
4 37 [2][4]
$4033000000000001,0,C033000000000001,4024
$0,0,0,4024
4 38 502
4 39 506
4 40 446
4 41 520
4 42 0
4 43 0
3 32 ->
4 33 803
4 34 4
4 35 0
4 36 [2]
$1,-1
4 37 [2][4]
$4033000000000001,0,C033000000000001,4024
$0,0,0,4024
4 38 501
4 39 505
4 40 445
4 41 519
4 42 0
4 43 0
3 32 ->
4 33 802
4 34 4
4 35 0
4 36 [2]
$1,-1
4 37 [2][4]
$C033000000000001,0,3FF8000000000006,4059
$0,0,C031800000000001,4059
4 38 506
4 39 510
4 40 508
4 41 808
4 42 0
4 43 0
3 32 ->
4 33 801
4 34 4
4 35 0
4 36 [2]
$1,-1
4 37 [2][4]
$C033000000000001,0,3FF8000000000006,4059
$0,0,C031800000000001,4059
4 38 505
4 39 509
4 40 507
4 41 807
4 42 0
4 43 0
3 32 ->
4 33 520
4 34 4
4 35 0
4 36 [2]
$1,-1
4 37 [2][4]
$4064000000000001,C056800000000004,C033000000000001,0
$4062C00000000001,C056800000000004,C033000000000001,4024
4 38 518
4 39 506
4 40 504
4 41 802
4 42 0
4 43 0
3 32 ->
4 33 519
4 34 4
4 35 0
4 36 [2]
$1,-1
4 37 [2][4]
$4064000000000001,C056800000000004,C033000000000001,0
$4062C00000000001,C056800000000004,C033000000000001,4024
4 38 517
4 39 505
4 40 503
4 41 801
4 42 0
4 43 0
3 32 ->
4 33 808
4 34 4
4 35 0
4 36 [2]
$1,-1
4 37 [2][4]
$4064000000000001,40567FFFFFFFFFFE,3FF8,40718
$4064000000000001,C056800000000004,3FF8,4059
4 38 518
4 39 510
4 40 520
4 41 512
4 42 0
4 43 0
3 32 ->
4 33 807
4 34 4
4 35 0
4 36 [2]
$1,-1
4 37 [2][4]
$4064000000000001,40567FFFFFFFFFFE,3FF8,40718
$4064000000000001,C056800000000004,3FF8,4059
4 38 517
4 39 509
4 40 519
4 41 511
4 42 0
4 43 0
3 32 ->
4 33 550
4 34 4
4 35 0
4 36 [2]
$1,-1
4 37 [98][4]
$C060BFFFFFFFFFFF,0,401921FB54442D18,4014
$C060BFD0BCDCD551,BFD9B8675FAFC476,40190495432CCA06,4014
$C060BF29BD916B9E,BFEB5F251950F592,4018E361043F5827,4014
$C060BE0A64544A31,BFF4ED5C4A09E538,4018C22CC551E648,4014
$C060BC72FE7C05D9,BFFC2584205DD5F1,4018A0F88664746A,4014
$C060BA63F9AEB42A,C001AB0C52032D7E,40187FC44777028B,4014
$C060B7DDE3C4688B,C0053E9539AD51A6,40185E90088990AD,4014
$C060B4E16AA1070C,C008CC665DFD9DDF,40183D5BC99C1ECE,4014
$C060B16F5C057734,C00C538ADFBAF733,40181C278AAEACEF,4014
$C060AD88A5584366,C00FD30FAB8AC867,4017FAF34BC13B1,4014
$C060A92E5365B3C1,C011A501DDAE91E2,4017D9BF0CD3C932,4014
$C060A461921775B2,C0135BBC2BA5C1E3,4017B88ACDE65754,4014
$C0609F23AC23E3B5,C0150D40AAEC5A88,401797568EF8E575,4014
$C06099760AB502EE,C016B91AADC04F77,40177622500B7396,4014
$C060935A35074EA2,C0185ED70CC3675E,401754EE111E01B8,4014
$C0608CD1D0006BAA,C019FE0445F96F78,401733B9D2308FD9,4014
$C06085DE9DBDE044,C01B96329B550556,4017128593431DFA,4014
$C0607E827D1BEEB9,C01D26F430CABE2F,4016F1515455AC1D,4014
$C06076BF6934B36B,C01EAFDD29E29345,4016D01D15683A3C,4014
$C0606E9778D7A914,C0201841E35FCF2F,4016AEE8D67AC85F,4014
$C060660CDDF9B7CC,C020D440404B2AFA,40168DB4978D568,4014
$C0605D21E51DF5C,C0218BB712C4D008,40166C80589FE4A2,4014
$C06053D8F4B74222,C0223E74F9F39E0D,40164B4C19B272C3,4014
$C0604A348C82E51D,C022EC49DA5E176F,40162A17DAC500E5,4014
$C060403744DC613,C0239506EADD04C9,401608E39BD78F05,4014
$C06035E3CE0AA456,C024387EC13309BF,4015E7AF5CEA1D28,4014
$C0602B3CEF86C91E,C024D6855E45C793,4015C67B1DFCAB48,4014
$C0602045873C9981,C0256EF039F54348,4015A546DF0F396B,4014
$C060150088C5071,C02601964E8E5F6A,40158412A021C78A,4014
$C0600970FC9ACD9A,C0268E5023D554CE,401562DE613455AC,4014
$C05FFB33FE92EE02,C02714F7D9A53184,401541AA2246E3CF,4014
$C05FE2FD812DF11D,C027956932218217,40152075E35971F,4014
$C05FCA45055046DB,C0280F819B7766AB,4014FF41A46C001,4014
$C05FB111324046C7,C0288320392B7403,4014DE0D657E8E31,4014
$C05F9768D076906B,C028F025ECF1DF2C,4014BCD926911C53,4014
$C05F7D52C7CAAEDF,C02956755F0E92A4,40149BA4E7A3AA76,4014
$C05F62D61D974AD8,C029B5F3063AEBBE,40147A70A8B63896,4014
$C05F47F9F2D66B54,C02A0E852F0F0037,4014593C69C8C6B8,4014
$C05F2CC5823647,C02A601402EC6D52,401438082ADB54DA,4014
$C05F11401E272AAB,C02AAA898E68D3DC,401416D3EBEDE2FA,4014
$C05EF5712EE2FAB8,C02AEDD1C736470E,4013F59FAD00711C,4014
$C05ED960306ED75E,C02B29DA9188173C,4013D46B6E12FF3C,4014
$C05EBD14B0976D2D,C02B5E93C4F284AA,4013B3372F258D5E,4014
$C05EA0964CE87C71,C02B8BEF30C40AC4,40139202F0381B8,4014
$C05E83ECB0A023BA,C02BB1E09FD717FF,401370CEB14AA9A2,4014
$C05E671F929E7AA1,C02BD05DDBDB2B58,40134F9A725D37C2,4014
$C05E4A36B3520B1,C02BE75EB01474FA,40132E66336FC5E4,4014
$C05E2D39DAA1B813,C02BF6DCEB913CBD,40130D31F4825405,4014
$C05E1030D5D4A1FF,C02BFED462D4763E,4012EBFDB594E227,4014
$C05DF32375789826,C02BFF42F0F50FD,4012CAC976A77048,4014
$C05DD6198B47A8DD,C02BF8287831AEEB,4012A99537B9FE6A,4014
$C05DB91AE80D60A4,C02BE986E1F8B255,40128860F8CC8C8C,4014
$C05D9C2F598C498F,C02BD3621E6477E4,4012672CB9DF1AAC,4014
$C05D7F5EA8643BC7,C02BB5C0232C0941,401245F87AF1A8CF,4014
$C05D62B095FA0FE,C02B90A8EA0878C,401224C43C0436F,4014
$C05D462CDA614367,C02B64266E8F5CCE,4012038FFD16C511,4014
$C05D29DB22481F6B,C02B3044AB82FDD3,4011E25BBE295333,4014
$C05D0DC30CE6F02C,C02AF5119798EFB,4011C1277F3BE154,4014
$C05CF1EC29F2DC47,C02AB29D21B7F508,40119FF3404E6F74,4014
$C05CD65DF794E8AE,C02A68F92CAE2F25,40117EBF0160FD96,4014
$C05CBB1FE065B5A2,C02A18398A60C226,40115D8AC2738BB8,4014
$C05CA039396E7FB7,C029C073F67638F,40113C56838619D9,4014
$C05C85B1402FEE4C,C02961C0107D188F,40111B224498A7FA,4014
$C05C6B8F18AF3787,C028FC3755903602,4010F9EE05AB361C,4014
$C05C51D9CB8A200B,C0288FF5197A8488,4010D8B9C6BDC43E,4014
$C05C389844125ADD,C0281D167F5C3516,4010B78587D0525E,4014
$C05C1FD14E70CBE3,C027A3BA71D321B7,4010965148E2E08,4014
$C05C078B95D12D44,C02724019AA8A137,4010751D09F56EA1,4014
$C05BEFCDA29695CA,C0269E0E5A070067,401053E8CB07FCC3,4014
$C05BD89DD8995BDF,C0261204BD38FE9F,401032B48C1A8AE4,4014
$C05BC202756ECE57,C025800A74F5CB14,401011804D2D1905,4014
$C05BAC018EBB3978,C024E846CB3C1F79,400FE0981C7F4E4F,4014
$C05B96A1108EAC08,C0244AE298BF32F,400F9E2F9EA46A9,4014
$C05B81E6BBCCED35,C023A80839E85DD3,400F5BC720C986D3,4014
$C05B6DD824A1111C,C022FFE3837063C,400F195EA2EEA317,4014
$C05B5A7AB0FD16AE,C02252A1B69375A3,400ED6F62513BF59,4014
$C05B47D39725F665,C021A07174E3185A,400E948DA738DB9C,4014
$C05B35E7DC4C85E4,C020E982B3B9374B,400E5225295DF7E,4014
$C05B24BC5333911F,C0202E06AF4FC3A6,400E0FBCAB831423,4014
$C05B14559AE38634,C01EDC5FBB00B346,400DCD542DA83066,4014
$C05B04B81D6C0D5F,C01D5463C05EF985,400D8AEBAFCD4CA7,4014
$C05AF5E80EB3E2B9,C01BC482EECE25D6,400D488331F268E9,4014
$C05AE7E96B5743A2,C01A2D28E647B779,400D061AB417852D,4014
$C05ADABFF7953DC,C0188EC349B36CD1,400CC3B2363CA17,4014
$C05ACE6F3E4C2994,C016E9C1A16537DF,400C8149B861BDB3,4014
$C05AC2FA9005965C,C0153E953D188CB3,400C3EE13A86D9F6,4014
$C05AB8650211E91C,C0138DB115711E09,400BFC78BCABF638,4014
$C05AAEB16DB3EC21,C011D789AD093D74,400BBA103ED1127B,4014
$C05AA5E26F5C8849,C0101C94F116330F,400B77A7C0F62EBE,4014
$C05A9DFA65F6DCC9,C00CBA943355FAC1,400B353F431B4B01,4014
$C05A96FB7244E5F2,C009344313440874,400AF2D6C5406743,4014
$C05A90E7764CDEE7,C005A7295C6CC2F9,400AB06E47658387,4014
$C05A8BC014D785A9,C002143BBCAAF057,400A6E05C98A9FC9,4014
$C05A8786B0FF6481,BFFCF8E0E6C69672,400A2B9D4BAFBC0C,4014
$C05A843C6DD13F06,BFF5C17E1E7BA5CC,4009E934CDD4D84F,4014
$C05A81E22DFDBC82,BFED0880AE137D39,4009A6CC4FF9F492,4014
$C05A8078939C64CB,BFDD0C6969DF3FB8,40096463D21F10D5,4014
$C05A7FFFFFFFFFFD,3CDEE2C2D963A114,400921FB54442D18,4014
4 38 518
4 39 514
4 40 524
4 41 552
4 42 0
4 43 0
3 32 ->
4 33 549
4 34 4
4 35 0
4 36 [2]
$1,-1
4 37 [98][4]
$C060BFFFFFFFFFFF,0,401921FB54442D18,4014
$C060BFD0BCDCD551,BFD9B8675FAFC476,40190495432CCA06,4014
$C060BF29BD916B9E,BFEB5F251950F592,4018E361043F5827,4014
$C060BE0A64544A31,BFF4ED5C4A09E538,4018C22CC551E648,4014
$C060BC72FE7C05D9,BFFC2584205DD5F1,4018A0F88664746A,4014
$C060BA63F9AEB42A,C001AB0C52032D7E,40187FC44777028B,4014
$C060B7DDE3C4688B,C0053E9539AD51A6,40185E90088990AD,4014
$C060B4E16AA1070C,C008CC665DFD9DDF,40183D5BC99C1ECE,4014
$C060B16F5C057734,C00C538ADFBAF733,40181C278AAEACEF,4014
$C060AD88A5584366,C00FD30FAB8AC867,4017FAF34BC13B1,4014
$C060A92E5365B3C1,C011A501DDAE91E2,4017D9BF0CD3C932,4014
$C060A461921775B2,C0135BBC2BA5C1E3,4017B88ACDE65754,4014
$C0609F23AC23E3B5,C0150D40AAEC5A88,401797568EF8E575,4014
$C06099760AB502EE,C016B91AADC04F77,40177622500B7396,4014
$C060935A35074EA2,C0185ED70CC3675E,401754EE111E01B8,4014
$C0608CD1D0006BAA,C019FE0445F96F78,401733B9D2308FD9,4014
$C06085DE9DBDE044,C01B96329B550556,4017128593431DFA,4014
$C0607E827D1BEEB9,C01D26F430CABE2F,4016F1515455AC1D,4014
$C06076BF6934B36B,C01EAFDD29E29345,4016D01D15683A3C,4014
$C0606E9778D7A914,C0201841E35FCF2F,4016AEE8D67AC85F,4014
$C060660CDDF9B7CC,C020D440404B2AFA,40168DB4978D568,4014
$C0605D21E51DF5C,C0218BB712C4D008,40166C80589FE4A2,4014
$C06053D8F4B74222,C0223E74F9F39E0D,40164B4C19B272C3,4014
$C0604A348C82E51D,C022EC49DA5E176F,40162A17DAC500E5,4014
$C060403744DC613,C0239506EADD04C9,401608E39BD78F05,4014
$C06035E3CE0AA456,C024387EC13309BF,4015E7AF5CEA1D28,4014
$C0602B3CEF86C91E,C024D6855E45C793,4015C67B1DFCAB48,4014
$C0602045873C9981,C0256EF039F54348,4015A546DF0F396B,4014
$C060150088C5071,C02601964E8E5F6A,40158412A021C78A,4014
$C0600970FC9ACD9A,C0268E5023D554CE,401562DE613455AC,4014
$C05FFB33FE92EE02,C02714F7D9A53184,401541AA2246E3CF,4014
$C05FE2FD812DF11D,C027956932218217,40152075E35971F,4014
$C05FCA45055046DB,C0280F819B7766AB,4014FF41A46C001,4014
$C05FB111324046C7,C0288320392B7403,4014DE0D657E8E31,4014
$C05F9768D076906B,C028F025ECF1DF2C,4014BCD926911C53,4014
$C05F7D52C7CAAEDF,C02956755F0E92A4,40149BA4E7A3AA76,4014
$C05F62D61D974AD8,C029B5F3063AEBBE,40147A70A8B63896,4014
$C05F47F9F2D66B54,C02A0E852F0F0037,4014593C69C8C6B8,4014
$C05F2CC5823647,C02A601402EC6D52,401438082ADB54DA,4014
$C05F11401E272AAB,C02AAA898E68D3DC,401416D3EBEDE2FA,4014
$C05EF5712EE2FAB8,C02AEDD1C736470E,4013F59FAD00711C,4014
$C05ED960306ED75E,C02B29DA9188173C,4013D46B6E12FF3C,4014
$C05EBD14B0976D2D,C02B5E93C4F284AA,4013B3372F258D5E,4014
$C05EA0964CE87C71,C02B8BEF30C40AC4,40139202F0381B8,4014
$C05E83ECB0A023BA,C02BB1E09FD717FF,401370CEB14AA9A2,4014
$C05E671F929E7AA1,C02BD05DDBDB2B58,40134F9A725D37C2,4014
$C05E4A36B3520B1,C02BE75EB01474FA,40132E66336FC5E4,4014
$C05E2D39DAA1B813,C02BF6DCEB913CBD,40130D31F4825405,4014
$C05E1030D5D4A1FF,C02BFED462D4763E,4012EBFDB594E227,4014
$C05DF32375789826,C02BFF42F0F50FD,4012CAC976A77048,4014
$C05DD6198B47A8DD,C02BF8287831AEEB,4012A99537B9FE6A,4014
$C05DB91AE80D60A4,C02BE986E1F8B255,40128860F8CC8C8C,4014
$C05D9C2F598C498F,C02BD3621E6477E4,4012672CB9DF1AAC,4014
$C05D7F5EA8643BC7,C02BB5C0232C0941,401245F87AF1A8CF,4014
$C05D62B095FA0FE,C02B90A8EA0878C,401224C43C0436F,4014
$C05D462CDA614367,C02B64266E8F5CCE,4012038FFD16C511,4014
$C05D29DB22481F6B,C02B3044AB82FDD3,4011E25BBE295333,4014
$C05D0DC30CE6F02C,C02AF5119798EFB,4011C1277F3BE154,4014
$C05CF1EC29F2DC47,C02AB29D21B7F508,40119FF3404E6F74,4014
$C05CD65DF794E8AE,C02A68F92CAE2F25,40117EBF0160FD96,4014
$C05CBB1FE065B5A2,C02A18398A60C226,40115D8AC2738BB8,4014
$C05CA039396E7FB7,C029C073F67638F,40113C56838619D9,4014
$C05C85B1402FEE4C,C02961C0107D188F,40111B224498A7FA,4014
$C05C6B8F18AF3787,C028FC3755903602,4010F9EE05AB361C,4014
$C05C51D9CB8A200B,C0288FF5197A8488,4010D8B9C6BDC43E,4014
$C05C389844125ADD,C0281D167F5C3516,4010B78587D0525E,4014
$C05C1FD14E70CBE3,C027A3BA71D321B7,4010965148E2E08,4014
$C05C078B95D12D44,C02724019AA8A137,4010751D09F56EA1,4014
$C05BEFCDA29695CA,C0269E0E5A070067,401053E8CB07FCC3,4014
$C05BD89DD8995BDF,C0261204BD38FE9F,401032B48C1A8AE4,4014
$C05BC202756ECE57,C025800A74F5CB14,401011804D2D1905,4014
$C05BAC018EBB3978,C024E846CB3C1F79,400FE0981C7F4E4F,4014
$C05B96A1108EAC08,C0244AE298BF32F,400F9E2F9EA46A9,4014
$C05B81E6BBCCED35,C023A80839E85DD3,400F5BC720C986D3,4014
$C05B6DD824A1111C,C022FFE3837063C,400F195EA2EEA317,4014
$C05B5A7AB0FD16AE,C02252A1B69375A3,400ED6F62513BF59,4014
$C05B47D39725F665,C021A07174E3185A,400E948DA738DB9C,4014
$C05B35E7DC4C85E4,C020E982B3B9374B,400E5225295DF7E,4014
$C05B24BC5333911F,C0202E06AF4FC3A6,400E0FBCAB831423,4014
$C05B14559AE38634,C01EDC5FBB00B346,400DCD542DA83066,4014
$C05B04B81D6C0D5F,C01D5463C05EF985,400D8AEBAFCD4CA7,4014
$C05AF5E80EB3E2B9,C01BC482EECE25D6,400D488331F268E9,4014
$C05AE7E96B5743A2,C01A2D28E647B779,400D061AB417852D,4014
$C05ADABFF7953DC,C0188EC349B36CD1,400CC3B2363CA17,4014
$C05ACE6F3E4C2994,C016E9C1A16537DF,400C8149B861BDB3,4014
$C05AC2FA9005965C,C0153E953D188CB3,400C3EE13A86D9F6,4014
$C05AB8650211E91C,C0138DB115711E09,400BFC78BCABF638,4014
$C05AAEB16DB3EC21,C011D789AD093D74,400BBA103ED1127B,4014
$C05AA5E26F5C8849,C0101C94F116330F,400B77A7C0F62EBE,4014
$C05A9DFA65F6DCC9,C00CBA943355FAC1,400B353F431B4B01,4014
$C05A96FB7244E5F2,C009344313440874,400AF2D6C5406743,4014
$C05A90E7764CDEE7,C005A7295C6CC2F9,400AB06E47658387,4014
$C05A8BC014D785A9,C002143BBCAAF057,400A6E05C98A9FC9,4014
$C05A8786B0FF6481,BFFCF8E0E6C69672,400A2B9D4BAFBC0C,4014
$C05A843C6DD13F06,BFF5C17E1E7BA5CC,4009E934CDD4D84F,4014
$C05A81E22DFDBC82,BFED0880AE137D39,4009A6CC4FF9F492,4014
$C05A8078939C64CB,BFDD0C6969DF3FB8,40096463D21F10D5,4014
$C05A7FFFFFFFFFFD,3CDEE2C2D963A114,400921FB54442D18,4014
4 38 517
4 39 513
4 40 523
4 41 551
4 42 0
4 43 0
3 32 ->
4 33 522
4 34 4
4 35 0
4 36 [2]
$1,-1
4 37 [102][4]
$400921FB54442D18,4024,C02DFFFFFFFFFFF,405822B17DD7484A
$4008EF8F35DDF051,4024,C02DFDAC26F852DB,40583A538F9BADD1
$4008AF672D9B62F7,4024,C02DF3FBDC86036E,4058585FC40AB113
$40086F3F2558D59D,4024,C02DE2C55A54F07A,4058765E7C6140B8
$40082F171D164844,4024,C02DCA0CF3524D8B,405894482FB5314A
$4007EEEF14D3BAEA,4024,C02DA9D8DD34367E,4058B2155A6410A9
$4007AEC70C912D91,4024,C02D82312EEA5892,4058CFBE7FF65EE3
$40076E9F044EA038,4024,C02D531FDE95B8E3,4058ED3C2D00FA1E
$40072E76FC0C12DD,4024,C02D1CB0BF081B05,40590A86F904449F
$4006EE4EF3C98584,4024,C02CDEF17CCBA8BA,4059279788488C92
$4006AE26EB86F82A,4024,C02C99F19AB399A5,405944668DB73DED
$40066DFEE3446AD1,4024,C02C4DC26DF6B7FC,405960ECCCB06783
$40062DD6DB01DD79,4024,C02BFA7719D4BCBE,40597D231ADC1D65
$4005EDAED2BF501E,4024,C02BA0248AC79B5E,4059990261F74398
$4005AD86CA7CC2C6,4024,C02B3EE17141F232,4059B483A19B4D71
$40056D5EC23A356A,4024,C02AD6C63BFBF18,4059CF9FF1007F0C
$40052D36B9F7A811,4024,C02A67ED11D027C2,4059EA5080BA3FC9
$4004ED0EB1B51AB7,4024,C029F271CB29BDE,405A048E9C6D0E38
$4004ACE6A9728D5E,4024,C0297671EB05C9B,405A1E53AC7DA765
$40046CBEA1300005,4024,C028F40C978978BD,405A379937B8F538
$40042C9698ED72AB,4024,C0286B62922EEFEA,405A5058E4F45972
$4003EC6E90AAE552,4024,C027DC962F8AD73F,405A688C7CA5ECAF
$4003AC46886857F8,4024,C02747CB4EACA2F6,405A802DEA744ADD
$40036C1E8025CA9D,4024,C026AD27501BC463,405A97373EBD88BF
$40032BF677E33D45,4024,C0260CD10C74062A,405AADA2B014F041
$4002EBCE6FA0AFEC,4024,C02566F0CAA36FA2,405AC36A9CB723C1
$4002ABA6675E2291,4024,C024BBB035CC22D2,405AD8898BF44AC9
$40026B7E5F1B9536,4024,C0240B3A52CCBFCA,405AECFA2F8FED39
$40022B5656D907DE,4024,C02355BB7571EE5E,405B00B765162498
$4001EB2E4E967A85,4024,C0229B613553C54F,405B13BC3725CDC1
$4001AB064653ED2B,4024,C021DC5A6261DADC,405B2603DEAF67EE
$40016ADE3E115FD1,4024,C02118D6F920DF53,405B3789C4285131
$40012AB635CED278,4024,C0205108169CB5CB,405B484980B21301
$4000EA8E2D8C451E,4024,C01F0A3FD8242476,405B583EDF3574CC
$4000AA662549B7C3,4024,C01D6AA364A56CBB,405B6765DD710D5C
$40006A3E1D072A6B,4024,C01BC3A339CEF044,405B75BAACFB0F29
$40002A1614C49D11,4024,C01A15A999E69A51,405B8339B4360ECF
$3FFFD3DC19041F6E,4024,C018612287B54D2E,405B8FDF8F38862
$3FFF538C087F04BC,4024,C016A67BAB64EEF4,405B9BA910A6D9C
$3FFED33BF7F9EA08,4024,C014E62436F49C5F,405BA693427FAA75
$3FFE52EBE774CF55,4024,C013208CCA49ED11,405BB09B66DA3EDA
$3FFDD29BD6EFB4A1,4024,C011562756E64D85,405BB9BEF896D5AC
$3FFD524BC66A99ED,4024,C00F0ECE068F1459,405BC1FBAC00B455
$3FFCD1FBB5E57F3C,4024,C00B69801BF57899,405BC94F6F61C90C
$3FFC51ABA5606488,4024,C007BD4F60D1B998,405BCFB86B87BB72
$3FFBD15B94DB49D5,4024,C0040B2802C8A599,405BD535043A4A34
$3FFB510B84562F22,4024,C00053F7AEFDC791,405BD9C3D8A2D80A
$3FFAD0BB73D1146F,4024,BFF9315AACBDE30C,405BDD63C3A50DFE
$3FFA506B634BF9BB,4024,BFF1B471E33CE185,405BE013DC287CC
$3FF9D01B52C6DF08,4024,BFE4662D13ABFEA1,405BE1D375532A82
$3FF94FCB4241C455,4024,BFC5795A37499C4A,405BE2A21EB4FEB4
$3FF8CF7B31BCA9A2,4024,3FD355B26994E373,405BE27FA46400A3
$3FF84F2B21378EEF,4024,3FE8B19B47287ED4,405BE16C0F0961F6
$3FF7CEDB10B2743C,4024,3FF3D914AC3894FF,405BDF67A3DF51B5
$3FF74E8B002D5989,4024,3FFB545F535B8534,405BDC72E49F986D
$3FF6CE3AEFA83ED5,4024,400164663C53D999,405BD88E8F6301CE
$3FF64DEADF232422,4024,40051A3E5AA2A7BB,405BD3BB9E719BF4
$3FF5CD9ACE9E096F,4024,4008CAC96A23B324,405BCDFB4803D84E
$3FF54D4ABE18EEBB,4024,400C751A25460341,405BC74EFDF49E09
$3FF4CCFAAD93D408,4024,40100C226B7C48E8,405BBFB86D64617
$3FF44CAA9D0EB955,4024,4011D9AFCAF01056,405BB7397E4D57B5
$3FF3CC5A8C899EA2,4024,4013A2C13F8CCA3E,405BADD45308E225
$3FF34C0A7C0483F1,4024,401566E3F83D08F6,405BA38B47C64F9C
$3FF2CBBA6B7F693D,4024,401725A6611F1D94,405B9860F1F316AC
$3FF24B6A5AFA4E8B,4024,4018DE98400D080C,405B8C581F94AEA1
$3FF1CB1A4A7533D6,4024,401A914AD0CD8E08,405B7F73D694310D
$3FF14ACA39F01922,4024,401C3D50E0E76359,405B71B753FBF143
$3FF0CA7A296AFE7,4024,401DE23EEB0F66C6,405B63260B273A81
$3FF04A2A18E5E3BC,4024,401F7FAB322B0F34,405B53C3A4E46927
$3FEF93B410C19219,4024,40208A96EDF02012,405B4393FE8996B7
$3FEE9313EFB75CB,4024,402151308555ECC4,405B329B28FC13B2
$3FED9273CEAD274C,4024,402213707BBC3A94,405B20DD67AAEDD4
$3FEC91D3ADA2F1E1,4024,4022D12605577202,405B0E5F2F7CC443
$3FEB91338C98BC79,4024,40238A217A5D0FFD,405AFB2525B12EAB
$3FEA90936B8E8713,4024,40243E3462FC4486,405AE7341EB5FF32
$3FE98FF34A8451AB,4024,4024ED31830A3553,405AD2911CF0AA59
$3FE88F53297A1C3F,4024,402596ECE55EF5B9,405ABD414F7C22CE
$3FE78EB3086FE6DA,4024,40263B3BE6E05948,405AA74A10DB7A1C
$3FE68E12E765B176,4024,4026D9F54137DAC5,405A90B0E5A199F1
$3FE58D72C65B7C13,4024,402772F11530E6EE,405A797B7B0E6C8
$3FE48CD2A55146AA,4024,40280608F4BCF026,405A61AFA5A1CD1B
$3FE38C3284471146,4024,40289317EC9AC702,405A49535FA49CBD
$3FE28B92633CDBDF,4024,402919FA8D9ECAD3,405A306CC7A858AB
$3FE18AF24232A678,4024,40299A8EF5999D5B,405A17021EFD93CA
$3FE08A522128711A,4024,402A14B4D7DB1D37,4059FD19C821B578
$3FDF1364003C7759,4024,402A884D854F8397,4059E2BA452462F6
$3FDD1223BE280C8A,4024,402AF53BF4349B9C,4059C7EA3604FA97
$3FDB10E37C13A1CB,4024,402B5B64C765238A,4059ACB0570889BA
$3FD90FA339FF36F5,4024,402BBAAE553882CF,405991137F08A8AA
$3FD70E62F7EACC31,4024,402C1300ADF51ACD,4059751A9DBBA934
$3FD50D22B5D66154,4024,402C6445A1D393D2,405958CCB9F68657
$3FD30BE273C1F68E,4024,402CAE68C691A399,40593C30EFE9053E
$3FD10AA231AD8BC7,4024,402CF1577C92E6E2,40591F4E6F5478E2
$3FCE12C3DF3241E6,4024,402D2D00F38E8466,4059022C79BD9B5
$3FCA10435B096C62,4024,402D61562EC86C2F,4058E4D26099F09A
$3FC60DC2D6E096B5,4024,402D8E4A08D523E7,4058C747837928A5
$3FC20B4252B7C11D,4024,402DB3D136E72DCE,4058A9934E2AF623
$3FBC11839D1DD72,4024,402DD1E24BA5361A,40588BBD36E1D1B9
$3FB40C8294CC2BE1,4024,402DE875B9885057,40586DCCBC532148
$3FA80F0318F50167,4024,402DF785D4C1AC62,40584FC963D53BDD
$3F900A0210A355C7,4024,402DFF0ED4A74917,405831BAB77BC355
$0,4024,402E00000000000F,405822B17DD7484A
4 38 530
4 39 518
4 40 542
4 41 544
4 42 0
4 43 0
3 32 ->
4 33 521
4 34 4
4 35 0
4 36 [2]
$1,-1
4 37 [102][4]
$400921FB54442D18,4024,C02DFFFFFFFFFFF,405822B17DD7484A
$4008EF8F35DDF051,4024,C02DFDAC26F852DB,40583A538F9BADD1
$4008AF672D9B62F7,4024,C02DF3FBDC86036E,4058585FC40AB113
$40086F3F2558D59D,4024,C02DE2C55A54F07A,4058765E7C6140B8
$40082F171D164844,4024,C02DCA0CF3524D8B,405894482FB5314A
$4007EEEF14D3BAEA,4024,C02DA9D8DD34367E,4058B2155A6410A9
$4007AEC70C912D91,4024,C02D82312EEA5892,4058CFBE7FF65EE3
$40076E9F044EA038,4024,C02D531FDE95B8E3,4058ED3C2D00FA1E
$40072E76FC0C12DD,4024,C02D1CB0BF081B05,40590A86F904449F
$4006EE4EF3C98584,4024,C02CDEF17CCBA8BA,4059279788488C92
$4006AE26EB86F82A,4024,C02C99F19AB399A5,405944668DB73DED
$40066DFEE3446AD1,4024,C02C4DC26DF6B7FC,405960ECCCB06783
$40062DD6DB01DD79,4024,C02BFA7719D4BCBE,40597D231ADC1D65
$4005EDAED2BF501E,4024,C02BA0248AC79B5E,4059990261F74398
$4005AD86CA7CC2C6,4024,C02B3EE17141F232,4059B483A19B4D71
$40056D5EC23A356A,4024,C02AD6C63BFBF18,4059CF9FF1007F0C
$40052D36B9F7A811,4024,C02A67ED11D027C2,4059EA5080BA3FC9
$4004ED0EB1B51AB7,4024,C029F271CB29BDE,405A048E9C6D0E38
$4004ACE6A9728D5E,4024,C0297671EB05C9B,405A1E53AC7DA765
$40046CBEA1300005,4024,C028F40C978978BD,405A379937B8F538
$40042C9698ED72AB,4024,C0286B62922EEFEA,405A5058E4F45972
$4003EC6E90AAE552,4024,C027DC962F8AD73F,405A688C7CA5ECAF
$4003AC46886857F8,4024,C02747CB4EACA2F6,405A802DEA744ADD
$40036C1E8025CA9D,4024,C026AD27501BC463,405A97373EBD88BF
$40032BF677E33D45,4024,C0260CD10C74062A,405AADA2B014F041
$4002EBCE6FA0AFEC,4024,C02566F0CAA36FA2,405AC36A9CB723C1
$4002ABA6675E2291,4024,C024BBB035CC22D2,405AD8898BF44AC9
$40026B7E5F1B9536,4024,C0240B3A52CCBFCA,405AECFA2F8FED39
$40022B5656D907DE,4024,C02355BB7571EE5E,405B00B765162498
$4001EB2E4E967A85,4024,C0229B613553C54F,405B13BC3725CDC1
$4001AB064653ED2B,4024,C021DC5A6261DADC,405B2603DEAF67EE
$40016ADE3E115FD1,4024,C02118D6F920DF53,405B3789C4285131
$40012AB635CED278,4024,C0205108169CB5CB,405B484980B21301
$4000EA8E2D8C451E,4024,C01F0A3FD8242476,405B583EDF3574CC
$4000AA662549B7C3,4024,C01D6AA364A56CBB,405B6765DD710D5C
$40006A3E1D072A6B,4024,C01BC3A339CEF044,405B75BAACFB0F29
$40002A1614C49D11,4024,C01A15A999E69A51,405B8339B4360ECF
$3FFFD3DC19041F6E,4024,C018612287B54D2E,405B8FDF8F38862
$3FFF538C087F04BC,4024,C016A67BAB64EEF4,405B9BA910A6D9C
$3FFED33BF7F9EA08,4024,C014E62436F49C5F,405BA693427FAA75
$3FFE52EBE774CF55,4024,C013208CCA49ED11,405BB09B66DA3EDA
$3FFDD29BD6EFB4A1,4024,C011562756E64D85,405BB9BEF896D5AC
$3FFD524BC66A99ED,4024,C00F0ECE068F1459,405BC1FBAC00B455
$3FFCD1FBB5E57F3C,4024,C00B69801BF57899,405BC94F6F61C90C
$3FFC51ABA5606488,4024,C007BD4F60D1B998,405BCFB86B87BB72
$3FFBD15B94DB49D5,4024,C0040B2802C8A599,405BD535043A4A34
$3FFB510B84562F22,4024,C00053F7AEFDC791,405BD9C3D8A2D80A
$3FFAD0BB73D1146F,4024,BFF9315AACBDE30C,405BDD63C3A50DFE
$3FFA506B634BF9BB,4024,BFF1B471E33CE185,405BE013DC287CC
$3FF9D01B52C6DF08,4024,BFE4662D13ABFEA1,405BE1D375532A82
$3FF94FCB4241C455,4024,BFC5795A37499C4A,405BE2A21EB4FEB4
$3FF8CF7B31BCA9A2,4024,3FD355B26994E373,405BE27FA46400A3
$3FF84F2B21378EEF,4024,3FE8B19B47287ED4,405BE16C0F0961F6
$3FF7CEDB10B2743C,4024,3FF3D914AC3894FF,405BDF67A3DF51B5
$3FF74E8B002D5989,4024,3FFB545F535B8534,405BDC72E49F986D
$3FF6CE3AEFA83ED5,4024,400164663C53D999,405BD88E8F6301CE
$3FF64DEADF232422,4024,40051A3E5AA2A7BB,405BD3BB9E719BF4
$3FF5CD9ACE9E096F,4024,4008CAC96A23B324,405BCDFB4803D84E
$3FF54D4ABE18EEBB,4024,400C751A25460341,405BC74EFDF49E09
$3FF4CCFAAD93D408,4024,40100C226B7C48E8,405BBFB86D64617
$3FF44CAA9D0EB955,4024,4011D9AFCAF01056,405BB7397E4D57B5
$3FF3CC5A8C899EA2,4024,4013A2C13F8CCA3E,405BADD45308E225
$3FF34C0A7C0483F1,4024,401566E3F83D08F6,405BA38B47C64F9C
$3FF2CBBA6B7F693D,4024,401725A6611F1D94,405B9860F1F316AC
$3FF24B6A5AFA4E8B,4024,4018DE98400D080C,405B8C581F94AEA1
$3FF1CB1A4A7533D6,4024,401A914AD0CD8E08,405B7F73D694310D
$3FF14ACA39F01922,4024,401C3D50E0E76359,405B71B753FBF143
$3FF0CA7A296AFE7,4024,401DE23EEB0F66C6,405B63260B273A81
$3FF04A2A18E5E3BC,4024,401F7FAB322B0F34,405B53C3A4E46927
$3FEF93B410C19219,4024,40208A96EDF02012,405B4393FE8996B7
$3FEE9313EFB75CB,4024,402151308555ECC4,405B329B28FC13B2
$3FED9273CEAD274C,4024,402213707BBC3A94,405B20DD67AAEDD4
$3FEC91D3ADA2F1E1,4024,4022D12605577202,405B0E5F2F7CC443
$3FEB91338C98BC79,4024,40238A217A5D0FFD,405AFB2525B12EAB
$3FEA90936B8E8713,4024,40243E3462FC4486,405AE7341EB5FF32
$3FE98FF34A8451AB,4024,4024ED31830A3553,405AD2911CF0AA59
$3FE88F53297A1C3F,4024,402596ECE55EF5B9,405ABD414F7C22CE
$3FE78EB3086FE6DA,4024,40263B3BE6E05948,405AA74A10DB7A1C
$3FE68E12E765B176,4024,4026D9F54137DAC5,405A90B0E5A199F1
$3FE58D72C65B7C13,4024,402772F11530E6EE,405A797B7B0E6C8
$3FE48CD2A55146AA,4024,40280608F4BCF026,405A61AFA5A1CD1B
$3FE38C3284471146,4024,40289317EC9AC702,405A49535FA49CBD
$3FE28B92633CDBDF,4024,402919FA8D9ECAD3,405A306CC7A858AB
$3FE18AF24232A678,4024,40299A8EF5999D5B,405A17021EFD93CA
$3FE08A522128711A,4024,402A14B4D7DB1D37,4059FD19C821B578
$3FDF1364003C7759,4024,402A884D854F8397,4059E2BA452462F6
$3FDD1223BE280C8A,4024,402AF53BF4349B9C,4059C7EA3604FA97
$3FDB10E37C13A1CB,4024,402B5B64C765238A,4059ACB0570889BA
$3FD90FA339FF36F5,4024,402BBAAE553882CF,405991137F08A8AA
$3FD70E62F7EACC31,4024,402C1300ADF51ACD,4059751A9DBBA934
$3FD50D22B5D66154,4024,402C6445A1D393D2,405958CCB9F68657
$3FD30BE273C1F68E,4024,402CAE68C691A399,40593C30EFE9053E
$3FD10AA231AD8BC7,4024,402CF1577C92E6E2,40591F4E6F5478E2
$3FCE12C3DF3241E6,4024,402D2D00F38E8466,4059022C79BD9B5
$3FCA10435B096C62,4024,402D61562EC86C2F,4058E4D26099F09A
$3FC60DC2D6E096B5,4024,402D8E4A08D523E7,4058C747837928A5
$3FC20B4252B7C11D,4024,402DB3D136E72DCE,4058A9934E2AF623
$3FBC11839D1DD72,4024,402DD1E24BA5361A,40588BBD36E1D1B9
$3FB40C8294CC2BE1,4024,402DE875B9885057,40586DCCBC532148
$3FA80F0318F50167,4024,402DF785D4C1AC62,40584FC963D53BDD
$3F900A0210A355C7,4024,402DFF0ED4A74917,405831BAB77BC355
$0,4024,402E00000000000F,405822B17DD7484A
4 38 529
4 39 517
4 40 541
4 41 543
4 42 0
4 43 0
@qlt_array 44 0
2 44 [1]
3 44 ->
@quilt_id 45 1
4 45 30
@data_type 46 1
4 46 57
@attr 47 1
4 47 1
@feat_id 48 1
4 48 4
@first_geom_ptr 49 1
4 49 31
@used_by_feat_id 50 1
4 50 4
@next_quilt_ptr 51 1
4 51 0
#NovisGeom
@Sld_NonVisGeom 1 0
0 1 ->
@inactive_geom 2 0
1 2 
#ActEntity
@Sld_Entities 1 0
0 1 ->
@act_feat_ents 2 0
1 2 [1]
2 2 
@feat_id 3 1
3 3 2
@datum_id 4 1
3 4 -1
@entity_ptr(coord_sys) 5 0
3 5 ->
@type 6 1
4 6 18
@id 7 1
4 7 3
@gen_info 8 0
4 8 
@color 9 1
5 9 1
@sys_type 10 1
4 10 -1
@pnt_type 11 1
4 11 -1
@radius 12 2
4 12 0
@local_sys 13 2
4 13 [4][3]
$3FF,0,0
$0,3FF,0
$0,0,3FF
$0,0,0
@feat_id 14 1
4 14 2
@entity(text) 15 0
3 15 ->
@text_type 16 1
4 16 34
@text_value 17 10
4 17 PNL-00-00-00
@txt_attrib 18 1
4 18 1
@coord 19 2
4 19 [3]
$0,0,0
@owner_id 20 1
4 20 3
@height 21 2
4 21 BFF
@width_factor 22 2
4 22 BFF
@format_info 23 0
4 23 
@thickness 24 2
4 24 BFF
#AllFeatur
@Sld_Features 1 0
0 1 ->
@first_feat_ptr 2 0
1 2 ->
@id 3 1
2 3 2
@indep_attributes 4 1
2 4 4097
@feat_type_ptr 5 0
2 5 ->
@table_id 6 1
3 6 -1
@type 7 1
3 7 979
@feattype_key 8 10
3 8 NULL
@form 9 1
3 9 0
@attributes 10 1
3 10 [3]
$0,0,0
@placement 11 1
3 11 0
@intersection 12 1
3 12 -1
@internal_udf_type 13 1
3 13 -1
@param_choice_ptr 14 0
3 14 ->
@blend_choice 15 1
4 15 0
@depth_choice 16 1
4 16 0
@angle_choice 17 1
4 17 0
@pat_choice 18 1
4 18 -1
@round_choice 19 1
4 19 -1
@subsec_choice 20 1
4 20 -1
@sweep_choice 21 1
4 21 0
@dome_choice 22 1
4 22 0
@draft_choice 23 1
4 23 0
@misc_choice 24 1
4 24 [2]
$384,0
@assoc_type 25 1
3 25 0
@symbol_key 26 1
2 26 -1
@sect_name 27 10
2 27 no_name
@model_type 28 1
2 28 2
@idtab_ptr 29 0
2 29 ->
@misc_id_tab 30 0
3 30 [1]
4 30 
@misc_hist 31 1
5 31 [5]
$3,534,0,-1,500
@save_geoms 32 0
3 32 NULL
@cr_flags_xar 33 1
3 33 NULL
@cvt_feat_dat 34 0
3 34 NULL
@feat_dates_ptr 35 0
3 35 ->
@creat_date 36 1
4 36 200057
@regen_date 37 1
4 37 200057
@group_info_ptr 38 0
2 38 NULL
@intrs_pairs_ptr 39 0
2 39 ->
@place_rec_ptr 40 0
2 40 ->
@local_sys 41 2
3 41 [4][3]
$3FF,0,0
$0,3FF,0
$0,0,3FF
$0,0,0
@own_ref_id 42 1
3 42 -1
@orient 43 1
3 43 0
@trf_arr 44 0
3 44 [1]
4 44 
@type 45 1
5 45 10
@idx 46 1
5 46 0
@transf 47 2
5 47 [4][3]
$3FF,0,0
$0,3FF,0
$0,0,3FF
$0,0,0
@next_prop 48 0
2 48 NULL
@first_geom_id 49 1
2 49 -1
@cond_tbl_idx 50 1
2 50 -1
@comment 51 10
2 51 NULL
@merge_info_ptr 52 0
2 52 NULL
@topology_increment 53 0
2 53 ->
@first_geom 54 1
3 54 0
@first_quilt 55 1
3 55 0
@outline 56 2
3 56 [2][3]
$0,0,0
$0,0,0
@max_part_size 57 2
3 57 0
@xform_increment 58 0
3 58 NULL
@roll_back_id 59 1
3 59 -1
@time_stamp 60 0
3 60 ->
@time 61 1
4 61 985690330
@random_num 62 1
4 62 2051749027
@hostid 63 1
4 63 680431796
@state_ind 64 1
2 64 -1
@alumni_info 65 0
2 65 NULL
@revnum 66 1
2 66 0
@rev_rec 67 0
2 67 ->
@num_plins 68 1
3 68 0
@expl_state_ref 69 0
2 69 NULL
@feat_outl_info 70 0
2 70 ->
@ent_outl 71 2
2 71 [2][3]
$0,0,0
$0,0,0
@next_feat_ptr 72 0
1 72 ->
2 3 4
2 4 2049
2 5 ->
3 6 -1
3 7 932
3 8 NULL
3 9 0
3 10 [3]
$0,0,0
3 11 0
3 12 991
3 13 -1
3 14 ->
4 15 0
4 16 0
4 17 0
4 18 -1
4 19 -1
4 20 -1
4 21 0
4 22 0
4 23 0
4 24 [2]
$4136,0
3 25 0
2 26 -1
2 27 no_name
2 28 2
2 29 ->
@srf_id_arr 73 1
3 73 [224][4]
$32,212,33,0
$36,212,37,0
$40,212,41,0
$44,212,45,0
$48,212,49,0
$52,212,53,0
$56,212,57,0
$60,212,61,0
$64,212,65,0
$68,212,69,0
$72,212,73,0
$76,212,77,0
$80,212,81,0
$84,212,85,0
$88,212,89,0
$92,212,93,0
$96,212,97,0
$100,212,101,0
$104,212,105,0
$108,212,109,0
$112,212,113,0
$116,212,117,0
$120,212,121,0
$124,212,125,0
$128,212,129,0
$132,212,133,0
$136,212,137,0
$140,212,141,0
$144,212,145,0
$148,212,149,0
$152,212,153,0
$156,212,157,0
$160,212,161,0
$164,212,165,0
$168,212,169,0
$172,212,173,0
$176,212,177,0
$180,212,181,0
$184,212,185,0
$188,212,189,0
$192,212,193,0
$206,212,207,0
$210,212,211,0
$224,212,225,0
$228,212,169,0
$230,212,231,0
$234,212,235,0
$248,212,249,0
$252,212,253,0
$256,212,257,0
$260,212,261,0
$264,212,265,0
$268,212,269,0
$272,212,273,0
$276,212,277,0
$280,212,281,0
$284,212,249,0
$286,212,287,0
$290,212,291,0
$294,212,295,0
$298,212,299,0
$302,212,303,0
$306,212,307,0
$310,212,311,0
$314,212,317,0
$324,212,325,0
$328,212,329,0
$332,212,333,0
$336,212,337,0
$340,212,341,0
$344,212,345,0
$348,212,349,0
$352,212,353,0
$358,212,359,0
$362,212,363,0
$366,212,367,0
$370,212,371,0
$374,212,375,0
$378,212,379,0
$384,212,385,0
$388,212,389,0
$394,212,395,0
$398,212,399,0
$404,212,53,0
$408,212,49,0
$412,212,413,0
$416,212,417,0
$420,212,421,0
$424,212,425,0
$428,212,429,0
$432,212,433,0
$436,212,437,0
$440,212,441,0
$444,212,447,0
$450,212,451,0
$454,212,455,0
$458,212,459,0
$462,212,463,0
$468,212,469,0
$472,212,473,0
$476,212,477,0
$480,212,481,0
$484,212,485,0
$488,212,489,0
$492,212,493,0
$496,212,497,0
$502,212,503,0
$506,212,507,0
$510,212,511,0
$514,212,515,0
$518,212,521,0
$530,212,531,0
$31,214,32,0
$35,214,36,0
$39,214,40,0
$43,214,44,0
$47,214,48,0
$51,214,52,0
$55,214,56,0
$59,214,60,0
$63,214,64,0
$67,214,68,0
$71,214,72,0
$75,214,76,0
$79,214,80,0
$83,214,84,0
$87,214,88,0
$91,214,92,0
$95,214,96,0
$99,214,100,0
$103,214,104,0
$107,214,108,0
$111,214,112,0
$115,214,116,0
$119,214,120,0
$123,214,124,0
$127,214,128,0
$131,214,132,0
$135,214,136,0
$139,214,140,0
$143,214,144,0
$147,214,148,0
$151,214,152,0
$155,214,156,0
$159,214,160,0
$163,214,164,0
$167,214,168,0
$171,214,172,0
$175,214,176,0
$179,214,180,0
$183,214,184,0
$187,214,188,0
$191,214,192,0
$205,214,206,0
$209,214,210,0
$223,214,224,0
$227,214,228,0
$229,214,230,0
$233,214,234,0
$247,214,248,0
$251,214,252,0
$255,214,256,0
$259,214,260,0
$263,214,264,0
$267,214,268,0
$271,214,272,0
$275,214,276,0
$279,214,280,0
$283,214,284,0
$285,214,286,0
$289,214,290,0
$293,214,294,0
$297,214,298,0
$301,214,302,0
$305,214,306,0
$309,214,310,0
$313,214,314,0
$323,214,324,0
$327,214,328,0
$331,214,332,0
$335,214,336,0
$339,214,340,0
$343,214,344,0
$347,214,348,0
$351,214,352,0
$357,214,358,0
$361,214,362,0
$365,214,366,0
$369,214,370,0
$373,214,374,0
$377,214,378,0
$383,214,384,0
$387,214,388,0
$393,214,394,0
$397,214,398,0
$403,214,404,0
$407,214,408,0
$411,214,412,0
$415,214,416,0
$419,214,420,0
$423,214,424,0
$427,214,428,0
$431,214,432,0
$435,214,436,0
$439,214,440,0
$443,214,444,0
$449,214,450,0
$453,214,454,0
$457,214,458,0
$461,214,462,0
$467,214,468,0
$471,214,472,0
$475,214,476,0
$479,214,480,0
$483,214,484,0
$487,214,488,0
$491,214,492,0
$495,214,496,0
$501,214,502,0
$505,214,506,0
$509,214,510,0
$513,214,514,0
$517,214,518,0
$529,214,530,0
@edg_id_arr 74 1
3 74 [568][6]
$34,232,0,0,0,32
$308,232,0,0,0,32
$538,232,0,0,0,328
$534,232,0,0,0,306
$38,232,0,0,0,314
$532,232,0,0,0,36
$544,232,0,0,0,36
$542,232,0,0,0,530
$42,232,0,0,0,40
$516,232,0,0,0,40
$524,232,0,0,0,518
$552,232,0,0,0,514
$546,232,0,0,0,40
$46,232,0,0,0,44
$460,232,0,0,0,44
$526,232,0,0,0,518
$562,232,0,0,0,458
$564,232,0,0,0,44
$556,232,0,0,0,44
$50,232,0,0,0,48
$456,232,0,0,0,48
$528,232,0,0,0,518
$568,232,0,0,0,454
$54,232,0,0,0,52
$452,232,0,0,0,52
$554,232,0,0,0,514
$574,232,0,0,0,450
$58,232,0,0,0,56
$442,232,0,0,0,56
$402,232,0,0,0,398
$578,232,0,0,0,440
$62,232,0,0,0,352
$438,232,0,0,0,60
$586,232,0,0,0,60
$584,232,0,0,0,436
$66,232,0,0,0,64
$434,232,0,0,0,64
$382,232,0,0,0,378
$588,232,0,0,0,432
$70,232,0,0,0,388
$430,232,0,0,0,68
$596,232,0,0,0,68
$594,232,0,0,0,428
$74,232,0,0,0,72
$330,232,0,0,0,72
$410,232,0,0,0,408
$598,232,0,0,0,328
$78,232,0,0,0,302
$326,232,0,0,0,76
$406,232,0,0,0,404
$608,232,0,0,0,324
$300,232,0,0,0,298
$604,232,0,0,0,294
$82,232,0,0,0,80
$166,232,0,0,0,80
$238,232,0,0,0,234
$614,232,0,0,0,164
$86,232,0,0,0,84
$162,232,0,0,0,84
$240,232,0,0,0,234
$620,232,0,0,0,160
$90,232,0,0,0,88
$158,232,0,0,0,88
$242,232,0,0,0,234
$626,232,0,0,0,156
$94,232,0,0,0,92
$154,232,0,0,0,92
$244,232,0,0,0,234
$632,232,0,0,0,152
$98,232,0,0,0,96
$150,232,0,0,0,96
$246,232,0,0,0,234
$638,232,0,0,0,148
$102,232,0,0,0,192
$142,232,0,0,0,100
$214,232,0,0,0,210
$644,232,0,0,0,140
$106,232,0,0,0,192
$138,232,0,0,0,104
$216,232,0,0,0,210
$648,232,0,0,0,136
$110,232,0,0,0,192
$134,232,0,0,0,108
$218,232,0,0,0,210
$652,232,0,0,0,132
$114,232,0,0,0,192
$130,232,0,0,0,112
$220,232,0,0,0,210
$656,232,0,0,0,128
$118,232,0,0,0,192
$126,232,0,0,0,116
$222,232,0,0,0,210
$660,232,0,0,0,124
$122,232,0,0,0,120
$666,232,0,0,0,120
$668,232,0,0,0,120
$664,232,0,0,0,120
$204,232,0,0,0,192
$662,232,0,0,0,210
$202,232,0,0,0,192
$658,232,0,0,0,210
$200,232,0,0,0,192
$654,232,0,0,0,210
$198,232,0,0,0,192
$650,232,0,0,0,210
$196,232,0,0,0,192
$646,232,0,0,0,210
$146,232,0,0,0,192
$674,232,0,0,0,144
$676,232,0,0,0,210
$672,232,0,0,0,144
$640,232,0,0,0,148
$642,232,0,0,0,234
$634,232,0,0,0,152
$636,232,0,0,0,234
$628,232,0,0,0,156
$630,232,0,0,0,234
$622,232,0,0,0,160
$624,232,0,0,0,234
$616,232,0,0,0,164
$618,232,0,0,0,234
$170,232,0,0,0,168
$684,232,0,0,0,168
$686,232,0,0,0,234
$680,232,0,0,0,168
$174,232,0,0,0,172
$694,232,0,0,0,172
$696,232,0,0,0,172
$692,232,0,0,0,172
$178,232,0,0,0,176
$186,232,0,0,0,176
$270,232,0,0,0,268
$182,232,0,0,0,180
$700,232,0,0,0,272
$190,232,0,0,0,184
$274,232,0,0,0,272
$702,232,0,0,0,272
$194,232,0,0,0,192
$278,232,0,0,0,192
$670,232,0,0,0,192
$208,232,0,0,0,206
$212,232,0,0,0,210
$704,232,0,0,0,206
$706,232,0,0,0,314
$708,232,0,0,0,210
$678,232,0,0,0,210
$226,232,0,0,0,224
$282,232,0,0,0,224
$712,232,0,0,0,314
$690,232,0,0,0,228
$714,232,0,0,0,228
$682,232,0,0,0,228
$232,232,0,0,0,230
$236,232,0,0,0,234
$716,232,0,0,0,230
$718,232,0,0,0,314
$720,232,0,0,0,234
$688,232,0,0,0,234
$250,232,0,0,0,248
$288,232,0,0,0,248
$724,232,0,0,0,314
$254,232,0,0,0,252
$262,232,0,0,0,252
$292,232,0,0,0,290
$258,232,0,0,0,256
$266,232,0,0,0,256
$296,232,0,0,0,294
$612,232,0,0,0,298
$304,232,0,0,0,302
$698,232,0,0,0,306
$536,232,0,0,0,306
$540,232,0,0,0,306
$710,232,0,0,0,276
$322,232,0,0,0,280
$722,232,0,0,0,284
$320,232,0,0,0,286
$726,232,0,0,0,290
$610,232,0,0,0,298
$602,232,0,0,0,302
$312,232,0,0,0,310
$730,232,0,0,0,310
$732,232,0,0,0,310
$728,232,0,0,0,310
$318,232,0,0,0,314
$316,232,0,0,0,358
$738,232,0,0,0,362
$742,232,0,0,0,366
$746,232,0,0,0,370
$376,232,0,0,0,374
$750,232,0,0,0,314
$752,232,0,0,0,314
$754,232,0,0,0,314
$396,232,0,0,0,394
$758,232,0,0,0,314
$760,232,0,0,0,314
$736,232,0,0,0,314
$606,232,0,0,0,404
$600,232,0,0,0,408
$334,232,0,0,0,332
$342,232,0,0,0,332
$414,232,0,0,0,412
$338,232,0,0,0,336
$418,232,0,0,0,416
$346,232,0,0,0,340
$566,232,0,0,0,420
$426,232,0,0,0,424
$350,232,0,0,0,348
$768,232,0,0,0,348
$354,232,0,0,0,348
$770,232,0,0,0,352
$762,232,0,0,0,358
$356,232,0,0,0,352
$360,232,0,0,0,358
$734,232,0,0,0,362
$364,232,0,0,0,362
$740,232,0,0,0,366
$368,232,0,0,0,366
$744,232,0,0,0,370
$372,232,0,0,0,370
$748,232,0,0,0,374
$772,232,0,0,0,374
$380,232,0,0,0,374
$774,232,0,0,0,378
$386,232,0,0,0,378
$592,232,0,0,0,378
$776,232,0,0,0,384
$390,232,0,0,0,384
$778,232,0,0,0,388
$756,232,0,0,0,394
$392,232,0,0,0,388
$448,232,0,0,0,394
$400,232,0,0,0,394
$766,232,0,0,0,398
$582,232,0,0,0,398
$576,232,0,0,0,450
$570,232,0,0,0,454
$764,232,0,0,0,458
$558,232,0,0,0,458
$422,232,0,0,0,458
$466,232,0,0,0,428
$590,232,0,0,0,432
$500,232,0,0,0,436
$580,232,0,0,0,440
$446,232,0,0,0,444
$780,232,0,0,0,444
$782,232,0,0,0,444
$786,232,0,0,0,444
$788,232,0,0,0,444
$790,232,0,0,0,444
$792,232,0,0,0,444
$474,232,0,0,0,444
$796,232,0,0,0,444
$798,232,0,0,0,444
$800,232,0,0,0,444
$508,232,0,0,0,444
$548,232,0,0,0,514
$572,232,0,0,0,518
$560,232,0,0,0,518
$464,232,0,0,0,462
$806,232,0,0,0,518
$512,232,0,0,0,462
$470,232,0,0,0,518
$794,232,0,0,0,468
$478,232,0,0,0,472
$810,232,0,0,0,518
$482,232,0,0,0,476
$812,232,0,0,0,518
$486,232,0,0,0,480
$814,232,0,0,0,518
$490,232,0,0,0,484
$816,232,0,0,0,518
$784,232,0,0,0,488
$818,232,0,0,0,518
$494,232,0,0,0,492
$820,232,0,0,0,518
$498,232,0,0,0,496
$822,232,0,0,0,518
$504,232,0,0,0,518
$804,232,0,0,0,502
$802,232,0,0,0,506
$520,232,0,0,0,518
$808,232,0,0,0,518
$550,232,0,0,0,518
$522,232,0,0,0,530
$33,286,34,0,0,31
$307,286,308,0,0,31
$537,286,538,0,0,327
$533,286,534,0,0,305
$37,286,38,0,0,313
$531,286,532,0,0,35
$543,286,544,0,0,35
$541,286,542,0,0,529
$41,286,42,0,0,39
$515,286,516,0,0,39
$523,286,524,0,0,517
$551,286,552,0,0,513
$545,286,546,0,0,39
$45,286,46,0,0,43
$459,286,460,0,0,43
$525,286,526,0,0,517
$561,286,562,0,0,457
$563,286,564,0,0,43
$555,286,556,0,0,43
$49,286,50,0,0,47
$455,286,456,0,0,47
$527,286,528,0,0,517
$567,286,568,0,0,453
$53,286,54,0,0,51
$451,286,452,0,0,51
$553,286,554,0,0,513
$573,286,574,0,0,449
$57,286,58,0,0,55
$441,286,442,0,0,55
$401,286,402,0,0,397
$577,286,578,0,0,439
$61,286,62,0,0,351
$437,286,438,0,0,59
$585,286,586,0,0,59
$583,286,584,0,0,435
$65,286,66,0,0,63
$433,286,434,0,0,63
$381,286,382,0,0,377
$587,286,588,0,0,431
$69,286,70,0,0,387
$429,286,430,0,0,67
$595,286,596,0,0,67
$593,286,594,0,0,427
$73,286,74,0,0,71
$329,286,330,0,0,71
$409,286,410,0,0,407
$597,286,598,0,0,327
$77,286,78,0,0,301
$325,286,326,0,0,75
$405,286,406,0,0,403
$607,286,608,0,0,323
$299,286,300,0,0,297
$603,286,604,0,0,293
$81,286,82,0,0,79
$165,286,166,0,0,79
$237,286,238,0,0,233
$613,286,614,0,0,163
$85,286,86,0,0,83
$161,286,162,0,0,83
$239,286,240,0,0,233
$619,286,620,0,0,159
$89,286,90,0,0,87
$157,286,158,0,0,87
$241,286,242,0,0,233
$625,286,626,0,0,155
$93,286,94,0,0,91
$153,286,154,0,0,91
$243,286,244,0,0,233
$631,286,632,0,0,151
$97,286,98,0,0,95
$149,286,150,0,0,95
$245,286,246,0,0,233
$637,286,638,0,0,147
$101,286,102,0,0,191
$141,286,142,0,0,99
$213,286,214,0,0,209
$643,286,644,0,0,139
$105,286,106,0,0,191
$137,286,138,0,0,103
$215,286,216,0,0,209
$647,286,648,0,0,135
$109,286,110,0,0,191
$133,286,134,0,0,107
$217,286,218,0,0,209
$651,286,652,0,0,131
$113,286,114,0,0,191
$129,286,130,0,0,111
$219,286,220,0,0,209
$655,286,656,0,0,127
$117,286,118,0,0,191
$125,286,126,0,0,115
$221,286,222,0,0,209
$659,286,660,0,0,123
$121,286,122,0,0,119
$665,286,666,0,0,119
$667,286,668,0,0,119
$663,286,664,0,0,119
$203,286,204,0,0,191
$661,286,662,0,0,209
$201,286,202,0,0,191
$657,286,658,0,0,209
$199,286,200,0,0,191
$653,286,654,0,0,209
$197,286,198,0,0,191
$649,286,650,0,0,209
$195,286,196,0,0,191
$645,286,646,0,0,209
$145,286,146,0,0,191
$673,286,674,0,0,143
$675,286,676,0,0,209
$671,286,672,0,0,143
$639,286,640,0,0,147
$641,286,642,0,0,233
$633,286,634,0,0,151
$635,286,636,0,0,233
$627,286,628,0,0,155
$629,286,630,0,0,233
$621,286,622,0,0,159
$623,286,624,0,0,233
$615,286,616,0,0,163
$617,286,618,0,0,233
$169,286,170,0,0,167
$683,286,684,0,0,167
$685,286,686,0,0,233
$679,286,680,0,0,167
$173,286,174,0,0,171
$693,286,694,0,0,171
$695,286,696,0,0,171
$691,286,692,0,0,171
$177,286,178,0,0,175
$185,286,186,0,0,175
$269,286,270,0,0,267
$181,286,182,0,0,179
$699,286,700,0,0,271
$189,286,190,0,0,183
$273,286,274,0,0,271
$701,286,702,0,0,271
$193,286,194,0,0,191
$277,286,278,0,0,191
$669,286,670,0,0,191
$207,286,208,0,0,205
$211,286,212,0,0,209
$703,286,704,0,0,205
$705,286,706,0,0,313
$707,286,708,0,0,209
$677,286,678,0,0,209
$225,286,226,0,0,223
$281,286,282,0,0,223
$711,286,712,0,0,313
$689,286,690,0,0,227
$713,286,714,0,0,227
$681,286,682,0,0,227
$231,286,232,0,0,229
$235,286,236,0,0,233
$715,286,716,0,0,229
$717,286,718,0,0,313
$719,286,720,0,0,233
$687,286,688,0,0,233
$249,286,250,0,0,247
$287,286,288,0,0,247
$723,286,724,0,0,313
$253,286,254,0,0,251
$261,286,262,0,0,251
$291,286,292,0,0,289
$257,286,258,0,0,255
$265,286,266,0,0,255
$295,286,296,0,0,293
$611,286,612,0,0,297
$303,286,304,0,0,301
$697,286,698,0,0,305
$535,286,536,0,0,305
$539,286,540,0,0,305
$709,286,710,0,0,275
$321,286,322,0,0,279
$721,286,722,0,0,283
$319,286,320,0,0,285
$725,286,726,0,0,289
$609,286,610,0,0,297
$601,286,602,0,0,301
$311,286,312,0,0,309
$729,286,730,0,0,309
$731,286,732,0,0,309
$727,286,728,0,0,309
$317,286,318,0,0,313
$315,286,316,0,0,357
$737,286,738,0,0,361
$741,286,742,0,0,365
$745,286,746,0,0,369
$375,286,376,0,0,373
$749,286,750,0,0,313
$751,286,752,0,0,313
$753,286,754,0,0,313
$395,286,396,0,0,393
$757,286,758,0,0,313
$759,286,760,0,0,313
$735,286,736,0,0,313
$605,286,606,0,0,403
$599,286,600,0,0,407
$333,286,334,0,0,331
$341,286,342,0,0,331
$413,286,414,0,0,411
$337,286,338,0,0,335
$417,286,418,0,0,415
$345,286,346,0,0,339
$565,286,566,0,0,419
$425,286,426,0,0,423
$349,286,350,0,0,347
$767,286,768,0,0,347
$353,286,354,0,0,347
$769,286,770,0,0,351
$761,286,762,0,0,357
$355,286,356,0,0,351
$359,286,360,0,0,357
$733,286,734,0,0,361
$363,286,364,0,0,361
$739,286,740,0,0,365
$367,286,368,0,0,365
$743,286,744,0,0,369
$371,286,372,0,0,369
$747,286,748,0,0,373
$771,286,772,0,0,373
$379,286,380,0,0,373
$773,286,774,0,0,377
$385,286,386,0,0,377
$591,286,592,0,0,377
$775,286,776,0,0,383
$389,286,390,0,0,383
$777,286,778,0,0,387
$755,286,756,0,0,393
$391,286,392,0,0,387
$447,286,448,0,0,393
$399,286,400,0,0,393
$765,286,766,0,0,397
$581,286,582,0,0,397
$575,286,576,0,0,449
$569,286,570,0,0,453
$763,286,764,0,0,457
$557,286,558,0,0,457
$421,286,422,0,0,457
$465,286,466,0,0,427
$589,286,590,0,0,431
$499,286,500,0,0,435
$579,286,580,0,0,439
$445,286,446,0,0,443
$779,286,780,0,0,443
$781,286,782,0,0,443
$785,286,786,0,0,443
$787,286,788,0,0,443
$789,286,790,0,0,443
$791,286,792,0,0,443
$473,286,474,0,0,443
$795,286,796,0,0,443
$797,286,798,0,0,443
$799,286,800,0,0,443
$507,286,508,0,0,443
$547,286,548,0,0,513
$571,286,572,0,0,517
$559,286,560,0,0,517
$463,286,464,0,0,461
$805,286,806,0,0,517
$511,286,512,0,0,461
$469,286,470,0,0,517
$793,286,794,0,0,467
$477,286,478,0,0,471
$809,286,810,0,0,517
$481,286,482,0,0,475
$811,286,812,0,0,517
$485,286,486,0,0,479
$813,286,814,0,0,517
$489,286,490,0,0,483
$815,286,816,0,0,517
$783,286,784,0,0,487
$817,286,818,0,0,517
$493,286,494,0,0,491
$819,286,820,0,0,517
$497,286,498,0,0,495
$821,286,822,0,0,517
$503,286,504,0,0,517
$803,286,804,0,0,501
$801,286,802,0,0,505
$519,286,520,0,0,517
$807,286,808,0,0,517
$549,286,550,0,0,517
$521,286,522,0,0,529
3 30 [1]
4 30 
5 31 [5]
$30,207,31,-1,501
3 32 NULL
3 33 NULL
3 34 NULL
3 35 ->
4 36 200057
4 37 200057
2 38 NULL
2 39 ->
2 40 ->
3 41 [4][3]
$3FF,0,0
$0,3FF,0
$0,0,3FF
$0,0,0
@place_instruction_ptrs 75 0
3 75 [1]
4 75 ->
@type 76 1
5 76 82
@offset 77 2
5 77 0
@dim_id 78 1
5 78 -1
@ref_id 79 1
5 79 -1
@geometry1_id 80 1
5 80 3
@geometry2_id 81 1
5 81 -1
@memb_num1 82 1
5 82 0
@memb_num2 83 1
5 83 0
@attr 84 1
5 84 0
3 42 -1
3 43 0
2 48 NULL
2 49 -1
2 50 -1
2 51 NULL
2 52 NULL
@dat_ptr(intf_data) 85 0
2 85 ->
@type 86 1
3 86 342
@filename 87 10
3 87 d:\temp\whoopie.sldprt
@model_size 88 2
3 88 4059
@model_eps 89 2
3 89 0
@make_solid_feature 90 1
3 90 1
@op_type 91 1
3 91 1
@time_stamp 92 0
3 92 
@tm_sec 93 1
4 93 24
@tm_min 94 1
4 94 46
@tm_hour 95 1
4 95 21
@tm_mday 96 1
4 96 16
@tm_mon 97 1
4 97 7
@tm_year 98 1
4 98 2025
@potentially_modified 99 1
3 99 0
@reread 100 1
3 100 0
@parent_table 101 1
2 101 [1]
$2
2 53 ->
3 54 0
3 55 0
3 56 [2][3]
$0,0,0
$0,0,0
3 57 0
3 58 NULL
3 59 -1
3 60 ->
4 61 985690330
4 62 2051749027
4 63 680431796
2 64 -1
2 65 NULL
2 66 1
2 67 ->
3 68 1
2 69 NULL
2 70 NULL
1 72 NULL
@layer_list 102 0
1 102 [2]
2 102 
@feat_id 103 1
3 103 2
@layer_id 104 1
3 104 0
@back_layer_id 105 1
3 105 0
2 102 
3 103 4
3 104 0
3 105 0
#FullMData
@Sld_FullData 1 0
0 1 ->
@first_member_ptr 2 0
1 2 NULL
@alumni_members 3 0
1 3 NULL
@first_xsec_ptr 4 0
1 4 NULL
@lang_ptr 5 0
1 5 NULL
@first_csys_ptr 6 0
1 6 NULL
@ipar_num 7 1
1 7 0
@smt_info_ptr 8 0
1 8 NULL
@cable_info_ptr 9 0
1 9 NULL
@comp_info_ptr 10 0
1 10 NULL
@prt_misc_ptr 11 0
1 11 ->
@shrink_data_ptr 12 0
2 12 NULL
@expld_mv_info 13 0
1 13 NULL
@state_info_ptr 14 0
1 14 NULL
@alumni_feats 15 0
1 15 NULL
@p_mdl_grid 16 0
1 16 NULL
@mdl_status_ptr 17 0
1 17 NULL
@appl_info_arr 18 0
1 18 [1]
2 18 
@id 19 1
3 19 -1
@type 20 1
3 20 13
@ribbon_info_ptr 21 0
1 21 NULL
@p_xref_data 22 0
1 22 ->
@first_analysis_feat 23 0
1 23 NULL
#ModelView#0
@View 1 0
0 1 ->
@id 2 1
1 2 0
@viewattr 3 0
1 3 
@attr_arr 4 1
2 4 [4]
$1,0,0,0
@mpoint 5 0
1 5 
@id 6 1
2 6 0
@coord 7 2
2 7 [3]
$0,0,0
@first_instr_ptr 8 0
2 8 NULL
@attach_ptr 9 0
2 9 NULL
@vpoint 10 0
1 10 
2 6 0
2 7 [3]
$407F4,407A5E,0
2 8 NULL
2 9 NULL
@orient 11 2
1 11 [4][4]
$3FF,0,0,0
$0,3FF,0,0
$0,0,3FF,0
$0,0,0,3FF
@local_sys 12 2
1 12 [4][4]
$3FF,0,0,0
$0,3FF,0,0
$0,0,3FF,0
$0,0,0,3FF
@world_matrix_ptr 13 0
1 13 NULL
@first_instr_ptr 14 0
1 14 ->
@type 15 1
2 15 100
@geom_id 16 1
2 16 -1
@view_id 17 1
2 17 -1
@memb_num 18 1
2 18 0
@offset 19 2
2 19 0
@matrix 20 0
2 20 NULL
@next_instr_ptr 21 0
1 21 ->
2 15 301
2 16 -1
2 17 -1
2 18 0
2 19 3FF
2 20 NULL
1 21 NULL
@outer_xsec_index 22 1
1 22 -1
@next_view_id 23 1
1 23 -2
@simp_rep_id 24 1
1 24 0
@name 25 10
1 25 no name
@fit_outline 26 2
1 26 [2][3]
$4059,405518,0
$408C2,4087BB,0
@det_info_ptr 27 0
1 27 NULL
@named_view_pzmatr 28 0
1 28 NULL
@page_id 29 1
1 29 0
@model_name 30 10
1 30 NULL
@unrep_model_name 31 10
1 31 NULL
@saved_pro_dls 32 0
1 32 ->
@eye 33 0
2 33 
@matrix 34 2
3 34 [4][4]
$3FF,0,0,0
$0,3FF,0,0
$0,0,3FF,0
$0,0,0,3FF
@position 35 2
3 35 [3]
$0,0,0
@view_angle 36 2
3 36 0
@explode_state 37 0
1 37 NULL
#DispDataColor
@ref_color_table 1 0
0 1 
#DispDataTable
@disp_data_table 1 0
0 1 
@disp_data_arr 2 0
1 2 [1]
2 2 
@disp_data 3 0
3 3 ->
@part_color 4 1
4 4 -1
@color_prop_ptr 5 0
4 5 ->
@color_refs 6 0
5 6 [5]
6 6 
@ref_color 7 0
7 7 ->
@maximum 8 2
8 8 [3]
$3FD010101010101,3FD010101010101,3FD010101010101
@ambient 9 2
8 9 3FE
@diffuse 10 2
8 10 3FE
@specular 11 2
8 11 3FE
@spec_coef 12 2
8 12 3FF
@transmission 13 2
8 13 0
@threshold 14 1
8 14 90
@gl_ind 15 1
8 15 2
@highlight 16 2
8 16 [3]
$3FF,3FF,3FF
@reflection 17 2
8 17 3FF
@bump_height 18 2
8 18 3FF
@bump 19 3
8 19 NULL
@decal_intensity 20 2
8 20 3FF
@decal 21 3
8 21 NULL
@texture 22 3
8 22 NULL
6 6 
7 7 ->
8 8 [3]
$3FF,3FF,3FF
8 9 3FE
8 10 3FE
8 11 3FE
8 12 3FF
8 13 0
8 14 90
8 15 2
8 16 [3]
$3FF,3FF,3FF
8 17 3FF
8 18 3FF
8 19 NULL
8 20 3FF
8 21 NULL
8 22 NULL
6 6 
7 7 ->
8 8 [3]
$3FECBCBCBCBCBCBD,3FED5D5D5D5D5D5D,3FEDBDBDBDBDBDBE
8 9 3FE
8 10 3FE
8 11 3FE
8 12 3FF
8 13 0
8 14 90
8 15 2
8 16 [3]
$3FF,3FF,3FF
8 17 3FF
8 18 3FF
8 19 NULL
8 20 3FF
8 21 NULL
8 22 NULL
6 6 
7 7 ->
8 8 [3]
$3FE2121212121212,3FE2121212121212,3FE2121212121212
8 9 3FE
8 10 3FE
8 11 3FE
8 12 3FF
8 13 0
8 14 90
8 15 2
8 16 [3]
$3FF,3FF,3FF
8 17 3FF
8 18 3FF
8 19 NULL
8 20 3FF
8 21 NULL
8 22 NULL
6 6 
7 7 ->
8 8 [3]
$3FE9595959595959,3FEA3A3A3A3A3A3A,3FEDDDDDDDDDDDDE
8 9 3FF
8 10 3FF
8 11 3FE
8 12 3FF
8 13 0
8 14 90
8 15 2
8 16 [3]
$3FF,3FF,3FF
8 17 3FF
8 18 3FF
8 19 NULL
8 20 3FF
8 21 NULL
8 22 NULL
@surf_ind_tab 23 0
5 23 [111]
6 23 
@surf_id 24 1
7 24 31
@surf_color_inds 25 1
7 25 [2]
$0,-1
@surf_pl 26 0
7 26 [2]
8 26 
@placement_ptr 27 0
9 27 NULL
8 26 
9 27 NULL
6 23 
7 24 39
7 25 [2]
$0,-1
7 26 [2]
8 26 
9 27 NULL
8 26 
9 27 NULL
6 23 
7 24 43
7 25 [2]
$0,-1
7 26 [2]
8 26 
9 27 NULL
8 26 
9 27 NULL
6 23 
7 24 47
7 25 [2]
$0,-1
7 26 [2]
8 26 
9 27 NULL
8 26 
9 27 NULL
6 23 
7 24 51
7 25 [2]
$0,-1
7 26 [2]
8 26 
9 27 NULL
8 26 
9 27 NULL
6 23 
7 24 55
7 25 [2]
$1,-1
7 26 [2]
8 26 
9 27 NULL
8 26 
9 27 NULL
6 23 
7 24 59
7 25 [2]
$1,-1
7 26 [2]
8 26 
9 27 NULL
8 26 
9 27 NULL
6 23 
7 24 63
7 25 [2]
$1,-1
7 26 [2]
8 26 
9 27 NULL
8 26 
9 27 NULL
6 23 
7 24 67
7 25 [2]
$2,-1
7 26 [2]
8 26 
9 27 NULL
8 26 
9 27 NULL
6 23 
7 24 71
7 25 [2]
$0,-1
7 26 [2]
8 26 
9 27 NULL
8 26 
9 27 NULL
6 23 
7 24 75
7 25 [2]
$0,-1
7 26 [2]
8 26 
9 27 NULL
8 26 
9 27 NULL
6 23 
7 24 79
7 25 [2]
$2,-1
7 26 [2]
8 26 
9 27 NULL
8 26 
9 27 NULL
6 23 
7 24 83
7 25 [2]
$2,-1
7 26 [2]
8 26 
9 27 NULL
8 26 
9 27 NULL
6 23 
7 24 87
7 25 [2]
$2,-1
7 26 [2]
8 26 
9 27 NULL
8 26 
9 27 NULL
6 23 
7 24 91
7 25 [2]
$2,-1
7 26 [2]
8 26 
9 27 NULL
8 26 
9 27 NULL
6 23 
7 24 95
7 25 [2]
$2,-1
7 26 [2]
8 26 
9 27 NULL
8 26 
9 27 NULL
6 23 
7 24 99
7 25 [2]
$2,-1
7 26 [2]
8 26 
9 27 NULL
8 26 
9 27 NULL
6 23 
7 24 103
7 25 [2]
$2,-1
7 26 [2]
8 26 
9 27 NULL
8 26 
9 27 NULL
6 23 
7 24 107
7 25 [2]
$2,-1
7 26 [2]
8 26 
9 27 NULL
8 26 
9 27 NULL
6 23 
7 24 111
7 25 [2]
$2,-1
7 26 [2]
8 26 
9 27 NULL
8 26 
9 27 NULL
6 23 
7 24 115
7 25 [2]
$2,-1
7 26 [2]
8 26 
9 27 NULL
8 26 
9 27 NULL
6 23 
7 24 119
7 25 [2]
$3,-1
7 26 [2]
8 26 
9 27 NULL
8 26 
9 27 NULL
6 23 
7 24 123
7 25 [2]
$2,-1
7 26 [2]
8 26 
9 27 NULL
8 26 
9 27 NULL
6 23 
7 24 127
7 25 [2]
$2,-1
7 26 [2]
8 26 
9 27 NULL
8 26 
9 27 NULL
6 23 
7 24 131
7 25 [2]
$2,-1
7 26 [2]
8 26 
9 27 NULL
8 26 
9 27 NULL
6 23 
7 24 135
7 25 [2]
$2,-1
7 26 [2]
8 26 
9 27 NULL
8 26 
9 27 NULL
6 23 
7 24 139
7 25 [2]
$2,-1
7 26 [2]
8 26 
9 27 NULL
8 26 
9 27 NULL
6 23 
7 24 143
7 25 [2]
$1,-1
7 26 [2]
8 26 
9 27 NULL
8 26 
9 27 NULL
6 23 
7 24 147
7 25 [2]
$2,-1
7 26 [2]
8 26 
9 27 NULL
8 26 
9 27 NULL
6 23 
7 24 151
7 25 [2]
$2,-1
7 26 [2]
8 26 
9 27 NULL
8 26 
9 27 NULL
6 23 
7 24 155
7 25 [2]
$2,-1
7 26 [2]
8 26 
9 27 NULL
8 26 
9 27 NULL
6 23 
7 24 159
7 25 [2]
$2,-1
7 26 [2]
8 26 
9 27 NULL
8 26 
9 27 NULL
6 23 
7 24 163
7 25 [2]
$2,-1
7 26 [2]
8 26 
9 27 NULL
8 26 
9 27 NULL
6 23 
7 24 167
7 25 [2]
$1,-1
7 26 [2]
8 26 
9 27 NULL
8 26 
9 27 NULL
6 23 
7 24 171
7 25 [2]
$3,-1
7 26 [2]
8 26 
9 27 NULL
8 26 
9 27 NULL
6 23 
7 24 175
7 25 [2]
$3,-1
7 26 [2]
8 26 
9 27 NULL
8 26 
9 27 NULL
6 23 
7 24 179
7 25 [2]
$3,-1
7 26 [2]
8 26 
9 27 NULL
8 26 
9 27 NULL
6 23 
7 24 183
7 25 [2]
$3,-1
7 26 [2]
8 26 
9 27 NULL
8 26 
9 27 NULL
6 23 
7 24 187
7 25 [2]
$3,-1
7 26 [2]
8 26 
9 27 NULL
8 26 
9 27 NULL
6 23 
7 24 191
7 25 [2]
$2,-1
7 26 [2]
8 26 
9 27 NULL
8 26 
9 27 NULL
6 23 
7 24 205
7 25 [2]
$1,-1
7 26 [2]
8 26 
9 27 NULL
8 26 
9 27 NULL
6 23 
7 24 209
7 25 [2]
$1,-1
7 26 [2]
8 26 
9 27 NULL
8 26 
9 27 NULL
6 23 
7 24 223
7 25 [2]
$1,-1
7 26 [2]
8 26 
9 27 NULL
8 26 
9 27 NULL
6 23 
7 24 227
7 25 [2]
$2,-1
7 26 [2]
8 26 
9 27 NULL
8 26 
9 27 NULL
6 23 
7 24 229
7 25 [2]
$1,-1
7 26 [2]
8 26 
9 27 NULL
8 26 
9 27 NULL
6 23 
7 24 233
7 25 [2]
$1,-1
7 26 [2]
8 26 
9 27 NULL
8 26 
9 27 NULL
6 23 
7 24 247
7 25 [2]
$1,-1
7 26 [2]
8 26 
9 27 NULL
8 26 
9 27 NULL
6 23 
7 24 251
7 25 [2]
$0,-1
7 26 [2]
8 26 
9 27 NULL
8 26 
9 27 NULL
6 23 
7 24 255
7 25 [2]
$0,-1
7 26 [2]
8 26 
9 27 NULL
8 26 
9 27 NULL
6 23 
7 24 259
7 25 [2]
$3,-1
7 26 [2]
8 26 
9 27 NULL
8 26 
9 27 NULL
6 23 
7 24 263
7 25 [2]
$3,-1
7 26 [2]
8 26 
9 27 NULL
8 26 
9 27 NULL
6 23 
7 24 267
7 25 [2]
$2,-1
7 26 [2]
8 26 
9 27 NULL
8 26 
9 27 NULL
6 23 
7 24 271
7 25 [2]
$3,-1
7 26 [2]
8 26 
9 27 NULL
8 26 
9 27 NULL
6 23 
7 24 275
7 25 [2]
$1,-1
7 26 [2]
8 26 
9 27 NULL
8 26 
9 27 NULL
6 23 
7 24 279
7 25 [2]
$1,-1
7 26 [2]
8 26 
9 27 NULL
8 26 
9 27 NULL
6 23 
7 24 283
7 25 [2]
$1,-1
7 26 [2]
8 26 
9 27 NULL
8 26 
9 27 NULL
6 23 
7 24 285
7 25 [2]
$1,-1
7 26 [2]
8 26 
9 27 NULL
8 26 
9 27 NULL
6 23 
7 24 289
7 25 [2]
$2,-1
7 26 [2]
8 26 
9 27 NULL
8 26 
9 27 NULL
6 23 
7 24 293
7 25 [2]
$0,-1
7 26 [2]
8 26 
9 27 NULL
8 26 
9 27 NULL
6 23 
7 24 297
7 25 [2]
$3,-1
7 26 [2]
8 26 
9 27 NULL
8 26 
9 27 NULL
6 23 
7 24 301
7 25 [2]
$3,-1
7 26 [2]
8 26 
9 27 NULL
8 26 
9 27 NULL
6 23 
7 24 305
7 25 [2]
$0,-1
7 26 [2]
8 26 
9 27 NULL
8 26 
9 27 NULL
6 23 
7 24 309
7 25 [2]
$0,-1
7 26 [2]
8 26 
9 27 NULL
8 26 
9 27 NULL
6 23 
7 24 313
7 25 [2]
$1,-1
7 26 [2]
8 26 
9 27 NULL
8 26 
9 27 NULL
6 23 
7 24 323
7 25 [2]
$0,-1
7 26 [2]
8 26 
9 27 NULL
8 26 
9 27 NULL
6 23 
7 24 327
7 25 [2]
$0,-1
7 26 [2]
8 26 
9 27 NULL
8 26 
9 27 NULL
6 23 
7 24 331
7 25 [2]
$0,-1
7 26 [2]
8 26 
9 27 NULL
8 26 
9 27 NULL
6 23 
7 24 335
7 25 [2]
$0,-1
7 26 [2]
8 26 
9 27 NULL
8 26 
9 27 NULL
6 23 
7 24 339
7 25 [2]
$0,-1
7 26 [2]
8 26 
9 27 NULL
8 26 
9 27 NULL
6 23 
7 24 343
7 25 [2]
$0,-1
7 26 [2]
8 26 
9 27 NULL
8 26 
9 27 NULL
6 23 
7 24 347
7 25 [2]
$1,-1
7 26 [2]
8 26 
9 27 NULL
8 26 
9 27 NULL
6 23 
7 24 351
7 25 [2]
$1,-1
7 26 [2]
8 26 
9 27 NULL
8 26 
9 27 NULL
6 23 
7 24 357
7 25 [2]
$1,-1
7 26 [2]
8 26 
9 27 NULL
8 26 
9 27 NULL
6 23 
7 24 361
7 25 [2]
$1,-1
7 26 [2]
8 26 
9 27 NULL
8 26 
9 27 NULL
6 23 
7 24 365
7 25 [2]
$1,-1
7 26 [2]
8 26 
9 27 NULL
8 26 
9 27 NULL
6 23 
7 24 369
7 25 [2]
$1,-1
7 26 [2]
8 26 
9 27 NULL
8 26 
9 27 NULL
6 23 
7 24 373
7 25 [2]
$1,-1
7 26 [2]
8 26 
9 27 NULL
8 26 
9 27 NULL
6 23 
7 24 377
7 25 [2]
$1,-1
7 26 [2]
8 26 
9 27 NULL
8 26 
9 27 NULL
6 23 
7 24 383
7 25 [2]
$1,-1
7 26 [2]
8 26 
9 27 NULL
8 26 
9 27 NULL
6 23 
7 24 387
7 25 [2]
$1,-1
7 26 [2]
8 26 
9 27 NULL
8 26 
9 27 NULL
6 23 
7 24 393
7 25 [2]
$1,-1
7 26 [2]
8 26 
9 27 NULL
8 26 
9 27 NULL
6 23 
7 24 397
7 25 [2]
$1,-1
7 26 [2]
8 26 
9 27 NULL
8 26 
9 27 NULL
6 23 
7 24 403
7 25 [2]
$0,-1
7 26 [2]
8 26 
9 27 NULL
8 26 
9 27 NULL
6 23 
7 24 407
7 25 [2]
$0,-1
7 26 [2]
8 26 
9 27 NULL
8 26 
9 27 NULL
6 23 
7 24 411
7 25 [2]
$2,-1
7 26 [2]
8 26 
9 27 NULL
8 26 
9 27 NULL
6 23 
7 24 415
7 25 [2]
$0,-1
7 26 [2]
8 26 
9 27 NULL
8 26 
9 27 NULL
6 23 
7 24 419
7 25 [2]
$0,-1
7 26 [2]
8 26 
9 27 NULL
8 26 
9 27 NULL
6 23 
7 24 423
7 25 [2]
$2,-1
7 26 [2]
8 26 
9 27 NULL
8 26 
9 27 NULL
6 23 
7 24 427
7 25 [2]
$2,-1
7 26 [2]
8 26 
9 27 NULL
8 26 
9 27 NULL
6 23 
7 24 431
7 25 [2]
$1,-1
7 26 [2]
8 26 
9 27 NULL
8 26 
9 27 NULL
6 23 
7 24 435
7 25 [2]
$1,-1
7 26 [2]
8 26 
9 27 NULL
8 26 
9 27 NULL
6 23 
7 24 439
7 25 [2]
$1,-1
7 26 [2]
8 26 
9 27 NULL
8 26 
9 27 NULL
6 23 
7 24 443
7 25 [2]
$1,-1
7 26 [2]
8 26 
9 27 NULL
8 26 
9 27 NULL
6 23 
7 24 449
7 25 [2]
$0,-1
7 26 [2]
8 26 
9 27 NULL
8 26 
9 27 NULL
6 23 
7 24 453
7 25 [2]
$0,-1
7 26 [2]
8 26 
9 27 NULL
8 26 
9 27 NULL
6 23 
7 24 457
7 25 [2]
$0,-1
7 26 [2]
8 26 
9 27 NULL
8 26 
9 27 NULL
6 23 
7 24 461
7 25 [2]
$1,-1
7 26 [2]
8 26 
9 27 NULL
8 26 
9 27 NULL
6 23 
7 24 467
7 25 [2]
$1,-1
7 26 [2]
8 26 
9 27 NULL
8 26 
9 27 NULL
6 23 
7 24 471
7 25 [2]
$1,-1
7 26 [2]
8 26 
9 27 NULL
8 26 
9 27 NULL
6 23 
7 24 475
7 25 [2]
$1,-1
7 26 [2]
8 26 
9 27 NULL
8 26 
9 27 NULL
6 23 
7 24 479
7 25 [2]
$1,-1
7 26 [2]
8 26 
9 27 NULL
8 26 
9 27 NULL
6 23 
7 24 483
7 25 [2]
$1,-1
7 26 [2]
8 26 
9 27 NULL
8 26 
9 27 NULL
6 23 
7 24 487
7 25 [2]
$1,-1
7 26 [2]
8 26 
9 27 NULL
8 26 
9 27 NULL
6 23 
7 24 491
7 25 [2]
$1,-1
7 26 [2]
8 26 
9 27 NULL
8 26 
9 27 NULL
6 23 
7 24 495
7 25 [2]
$1,-1
7 26 [2]
8 26 
9 27 NULL
8 26 
9 27 NULL
6 23 
7 24 501
7 25 [2]
$1,-1
7 26 [2]
8 26 
9 27 NULL
8 26 
9 27 NULL
6 23 
7 24 505
7 25 [2]
$1,-1
7 26 [2]
8 26 
9 27 NULL
8 26 
9 27 NULL
6 23 
7 24 509
7 25 [2]
$1,-1
7 26 [2]
8 26 
9 27 NULL
8 26 
9 27 NULL
6 23 
7 24 513
7 25 [2]
$0,-1
7 26 [2]
8 26 
9 27 NULL
8 26 
9 27 NULL
6 23 
7 24 517
7 25 [2]
$1,-1
7 26 [2]
8 26 
9 27 NULL
8 26 
9 27 NULL
6 23 
7 24 -1
7 25 [2]
$4,-1
7 26 [2]
8 26 
9 27 NULL
8 26 
9 27 NULL
@model_type 28 1
4 28 2
@flags 29 1
4 29 0
@generic_name 30 10
4 30 NULL
@label 31 10
4 31 NULL
@components 32 0
4 32 
#AssMrgPrt
@assem_merge_parts 1 0
0 1 ->
#END_OF_UGC
